updated_at,season,week,game_id,game,kickoff_utc,market_ticker,event_ticker,series_ticker,prop_family,player_key,player_name,yes_bid,yes_ask,no_bid,no_ask,qc_status,qc_reason
2026-09-27T17:49:54.103076+00:00,2026,3,2026_03_LV_NO,LV@NO,2026-09-27T20:25:00+00:00,KXNFLRECYDS-26SEP27LVNO-LVMMAYER87-80,KXNFLRECYDS-26SEP27LVNO,KXNFLRECYDS,receiving_yards,LVMMAYER87,Michael Mayer: 80+ receiving yards,0.02,0.05,0.95,0.98,PASS,
2026-09-27T17:49:54.103076+00:00,2026,3,2026_03_LV_NO,LV@NO,2026-09-27T20:25:00+00:00,KXNFLRECYDS-26SEP27LVNO-LVMMAYER87-70,KXNFLRECYDS-26SEP27LVNO,KXNFLRECYDS,receiving_yards,LVMMAYER87,Michael Mayer: 70+ receiving yards,0.02,0.06,0.94,0.98,PASS,
2026-09-27T17:49:54.103076+00:00,2026,3,2026_03_LV_NO,LV@NO,2026-09-27T20:25:00+00:00,KXNFLRECYDS-26SEP27LVNO-LVMMAYER87-60,KXNFLRECYDS-26SEP27LVNO,KXNFLRECYDS,receiving_yards,LVMMAYER87,Michael Mayer: 60+ receiving yards,0.06,0.09,0.91,0.94,PASS,
2026-09-27T17:49:54.103076+00:00,2026,3,2026_03_LV_NO,LV@NO,2026-09-27T20:25:00+00:00,KXNFLRECYDS-26SEP27LVNO-LVMMAYER87-50,KXNFLRECYDS-26SEP27LVNO,KXNFLRECYDS,receiving_yards,LVMMAYER87,Michael Mayer: 50+ receiving yards,0.11,0.12,0.88,0.89,PASS,
2026-09-27T17:49:54.103076+00:00,2026,3,2026_03_LV_NO,LV@NO,2026-09-27T20:25:00+00:00,KXNFLRECYDS-26SEP27LVNO-LVMMAYER87-40,KXNFLRECYDS-26SEP27LVNO,KXNFLRECYDS,receiving_yards,LVMMAYER87,Michael Mayer: 40+ receiving yards,0.2,0.21,0.79,0.8,PASS,
2026-09-27T17:49:54.103076+00:00,2026,3,2026_03_LV_NO,LV@NO,2026-09-27T20:25:00+00:00,KXNFLRECYDS-26SEP27LVNO-LVMMAYER87-25,KXNFLRECYDS-26SEP27LVNO,KXNFLRECYDS,receiving_yards,LVMMAYER87,Michael Mayer: 25+ receiving yards,0.43,0.45,0.55,0.5700000000000001,PASS,
2026-09-27T17:49:54.103076+00:00,2026,3,2026_03_LV_NO,LV@NO,2026-09-27T20:25:00+00:00,KXNFLRECYDS-26SEP27LVNO-LVMMAYER87-15,KXNFLRECYDS-26SEP27LVNO,KXNFLRECYDS,receiving_yards,LVMMAYER87,Michael Mayer: 15+ receiving yards,0.6,0.61,0.39,0.4,PASS,
2026-09-27T17:49:54.103076+00:00,2026,3,2026_03_LV_NO,LV@NO,2026-09-27T20:25:00+00:00,KXNFLRECYDS-26SEP27LVNO-LVJBECH18-70,KXNFLRECYDS-26SEP27LVNO,KXNFLRECYDS,receiving_yards,LVJBECH18,Jack Bech: 70+ receiving yards,0.03,0.05,0.95,0.97,PASS,
2026-09-27T17:49:54.103076+00:00,2026,3,2026_03_LV_NO,LV@NO,2026-09-27T20:25:00+00:00,KXNFLRECYDS-26SEP27LVNO-LVJBECH18-60,KXNFLRECYDS-26SEP27LVNO,KXNFLRECYDS,receiving_yards,LVJBECH18,Jack Bech: 60+ receiving yards,0.05,0.07,0.9299999999999999,0.95,PASS,
2026-09-27T17:49:54.103076+00:00,2026,3,2026_03_LV_NO,LV@NO,2026-09-27T20:25:00+00:00,KXNFLRECYDS-26SEP27LVNO-LVJBECH18-50,KXNFLRECYDS-26SEP27LVNO,KXNFLRECYDS,receiving_yards,LVJBECH18,Jack Bech: 50+ receiving yards,0.08,0.1,0.9,0.92,PASS,
2026-09-27T17:49:54.103076+00:00,2026,3,2026_03_ARI_SF,ARI@SF,2026-09-27T20:05:00+00:00,KXNFLRECYDS-26SEP27ARISF-SFKJUSZCZYK44-50,KXNFLRECYDS-26SEP27ARISF,KXNFLRECYDS,receiving_yards,SFKJUSZCZYK44,Kyle Juszczyk: 50+ receiving yards,0.02,0.05,0.95,0.98,PASS,
2026-09-27T17:49:54.103076+00:00,2026,3,2026_03_LV_NO,LV@NO,2026-09-27T20:25:00+00:00,KXNFLRECYDS-26SEP27LVNO-LVJBECH18-40,KXNFLRECYDS-26SEP27LVNO,KXNFLRECYDS,receiving_yards,LVJBECH18,Jack Bech: 40+ receiving yards,0.15,0.16,0.84,0.85,PASS,
2026-09-27T17:49:54.103076+00:00,2026,3,2026_03_ARI_SF,ARI@SF,2026-09-27T20:05:00+00:00,KXNFLRECYDS-26SEP27ARISF-SFKJUSZCZYK44-40,KXNFLRECYDS-26SEP27ARISF,KXNFLRECYDS,receiving_yards,SFKJUSZCZYK44,Kyle Juszczyk: 40+ receiving yards,0.04,0.08,0.92,0.96,PASS,
2026-09-27T17:49:54.103076+00:00,2026,3,2026_03_LV_NO,LV@NO,2026-09-27T20:25:00+00:00,KXNFLRECYDS-26SEP27LVNO-LVJBECH18-25,KXNFLRECYDS-26SEP27LVNO,KXNFLRECYDS,receiving_yards,LVJBECH18,Jack Bech: 25+ receiving yards,0.31,0.32,0.6799999999999999,0.69,PASS,
2026-09-27T17:49:54.103076+00:00,2026,3,2026_03_ARI_SF,ARI@SF,2026-09-27T20:05:00+00:00,KXNFLRECYDS-26SEP27ARISF-SFKJUSZCZYK44-25,KXNFLRECYDS-26SEP27ARISF,KXNFLRECYDS,receiving_yards,SFKJUSZCZYK44,Kyle Juszczyk: 25+ receiving yards,0.16,0.18,0.8200000000000001,0.84,PASS,
2026-09-27T17:49:54.103076+00:00,2026,3,2026_03_LV_NO,LV@NO,2026-09-27T20:25:00+00:00,KXNFLRECYDS-26SEP27LVNO-LVJBECH18-15,KXNFLRECYDS-26SEP27LVNO,KXNFLRECYDS,receiving_yards,LVJBECH18,Jack Bech: 15+ receiving yards,0.49,0.5,0.5,0.51,PASS,
2026-09-27T17:49:54.103076+00:00,2026,3,2026_03_ARI_SF,ARI@SF,2026-09-27T20:05:00+00:00,KXNFLRECYDS-26SEP27ARISF-SFKJUSZCZYK44-15,KXNFLRECYDS-26SEP27ARISF,KXNFLRECYDS,receiving_yards,SFKJUSZCZYK44,Kyle Juszczyk: 15+ receiving yards,0.32,0.33,0.6699999999999999,0.6799999999999999,PASS,
2026-09-27T17:49:54.103076+00:00,2026,3,2026_03_LV_NO,LV@NO,2026-09-27T20:25:00+00:00,KXNFLRECYDS-26SEP27LVNO-NONFANT87-60,KXNFLRECYDS-26SEP27LVNO,KXNFLRECYDS,receiving_yards,NONFANT87,Noah Fant: 60+ receiving yards,0.02,0.05,0.95,0.98,PASS,
2026-09-27T17:49:54.103076+00:00,2026,3,2026_03_LV_NO,LV@NO,2026-09-27T20:25:00+00:00,KXNFLRECYDS-26SEP27LVNO-NONFANT87-50,KXNFLRECYDS-26SEP27LVNO,KXNFLRECYDS,receiving_yards,NONFANT87,Noah Fant: 50+ receiving yards,0.05,0.08,0.92,0.95,PASS,
2026-09-27T17:49:54.103076+00:00,2026,3,2026_03_LV_NO,LV@NO,2026-09-27T20:25:00+00:00,KXNFLRECYDS-26SEP27LVNO-NONFANT87-40,KXNFLRECYDS-26SEP27LVNO,KXNFLRECYDS,receiving_yards,NONFANT87,Noah Fant: 40+ receiving yards,0.1,0.11,0.89,0.9,PASS,
2026-09-27T17:49:54.103076+00:00,2026,3,2026_03_LV_NO,LV@NO,2026-09-27T20:25:00+00:00,KXNFLRECYDS-26SEP27LVNO-NONFANT87-25,KXNFLRECYDS-26SEP27LVNO,KXNFLRECYDS,receiving_yards,NONFANT87,Noah Fant: 25+ receiving yards,0.24,0.26,0.74,0.76,PASS,
2026-09-27T17:49:54.103076+00:00,2026,3,2026_03_LV_NO,LV@NO,2026-09-27T20:25:00+00:00,KXNFLRECYDS-26SEP27LVNO-NONFANT87-15,KXNFLRECYDS-26SEP27LVNO,KXNFLRECYDS,receiving_yards,NONFANT87,Noah Fant: 15+ receiving yards,0.44,0.45,0.55,0.56,PASS,
2026-09-27T17:49:54.103076+00:00,2026,3,2026_03_PHI_CHI,PHI@CHI,2026-09-29T00:15:00+00:00,KXNFLRECYDS-26SEP28PHICHI-CHICKMET85-50,KXNFLRECYDS-26SEP28PHICHI,KXNFLRECYDS,receiving_yards,CHICKMET85,Cole Kmet: 50+ receiving yards,0.02,0.05,0.95,0.98,PASS,
2026-09-27T17:49:54.103076+00:00,2026,3,2026_03_PHI_CHI,PHI@CHI,2026-09-29T00:15:00+00:00,KXNFLRECYDS-26SEP28PHICHI-CHICKMET85-40,KXNFLRECYDS-26SEP28PHICHI,KXNFLRECYDS,receiving_yards,CHICKMET85,Cole Kmet: 40+ receiving yards,0.06,0.09,0.91,0.94,PASS,
2026-09-27T17:49:54.103076+00:00,2026,3,2026_03_PHI_CHI,PHI@CHI,2026-09-29T00:15:00+00:00,KXNFLRECYDS-26SEP28PHICHI-CHICKMET85-25,KXNFLRECYDS-26SEP28PHICHI,KXNFLRECYDS,receiving_yards,CHICKMET85,Cole Kmet: 25+ receiving yards,0.16,0.21,0.79,0.84,PASS,
2026-09-27T17:49:54.103076+00:00,2026,3,2026_03_PHI_CHI,PHI@CHI,2026-09-29T00:15:00+00:00,KXNFLRECYDS-26SEP28PHICHI-CHICKMET85-15,KXNFLRECYDS-26SEP28PHICHI,KXNFLRECYDS,receiving_yards,CHICKMET85,Cole Kmet: 15+ receiving yards,0.35,0.38,0.62,0.65,PASS,
2026-09-27T17:49:54.103076+00:00,2026,3,2026_03_PHI_CHI,PHI@CHI,2026-09-29T00:15:00+00:00,KXNFLRECYDS-26SEP28PHICHI-CHICKMET85-10,KXNFLRECYDS-26SEP28PHICHI,KXNFLRECYDS,receiving_yards,CHICKMET85,Cole Kmet: 10+ receiving yards,0.48,0.49,0.51,0.52,PASS,
2026-09-27T17:49:54.103076+00:00,2026,3,2026_03_LA_DEN,LAR@DEN,2026-09-28T00:20:00+00:00,KXNFLRECYDS-26SEP27LARDEN-DENRHARVEY12-60,KXNFLRECYDS-26SEP27LARDEN,KXNFLRECYDS,receiving_yards,DENRHARVEY12,RJ Harvey: 60+ receiving yards,0.03,0.07,0.9299999999999999,0.97,PASS,
2026-09-27T17:49:54.103076+00:00,2026,3,2026_03_LA_DEN,LAR@DEN,2026-09-28T00:20:00+00:00,KXNFLRECYDS-26SEP27LARDEN-DENRHARVEY12-50,KXNFLRECYDS-26SEP27LARDEN,KXNFLRECYDS,receiving_yards,DENRHARVEY12,RJ Harvey: 50+ receiving yards,0.07,0.11,0.89,0.9299999999999999,PASS,
2026-09-27T17:49:54.103076+00:00,2026,3,2026_03_LA_DEN,LAR@DEN,2026-09-28T00:20:00+00:00,KXNFLRECYDS-26SEP27LARDEN-DENRHARVEY12-40,KXNFLRECYDS-26SEP27LARDEN,KXNFLRECYDS,receiving_yards,DENRHARVEY12,RJ Harvey: 40+ receiving yards,0.15,0.17,0.83,0.85,PASS,
2026-09-27T17:49:54.103076+00:00,2026,3,2026_03_LA_DEN,LAR@DEN,2026-09-28T00:20:00+00:00,KXNFLRECYDS-26SEP27LARDEN-DENRHARVEY12-25,KXNFLRECYDS-26SEP27LARDEN,KXNFLRECYDS,receiving_yards,DENRHARVEY12,RJ Harvey: 25+ receiving yards,0.33,0.34,0.6599999999999999,0.6699999999999999,PASS,
2026-09-27T17:49:54.103076+00:00,2026,3,2026_03_LA_DEN,LAR@DEN,2026-09-28T00:20:00+00:00,KXNFLRECYDS-26SEP27LARDEN-DENRHARVEY12-15,KXNFLRECYDS-26SEP27LARDEN,KXNFLRECYDS,receiving_yards,DENRHARVEY12,RJ Harvey: 15+ receiving yards,0.54,0.55,0.44999999999999996,0.45999999999999996,PASS,
2026-09-27T17:49:54.103076+00:00,2026,3,2026_03_LA_DEN,LAR@DEN,2026-09-28T00:20:00+00:00,KXNFLRECYDS-26SEP27LARDEN-DENATRAUTMAN82-50,KXNFLRECYDS-26SEP27LARDEN,KXNFLRECYDS,receiving_yards,DENATRAUTMAN82,Adam Trautman: 50+ receiving yards,0.02,0.05,0.95,0.98,PASS,
2026-09-27T17:49:54.103076+00:00,2026,3,2026_03_LA_DEN,LAR@DEN,2026-09-28T00:20:00+00:00,KXNFLRECYDS-26SEP27LARDEN-DENATRAUTMAN82-40,KXNFLRECYDS-26SEP27LARDEN,KXNFLRECYDS,receiving_yards,DENATRAUTMAN82,Adam Trautman: 40+ receiving yards,0.05,0.08,0.92,0.95,PASS,
2026-09-27T17:49:54.103076+00:00,2026,3,2026_03_LA_DEN,LAR@DEN,2026-09-28T00:20:00+00:00,KXNFLRECYDS-26SEP27LARDEN-DENATRAUTMAN82-25,KXNFLRECYDS-26SEP27LARDEN,KXNFLRECYDS,receiving_yards,DENATRAUTMAN82,Adam Trautman: 25+ receiving yards,0.12,0.16,0.84,0.88,PASS,
2026-09-27T17:49:54.103076+00:00,2026,3,2026_03_LA_DEN,LAR@DEN,2026-09-28T00:20:00+00:00,KXNFLRECYDS-26SEP27LARDEN-DENATRAUTMAN82-15,KXNFLRECYDS-26SEP27LARDEN,KXNFLRECYDS,receiving_yards,DENATRAUTMAN82,Adam Trautman: 15+ receiving yards,0.27,0.28,0.72,0.73,PASS,
2026-09-27T17:49:54.103076+00:00,2026,3,2026_03_LV_NO,LV@NO,2026-09-27T20:25:00+00:00,KXNFLRECYDS-26SEP27LVNO-NOBLANCE18-70,KXNFLRECYDS-26SEP27LVNO,KXNFLRECYDS,receiving_yards,NOBLANCE18,Bryce Lance: 70+ receiving yards,0.02,0.06,0.94,0.98,PASS,
2026-09-27T17:49:54.103076+00:00,2026,3,2026_03_LV_NO,LV@NO,2026-09-27T20:25:00+00:00,KXNFLRECYDS-26SEP27LVNO-NOBLANCE18-60,KXNFLRECYDS-26SEP27LVNO,KXNFLRECYDS,receiving_yards,NOBLANCE18,Bryce Lance: 60+ receiving yards,0.05,0.07,0.9299999999999999,0.95,PASS,
2026-09-27T17:49:54.103076+00:00,2026,3,2026_03_LV_NO,LV@NO,2026-09-27T20:25:00+00:00,KXNFLRECYDS-26SEP27LVNO-NOBLANCE18-50,KXNFLRECYDS-26SEP27LVNO,KXNFLRECYDS,receiving_yards,NOBLANCE18,Bryce Lance: 50+ receiving yards,0.1,0.12,0.88,0.9,PASS,
2026-09-27T17:49:54.103076+00:00,2026,3,2026_03_LV_NO,LV@NO,2026-09-27T20:25:00+00:00,KXNFLRECYDS-26SEP27LVNO-NOBLANCE18-40,KXNFLRECYDS-26SEP27LVNO,KXNFLRECYDS,receiving_yards,NOBLANCE18,Bryce Lance: 40+ receiving yards,0.17,0.19,0.81,0.83,PASS,
2026-09-27T17:49:54.103076+00:00,2026,3,2026_03_LV_NO,LV@NO,2026-09-27T20:25:00+00:00,KXNFLRECYDS-26SEP27LVNO-NOBLANCE18-25,KXNFLRECYDS-26SEP27LVNO,KXNFLRECYDS,receiving_yards,NOBLANCE18,Bryce Lance: 25+ receiving yards,0.34,0.35,0.65,0.6599999999999999,PASS,
2026-09-27T17:49:54.103076+00:00,2026,3,2026_03_LV_NO,LV@NO,2026-09-27T20:25:00+00:00,KXNFLRECYDS-26SEP27LVNO-NOBLANCE18-15,KXNFLRECYDS-26SEP27LVNO,KXNFLRECYDS,receiving_yards,NOBLANCE18,Bryce Lance: 15+ receiving yards,0.51,0.52,0.48,0.49,PASS,
2026-09-27T17:49:54.103076+00:00,2026,3,2026_03_PHI_CHI,PHI@CHI,2026-09-29T00:15:00+00:00,KXNFLRECYDS-26SEP28PHICHI-CHIDSWIFT4-50,KXNFLRECYDS-26SEP28PHICHI,KXNFLRECYDS,receiving_yards,CHIDSWIFT4,D'Andre Swift: 50+ receiving yards,0.04,0.06,0.94,0.96,PASS,
2026-09-27T17:49:54.103076+00:00,2026,3,2026_03_PHI_CHI,PHI@CHI,2026-09-29T00:15:00+00:00,KXNFLRECYDS-26SEP28PHICHI-CHIDSWIFT4-40,KXNFLRECYDS-26SEP28PHICHI,KXNFLRECYDS,receiving_yards,CHIDSWIFT4,D'Andre Swift: 40+ receiving yards,0.09,0.11,0.89,0.91,PASS,
2026-09-27T17:49:54.103076+00:00,2026,3,2026_03_PHI_CHI,PHI@CHI,2026-09-29T00:15:00+00:00,KXNFLRECYDS-26SEP28PHICHI-CHIDSWIFT4-25,KXNFLRECYDS-26SEP28PHICHI,KXNFLRECYDS,receiving_yards,CHIDSWIFT4,D'Andre Swift: 25+ receiving yards,0.23,0.24,0.76,0.77,PASS,
2026-09-27T17:49:54.103076+00:00,2026,3,2026_03_PHI_CHI,PHI@CHI,2026-09-29T00:15:00+00:00,KXNFLRECYDS-26SEP28PHICHI-CHIDSWIFT4-15,KXNFLRECYDS-26SEP28PHICHI,KXNFLRECYDS,receiving_yards,CHIDSWIFT4,D'Andre Swift: 15+ receiving yards,0.4,0.41,0.5900000000000001,0.6,PASS,
2026-09-27T17:49:54.103076+00:00,2026,3,2026_03_LV_NO,LV@NO,2026-09-27T20:25:00+00:00,KXNFLRECYDS-26SEP27LVNO-LVJNAILOR9-90,KXNFLRECYDS-26SEP27LVNO,KXNFLRECYDS,receiving_yards,LVJNAILOR9,Jalen Nailor: 90+ receiving yards,0.03,0.05,0.95,0.97,PASS,
2026-09-27T17:49:54.103076+00:00,2026,3,2026_03_LV_NO,LV@NO,2026-09-27T20:25:00+00:00,KXNFLRECYDS-26SEP27LVNO-LVJNAILOR9-80,KXNFLRECYDS-26SEP27LVNO,KXNFLRECYDS,receiving_yards,LVJNAILOR9,Jalen Nailor: 80+ receiving yards,0.02,0.06,0.94,0.98,PASS,
2026-09-27T17:49:54.103076+00:00,2026,3,2026_03_LV_NO,LV@NO,2026-09-27T20:25:00+00:00,KXNFLRECYDS-26SEP27LVNO-LVJNAILOR9-70,KXNFLRECYDS-26SEP27LVNO,KXNFLRECYDS,receiving_yards,LVJNAILOR9,Jalen Nailor: 70+ receiving yards,0.05,0.1,0.9,0.95,PASS,
2026-09-27T17:49:54.103076+00:00,2026,3,2026_03_LV_NO,LV@NO,2026-09-27T20:25:00+00:00,KXNFLRECYDS-26SEP27LVNO-LVJNAILOR9-60,KXNFLRECYDS-26SEP27LVNO,KXNFLRECYDS,receiving_yards,LVJNAILOR9,Jalen Nailor: 60+ receiving yards,0.12,0.14,0.86,0.88,PASS,
2026-09-27T17:49:54.103076+00:00,2026,3,2026_03_LV_NO,LV@NO,2026-09-27T20:25:00+00:00,KXNFLRECYDS-26SEP27LVNO-LVJNAILOR9-50,KXNFLRECYDS-26SEP27LVNO,KXNFLRECYDS,receiving_yards,LVJNAILOR9,Jalen Nailor: 50+ receiving yards,0.18,0.2,0.8,0.8200000000000001,PASS,
2026-09-27T17:49:54.103076+00:00,2026,3,2026_03_LV_NO,LV@NO,2026-09-27T20:25:00+00:00,KXNFLRECYDS-26SEP27LVNO-LVJNAILOR9-40,KXNFLRECYDS-26SEP27LVNO,KXNFLRECYDS,receiving_yards,LVJNAILOR9,Jalen Nailor: 40+ receiving yards,0.29,0.3,0.7,0.71,PASS,
2026-09-27T17:49:54.103076+00:00,2026,3,2026_03_LV_NO,LV@NO,2026-09-27T20:25:00+00:00,KXNFLRECYDS-26SEP27LVNO-LVJNAILOR9-25,KXNFLRECYDS-26SEP27LVNO,KXNFLRECYDS,receiving_yards,LVJNAILOR9,Jalen Nailor: 25+ receiving yards,0.5,0.51,0.49,0.5,PASS,
2026-09-27T17:49:54.103076+00:00,2026,3,2026_03_PHI_CHI,PHI@CHI,2026-09-29T00:15:00+00:00,KXNFLRECYDS-26SEP28PHICHI-PHISBARKLEY26-50,KXNFLRECYDS-26SEP28PHICHI,KXNFLRECYDS,receiving_yards,PHISBARKLEY26,Saquon Barkley: 50+ receiving yards,0.03,0.07,0.9299999999999999,0.97,PASS,
2026-09-27T17:49:54.103076+00:00,2026,3,2026_03_LV_NO,LV@NO,2026-09-27T20:25:00+00:00,KXNFLRECYDS-26SEP27LVNO-LVJNAILOR9-15,KXNFLRECYDS-26SEP27LVNO,KXNFLRECYDS,receiving_yards,LVJNAILOR9,Jalen Nailor: 15+ receiving yards,0.63,0.64,0.36,0.37,PASS,
2026-09-27T17:49:54.103076+00:00,2026,3,2026_03_PHI_CHI,PHI@CHI,2026-09-29T00:15:00+00:00,KXNFLRECYDS-26SEP28PHICHI-PHISBARKLEY26-40,KXNFLRECYDS-26SEP28PHICHI,KXNFLRECYDS,receiving_yards,PHISBARKLEY26,Saquon Barkley: 40+ receiving yards,0.09,0.11,0.89,0.91,PASS,
2026-09-27T17:49:54.103076+00:00,2026,3,2026_03_LV_NO,LV@NO,2026-09-27T20:25:00+00:00,KXNFLRECYDS-26SEP27LVNO-NOAKAMARA41-60,KXNFLRECYDS-26SEP27LVNO,KXNFLRECYDS,receiving_yards,NOAKAMARA41,Alvin Kamara: 60+ receiving yards,0.02,0.05,0.95,0.98,PASS,
2026-09-27T17:49:54.103076+00:00,2026,3,2026_03_PHI_CHI,PHI@CHI,2026-09-29T00:15:00+00:00,KXNFLRECYDS-26SEP28PHICHI-PHISBARKLEY26-25,KXNFLRECYDS-26SEP28PHICHI,KXNFLRECYDS,receiving_yards,PHISBARKLEY26,Saquon Barkley: 25+ receiving yards,0.24,0.25,0.75,0.76,PASS,
2026-09-27T17:49:54.103076+00:00,2026,3,2026_03_LV_NO,LV@NO,2026-09-27T20:25:00+00:00,KXNFLRECYDS-26SEP27LVNO-NOAKAMARA41-50,KXNFLRECYDS-26SEP27LVNO,KXNFLRECYDS,receiving_yards,NOAKAMARA41,Alvin Kamara: 50+ receiving yards,0.05,0.06,0.94,0.95,PASS,
2026-09-27T17:49:54.103076+00:00,2026,3,2026_03_PHI_CHI,PHI@CHI,2026-09-29T00:15:00+00:00,KXNFLRECYDS-26SEP28PHICHI-PHISBARKLEY26-15,KXNFLRECYDS-26SEP28PHICHI,KXNFLRECYDS,receiving_yards,PHISBARKLEY26,Saquon Barkley: 15+ receiving yards,0.45,0.46,0.54,0.55,PASS,
2026-09-27T17:49:54.103076+00:00,2026,3,2026_03_LV_NO,LV@NO,2026-09-27T20:25:00+00:00,KXNFLRECYDS-26SEP27LVNO-NOAKAMARA41-40,KXNFLRECYDS-26SEP27LVNO,KXNFLRECYDS,receiving_yards,NOAKAMARA41,Alvin Kamara: 40+ receiving yards,0.09,0.1,0.9,0.91,PASS,
2026-09-27T17:49:54.103076+00:00,2026,3,2026_03_LV_NO,LV@NO,2026-09-27T20:25:00+00:00,KXNFLRECYDS-26SEP27LVNO-NOAKAMARA41-25,KXNFLRECYDS-26SEP27LVNO,KXNFLRECYDS,receiving_yards,NOAKAMARA41,Alvin Kamara: 25+ receiving yards,0.25,0.26,0.74,0.75,PASS,
2026-09-27T17:49:54.103076+00:00,2026,3,2026_03_LV_NO,LV@NO,2026-09-27T20:25:00+00:00,KXNFLRECYDS-26SEP27LVNO-NOAKAMARA41-15,KXNFLRECYDS-26SEP27LVNO,KXNFLRECYDS,receiving_yards,NOAKAMARA41,Alvin Kamara: 15+ receiving yards,0.45,0.46,0.54,0.55,PASS,
2026-09-27T17:49:54.103076+00:00,2026,3,2026_03_LV_NO,LV@NO,2026-09-27T20:25:00+00:00,KXNFLRECYDS-26SEP27LVNO-NOTETIENNE3-40,KXNFLRECYDS-26SEP27LVNO,KXNFLRECYDS,receiving_yards,NOTETIENNE3,Travis Etienne Jr.: 40+ receiving yards,0.08,0.09,0.91,0.92,PASS,
2026-09-27T17:49:54.103076+00:00,2026,3,2026_03_LV_NO,LV@NO,2026-09-27T20:25:00+00:00,KXNFLRECYDS-26SEP27LVNO-NOTETIENNE3-25,KXNFLRECYDS-26SEP27LVNO,KXNFLRECYDS,receiving_yards,NOTETIENNE3,Travis Etienne Jr.: 25+ receiving yards,0.2,0.21,0.79,0.8,PASS,
2026-09-27T17:49:54.103076+00:00,2026,3,2026_03_LV_NO,LV@NO,2026-09-27T20:25:00+00:00,KXNFLRECYDS-26SEP27LVNO-NOTETIENNE3-15,KXNFLRECYDS-26SEP27LVNO,KXNFLRECYDS,receiving_yards,NOTETIENNE3,Travis Etienne Jr.: 15+ receiving yards,0.37,0.38,0.62,0.63,PASS,
2026-09-27T17:49:54.103076+00:00,2026,3,2026_03_BAL_DAL,BAL@DAL,2026-09-27T20:25:00+00:00,KXNFLRECYDS-26SEP27BALDAL-BALCMOORE17-90,KXNFLRECYDS-26SEP27BALDAL,KXNFLRECYDS,receiving_yards,BALCMOORE17,Chris Moore: 90+ receiving yards,0.03,0.04,0.96,0.97,PASS,
2026-09-27T17:49:54.103076+00:00,2026,3,2026_03_BAL_DAL,BAL@DAL,2026-09-27T20:25:00+00:00,KXNFLRECYDS-26SEP27BALDAL-BALCMOORE17-80,KXNFLRECYDS-26SEP27BALDAL,KXNFLRECYDS,receiving_yards,BALCMOORE17,Chris Moore: 80+ receiving yards,0.05,0.06,0.94,0.95,PASS,
2026-09-27T17:49:54.103076+00:00,2026,3,2026_03_BAL_DAL,BAL@DAL,2026-09-27T20:25:00+00:00,KXNFLRECYDS-26SEP27BALDAL-BALCMOORE17-70,KXNFLRECYDS-26SEP27BALDAL,KXNFLRECYDS,receiving_yards,BALCMOORE17,Chris Moore: 70+ receiving yards,0.06,0.08,0.92,0.94,PASS,
2026-09-27T17:49:54.103076+00:00,2026,3,2026_03_BAL_DAL,BAL@DAL,2026-09-27T20:25:00+00:00,KXNFLRECYDS-26SEP27BALDAL-BALCMOORE17-60,KXNFLRECYDS-26SEP27BALDAL,KXNFLRECYDS,receiving_yards,BALCMOORE17,Chris Moore: 60+ receiving yards,0.09,0.12,0.88,0.91,PASS,
2026-09-27T17:49:54.103076+00:00,2026,3,2026_03_BAL_DAL,BAL@DAL,2026-09-27T20:25:00+00:00,KXNFLRECYDS-26SEP27BALDAL-BALCMOORE17-50,KXNFLRECYDS-26SEP27BALDAL,KXNFLRECYDS,receiving_yards,BALCMOORE17,Chris Moore: 50+ receiving yards,0.14,0.15,0.85,0.86,PASS,
2026-09-27T17:49:54.103076+00:00,2026,3,2026_03_BAL_DAL,BAL@DAL,2026-09-27T20:25:00+00:00,KXNFLRECYDS-26SEP27BALDAL-BALCMOORE17-40,KXNFLRECYDS-26SEP27BALDAL,KXNFLRECYDS,receiving_yards,BALCMOORE17,Chris Moore: 40+ receiving yards,0.22,0.23,0.77,0.78,PASS,
2026-09-27T17:49:54.103076+00:00,2026,3,2026_03_BAL_DAL,BAL@DAL,2026-09-27T20:25:00+00:00,KXNFLRECYDS-26SEP27BALDAL-BALCMOORE17-25,KXNFLRECYDS-26SEP27BALDAL,KXNFLRECYDS,receiving_yards,BALCMOORE17,Chris Moore: 25+ receiving yards,0.36,0.37,0.63,0.64,PASS,
2026-09-27T17:49:54.103076+00:00,2026,3,2026_03_BAL_DAL,BAL@DAL,2026-09-27T20:25:00+00:00,KXNFLRECYDS-26SEP27BALDAL-BALCMOORE17-20,KXNFLRECYDS-26SEP27BALDAL,KXNFLRECYDS,receiving_yards,BALCMOORE17,Chris Moore: 20+ receiving yards,0.42,0.44,0.56,0.5800000000000001,PASS,
2026-09-27T17:49:54.103076+00:00,2026,3,2026_03_BAL_DAL,BAL@DAL,2026-09-27T20:25:00+00:00,KXNFLRECYDS-26SEP27BALDAL-BALCMOORE17-15,KXNFLRECYDS-26SEP27BALDAL,KXNFLRECYDS,receiving_yards,BALCMOORE17,Chris Moore: 15+ receiving yards,0.52,0.53,0.47,0.48,PASS,
2026-09-27T17:49:54.103076+00:00,2026,3,2026_03_MIN_TB,MIN@TB,2026-09-27T20:05:00+00:00,KXNFLRECYDS-26SEP27MINTB-MINAJONES33-50,KXNFLRECYDS-26SEP27MINTB,KXNFLRECYDS,receiving_yards,MINAJONES33,Aaron Jones Sr.: 50+ receiving yards,0.04,0.05,0.95,0.96,PASS,
2026-09-27T17:49:54.103076+00:00,2026,3,2026_03_MIN_TB,MIN@TB,2026-09-27T20:05:00+00:00,KXNFLRECYDS-26SEP27MINTB-MINAJONES33-40,KXNFLRECYDS-26SEP27MINTB,KXNFLRECYDS,receiving_yards,MINAJONES33,Aaron Jones Sr.: 40+ receiving yards,0.1,0.12,0.88,0.9,PASS,
2026-09-27T17:49:54.103076+00:00,2026,3,2026_03_MIN_TB,MIN@TB,2026-09-27T20:05:00+00:00,KXNFLRECYDS-26SEP27MINTB-MINAJONES33-25,KXNFLRECYDS-26SEP27MINTB,KXNFLRECYDS,receiving_yards,MINAJONES33,Aaron Jones Sr.: 25+ receiving yards,0.24,0.26,0.74,0.76,PASS,
2026-09-27T17:49:54.103076+00:00,2026,3,2026_03_MIN_TB,MIN@TB,2026-09-27T20:05:00+00:00,KXNFLRECYDS-26SEP27MINTB-MINAJONES33-15,KXNFLRECYDS-26SEP27MINTB,KXNFLRECYDS,receiving_yards,MINAJONES33,Aaron Jones Sr.: 15+ receiving yards,0.43,0.44,0.56,0.5700000000000001,PASS,
2026-09-27T17:49:54.103076+00:00,2026,3,2026_03_ARI_SF,ARI@SF,2026-09-27T20:05:00+00:00,KXNFLRECYDS-26SEP27ARISF-ARITALLGEIER22-40,KXNFLRECYDS-26SEP27ARISF,KXNFLRECYDS,receiving_yards,ARITALLGEIER22,Tyler Allgeier: 40+ receiving yards,0.02,0.06,0.94,0.98,PASS,
2026-09-27T17:49:54.103076+00:00,2026,3,2026_03_ARI_SF,ARI@SF,2026-09-27T20:05:00+00:00,KXNFLRECYDS-26SEP27ARISF-ARITALLGEIER22-25,KXNFLRECYDS-26SEP27ARISF,KXNFLRECYDS,receiving_yards,ARITALLGEIER22,Tyler Allgeier: 25+ receiving yards,0.12,0.14,0.86,0.88,PASS,
2026-09-27T17:49:54.103076+00:00,2026,3,2026_03_ARI_SF,ARI@SF,2026-09-27T20:05:00+00:00,KXNFLRECYDS-26SEP27ARISF-ARITALLGEIER22-15,KXNFLRECYDS-26SEP27ARISF,KXNFLRECYDS,receiving_yards,ARITALLGEIER22,Tyler Allgeier: 15+ receiving yards,0.27,0.29,0.71,0.73,PASS,
2026-09-27T17:49:54.103076+00:00,2026,3,2026_03_ARI_SF,ARI@SF,2026-09-27T20:05:00+00:00,KXNFLRECYDS-26SEP27ARISF-SFCMCCAFFREY23-100,KXNFLRECYDS-26SEP27ARISF,KXNFLRECYDS,receiving_yards,SFCMCCAFFREY23,Christian McCaffrey: 100+ receiving yards,0.03,0.06,0.94,0.97,PASS,
2026-09-27T17:49:54.103076+00:00,2026,3,2026_03_ARI_SF,ARI@SF,2026-09-27T20:05:00+00:00,KXNFLRECYDS-26SEP27ARISF-SFCMCCAFFREY23-90,KXNFLRECYDS-26SEP27ARISF,KXNFLRECYDS,receiving_yards,SFCMCCAFFREY23,Christian McCaffrey: 90+ receiving yards,0.05,0.08,0.92,0.95,PASS,
2026-09-27T17:49:54.103076+00:00,2026,3,2026_03_ARI_SF,ARI@SF,2026-09-27T20:05:00+00:00,KXNFLRECYDS-26SEP27ARISF-SFCMCCAFFREY23-80,KXNFLRECYDS-26SEP27ARISF,KXNFLRECYDS,receiving_yards,SFCMCCAFFREY23,Christian McCaffrey: 80+ receiving yards,0.05,0.12,0.88,0.95,PASS,
2026-09-27T17:49:54.103076+00:00,2026,3,2026_03_ARI_SF,ARI@SF,2026-09-27T20:05:00+00:00,KXNFLRECYDS-26SEP27ARISF-SFCMCCAFFREY23-70,KXNFLRECYDS-26SEP27ARISF,KXNFLRECYDS,receiving_yards,SFCMCCAFFREY23,Christian McCaffrey: 70+ receiving yards,0.14,0.16,0.84,0.86,PASS,
2026-09-27T17:49:54.103076+00:00,2026,3,2026_03_ARI_SF,ARI@SF,2026-09-27T20:05:00+00:00,KXNFLRECYDS-26SEP27ARISF-SFCMCCAFFREY23-60,KXNFLRECYDS-26SEP27ARISF,KXNFLRECYDS,receiving_yards,SFCMCCAFFREY23,Christian McCaffrey: 60+ receiving yards,0.22,0.24,0.76,0.78,PASS,
2026-09-27T17:49:54.103076+00:00,2026,3,2026_03_ARI_SF,ARI@SF,2026-09-27T20:05:00+00:00,KXNFLRECYDS-26SEP27ARISF-SFCMCCAFFREY23-50,KXNFLRECYDS-26SEP27ARISF,KXNFLRECYDS,receiving_yards,SFCMCCAFFREY23,Christian McCaffrey: 50+ receiving yards,0.33,0.34,0.6599999999999999,0.6699999999999999,PASS,
2026-09-27T17:49:54.103076+00:00,2026,3,2026_03_ARI_SF,ARI@SF,2026-09-27T20:05:00+00:00,KXNFLRECYDS-26SEP27ARISF-SFCMCCAFFREY23-40,KXNFLRECYDS-26SEP27ARISF,KXNFLRECYDS,receiving_yards,SFCMCCAFFREY23,Christian McCaffrey: 40+ receiving yards,0.46,0.48,0.52,0.54,PASS,
2026-09-27T17:49:54.103076+00:00,2026,3,2026_03_ARI_SF,ARI@SF,2026-09-27T20:05:00+00:00,KXNFLRECYDS-26SEP27ARISF-SFCMCCAFFREY23-25,KXNFLRECYDS-26SEP27ARISF,KXNFLRECYDS,receiving_yards,SFCMCCAFFREY23,Christian McCaffrey: 25+ receiving yards,0.69,0.7,0.30000000000000004,0.31000000000000005,PASS,
2026-09-27T17:49:54.103076+00:00,2026,3,2026_03_ARI_SF,ARI@SF,2026-09-27T20:05:00+00:00,KXNFLRECYDS-26SEP27ARISF-SFCMCCAFFREY23-15,KXNFLRECYDS-26SEP27ARISF,KXNFLRECYDS,receiving_yards,SFCMCCAFFREY23,Christian McCaffrey: 15+ receiving yards,0.84,0.85,0.15000000000000002,0.16000000000000003,PASS,
2026-09-27T17:49:54.103076+00:00,2026,3,2026_03_ARI_SF,ARI@SF,2026-09-27T20:05:00+00:00,KXNFLRECYDS-26SEP27ARISF-SFDSAMUEL19-110,KXNFLRECYDS-26SEP27ARISF,KXNFLRECYDS,receiving_yards,SFDSAMUEL19,Deebo Samuel Sr.: 110+ receiving yards,0.03,0.05,0.95,0.97,PASS,
2026-09-27T17:49:54.103076+00:00,2026,3,2026_03_ARI_SF,ARI@SF,2026-09-27T20:05:00+00:00,KXNFLRECYDS-26SEP27ARISF-SFDSAMUEL19-100,KXNFLRECYDS-26SEP27ARISF,KXNFLRECYDS,receiving_yards,SFDSAMUEL19,Deebo Samuel Sr.: 100+ receiving yards,0.05,0.07,0.9299999999999999,0.95,PASS,
2026-09-27T17:49:54.103076+00:00,2026,3,2026_03_ARI_SF,ARI@SF,2026-09-27T20:05:00+00:00,KXNFLRECYDS-26SEP27ARISF-SFDSAMUEL19-90,KXNFLRECYDS-26SEP27ARISF,KXNFLRECYDS,receiving_yards,SFDSAMUEL19,Deebo Samuel Sr.: 90+ receiving yards,0.08,0.09,0.91,0.92,PASS,
2026-09-27T17:49:54.103076+00:00,2026,3,2026_03_ARI_SF,ARI@SF,2026-09-27T20:05:00+00:00,KXNFLRECYDS-26SEP27ARISF-SFDSAMUEL19-80,KXNFLRECYDS-26SEP27ARISF,KXNFLRECYDS,receiving_yards,SFDSAMUEL19,Deebo Samuel Sr.: 80+ receiving yards,0.12,0.14,0.86,0.88,PASS,
2026-09-27T17:49:54.103076+00:00,2026,3,2026_03_ARI_SF,ARI@SF,2026-09-27T20:05:00+00:00,KXNFLRECYDS-26SEP27ARISF-SFDSAMUEL19-70,KXNFLRECYDS-26SEP27ARISF,KXNFLRECYDS,receiving_yards,SFDSAMUEL19,Deebo Samuel Sr.: 70+ receiving yards,0.19,0.2,0.8,0.81,PASS,
2026-09-27T17:49:54.103076+00:00,2026,3,2026_03_ARI_SF,ARI@SF,2026-09-27T20:05:00+00:00,KXNFLRECYDS-26SEP27ARISF-SFDSAMUEL19-60,KXNFLRECYDS-26SEP27ARISF,KXNFLRECYDS,receiving_yards,SFDSAMUEL19,Deebo Samuel Sr.: 60+ receiving yards,0.27,0.28,0.72,0.73,PASS,
2026-09-27T17:49:54.103076+00:00,2026,3,2026_03_ARI_SF,ARI@SF,2026-09-27T20:05:00+00:00,KXNFLRECYDS-26SEP27ARISF-SFDSAMUEL19-50,KXNFLRECYDS-26SEP27ARISF,KXNFLRECYDS,receiving_yards,SFDSAMUEL19,Deebo Samuel Sr.: 50+ receiving yards,0.37,0.38,0.62,0.63,PASS,
2026-09-27T17:49:54.103076+00:00,2026,3,2026_03_ARI_SF,ARI@SF,2026-09-27T20:05:00+00:00,KXNFLRECYDS-26SEP27ARISF-SFDSAMUEL19-40,KXNFLRECYDS-26SEP27ARISF,KXNFLRECYDS,receiving_yards,SFDSAMUEL19,Deebo Samuel Sr.: 40+ receiving yards,0.51,0.53,0.47,0.49,PASS,
2026-09-27T17:49:54.103076+00:00,2026,3,2026_03_ARI_SF,ARI@SF,2026-09-27T20:05:00+00:00,KXNFLRECYDS-26SEP27ARISF-SFDSAMUEL19-25,KXNFLRECYDS-26SEP27ARISF,KXNFLRECYDS,receiving_yards,SFDSAMUEL19,Deebo Samuel Sr.: 25+ receiving yards,0.7,0.71,0.29000000000000004,0.30000000000000004,PASS,
2026-09-27T17:49:54.103076+00:00,2026,3,2026_03_ARI_SF,ARI@SF,2026-09-27T20:05:00+00:00,KXNFLRECYDS-26SEP27ARISF-SFDSAMUEL19-15,KXNFLRECYDS-26SEP27ARISF,KXNFLRECYDS,receiving_yards,SFDSAMUEL19,Deebo Samuel Sr.: 15+ receiving yards,0.82,0.84,0.16000000000000003,0.18000000000000005,PASS,
2026-09-27T17:49:54.103076+00:00,2026,3,2026_03_ARI_SF,ARI@SF,2026-09-27T20:05:00+00:00,KXNFLRECYDS-26SEP27ARISF-SFGKITTLE85-120,KXNFLRECYDS-26SEP27ARISF,KXNFLRECYDS,receiving_yards,SFGKITTLE85,George Kittle: 120+ receiving yards,0.02,0.05,0.95,0.98,PASS,
2026-09-27T17:49:54.103076+00:00,2026,3,2026_03_ARI_SF,ARI@SF,2026-09-27T20:05:00+00:00,KXNFLRECYDS-26SEP27ARISF-SFGKITTLE85-110,KXNFLRECYDS-26SEP27ARISF,KXNFLRECYDS,receiving_yards,SFGKITTLE85,George Kittle: 110+ receiving yards,0.04,0.06,0.94,0.96,PASS,
2026-09-27T17:49:54.103076+00:00,2026,3,2026_03_ARI_SF,ARI@SF,2026-09-27T20:05:00+00:00,KXNFLRECYDS-26SEP27ARISF-SFGKITTLE85-100,KXNFLRECYDS-26SEP27ARISF,KXNFLRECYDS,receiving_yards,SFGKITTLE85,George Kittle: 100+ receiving yards,0.07,0.08,0.92,0.9299999999999999,PASS,
2026-09-27T17:49:54.103076+00:00,2026,3,2026_03_ARI_SF,ARI@SF,2026-09-27T20:05:00+00:00,KXNFLRECYDS-26SEP27ARISF-SFGKITTLE85-90,KXNFLRECYDS-26SEP27ARISF,KXNFLRECYDS,receiving_yards,SFGKITTLE85,George Kittle: 90+ receiving yards,0.11,0.12,0.88,0.89,PASS,
2026-09-27T17:49:54.103076+00:00,2026,3,2026_03_ARI_SF,ARI@SF,2026-09-27T20:05:00+00:00,KXNFLRECYDS-26SEP27ARISF-SFGKITTLE85-80,KXNFLRECYDS-26SEP27ARISF,KXNFLRECYDS,receiving_yards,SFGKITTLE85,George Kittle: 80+ receiving yards,0.16,0.17,0.83,0.84,PASS,
2026-09-27T17:49:54.103076+00:00,2026,3,2026_03_ARI_SF,ARI@SF,2026-09-27T20:05:00+00:00,KXNFLRECYDS-26SEP27ARISF-SFGKITTLE85-70,KXNFLRECYDS-26SEP27ARISF,KXNFLRECYDS,receiving_yards,SFGKITTLE85,George Kittle: 70+ receiving yards,0.22,0.23,0.77,0.78,PASS,
2026-09-27T17:49:54.103076+00:00,2026,3,2026_03_ARI_SF,ARI@SF,2026-09-27T20:05:00+00:00,KXNFLRECYDS-26SEP27ARISF-SFGKITTLE85-60,KXNFLRECYDS-26SEP27ARISF,KXNFLRECYDS,receiving_yards,SFGKITTLE85,George Kittle: 60+ receiving yards,0.31,0.32,0.6799999999999999,0.69,PASS,
2026-09-27T17:49:54.103076+00:00,2026,3,2026_03_ARI_SF,ARI@SF,2026-09-27T20:05:00+00:00,KXNFLRECYDS-26SEP27ARISF-SFGKITTLE85-50,KXNFLRECYDS-26SEP27ARISF,KXNFLRECYDS,receiving_yards,SFGKITTLE85,George Kittle: 50+ receiving yards,0.45,0.46,0.54,0.55,PASS,
2026-09-27T17:49:54.103076+00:00,2026,3,2026_03_ARI_SF,ARI@SF,2026-09-27T20:05:00+00:00,KXNFLRECYDS-26SEP27ARISF-SFGKITTLE85-40,KXNFLRECYDS-26SEP27ARISF,KXNFLRECYDS,receiving_yards,SFGKITTLE85,George Kittle: 40+ receiving yards,0.57,0.58,0.42000000000000004,0.43000000000000005,PASS,
2026-09-27T17:49:54.103076+00:00,2026,3,2026_03_ARI_SF,ARI@SF,2026-09-27T20:05:00+00:00,KXNFLRECYDS-26SEP27ARISF-SFGKITTLE85-25,KXNFLRECYDS-26SEP27ARISF,KXNFLRECYDS,receiving_yards,SFGKITTLE85,George Kittle: 25+ receiving yards,0.75,0.77,0.22999999999999998,0.25,PASS,
2026-09-27T17:49:54.103076+00:00,2026,3,2026_03_ARI_SF,ARI@SF,2026-09-27T20:05:00+00:00,KXNFLRECYDS-26SEP27ARISF-SFGKITTLE85-15,KXNFLRECYDS-26SEP27ARISF,KXNFLRECYDS,receiving_yards,SFGKITTLE85,George Kittle: 15+ receiving yards,0.87,0.88,0.12,0.13,PASS,
2026-09-27T17:49:54.103076+00:00,2026,3,2026_03_LA_DEN,LAR@DEN,2026-09-28T00:20:00+00:00,KXNFLRECYDS-26SEP27LARDEN-LARTFERGUSON18-130,KXNFLRECYDS-26SEP27LARDEN,KXNFLRECYDS,receiving_yards,LARTFERGUSON18,Terrance Ferguson: 130+ receiving yards,0.02,0.05,0.95,0.98,PASS,
2026-09-27T17:49:54.103076+00:00,2026,3,2026_03_LA_DEN,LAR@DEN,2026-09-28T00:20:00+00:00,KXNFLRECYDS-26SEP27LARDEN-LARTFERGUSON18-120,KXNFLRECYDS-26SEP27LARDEN,KXNFLRECYDS,receiving_yards,LARTFERGUSON18,Terrance Ferguson: 120+ receiving yards,0.04,0.07,0.9299999999999999,0.96,PASS,
2026-09-27T17:49:54.103076+00:00,2026,3,2026_03_LA_DEN,LAR@DEN,2026-09-28T00:20:00+00:00,KXNFLRECYDS-26SEP27LARDEN-LARTFERGUSON18-110,KXNFLRECYDS-26SEP27LARDEN,KXNFLRECYDS,receiving_yards,LARTFERGUSON18,Terrance Ferguson: 110+ receiving yards,0.04,0.09,0.91,0.96,PASS,
2026-09-27T17:49:54.103076+00:00,2026,3,2026_03_LA_DEN,LAR@DEN,2026-09-28T00:20:00+00:00,KXNFLRECYDS-26SEP27LARDEN-LARTFERGUSON18-100,KXNFLRECYDS-26SEP27LARDEN,KXNFLRECYDS,receiving_yards,LARTFERGUSON18,Terrance Ferguson: 100+ receiving yards,0.1,0.12,0.88,0.9,PASS,
2026-09-27T17:49:54.103076+00:00,2026,3,2026_03_LA_DEN,LAR@DEN,2026-09-28T00:20:00+00:00,KXNFLRECYDS-26SEP27LARDEN-LARTFERGUSON18-90,KXNFLRECYDS-26SEP27LARDEN,KXNFLRECYDS,receiving_yards,LARTFERGUSON18,Terrance Ferguson: 90+ receiving yards,0.14,0.15,0.85,0.86,PASS,
2026-09-27T17:49:54.103076+00:00,2026,3,2026_03_LA_DEN,LAR@DEN,2026-09-28T00:20:00+00:00,KXNFLRECYDS-26SEP27LARDEN-LARTFERGUSON18-80,KXNFLRECYDS-26SEP27LARDEN,KXNFLRECYDS,receiving_yards,LARTFERGUSON18,Terrance Ferguson: 80+ receiving yards,0.21,0.22,0.78,0.79,PASS,
2026-09-27T17:49:54.103076+00:00,2026,3,2026_03_LA_DEN,LAR@DEN,2026-09-28T00:20:00+00:00,KXNFLRECYDS-26SEP27LARDEN-LARTFERGUSON18-70,KXNFLRECYDS-26SEP27LARDEN,KXNFLRECYDS,receiving_yards,LARTFERGUSON18,Terrance Ferguson: 70+ receiving yards,0.29,0.3,0.7,0.71,PASS,
2026-09-27T17:49:54.103076+00:00,2026,3,2026_03_LA_DEN,LAR@DEN,2026-09-28T00:20:00+00:00,KXNFLRECYDS-26SEP27LARDEN-LARTFERGUSON18-60,KXNFLRECYDS-26SEP27LARDEN,KXNFLRECYDS,receiving_yards,LARTFERGUSON18,Terrance Ferguson: 60+ receiving yards,0.38,0.39,0.61,0.62,PASS,
2026-09-27T17:49:54.103076+00:00,2026,3,2026_03_LA_DEN,LAR@DEN,2026-09-28T00:20:00+00:00,KXNFLRECYDS-26SEP27LARDEN-LARTFERGUSON18-50,KXNFLRECYDS-26SEP27LARDEN,KXNFLRECYDS,receiving_yards,LARTFERGUSON18,Terrance Ferguson: 50+ receiving yards,0.48,0.49,0.51,0.52,PASS,
2026-09-27T17:49:54.103076+00:00,2026,3,2026_03_LA_DEN,LAR@DEN,2026-09-28T00:20:00+00:00,KXNFLRECYDS-26SEP27LARDEN-LARTFERGUSON18-40,KXNFLRECYDS-26SEP27LARDEN,KXNFLRECYDS,receiving_yards,LARTFERGUSON18,Terrance Ferguson: 40+ receiving yards,0.6,0.61,0.39,0.4,PASS,
2026-09-27T17:49:54.103076+00:00,2026,3,2026_03_LA_DEN,LAR@DEN,2026-09-28T00:20:00+00:00,KXNFLRECYDS-26SEP27LARDEN-LARTFERGUSON18-25,KXNFLRECYDS-26SEP27LARDEN,KXNFLRECYDS,receiving_yards,LARTFERGUSON18,Terrance Ferguson: 25+ receiving yards,0.76,0.78,0.21999999999999997,0.24,PASS,
2026-09-27T17:49:54.103076+00:00,2026,3,2026_03_LA_DEN,LAR@DEN,2026-09-28T00:20:00+00:00,KXNFLRECYDS-26SEP27LARDEN-LARKWILLIAMS23-50,KXNFLRECYDS-26SEP27LARDEN,KXNFLRECYDS,receiving_yards,LARKWILLIAMS23,Kyren Williams: 50+ receiving yards,0.05,0.06,0.94,0.95,PASS,
2026-09-27T17:49:54.103076+00:00,2026,3,2026_03_LA_DEN,LAR@DEN,2026-09-28T00:20:00+00:00,KXNFLRECYDS-26SEP27LARDEN-LARKWILLIAMS23-40,KXNFLRECYDS-26SEP27LARDEN,KXNFLRECYDS,receiving_yards,LARKWILLIAMS23,Kyren Williams: 40+ receiving yards,0.1,0.11,0.89,0.9,PASS,
2026-09-27T17:49:54.103076+00:00,2026,3,2026_03_LA_DEN,LAR@DEN,2026-09-28T00:20:00+00:00,KXNFLRECYDS-26SEP27LARDEN-LARKWILLIAMS23-25,KXNFLRECYDS-26SEP27LARDEN,KXNFLRECYDS,receiving_yards,LARKWILLIAMS23,Kyren Williams: 25+ receiving yards,0.24,0.25,0.75,0.76,PASS,
2026-09-27T17:49:54.103076+00:00,2026,3,2026_03_LA_DEN,LAR@DEN,2026-09-28T00:20:00+00:00,KXNFLRECYDS-26SEP27LARDEN-LARKWILLIAMS23-15,KXNFLRECYDS-26SEP27LARDEN,KXNFLRECYDS,receiving_yards,LARKWILLIAMS23,Kyren Williams: 15+ receiving yards,0.43,0.44,0.56,0.5700000000000001,PASS,
2026-09-27T17:49:54.103076+00:00,2026,3,2026_03_PHI_CHI,PHI@CHI,2026-09-29T00:15:00+00:00,KXNFLRECYDS-26SEP28PHICHI-CHIRODUNZE15-90,KXNFLRECYDS-26SEP28PHICHI,KXNFLRECYDS,receiving_yards,CHIRODUNZE15,Rome Odunze: 90+ receiving yards,0.02,0.05,0.95,0.98,PASS,
2026-09-27T17:49:54.103076+00:00,2026,3,2026_03_PHI_CHI,PHI@CHI,2026-09-29T00:15:00+00:00,KXNFLRECYDS-26SEP28PHICHI-CHIRODUNZE15-80,KXNFLRECYDS-26SEP28PHICHI,KXNFLRECYDS,receiving_yards,CHIRODUNZE15,Rome Odunze: 80+ receiving yards,0.02,0.07,0.9299999999999999,0.98,PASS,
2026-09-27T17:49:54.103076+00:00,2026,3,2026_03_PHI_CHI,PHI@CHI,2026-09-29T00:15:00+00:00,KXNFLRECYDS-26SEP28PHICHI-CHIRODUNZE15-70,KXNFLRECYDS-26SEP28PHICHI,KXNFLRECYDS,receiving_yards,CHIRODUNZE15,Rome Odunze: 70+ receiving yards,0.05,0.1,0.9,0.95,PASS,
2026-09-27T17:49:54.103076+00:00,2026,3,2026_03_PHI_CHI,PHI@CHI,2026-09-29T00:15:00+00:00,KXNFLRECYDS-26SEP28PHICHI-CHIRODUNZE15-60,KXNFLRECYDS-26SEP28PHICHI,KXNFLRECYDS,receiving_yards,CHIRODUNZE15,Rome Odunze: 60+ receiving yards,0.13,0.15,0.85,0.87,PASS,
2026-09-27T17:49:54.103076+00:00,2026,3,2026_03_PHI_CHI,PHI@CHI,2026-09-29T00:15:00+00:00,KXNFLRECYDS-26SEP28PHICHI-CHIRODUNZE15-50,KXNFLRECYDS-26SEP28PHICHI,KXNFLRECYDS,receiving_yards,CHIRODUNZE15,Rome Odunze: 50+ receiving yards,0.19,0.23,0.77,0.81,PASS,
2026-09-27T17:49:54.103076+00:00,2026,3,2026_03_PHI_CHI,PHI@CHI,2026-09-29T00:15:00+00:00,KXNFLRECYDS-26SEP28PHICHI-CHIRODUNZE15-40,KXNFLRECYDS-26SEP28PHICHI,KXNFLRECYDS,receiving_yards,CHIRODUNZE15,Rome Odunze: 40+ receiving yards,0.29,0.33,0.6699999999999999,0.71,PASS,
2026-09-27T17:49:54.103076+00:00,2026,3,2026_03_PHI_CHI,PHI@CHI,2026-09-29T00:15:00+00:00,KXNFLRECYDS-26SEP28PHICHI-CHIRODUNZE15-25,KXNFLRECYDS-26SEP28PHICHI,KXNFLRECYDS,receiving_yards,CHIRODUNZE15,Rome Odunze: 25+ receiving yards,0.53,0.54,0.45999999999999996,0.47,PASS,
2026-09-27T17:49:54.103076+00:00,2026,3,2026_03_PHI_CHI,PHI@CHI,2026-09-29T00:15:00+00:00,KXNFLRECYDS-26SEP28PHICHI-CHIRODUNZE15-15,KXNFLRECYDS-26SEP28PHICHI,KXNFLRECYDS,receiving_yards,CHIRODUNZE15,Rome Odunze: 15+ receiving yards,0.68,0.7,0.30000000000000004,0.31999999999999995,PASS,
2026-09-27T17:49:54.103076+00:00,2026,3,2026_03_PHI_CHI,PHI@CHI,2026-09-29T00:15:00+00:00,KXNFLRECYDS-26SEP28PHICHI-CHIKRAYMOND14-80,KXNFLRECYDS-26SEP28PHICHI,KXNFLRECYDS,receiving_yards,CHIKRAYMOND14,Kalif Raymond: 80+ receiving yards,0.02,0.05,0.95,0.98,PASS,
2026-09-27T17:49:54.103076+00:00,2026,3,2026_03_PHI_CHI,PHI@CHI,2026-09-29T00:15:00+00:00,KXNFLRECYDS-26SEP28PHICHI-CHIKRAYMOND14-70,KXNFLRECYDS-26SEP28PHICHI,KXNFLRECYDS,receiving_yards,CHIKRAYMOND14,Kalif Raymond: 70+ receiving yards,0.03,0.08,0.92,0.97,PASS,
2026-09-27T17:49:54.103076+00:00,2026,3,2026_03_PHI_CHI,PHI@CHI,2026-09-29T00:15:00+00:00,KXNFLRECYDS-26SEP28PHICHI-CHIKRAYMOND14-60,KXNFLRECYDS-26SEP28PHICHI,KXNFLRECYDS,receiving_yards,CHIKRAYMOND14,Kalif Raymond: 60+ receiving yards,0.09,0.12,0.88,0.91,PASS,
2026-09-27T17:49:54.103076+00:00,2026,3,2026_03_PHI_CHI,PHI@CHI,2026-09-29T00:15:00+00:00,KXNFLRECYDS-26SEP28PHICHI-CHIKRAYMOND14-50,KXNFLRECYDS-26SEP28PHICHI,KXNFLRECYDS,receiving_yards,CHIKRAYMOND14,Kalif Raymond: 50+ receiving yards,0.16,0.18,0.8200000000000001,0.84,PASS,
2026-09-27T17:49:54.103076+00:00,2026,3,2026_03_PHI_CHI,PHI@CHI,2026-09-29T00:15:00+00:00,KXNFLRECYDS-26SEP28PHICHI-CHIKRAYMOND14-40,KXNFLRECYDS-26SEP28PHICHI,KXNFLRECYDS,receiving_yards,CHIKRAYMOND14,Kalif Raymond: 40+ receiving yards,0.26,0.28,0.72,0.74,PASS,
2026-09-27T17:49:54.103076+00:00,2026,3,2026_03_PHI_CHI,PHI@CHI,2026-09-29T00:15:00+00:00,KXNFLRECYDS-26SEP28PHICHI-CHIKRAYMOND14-25,KXNFLRECYDS-26SEP28PHICHI,KXNFLRECYDS,receiving_yards,CHIKRAYMOND14,Kalif Raymond: 25+ receiving yards,0.49,0.5,0.5,0.51,PASS,
2026-09-27T17:49:54.103076+00:00,2026,3,2026_03_PHI_CHI,PHI@CHI,2026-09-29T00:15:00+00:00,KXNFLRECYDS-26SEP28PHICHI-CHIKRAYMOND14-15,KXNFLRECYDS-26SEP28PHICHI,KXNFLRECYDS,receiving_yards,CHIKRAYMOND14,Kalif Raymond: 15+ receiving yards,0.67,0.68,0.31999999999999995,0.32999999999999996,PASS,
2026-09-27T17:49:54.103076+00:00,2026,3,2026_03_PHI_CHI,PHI@CHI,2026-09-29T00:15:00+00:00,KXNFLRECYDS-26SEP28PHICHI-CHILBURDEN10-90,KXNFLRECYDS-26SEP28PHICHI,KXNFLRECYDS,receiving_yards,CHILBURDEN10,Luther Burden III: 90+ receiving yards,0.03,0.08,0.92,0.97,PASS,
2026-09-27T17:49:54.103076+00:00,2026,3,2026_03_PHI_CHI,PHI@CHI,2026-09-29T00:15:00+00:00,KXNFLRECYDS-26SEP28PHICHI-CHILBURDEN10-80,KXNFLRECYDS-26SEP28PHICHI,KXNFLRECYDS,receiving_yards,CHILBURDEN10,Luther Burden III: 80+ receiving yards,0.07,0.11,0.89,0.9299999999999999,PASS,
2026-09-27T17:49:54.103076+00:00,2026,3,2026_03_PHI_CHI,PHI@CHI,2026-09-29T00:15:00+00:00,KXNFLRECYDS-26SEP28PHICHI-CHILBURDEN10-70,KXNFLRECYDS-26SEP28PHICHI,KXNFLRECYDS,receiving_yards,CHILBURDEN10,Luther Burden III: 70+ receiving yards,0.13,0.17,0.83,0.87,PASS,
2026-09-27T17:49:54.103076+00:00,2026,3,2026_03_PHI_CHI,PHI@CHI,2026-09-29T00:15:00+00:00,KXNFLRECYDS-26SEP28PHICHI-CHILBURDEN10-60,KXNFLRECYDS-26SEP28PHICHI,KXNFLRECYDS,receiving_yards,CHILBURDEN10,Luther Burden III: 60+ receiving yards,0.19,0.23,0.77,0.81,PASS,
2026-09-27T17:49:54.103076+00:00,2026,3,2026_03_PHI_CHI,PHI@CHI,2026-09-29T00:15:00+00:00,KXNFLRECYDS-26SEP28PHICHI-CHILBURDEN10-50,KXNFLRECYDS-26SEP28PHICHI,KXNFLRECYDS,receiving_yards,CHILBURDEN10,Luther Burden III: 50+ receiving yards,0.29,0.33,0.6699999999999999,0.71,PASS,
2026-09-27T17:49:54.103076+00:00,2026,3,2026_03_PHI_CHI,PHI@CHI,2026-09-29T00:15:00+00:00,KXNFLRECYDS-26SEP28PHICHI-CHILBURDEN10-40,KXNFLRECYDS-26SEP28PHICHI,KXNFLRECYDS,receiving_yards,CHILBURDEN10,Luther Burden III: 40+ receiving yards,0.42,0.46,0.54,0.5800000000000001,PASS,
2026-09-27T17:49:54.103076+00:00,2026,3,2026_03_PHI_CHI,PHI@CHI,2026-09-29T00:15:00+00:00,KXNFLRECYDS-26SEP28PHICHI-CHILBURDEN10-25,KXNFLRECYDS-26SEP28PHICHI,KXNFLRECYDS,receiving_yards,CHILBURDEN10,Luther Burden III: 25+ receiving yards,0.64,0.67,0.32999999999999996,0.36,PASS,
2026-09-27T17:49:54.103076+00:00,2026,3,2026_03_PHI_CHI,PHI@CHI,2026-09-29T00:15:00+00:00,KXNFLRECYDS-26SEP28PHICHI-CHILBURDEN10-15,KXNFLRECYDS-26SEP28PHICHI,KXNFLRECYDS,receiving_yards,CHILBURDEN10,Luther Burden III: 15+ receiving yards,0.79,0.81,0.18999999999999995,0.20999999999999996,PASS,
2026-09-27T17:49:54.103076+00:00,2026,3,2026_03_PHI_CHI,PHI@CHI,2026-09-29T00:15:00+00:00,KXNFLRECYDS-26SEP28PHICHI-CHICLOVELAND84-100,KXNFLRECYDS-26SEP28PHICHI,KXNFLRECYDS,receiving_yards,CHICLOVELAND84,Colston Loveland: 100+ receiving yards,0.03,0.05,0.95,0.97,PASS,
2026-09-27T17:49:54.103076+00:00,2026,3,2026_03_PHI_CHI,PHI@CHI,2026-09-29T00:15:00+00:00,KXNFLRECYDS-26SEP28PHICHI-CHICLOVELAND84-90,KXNFLRECYDS-26SEP28PHICHI,KXNFLRECYDS,receiving_yards,CHICLOVELAND84,Colston Loveland: 90+ receiving yards,0.05,0.08,0.92,0.95,PASS,
2026-09-27T17:49:54.103076+00:00,2026,3,2026_03_PHI_CHI,PHI@CHI,2026-09-29T00:15:00+00:00,KXNFLRECYDS-26SEP28PHICHI-CHICLOVELAND84-80,KXNFLRECYDS-26SEP28PHICHI,KXNFLRECYDS,receiving_yards,CHICLOVELAND84,Colston Loveland: 80+ receiving yards,0.07,0.11,0.89,0.9299999999999999,PASS,
2026-09-27T17:49:54.103076+00:00,2026,3,2026_03_PHI_CHI,PHI@CHI,2026-09-29T00:15:00+00:00,KXNFLRECYDS-26SEP28PHICHI-CHICLOVELAND84-70,KXNFLRECYDS-26SEP28PHICHI,KXNFLRECYDS,receiving_yards,CHICLOVELAND84,Colston Loveland: 70+ receiving yards,0.13,0.15,0.85,0.87,PASS,
2026-09-27T17:49:54.103076+00:00,2026,3,2026_03_PHI_CHI,PHI@CHI,2026-09-29T00:15:00+00:00,KXNFLRECYDS-26SEP28PHICHI-CHICLOVELAND84-60,KXNFLRECYDS-26SEP28PHICHI,KXNFLRECYDS,receiving_yards,CHICLOVELAND84,Colston Loveland: 60+ receiving yards,0.2,0.24,0.76,0.8,PASS,
2026-09-27T17:49:54.103076+00:00,2026,3,2026_03_PHI_CHI,PHI@CHI,2026-09-29T00:15:00+00:00,KXNFLRECYDS-26SEP28PHICHI-CHICLOVELAND84-50,KXNFLRECYDS-26SEP28PHICHI,KXNFLRECYDS,receiving_yards,CHICLOVELAND84,Colston Loveland: 50+ receiving yards,0.3,0.33,0.6699999999999999,0.7,PASS,
2026-09-27T17:49:54.103076+00:00,2026,3,2026_03_PHI_CHI,PHI@CHI,2026-09-29T00:15:00+00:00,KXNFLRECYDS-26SEP28PHICHI-CHICLOVELAND84-40,KXNFLRECYDS-26SEP28PHICHI,KXNFLRECYDS,receiving_yards,CHICLOVELAND84,Colston Loveland: 40+ receiving yards,0.43,0.44,0.56,0.5700000000000001,PASS,
2026-09-27T17:49:54.103076+00:00,2026,3,2026_03_PHI_CHI,PHI@CHI,2026-09-29T00:15:00+00:00,KXNFLRECYDS-26SEP28PHICHI-CHICLOVELAND84-25,KXNFLRECYDS-26SEP28PHICHI,KXNFLRECYDS,receiving_yards,CHICLOVELAND84,Colston Loveland: 25+ receiving yards,0.64,0.66,0.33999999999999997,0.36,PASS,
2026-09-27T17:49:54.103076+00:00,2026,3,2026_03_PHI_CHI,PHI@CHI,2026-09-29T00:15:00+00:00,KXNFLRECYDS-26SEP28PHICHI-CHICLOVELAND84-15,KXNFLRECYDS-26SEP28PHICHI,KXNFLRECYDS,receiving_yards,CHICLOVELAND84,Colston Loveland: 15+ receiving yards,0.78,0.79,0.20999999999999996,0.21999999999999997,PASS,
2026-09-27T17:49:54.103076+00:00,2026,3,2026_03_LA_DEN,LAR@DEN,2026-09-28T00:20:00+00:00,KXNFLRECYDS-26SEP27LARDEN-LARDADAMS17-160,KXNFLRECYDS-26SEP27LARDEN,KXNFLRECYDS,receiving_yards,LARDADAMS17,Davante Adams: 160+ receiving yards,0.02,0.05,0.95,0.98,PASS,
2026-09-27T17:49:54.103076+00:00,2026,3,2026_03_LA_DEN,LAR@DEN,2026-09-28T00:20:00+00:00,KXNFLRECYDS-26SEP27LARDEN-LARDADAMS17-150,KXNFLRECYDS-26SEP27LARDEN,KXNFLRECYDS,receiving_yards,LARDADAMS17,Davante Adams: 150+ receiving yards,0.04,0.06,0.94,0.96,PASS,
2026-09-27T17:49:54.103076+00:00,2026,3,2026_03_LA_DEN,LAR@DEN,2026-09-28T00:20:00+00:00,KXNFLRECYDS-26SEP27LARDEN-LARDADAMS17-140,KXNFLRECYDS-26SEP27LARDEN,KXNFLRECYDS,receiving_yards,LARDADAMS17,Davante Adams: 140+ receiving yards,0.06,0.08,0.92,0.94,PASS,
2026-09-27T17:49:54.103076+00:00,2026,3,2026_03_LA_DEN,LAR@DEN,2026-09-28T00:20:00+00:00,KXNFLRECYDS-26SEP27LARDEN-LARDADAMS17-130,KXNFLRECYDS-26SEP27LARDEN,KXNFLRECYDS,receiving_yards,LARDADAMS17,Davante Adams: 130+ receiving yards,0.09,0.1,0.9,0.91,PASS,
2026-09-27T17:49:54.103076+00:00,2026,3,2026_03_LA_DEN,LAR@DEN,2026-09-28T00:20:00+00:00,KXNFLRECYDS-26SEP27LARDEN-LARDADAMS17-120,KXNFLRECYDS-26SEP27LARDEN,KXNFLRECYDS,receiving_yards,LARDADAMS17,Davante Adams: 120+ receiving yards,0.12,0.13,0.87,0.88,PASS,
2026-09-27T17:49:54.103076+00:00,2026,3,2026_03_LA_DEN,LAR@DEN,2026-09-28T00:20:00+00:00,KXNFLRECYDS-26SEP27LARDEN-LARDADAMS17-110,KXNFLRECYDS-26SEP27LARDEN,KXNFLRECYDS,receiving_yards,LARDADAMS17,Davante Adams: 110+ receiving yards,0.18,0.19,0.81,0.8200000000000001,PASS,
2026-09-27T17:49:54.103076+00:00,2026,3,2026_03_LA_DEN,LAR@DEN,2026-09-28T00:20:00+00:00,KXNFLRECYDS-26SEP27LARDEN-LARDADAMS17-100,KXNFLRECYDS-26SEP27LARDEN,KXNFLRECYDS,receiving_yards,LARDADAMS17,Davante Adams: 100+ receiving yards,0.24,0.26,0.74,0.76,PASS,
2026-09-27T17:49:54.103076+00:00,2026,3,2026_03_LA_DEN,LAR@DEN,2026-09-28T00:20:00+00:00,KXNFLRECYDS-26SEP27LARDEN-LARDADAMS17-90,KXNFLRECYDS-26SEP27LARDEN,KXNFLRECYDS,receiving_yards,LARDADAMS17,Davante Adams: 90+ receiving yards,0.31,0.32,0.6799999999999999,0.69,PASS,
2026-09-27T17:49:54.103076+00:00,2026,3,2026_03_LA_DEN,LAR@DEN,2026-09-28T00:20:00+00:00,KXNFLRECYDS-26SEP27LARDEN-LARDADAMS17-80,KXNFLRECYDS-26SEP27LARDEN,KXNFLRECYDS,receiving_yards,LARDADAMS17,Davante Adams: 80+ receiving yards,0.39,0.4,0.6,0.61,PASS,
2026-09-27T17:49:54.103076+00:00,2026,3,2026_03_LA_DEN,LAR@DEN,2026-09-28T00:20:00+00:00,KXNFLRECYDS-26SEP27LARDEN-LARDADAMS17-70,KXNFLRECYDS-26SEP27LARDEN,KXNFLRECYDS,receiving_yards,LARDADAMS17,Davante Adams: 70+ receiving yards,0.49,0.5,0.5,0.51,PASS,
2026-09-27T17:49:54.103076+00:00,2026,3,2026_03_LA_DEN,LAR@DEN,2026-09-28T00:20:00+00:00,KXNFLRECYDS-26SEP27LARDEN-LARDADAMS17-60,KXNFLRECYDS-26SEP27LARDEN,KXNFLRECYDS,receiving_yards,LARDADAMS17,Davante Adams: 60+ receiving yards,0.59,0.61,0.39,0.41000000000000003,PASS,
2026-09-27T17:49:54.103076+00:00,2026,3,2026_03_LA_DEN,LAR@DEN,2026-09-28T00:20:00+00:00,KXNFLRECYDS-26SEP27LARDEN-LARDADAMS17-50,KXNFLRECYDS-26SEP27LARDEN,KXNFLRECYDS,receiving_yards,LARDADAMS17,Davante Adams: 50+ receiving yards,0.69,0.71,0.29000000000000004,0.31000000000000005,PASS,
2026-09-27T17:49:54.103076+00:00,2026,3,2026_03_LA_DEN,LAR@DEN,2026-09-28T00:20:00+00:00,KXNFLRECYDS-26SEP27LARDEN-LARDADAMS17-40,KXNFLRECYDS-26SEP27LARDEN,KXNFLRECYDS,receiving_yards,LARDADAMS17,Davante Adams: 40+ receiving yards,0.78,0.8,0.19999999999999996,0.21999999999999997,PASS,
2026-09-27T17:49:54.103076+00:00,2026,3,2026_03_ARI_SF,ARI@SF,2026-09-27T20:05:00+00:00,KXNFLRECYDS-26SEP27ARISF-ARIJLOVE4-60,KXNFLRECYDS-26SEP27ARISF,KXNFLRECYDS,receiving_yards,ARIJLOVE4,Jeremiyah Love: 60+ receiving yards,0.05,0.06,0.94,0.95,PASS,
2026-09-27T17:49:54.103076+00:00,2026,3,2026_03_ARI_SF,ARI@SF,2026-09-27T20:05:00+00:00,KXNFLRECYDS-26SEP27ARISF-ARIJLOVE4-50,KXNFLRECYDS-26SEP27ARISF,KXNFLRECYDS,receiving_yards,ARIJLOVE4,Jeremiyah Love: 50+ receiving yards,0.06,0.08,0.92,0.94,PASS,
2026-09-27T17:49:54.103076+00:00,2026,3,2026_03_ARI_SF,ARI@SF,2026-09-27T20:05:00+00:00,KXNFLRECYDS-26SEP27ARISF-ARIJLOVE4-40,KXNFLRECYDS-26SEP27ARISF,KXNFLRECYDS,receiving_yards,ARIJLOVE4,Jeremiyah Love: 40+ receiving yards,0.12,0.13,0.87,0.88,PASS,
2026-09-27T17:49:54.103076+00:00,2026,3,2026_03_ARI_SF,ARI@SF,2026-09-27T20:05:00+00:00,KXNFLRECYDS-26SEP27ARISF-ARIJLOVE4-25,KXNFLRECYDS-26SEP27ARISF,KXNFLRECYDS,receiving_yards,ARIJLOVE4,Jeremiyah Love: 25+ receiving yards,0.29,0.3,0.7,0.71,PASS,
2026-09-27T17:49:54.103076+00:00,2026,3,2026_03_ARI_SF,ARI@SF,2026-09-27T20:05:00+00:00,KXNFLRECYDS-26SEP27ARISF-ARIJLOVE4-15,KXNFLRECYDS-26SEP27ARISF,KXNFLRECYDS,receiving_yards,ARIJLOVE4,Jeremiyah Love: 15+ receiving yards,0.5,0.51,0.49,0.5,PASS,
2026-09-27T17:49:54.103076+00:00,2026,3,2026_03_ARI_SF,ARI@SF,2026-09-27T20:05:00+00:00,KXNFLRECYDS-26SEP27ARISF-ARIKBOURNE17-70,KXNFLRECYDS-26SEP27ARISF,KXNFLRECYDS,receiving_yards,ARIKBOURNE17,Kendrick Bourne: 70+ receiving yards,0.06,0.07,0.9299999999999999,0.94,PASS,
2026-09-27T17:49:54.103076+00:00,2026,3,2026_03_ARI_SF,ARI@SF,2026-09-27T20:05:00+00:00,KXNFLRECYDS-26SEP27ARISF-ARIKBOURNE17-60,KXNFLRECYDS-26SEP27ARISF,KXNFLRECYDS,receiving_yards,ARIKBOURNE17,Kendrick Bourne: 60+ receiving yards,0.1,0.11,0.89,0.9,PASS,
2026-09-27T17:49:54.103076+00:00,2026,3,2026_03_ARI_SF,ARI@SF,2026-09-27T20:05:00+00:00,KXNFLRECYDS-26SEP27ARISF-ARIKBOURNE17-50,KXNFLRECYDS-26SEP27ARISF,KXNFLRECYDS,receiving_yards,ARIKBOURNE17,Kendrick Bourne: 50+ receiving yards,0.17,0.18,0.8200000000000001,0.83,PASS,
2026-09-27T17:49:54.103076+00:00,2026,3,2026_03_ARI_SF,ARI@SF,2026-09-27T20:05:00+00:00,KXNFLRECYDS-26SEP27ARISF-ARIKBOURNE17-40,KXNFLRECYDS-26SEP27ARISF,KXNFLRECYDS,receiving_yards,ARIKBOURNE17,Kendrick Bourne: 40+ receiving yards,0.26,0.27,0.73,0.74,PASS,
2026-09-27T17:49:54.103076+00:00,2026,3,2026_03_ARI_SF,ARI@SF,2026-09-27T20:05:00+00:00,KXNFLRECYDS-26SEP27ARISF-ARIKBOURNE17-25,KXNFLRECYDS-26SEP27ARISF,KXNFLRECYDS,receiving_yards,ARIKBOURNE17,Kendrick Bourne: 25+ receiving yards,0.48,0.49,0.51,0.52,PASS,
2026-09-27T17:49:54.103076+00:00,2026,3,2026_03_ARI_SF,ARI@SF,2026-09-27T20:05:00+00:00,KXNFLRECYDS-26SEP27ARISF-ARIKBOURNE17-15,KXNFLRECYDS-26SEP27ARISF,KXNFLRECYDS,receiving_yards,ARIKBOURNE17,Kendrick Bourne: 15+ receiving yards,0.64,0.65,0.35,0.36,PASS,
2026-09-27T17:49:54.103076+00:00,2026,3,2026_03_PHI_CHI,PHI@CHI,2026-09-29T00:15:00+00:00,KXNFLRECYDS-26SEP28PHICHI-PHIMLEMON9-90,KXNFLRECYDS-26SEP28PHICHI,KXNFLRECYDS,receiving_yards,PHIMLEMON9,Makai Lemon: 90+ receiving yards,0.02,0.07,0.9299999999999999,0.98,PASS,
2026-09-27T17:49:54.103076+00:00,2026,3,2026_03_PHI_CHI,PHI@CHI,2026-09-29T00:15:00+00:00,KXNFLRECYDS-26SEP28PHICHI-PHIMLEMON9-80,KXNFLRECYDS-26SEP28PHICHI,KXNFLRECYDS,receiving_yards,PHIMLEMON9,Makai Lemon: 80+ receiving yards,0.03,0.09,0.91,0.97,PASS,
2026-09-27T17:49:54.103076+00:00,2026,3,2026_03_PHI_CHI,PHI@CHI,2026-09-29T00:15:00+00:00,KXNFLRECYDS-26SEP28PHICHI-PHIMLEMON9-70,KXNFLRECYDS-26SEP28PHICHI,KXNFLRECYDS,receiving_yards,PHIMLEMON9,Makai Lemon: 70+ receiving yards,0.06,0.12,0.88,0.94,PASS,
2026-09-27T17:49:54.103076+00:00,2026,3,2026_03_PHI_CHI,PHI@CHI,2026-09-29T00:15:00+00:00,KXNFLRECYDS-26SEP28PHICHI-PHIMLEMON9-60,KXNFLRECYDS-26SEP28PHICHI,KXNFLRECYDS,receiving_yards,PHIMLEMON9,Makai Lemon: 60+ receiving yards,0.12,0.17,0.83,0.88,PASS,
2026-09-27T17:49:54.103076+00:00,2026,3,2026_03_PHI_CHI,PHI@CHI,2026-09-29T00:15:00+00:00,KXNFLRECYDS-26SEP28PHICHI-PHIMLEMON9-50,KXNFLRECYDS-26SEP28PHICHI,KXNFLRECYDS,receiving_yards,PHIMLEMON9,Makai Lemon: 50+ receiving yards,0.2,0.23,0.77,0.8,PASS,
2026-09-27T17:49:54.103076+00:00,2026,3,2026_03_PHI_CHI,PHI@CHI,2026-09-29T00:15:00+00:00,KXNFLRECYDS-26SEP28PHICHI-PHIMLEMON9-40,KXNFLRECYDS-26SEP28PHICHI,KXNFLRECYDS,receiving_yards,PHIMLEMON9,Makai Lemon: 40+ receiving yards,0.3,0.33,0.6699999999999999,0.7,PASS,
2026-09-27T17:49:54.103076+00:00,2026,3,2026_03_PHI_CHI,PHI@CHI,2026-09-29T00:15:00+00:00,KXNFLRECYDS-26SEP28PHICHI-PHIMLEMON9-25,KXNFLRECYDS-26SEP28PHICHI,KXNFLRECYDS,receiving_yards,PHIMLEMON9,Makai Lemon: 25+ receiving yards,0.54,0.55,0.44999999999999996,0.45999999999999996,PASS,
2026-09-27T17:49:54.103076+00:00,2026,3,2026_03_PHI_CHI,PHI@CHI,2026-09-29T00:15:00+00:00,KXNFLRECYDS-26SEP28PHICHI-PHIMLEMON9-15,KXNFLRECYDS-26SEP28PHICHI,KXNFLRECYDS,receiving_yards,PHIMLEMON9,Makai Lemon: 15+ receiving yards,0.69,0.7,0.30000000000000004,0.31000000000000005,PASS,
2026-09-27T17:49:54.103076+00:00,2026,3,2026_03_BAL_DAL,BAL@DAL,2026-09-27T20:25:00+00:00,KXNFLRECYDS-26SEP27BALDAL-BALLWESTER10-80,KXNFLRECYDS-26SEP27BALDAL,KXNFLRECYDS,receiving_yards,BALLWESTER10,LaJohntay Wester: 80+ receiving yards,0.02,0.05,0.95,0.98,PASS,
2026-09-27T17:49:54.103076+00:00,2026,3,2026_03_BAL_DAL,BAL@DAL,2026-09-27T20:25:00+00:00,KXNFLRECYDS-26SEP27BALDAL-BALLWESTER10-70,KXNFLRECYDS-26SEP27BALDAL,KXNFLRECYDS,receiving_yards,BALLWESTER10,LaJohntay Wester: 70+ receiving yards,0.03,0.06,0.94,0.97,PASS,
2026-09-27T17:49:54.103076+00:00,2026,3,2026_03_BAL_DAL,BAL@DAL,2026-09-27T20:25:00+00:00,KXNFLRECYDS-26SEP27BALDAL-BALLWESTER10-60,KXNFLRECYDS-26SEP27BALDAL,KXNFLRECYDS,receiving_yards,BALLWESTER10,LaJohntay Wester: 60+ receiving yards,0.03,0.09,0.91,0.97,PASS,
2026-09-27T17:49:54.103076+00:00,2026,3,2026_03_BAL_DAL,BAL@DAL,2026-09-27T20:25:00+00:00,KXNFLRECYDS-26SEP27BALDAL-BALLWESTER10-50,KXNFLRECYDS-26SEP27BALDAL,KXNFLRECYDS,receiving_yards,BALLWESTER10,LaJohntay Wester: 50+ receiving yards,0.1,0.13,0.87,0.9,PASS,
2026-09-27T17:49:54.103076+00:00,2026,3,2026_03_BAL_DAL,BAL@DAL,2026-09-27T20:25:00+00:00,KXNFLRECYDS-26SEP27BALDAL-BALLWESTER10-40,KXNFLRECYDS-26SEP27BALDAL,KXNFLRECYDS,receiving_yards,BALLWESTER10,LaJohntay Wester: 40+ receiving yards,0.15,0.18,0.8200000000000001,0.85,PASS,
2026-09-27T17:49:54.103076+00:00,2026,3,2026_03_BAL_DAL,BAL@DAL,2026-09-27T20:25:00+00:00,KXNFLRECYDS-26SEP27BALDAL-BALLWESTER10-25,KXNFLRECYDS-26SEP27BALDAL,KXNFLRECYDS,receiving_yards,BALLWESTER10,LaJohntay Wester: 25+ receiving yards,0.35,0.36,0.64,0.65,PASS,
2026-09-27T17:49:54.103076+00:00,2026,3,2026_03_BAL_DAL,BAL@DAL,2026-09-27T20:25:00+00:00,KXNFLRECYDS-26SEP27BALDAL-BALLWESTER10-15,KXNFLRECYDS-26SEP27BALDAL,KXNFLRECYDS,receiving_yards,BALLWESTER10,LaJohntay Wester: 15+ receiving yards,0.53,0.54,0.45999999999999996,0.47,PASS,
2026-09-27T17:49:54.103076+00:00,2026,3,2026_03_BAL_DAL,BAL@DAL,2026-09-27T20:25:00+00:00,KXNFLRECYDS-26SEP27BALDAL-BALMANDREWS89-130,KXNFLRECYDS-26SEP27BALDAL,KXNFLRECYDS,receiving_yards,BALMANDREWS89,Mark Andrews: 130+ receiving yards,0.02,0.03,0.97,0.98,PASS,
2026-09-27T17:49:54.103076+00:00,2026,3,2026_03_BAL_DAL,BAL@DAL,2026-09-27T20:25:00+00:00,KXNFLRECYDS-26SEP27BALDAL-BALMANDREWS89-120,KXNFLRECYDS-26SEP27BALDAL,KXNFLRECYDS,receiving_yards,BALMANDREWS89,Mark Andrews: 120+ receiving yards,0.02,0.05,0.95,0.98,PASS,
2026-09-27T17:49:54.103076+00:00,2026,3,2026_03_BAL_DAL,BAL@DAL,2026-09-27T20:25:00+00:00,KXNFLRECYDS-26SEP27BALDAL-BALMANDREWS89-110,KXNFLRECYDS-26SEP27BALDAL,KXNFLRECYDS,receiving_yards,BALMANDREWS89,Mark Andrews: 110+ receiving yards,0.02,0.06,0.94,0.98,PASS,
2026-09-27T17:49:54.103076+00:00,2026,3,2026_03_BAL_DAL,BAL@DAL,2026-09-27T20:25:00+00:00,KXNFLRECYDS-26SEP27BALDAL-BALMANDREWS89-100,KXNFLRECYDS-26SEP27BALDAL,KXNFLRECYDS,receiving_yards,BALMANDREWS89,Mark Andrews: 100+ receiving yards,0.05,0.06,0.94,0.95,PASS,
2026-09-27T17:49:54.103076+00:00,2026,3,2026_03_BAL_DAL,BAL@DAL,2026-09-27T20:25:00+00:00,KXNFLRECYDS-26SEP27BALDAL-BALMANDREWS89-90,KXNFLRECYDS-26SEP27BALDAL,KXNFLRECYDS,receiving_yards,BALMANDREWS89,Mark Andrews: 90+ receiving yards,0.08,0.09,0.91,0.92,PASS,
2026-09-27T17:49:54.103076+00:00,2026,3,2026_03_BAL_DAL,BAL@DAL,2026-09-27T20:25:00+00:00,KXNFLRECYDS-26SEP27BALDAL-BALMANDREWS89-80,KXNFLRECYDS-26SEP27BALDAL,KXNFLRECYDS,receiving_yards,BALMANDREWS89,Mark Andrews: 80+ receiving yards,0.12,0.13,0.87,0.88,PASS,
2026-09-27T17:49:54.103076+00:00,2026,3,2026_03_BAL_DAL,BAL@DAL,2026-09-27T20:25:00+00:00,KXNFLRECYDS-26SEP27BALDAL-BALMANDREWS89-70,KXNFLRECYDS-26SEP27BALDAL,KXNFLRECYDS,receiving_yards,BALMANDREWS89,Mark Andrews: 70+ receiving yards,0.18,0.19,0.81,0.8200000000000001,PASS,
2026-09-27T17:49:54.103076+00:00,2026,3,2026_03_BAL_DAL,BAL@DAL,2026-09-27T20:25:00+00:00,KXNFLRECYDS-26SEP27BALDAL-BALMANDREWS89-60,KXNFLRECYDS-26SEP27BALDAL,KXNFLRECYDS,receiving_yards,BALMANDREWS89,Mark Andrews: 60+ receiving yards,0.27,0.28,0.72,0.73,PASS,
2026-09-27T17:49:54.103076+00:00,2026,3,2026_03_MIN_TB,MIN@TB,2026-09-27T20:05:00+00:00,KXNFLRECYDS-26SEP27MINTB-MINJOLIVER84-50,KXNFLRECYDS-26SEP27MINTB,KXNFLRECYDS,receiving_yards,MINJOLIVER84,Josh Oliver: 50+ receiving yards,0.02,0.06,0.94,0.98,PASS,
2026-09-27T17:49:54.103076+00:00,2026,3,2026_03_BAL_DAL,BAL@DAL,2026-09-27T20:25:00+00:00,KXNFLRECYDS-26SEP27BALDAL-BALMANDREWS89-50,KXNFLRECYDS-26SEP27BALDAL,KXNFLRECYDS,receiving_yards,BALMANDREWS89,Mark Andrews: 50+ receiving yards,0.36,0.37,0.63,0.64,PASS,
2026-09-27T17:49:54.103076+00:00,2026,3,2026_03_MIN_TB,MIN@TB,2026-09-27T20:05:00+00:00,KXNFLRECYDS-26SEP27MINTB-MINJOLIVER84-40,KXNFLRECYDS-26SEP27MINTB,KXNFLRECYDS,receiving_yards,MINJOLIVER84,Josh Oliver: 40+ receiving yards,0.06,0.1,0.9,0.94,PASS,
2026-09-27T17:49:54.103076+00:00,2026,3,2026_03_BAL_DAL,BAL@DAL,2026-09-27T20:25:00+00:00,KXNFLRECYDS-26SEP27BALDAL-BALMANDREWS89-40,KXNFLRECYDS-26SEP27BALDAL,KXNFLRECYDS,receiving_yards,BALMANDREWS89,Mark Andrews: 40+ receiving yards,0.5,0.52,0.48,0.5,PASS,
2026-09-27T17:49:54.103076+00:00,2026,3,2026_03_MIN_TB,MIN@TB,2026-09-27T20:05:00+00:00,KXNFLRECYDS-26SEP27MINTB-MINJOLIVER84-25,KXNFLRECYDS-26SEP27MINTB,KXNFLRECYDS,receiving_yards,MINJOLIVER84,Josh Oliver: 25+ receiving yards,0.22,0.23,0.77,0.78,PASS,
2026-09-27T17:49:54.103076+00:00,2026,3,2026_03_BAL_DAL,BAL@DAL,2026-09-27T20:25:00+00:00,KXNFLRECYDS-26SEP27BALDAL-BALMANDREWS89-25,KXNFLRECYDS-26SEP27BALDAL,KXNFLRECYDS,receiving_yards,BALMANDREWS89,Mark Andrews: 25+ receiving yards,0.71,0.72,0.28,0.29000000000000004,PASS,
2026-09-27T17:49:54.103076+00:00,2026,3,2026_03_MIN_TB,MIN@TB,2026-09-27T20:05:00+00:00,KXNFLRECYDS-26SEP27MINTB-MINJOLIVER84-15,KXNFLRECYDS-26SEP27MINTB,KXNFLRECYDS,receiving_yards,MINJOLIVER84,Josh Oliver: 15+ receiving yards,0.4,0.41,0.5900000000000001,0.6,PASS,
2026-09-27T17:49:54.103076+00:00,2026,3,2026_03_BAL_DAL,BAL@DAL,2026-09-27T20:25:00+00:00,KXNFLRECYDS-26SEP27BALDAL-BALMANDREWS89-15,KXNFLRECYDS-26SEP27BALDAL,KXNFLRECYDS,receiving_yards,BALMANDREWS89,Mark Andrews: 15+ receiving yards,0.82,0.86,0.14,0.18000000000000005,PASS,
2026-09-27T17:49:54.103076+00:00,2026,3,2026_03_MIN_TB,MIN@TB,2026-09-27T20:05:00+00:00,KXNFLRECYDS-26SEP27MINTB-MINJJENNINGS14-60,KXNFLRECYDS-26SEP27MINTB,KXNFLRECYDS,receiving_yards,MINJJENNINGS14,Jauan Jennings: 60+ receiving yards,0.05,0.06,0.94,0.95,PASS,
2026-09-27T17:49:54.103076+00:00,2026,3,2026_03_MIN_TB,MIN@TB,2026-09-27T20:05:00+00:00,KXNFLRECYDS-26SEP27MINTB-MINJJENNINGS14-50,KXNFLRECYDS-26SEP27MINTB,KXNFLRECYDS,receiving_yards,MINJJENNINGS14,Jauan Jennings: 50+ receiving yards,0.07,0.09,0.91,0.9299999999999999,PASS,
2026-09-27T17:49:54.103076+00:00,2026,3,2026_03_MIN_TB,MIN@TB,2026-09-27T20:05:00+00:00,KXNFLRECYDS-26SEP27MINTB-MINJJENNINGS14-40,KXNFLRECYDS-26SEP27MINTB,KXNFLRECYDS,receiving_yards,MINJJENNINGS14,Jauan Jennings: 40+ receiving yards,0.13,0.14,0.86,0.87,PASS,
2026-09-27T17:49:54.103076+00:00,2026,3,2026_03_MIN_TB,MIN@TB,2026-09-27T20:05:00+00:00,KXNFLRECYDS-26SEP27MINTB-MINJJENNINGS14-25,KXNFLRECYDS-26SEP27MINTB,KXNFLRECYDS,receiving_yards,MINJJENNINGS14,Jauan Jennings: 25+ receiving yards,0.3,0.31,0.69,0.7,PASS,
2026-09-27T17:49:54.103076+00:00,2026,3,2026_03_MIN_TB,MIN@TB,2026-09-27T20:05:00+00:00,KXNFLRECYDS-26SEP27MINTB-MINJJENNINGS14-15,KXNFLRECYDS-26SEP27MINTB,KXNFLRECYDS,receiving_yards,MINJJENNINGS14,Jauan Jennings: 15+ receiving yards,0.5,0.51,0.49,0.5,PASS,
2026-09-27T17:49:54.103076+00:00,2026,3,2026_03_MIN_TB,MIN@TB,2026-09-27T20:05:00+00:00,KXNFLRECYDS-26SEP27MINTB-TBKGAINWELL1-50,KXNFLRECYDS-26SEP27MINTB,KXNFLRECYDS,receiving_yards,TBKGAINWELL1,Kenny Gainwell: 50+ receiving yards,0.03,0.05,0.95,0.97,PASS,
2026-09-27T17:49:54.103076+00:00,2026,3,2026_03_MIN_TB,MIN@TB,2026-09-27T20:05:00+00:00,KXNFLRECYDS-26SEP27MINTB-TBKGAINWELL1-40,KXNFLRECYDS-26SEP27MINTB,KXNFLRECYDS,receiving_yards,TBKGAINWELL1,Kenny Gainwell: 40+ receiving yards,0.07,0.08,0.92,0.9299999999999999,PASS,
2026-09-27T17:49:54.103076+00:00,2026,3,2026_03_MIN_TB,MIN@TB,2026-09-27T20:05:00+00:00,KXNFLRECYDS-26SEP27MINTB-TBKGAINWELL1-25,KXNFLRECYDS-26SEP27MINTB,KXNFLRECYDS,receiving_yards,TBKGAINWELL1,Kenny Gainwell: 25+ receiving yards,0.18,0.19,0.81,0.8200000000000001,PASS,
2026-09-27T17:49:54.103076+00:00,2026,3,2026_03_MIN_TB,MIN@TB,2026-09-27T20:05:00+00:00,KXNFLRECYDS-26SEP27MINTB-TBKGAINWELL1-15,KXNFLRECYDS-26SEP27MINTB,KXNFLRECYDS,receiving_yards,TBKGAINWELL1,Kenny Gainwell: 15+ receiving yards,0.37,0.38,0.62,0.63,PASS,
2026-09-27T17:49:54.103076+00:00,2026,3,2026_03_MIN_TB,MIN@TB,2026-09-27T20:05:00+00:00,KXNFLRECYDS-26SEP27MINTB-TBBIRVING7-60,KXNFLRECYDS-26SEP27MINTB,KXNFLRECYDS,receiving_yards,TBBIRVING7,Bucky Irving: 60+ receiving yards,0.02,0.04,0.96,0.98,PASS,
2026-09-27T17:49:54.103076+00:00,2026,3,2026_03_LA_DEN,LAR@DEN,2026-09-28T00:20:00+00:00,KXNFLRECYDS-26SEP27LARDEN-DENEENGRAM1-70,KXNFLRECYDS-26SEP27LARDEN,KXNFLRECYDS,receiving_yards,DENEENGRAM1,Evan Engram: 70+ receiving yards,0.02,0.06,0.94,0.98,PASS,
2026-09-27T17:49:54.103076+00:00,2026,3,2026_03_MIN_TB,MIN@TB,2026-09-27T20:05:00+00:00,KXNFLRECYDS-26SEP27MINTB-TBBIRVING7-50,KXNFLRECYDS-26SEP27MINTB,KXNFLRECYDS,receiving_yards,TBBIRVING7,Bucky Irving: 50+ receiving yards,0.07,0.09,0.91,0.9299999999999999,PASS,
2026-09-27T17:49:54.103076+00:00,2026,3,2026_03_LA_DEN,LAR@DEN,2026-09-28T00:20:00+00:00,KXNFLRECYDS-26SEP27LARDEN-DENEENGRAM1-60,KXNFLRECYDS-26SEP27LARDEN,KXNFLRECYDS,receiving_yards,DENEENGRAM1,Evan Engram: 60+ receiving yards,0.05,0.09,0.91,0.95,PASS,
2026-09-27T17:49:54.103076+00:00,2026,3,2026_03_MIN_TB,MIN@TB,2026-09-27T20:05:00+00:00,KXNFLRECYDS-26SEP27MINTB-TBBIRVING7-40,KXNFLRECYDS-26SEP27MINTB,KXNFLRECYDS,receiving_yards,TBBIRVING7,Bucky Irving: 40+ receiving yards,0.12,0.13,0.87,0.88,PASS,
2026-09-27T17:49:54.103076+00:00,2026,3,2026_03_LA_DEN,LAR@DEN,2026-09-28T00:20:00+00:00,KXNFLRECYDS-26SEP27LARDEN-DENEENGRAM1-50,KXNFLRECYDS-26SEP27LARDEN,KXNFLRECYDS,receiving_yards,DENEENGRAM1,Evan Engram: 50+ receiving yards,0.12,0.14,0.86,0.88,PASS,
2026-09-27T17:49:54.103076+00:00,2026,3,2026_03_MIN_TB,MIN@TB,2026-09-27T20:05:00+00:00,KXNFLRECYDS-26SEP27MINTB-TBBIRVING7-25,KXNFLRECYDS-26SEP27MINTB,KXNFLRECYDS,receiving_yards,TBBIRVING7,Bucky Irving: 25+ receiving yards,0.29,0.3,0.7,0.71,PASS,
2026-09-27T17:49:54.103076+00:00,2026,3,2026_03_LA_DEN,LAR@DEN,2026-09-28T00:20:00+00:00,KXNFLRECYDS-26SEP27LARDEN-DENEENGRAM1-40,KXNFLRECYDS-26SEP27LARDEN,KXNFLRECYDS,receiving_yards,DENEENGRAM1,Evan Engram: 40+ receiving yards,0.22,0.23,0.77,0.78,PASS,
2026-09-27T17:49:54.103076+00:00,2026,3,2026_03_MIN_TB,MIN@TB,2026-09-27T20:05:00+00:00,KXNFLRECYDS-26SEP27MINTB-TBBIRVING7-15,KXNFLRECYDS-26SEP27MINTB,KXNFLRECYDS,receiving_yards,TBBIRVING7,Bucky Irving: 15+ receiving yards,0.52,0.53,0.47,0.48,PASS,
2026-09-27T17:49:54.103076+00:00,2026,3,2026_03_LA_DEN,LAR@DEN,2026-09-28T00:20:00+00:00,KXNFLRECYDS-26SEP27LARDEN-DENEENGRAM1-25,KXNFLRECYDS-26SEP27LARDEN,KXNFLRECYDS,receiving_yards,DENEENGRAM1,Evan Engram: 25+ receiving yards,0.42,0.43,0.5700000000000001,0.5800000000000001,PASS,
2026-09-27T17:49:54.103076+00:00,2026,3,2026_03_MIN_TB,MIN@TB,2026-09-27T20:05:00+00:00,KXNFLRECYDS-26SEP27MINTB-TBJMCMILLAN11-70,KXNFLRECYDS-26SEP27MINTB,KXNFLRECYDS,receiving_yards,TBJMCMILLAN11,Jalen McMillan: 70+ receiving yards,0.03,0.05,0.95,0.97,PASS,
2026-09-27T17:49:54.103076+00:00,2026,3,2026_03_LA_DEN,LAR@DEN,2026-09-28T00:20:00+00:00,KXNFLRECYDS-26SEP27LARDEN-DENEENGRAM1-15,KXNFLRECYDS-26SEP27LARDEN,KXNFLRECYDS,receiving_yards,DENEENGRAM1,Evan Engram: 15+ receiving yards,0.62,0.63,0.37,0.38,PASS,
2026-09-27T17:49:54.103076+00:00,2026,3,2026_03_MIN_TB,MIN@TB,2026-09-27T20:05:00+00:00,KXNFLRECYDS-26SEP27MINTB-TBJMCMILLAN11-60,KXNFLRECYDS-26SEP27MINTB,KXNFLRECYDS,receiving_yards,TBJMCMILLAN11,Jalen McMillan: 60+ receiving yards,0.04,0.08,0.92,0.96,PASS,
2026-09-27T17:49:54.103076+00:00,2026,3,2026_03_LA_DEN,LAR@DEN,2026-09-28T00:20:00+00:00,KXNFLRECYDS-26SEP27LARDEN-DENPBRYANT13-80,KXNFLRECYDS-26SEP27LARDEN,KXNFLRECYDS,receiving_yards,DENPBRYANT13,Pat Bryant: 80+ receiving yards,0.04,0.06,0.94,0.96,PASS,
2026-09-27T17:49:54.103076+00:00,2026,3,2026_03_MIN_TB,MIN@TB,2026-09-27T20:05:00+00:00,KXNFLRECYDS-26SEP27MINTB-TBJMCMILLAN11-50,KXNFLRECYDS-26SEP27MINTB,KXNFLRECYDS,receiving_yards,TBJMCMILLAN11,Jalen McMillan: 50+ receiving yards,0.1,0.12,0.88,0.9,PASS,
2026-09-27T17:49:54.103076+00:00,2026,3,2026_03_LA_DEN,LAR@DEN,2026-09-28T00:20:00+00:00,KXNFLRECYDS-26SEP27LARDEN-DENPBRYANT13-70,KXNFLRECYDS-26SEP27LARDEN,KXNFLRECYDS,receiving_yards,DENPBRYANT13,Pat Bryant: 70+ receiving yards,0.06,0.09,0.91,0.94,PASS,
2026-09-27T17:49:54.103076+00:00,2026,3,2026_03_MIN_TB,MIN@TB,2026-09-27T20:05:00+00:00,KXNFLRECYDS-26SEP27MINTB-TBJMCMILLAN11-40,KXNFLRECYDS-26SEP27MINTB,KXNFLRECYDS,receiving_yards,TBJMCMILLAN11,Jalen McMillan: 40+ receiving yards,0.16,0.17,0.83,0.84,PASS,
2026-09-27T17:49:54.103076+00:00,2026,3,2026_03_LA_DEN,LAR@DEN,2026-09-28T00:20:00+00:00,KXNFLRECYDS-26SEP27LARDEN-DENPBRYANT13-60,KXNFLRECYDS-26SEP27LARDEN,KXNFLRECYDS,receiving_yards,DENPBRYANT13,Pat Bryant: 60+ receiving yards,0.11,0.12,0.88,0.89,PASS,
2026-09-27T17:49:54.103076+00:00,2026,3,2026_03_MIN_TB,MIN@TB,2026-09-27T20:05:00+00:00,KXNFLRECYDS-26SEP27MINTB-TBJMCMILLAN11-25,KXNFLRECYDS-26SEP27MINTB,KXNFLRECYDS,receiving_yards,TBJMCMILLAN11,Jalen McMillan: 25+ receiving yards,0.31,0.32,0.6799999999999999,0.69,PASS,
2026-09-27T17:49:54.103076+00:00,2026,3,2026_03_LA_DEN,LAR@DEN,2026-09-28T00:20:00+00:00,KXNFLRECYDS-26SEP27LARDEN-DENPBRYANT13-50,KXNFLRECYDS-26SEP27LARDEN,KXNFLRECYDS,receiving_yards,DENPBRYANT13,Pat Bryant: 50+ receiving yards,0.18,0.19,0.81,0.8200000000000001,PASS,
2026-09-27T17:49:54.103076+00:00,2026,3,2026_03_MIN_TB,MIN@TB,2026-09-27T20:05:00+00:00,KXNFLRECYDS-26SEP27MINTB-TBJMCMILLAN11-15,KXNFLRECYDS-26SEP27MINTB,KXNFLRECYDS,receiving_yards,TBJMCMILLAN11,Jalen McMillan: 15+ receiving yards,0.46,0.47,0.53,0.54,PASS,
2026-09-27T17:49:54.103076+00:00,2026,3,2026_03_LA_DEN,LAR@DEN,2026-09-28T00:20:00+00:00,KXNFLRECYDS-26SEP27LARDEN-DENPBRYANT13-40,KXNFLRECYDS-26SEP27LARDEN,KXNFLRECYDS,receiving_yards,DENPBRYANT13,Pat Bryant: 40+ receiving yards,0.29,0.3,0.7,0.71,PASS,
2026-09-27T17:49:54.103076+00:00,2026,3,2026_03_MIN_TB,MIN@TB,2026-09-27T20:05:00+00:00,KXNFLRECYDS-26SEP27MINTB-TBTHURST17-80,KXNFLRECYDS-26SEP27MINTB,KXNFLRECYDS,receiving_yards,TBTHURST17,Ted Hurst III: 80+ receiving yards,0.04,0.07,0.9299999999999999,0.96,PASS,
2026-09-27T17:49:54.103076+00:00,2026,3,2026_03_LA_DEN,LAR@DEN,2026-09-28T00:20:00+00:00,KXNFLRECYDS-26SEP27LARDEN-DENPBRYANT13-25,KXNFLRECYDS-26SEP27LARDEN,KXNFLRECYDS,receiving_yards,DENPBRYANT13,Pat Bryant: 25+ receiving yards,0.51,0.52,0.48,0.49,PASS,
2026-09-27T17:49:54.103076+00:00,2026,3,2026_03_MIN_TB,MIN@TB,2026-09-27T20:05:00+00:00,KXNFLRECYDS-26SEP27MINTB-TBTHURST17-70,KXNFLRECYDS-26SEP27MINTB,KXNFLRECYDS,receiving_yards,TBTHURST17,Ted Hurst III: 70+ receiving yards,0.07,0.08,0.92,0.9299999999999999,PASS,
2026-09-27T17:49:54.103076+00:00,2026,3,2026_03_LA_DEN,LAR@DEN,2026-09-28T00:20:00+00:00,KXNFLRECYDS-26SEP27LARDEN-DENPBRYANT13-15,KXNFLRECYDS-26SEP27LARDEN,KXNFLRECYDS,receiving_yards,DENPBRYANT13,Pat Bryant: 15+ receiving yards,0.68,0.69,0.31000000000000005,0.31999999999999995,PASS,
2026-09-27T17:49:54.103076+00:00,2026,3,2026_03_MIN_TB,MIN@TB,2026-09-27T20:05:00+00:00,KXNFLRECYDS-26SEP27MINTB-TBTHURST17-60,KXNFLRECYDS-26SEP27MINTB,KXNFLRECYDS,receiving_yards,TBTHURST17,Ted Hurst III: 60+ receiving yards,0.13,0.15,0.85,0.87,PASS,
2026-09-27T17:49:54.103076+00:00,2026,3,2026_03_MIN_TB,MIN@TB,2026-09-27T20:05:00+00:00,KXNFLRECYDS-26SEP27MINTB-TBTHURST17-50,KXNFLRECYDS-26SEP27MINTB,KXNFLRECYDS,receiving_yards,TBTHURST17,Ted Hurst III: 50+ receiving yards,0.2,0.21,0.79,0.8,PASS,
2026-09-27T17:49:54.103076+00:00,2026,3,2026_03_MIN_TB,MIN@TB,2026-09-27T20:05:00+00:00,KXNFLRECYDS-26SEP27MINTB-TBTHURST17-40,KXNFLRECYDS-26SEP27MINTB,KXNFLRECYDS,receiving_yards,TBTHURST17,Ted Hurst III: 40+ receiving yards,0.29,0.3,0.7,0.71,PASS,
2026-09-27T17:49:54.103076+00:00,2026,3,2026_03_MIN_TB,MIN@TB,2026-09-27T20:05:00+00:00,KXNFLRECYDS-26SEP27MINTB-TBTHURST17-25,KXNFLRECYDS-26SEP27MINTB,KXNFLRECYDS,receiving_yards,TBTHURST17,Ted Hurst III: 25+ receiving yards,0.49,0.5,0.5,0.51,PASS,
2026-09-27T17:49:54.103076+00:00,2026,3,2026_03_MIN_TB,MIN@TB,2026-09-27T20:05:00+00:00,KXNFLRECYDS-26SEP27MINTB-TBTHURST17-15,KXNFLRECYDS-26SEP27MINTB,KXNFLRECYDS,receiving_yards,TBTHURST17,Ted Hurst III: 15+ receiving yards,0.64,0.65,0.35,0.36,PASS,
2026-09-27T17:49:54.103076+00:00,2026,3,2026_03_BAL_DAL,BAL@DAL,2026-09-27T20:25:00+00:00,KXNFLRECYDS-26SEP27BALDAL-BALRBATEMAN7-140,KXNFLRECYDS-26SEP27BALDAL,KXNFLRECYDS,receiving_yards,BALRBATEMAN7,Rashod Bateman: 140+ receiving yards,0.03,0.04,0.96,0.97,PASS,
2026-09-27T17:49:54.103076+00:00,2026,3,2026_03_BAL_DAL,BAL@DAL,2026-09-27T20:25:00+00:00,KXNFLRECYDS-26SEP27BALDAL-BALRBATEMAN7-130,KXNFLRECYDS-26SEP27BALDAL,KXNFLRECYDS,receiving_yards,BALRBATEMAN7,Rashod Bateman: 130+ receiving yards,0.03,0.05,0.95,0.97,PASS,
2026-09-27T17:49:54.103076+00:00,2026,3,2026_03_BAL_DAL,BAL@DAL,2026-09-27T20:25:00+00:00,KXNFLRECYDS-26SEP27BALDAL-BALRBATEMAN7-120,KXNFLRECYDS-26SEP27BALDAL,KXNFLRECYDS,receiving_yards,BALRBATEMAN7,Rashod Bateman: 120+ receiving yards,0.03,0.07,0.9299999999999999,0.97,PASS,
2026-09-27T17:49:54.103076+00:00,2026,3,2026_03_BAL_DAL,BAL@DAL,2026-09-27T20:25:00+00:00,KXNFLRECYDS-26SEP27BALDAL-BALRBATEMAN7-110,KXNFLRECYDS-26SEP27BALDAL,KXNFLRECYDS,receiving_yards,BALRBATEMAN7,Rashod Bateman: 110+ receiving yards,0.04,0.09,0.91,0.96,PASS,
2026-09-27T17:49:54.103076+00:00,2026,3,2026_03_BAL_DAL,BAL@DAL,2026-09-27T20:25:00+00:00,KXNFLRECYDS-26SEP27BALDAL-BALRBATEMAN7-100,KXNFLRECYDS-26SEP27BALDAL,KXNFLRECYDS,receiving_yards,BALRBATEMAN7,Rashod Bateman: 100+ receiving yards,0.07,0.11,0.89,0.9299999999999999,PASS,
2026-09-27T17:49:54.103076+00:00,2026,3,2026_03_BAL_DAL,BAL@DAL,2026-09-27T20:25:00+00:00,KXNFLRECYDS-26SEP27BALDAL-BALRBATEMAN7-90,KXNFLRECYDS-26SEP27BALDAL,KXNFLRECYDS,receiving_yards,BALRBATEMAN7,Rashod Bateman: 90+ receiving yards,0.13,0.16,0.84,0.87,PASS,
2026-09-27T17:49:54.103076+00:00,2026,3,2026_03_BAL_DAL,BAL@DAL,2026-09-27T20:25:00+00:00,KXNFLRECYDS-26SEP27BALDAL-BALRBATEMAN7-80,KXNFLRECYDS-26SEP27BALDAL,KXNFLRECYDS,receiving_yards,BALRBATEMAN7,Rashod Bateman: 80+ receiving yards,0.17,0.2,0.8,0.83,PASS,
2026-09-27T17:49:54.103076+00:00,2026,3,2026_03_BAL_DAL,BAL@DAL,2026-09-27T20:25:00+00:00,KXNFLRECYDS-26SEP27BALDAL-BALRBATEMAN7-70,KXNFLRECYDS-26SEP27BALDAL,KXNFLRECYDS,receiving_yards,BALRBATEMAN7,Rashod Bateman: 70+ receiving yards,0.26,0.27,0.73,0.74,PASS,
2026-09-27T17:49:54.103076+00:00,2026,3,2026_03_BAL_DAL,BAL@DAL,2026-09-27T20:25:00+00:00,KXNFLRECYDS-26SEP27BALDAL-BALRBATEMAN7-60,KXNFLRECYDS-26SEP27BALDAL,KXNFLRECYDS,receiving_yards,BALRBATEMAN7,Rashod Bateman: 60+ receiving yards,0.34,0.35,0.65,0.6599999999999999,PASS,
2026-09-27T17:49:54.103076+00:00,2026,3,2026_03_BAL_DAL,BAL@DAL,2026-09-27T20:25:00+00:00,KXNFLRECYDS-26SEP27BALDAL-BALRBATEMAN7-50,KXNFLRECYDS-26SEP27BALDAL,KXNFLRECYDS,receiving_yards,BALRBATEMAN7,Rashod Bateman: 50+ receiving yards,0.45,0.47,0.53,0.55,PASS,
2026-09-27T17:49:54.103076+00:00,2026,3,2026_03_BAL_DAL,BAL@DAL,2026-09-27T20:25:00+00:00,KXNFLRECYDS-26SEP27BALDAL-BALRBATEMAN7-40,KXNFLRECYDS-26SEP27BALDAL,KXNFLRECYDS,receiving_yards,BALRBATEMAN7,Rashod Bateman: 40+ receiving yards,0.57,0.59,0.41000000000000003,0.43000000000000005,PASS,
2026-09-27T17:49:54.103076+00:00,2026,3,2026_03_BAL_DAL,BAL@DAL,2026-09-27T20:25:00+00:00,KXNFLRECYDS-26SEP27BALDAL-BALRBATEMAN7-25,KXNFLRECYDS-26SEP27BALDAL,KXNFLRECYDS,receiving_yards,BALRBATEMAN7,Rashod Bateman: 25+ receiving yards,0.74,0.75,0.25,0.26,PASS,
2026-09-27T17:49:54.103076+00:00,2026,3,2026_03_BAL_DAL,BAL@DAL,2026-09-27T20:25:00+00:00,KXNFLRECYDS-26SEP27BALDAL-BALRBATEMAN7-15,KXNFLRECYDS-26SEP27BALDAL,KXNFLRECYDS,receiving_yards,BALRBATEMAN7,Rashod Bateman: 15+ receiving yards,0.85,0.86,0.14,0.15000000000000002,PASS,
2026-09-27T17:49:54.103076+00:00,2026,3,2026_03_BAL_DAL,BAL@DAL,2026-09-27T20:25:00+00:00,KXNFLRECYDS-26SEP27BALDAL-BALDHENRY22-60,KXNFLRECYDS-26SEP27BALDAL,KXNFLRECYDS,receiving_yards,BALDHENRY22,Derrick Henry: 60+ receiving yards,0.02,0.04,0.96,0.98,PASS,
2026-09-27T17:49:54.103076+00:00,2026,3,2026_03_BAL_DAL,BAL@DAL,2026-09-27T20:25:00+00:00,KXNFLRECYDS-26SEP27BALDAL-BALDHENRY22-50,KXNFLRECYDS-26SEP27BALDAL,KXNFLRECYDS,receiving_yards,BALDHENRY22,Derrick Henry: 50+ receiving yards,0.03,0.05,0.95,0.97,PASS,
2026-09-27T17:49:54.103076+00:00,2026,3,2026_03_BAL_DAL,BAL@DAL,2026-09-27T20:25:00+00:00,KXNFLRECYDS-26SEP27BALDAL-BALDHENRY22-40,KXNFLRECYDS-26SEP27BALDAL,KXNFLRECYDS,receiving_yards,BALDHENRY22,Derrick Henry: 40+ receiving yards,0.06,0.1,0.9,0.94,PASS,
2026-09-27T17:49:54.103076+00:00,2026,3,2026_03_BAL_DAL,BAL@DAL,2026-09-27T20:25:00+00:00,KXNFLRECYDS-26SEP27BALDAL-BALDHENRY22-25,KXNFLRECYDS-26SEP27BALDAL,KXNFLRECYDS,receiving_yards,BALDHENRY22,Derrick Henry: 25+ receiving yards,0.21,0.23,0.77,0.79,PASS,
2026-09-27T17:49:54.103076+00:00,2026,3,2026_03_BAL_DAL,BAL@DAL,2026-09-27T20:25:00+00:00,KXNFLRECYDS-26SEP27BALDAL-BALDHENRY22-15,KXNFLRECYDS-26SEP27BALDAL,KXNFLRECYDS,receiving_yards,BALDHENRY22,Derrick Henry: 15+ receiving yards,0.37,0.39,0.61,0.63,PASS,
2026-09-27T17:49:54.103076+00:00,2026,3,2026_03_BAL_DAL,BAL@DAL,2026-09-27T20:25:00+00:00,KXNFLRECYDS-26SEP27BALDAL-BALDHENRY22-10,KXNFLRECYDS-26SEP27BALDAL,KXNFLRECYDS,receiving_yards,BALDHENRY22,Derrick Henry: 10+ receiving yards,0.49,0.51,0.49,0.51,PASS,
2026-09-27T17:49:54.103076+00:00,2026,3,2026_03_BAL_DAL,BAL@DAL,2026-09-27T20:25:00+00:00,KXNFLRECYDS-26SEP27BALDAL-BALJHILL43-70,KXNFLRECYDS-26SEP27BALDAL,KXNFLRECYDS,receiving_yards,BALJHILL43,Justice Hill: 70+ receiving yards,0.02,0.04,0.96,0.98,PASS,
2026-09-27T17:49:54.103076+00:00,2026,3,2026_03_BAL_DAL,BAL@DAL,2026-09-27T20:25:00+00:00,KXNFLRECYDS-26SEP27BALDAL-BALJHILL43-60,KXNFLRECYDS-26SEP27BALDAL,KXNFLRECYDS,receiving_yards,BALJHILL43,Justice Hill: 60+ receiving yards,0.02,0.06,0.94,0.98,PASS,
2026-09-27T17:49:54.103076+00:00,2026,3,2026_03_BAL_DAL,BAL@DAL,2026-09-27T20:25:00+00:00,KXNFLRECYDS-26SEP27BALDAL-BALJHILL43-50,KXNFLRECYDS-26SEP27BALDAL,KXNFLRECYDS,receiving_yards,BALJHILL43,Justice Hill: 50+ receiving yards,0.06,0.07,0.9299999999999999,0.94,PASS,
2026-09-27T17:49:54.103076+00:00,2026,3,2026_03_BAL_DAL,BAL@DAL,2026-09-27T20:25:00+00:00,KXNFLRECYDS-26SEP27BALDAL-BALJHILL43-40,KXNFLRECYDS-26SEP27BALDAL,KXNFLRECYDS,receiving_yards,BALJHILL43,Justice Hill: 40+ receiving yards,0.11,0.13,0.87,0.89,PASS,
2026-09-27T17:49:54.103076+00:00,2026,3,2026_03_BAL_DAL,BAL@DAL,2026-09-27T20:25:00+00:00,KXNFLRECYDS-26SEP27BALDAL-BALJHILL43-25,KXNFLRECYDS-26SEP27BALDAL,KXNFLRECYDS,receiving_yards,BALJHILL43,Justice Hill: 25+ receiving yards,0.26,0.27,0.73,0.74,PASS,
2026-09-27T17:49:54.103076+00:00,2026,3,2026_03_BAL_DAL,BAL@DAL,2026-09-27T20:25:00+00:00,KXNFLRECYDS-26SEP27BALDAL-BALJHILL43-15,KXNFLRECYDS-26SEP27BALDAL,KXNFLRECYDS,receiving_yards,BALJHILL43,Justice Hill: 15+ receiving yards,0.46,0.47,0.53,0.54,PASS,
2026-09-27T17:49:54.103076+00:00,2026,3,2026_03_BAL_DAL,BAL@DAL,2026-09-27T20:25:00+00:00,KXNFLRECYDS-26SEP27BALDAL-DALRFLOURNOY19-90,KXNFLRECYDS-26SEP27BALDAL,KXNFLRECYDS,receiving_yards,DALRFLOURNOY19,Ryan Flournoy: 90+ receiving yards,0.03,0.06,0.94,0.97,PASS,
2026-09-27T17:49:54.103076+00:00,2026,3,2026_03_BAL_DAL,BAL@DAL,2026-09-27T20:25:00+00:00,KXNFLRECYDS-26SEP27BALDAL-DALRFLOURNOY19-80,KXNFLRECYDS-26SEP27BALDAL,KXNFLRECYDS,receiving_yards,DALRFLOURNOY19,Ryan Flournoy: 80+ receiving yards,0.05,0.07,0.9299999999999999,0.95,PASS,
2026-09-27T17:49:54.103076+00:00,2026,3,2026_03_BAL_DAL,BAL@DAL,2026-09-27T20:25:00+00:00,KXNFLRECYDS-26SEP27BALDAL-DALRFLOURNOY19-70,KXNFLRECYDS-26SEP27BALDAL,KXNFLRECYDS,receiving_yards,DALRFLOURNOY19,Ryan Flournoy: 70+ receiving yards,0.09,0.1,0.9,0.91,PASS,
2026-09-27T17:49:54.103076+00:00,2026,3,2026_03_BAL_DAL,BAL@DAL,2026-09-27T20:25:00+00:00,KXNFLRECYDS-26SEP27BALDAL-DALRFLOURNOY19-60,KXNFLRECYDS-26SEP27BALDAL,KXNFLRECYDS,receiving_yards,DALRFLOURNOY19,Ryan Flournoy: 60+ receiving yards,0.15,0.16,0.84,0.85,PASS,
2026-09-27T17:49:54.103076+00:00,2026,3,2026_03_BAL_DAL,BAL@DAL,2026-09-27T20:25:00+00:00,KXNFLRECYDS-26SEP27BALDAL-DALRFLOURNOY19-50,KXNFLRECYDS-26SEP27BALDAL,KXNFLRECYDS,receiving_yards,DALRFLOURNOY19,Ryan Flournoy: 50+ receiving yards,0.23,0.24,0.76,0.77,PASS,
2026-09-27T17:49:54.103076+00:00,2026,3,2026_03_BAL_DAL,BAL@DAL,2026-09-27T20:25:00+00:00,KXNFLRECYDS-26SEP27BALDAL-DALRFLOURNOY19-40,KXNFLRECYDS-26SEP27BALDAL,KXNFLRECYDS,receiving_yards,DALRFLOURNOY19,Ryan Flournoy: 40+ receiving yards,0.35,0.36,0.64,0.65,PASS,
2026-09-27T17:49:54.103076+00:00,2026,3,2026_03_BAL_DAL,BAL@DAL,2026-09-27T20:25:00+00:00,KXNFLRECYDS-26SEP27BALDAL-DALRFLOURNOY19-25,KXNFLRECYDS-26SEP27BALDAL,KXNFLRECYDS,receiving_yards,DALRFLOURNOY19,Ryan Flournoy: 25+ receiving yards,0.57,0.58,0.42000000000000004,0.43000000000000005,PASS,
2026-09-27T17:49:54.103076+00:00,2026,3,2026_03_BAL_DAL,BAL@DAL,2026-09-27T20:25:00+00:00,KXNFLRECYDS-26SEP27BALDAL-DALRFLOURNOY19-15,KXNFLRECYDS-26SEP27BALDAL,KXNFLRECYDS,receiving_yards,DALRFLOURNOY19,Ryan Flournoy: 15+ receiving yards,0.73,0.76,0.24,0.27,PASS,
2026-09-27T17:49:54.103076+00:00,2026,3,2026_03_LV_NO,LV@NO,2026-09-27T20:25:00+00:00,KXNFLRECYDS-26SEP27LVNO-LVTTUCKER1-120,KXNFLRECYDS-26SEP27LVNO,KXNFLRECYDS,receiving_yards,LVTTUCKER1,Tre Tucker: 120+ receiving yards,0.02,0.05,0.95,0.98,PASS,
2026-09-27T17:49:54.103076+00:00,2026,3,2026_03_LV_NO,LV@NO,2026-09-27T20:25:00+00:00,KXNFLRECYDS-26SEP27LVNO-LVTTUCKER1-110,KXNFLRECYDS-26SEP27LVNO,KXNFLRECYDS,receiving_yards,LVTTUCKER1,Tre Tucker: 110+ receiving yards,0.03,0.07,0.9299999999999999,0.97,PASS,
2026-09-27T17:49:54.103076+00:00,2026,3,2026_03_LV_NO,LV@NO,2026-09-27T20:25:00+00:00,KXNFLRECYDS-26SEP27LVNO-LVTTUCKER1-100,KXNFLRECYDS-26SEP27LVNO,KXNFLRECYDS,receiving_yards,LVTTUCKER1,Tre Tucker: 100+ receiving yards,0.06,0.09,0.91,0.94,PASS,
2026-09-27T17:49:54.103076+00:00,2026,3,2026_03_LV_NO,LV@NO,2026-09-27T20:25:00+00:00,KXNFLRECYDS-26SEP27LVNO-LVTTUCKER1-90,KXNFLRECYDS-26SEP27LVNO,KXNFLRECYDS,receiving_yards,LVTTUCKER1,Tre Tucker: 90+ receiving yards,0.1,0.12,0.88,0.9,PASS,
2026-09-27T17:49:54.103076+00:00,2026,3,2026_03_LV_NO,LV@NO,2026-09-27T20:25:00+00:00,KXNFLRECYDS-26SEP27LVNO-LVTTUCKER1-80,KXNFLRECYDS-26SEP27LVNO,KXNFLRECYDS,receiving_yards,LVTTUCKER1,Tre Tucker: 80+ receiving yards,0.15,0.17,0.83,0.85,PASS,
2026-09-27T17:49:54.103076+00:00,2026,3,2026_03_LV_NO,LV@NO,2026-09-27T20:25:00+00:00,KXNFLRECYDS-26SEP27LVNO-LVTTUCKER1-70,KXNFLRECYDS-26SEP27LVNO,KXNFLRECYDS,receiving_yards,LVTTUCKER1,Tre Tucker: 70+ receiving yards,0.21,0.22,0.78,0.79,PASS,
2026-09-27T17:49:54.103076+00:00,2026,3,2026_03_LV_NO,LV@NO,2026-09-27T20:25:00+00:00,KXNFLRECYDS-26SEP27LVNO-LVTTUCKER1-60,KXNFLRECYDS-26SEP27LVNO,KXNFLRECYDS,receiving_yards,LVTTUCKER1,Tre Tucker: 60+ receiving yards,0.3,0.31,0.69,0.7,PASS,
2026-09-27T17:49:54.103076+00:00,2026,3,2026_03_LV_NO,LV@NO,2026-09-27T20:25:00+00:00,KXNFLRECYDS-26SEP27LVNO-LVTTUCKER1-50,KXNFLRECYDS-26SEP27LVNO,KXNFLRECYDS,receiving_yards,LVTTUCKER1,Tre Tucker: 50+ receiving yards,0.4,0.41,0.5900000000000001,0.6,PASS,
2026-09-27T17:49:54.103076+00:00,2026,3,2026_03_LV_NO,LV@NO,2026-09-27T20:25:00+00:00,KXNFLRECYDS-26SEP27LVNO-LVTTUCKER1-40,KXNFLRECYDS-26SEP27LVNO,KXNFLRECYDS,receiving_yards,LVTTUCKER1,Tre Tucker: 40+ receiving yards,0.52,0.53,0.47,0.48,PASS,
2026-09-27T17:49:54.103076+00:00,2026,3,2026_03_LV_NO,LV@NO,2026-09-27T20:25:00+00:00,KXNFLRECYDS-26SEP27LVNO-LVTTUCKER1-25,KXNFLRECYDS-26SEP27LVNO,KXNFLRECYDS,receiving_yards,LVTTUCKER1,Tre Tucker: 25+ receiving yards,0.69,0.7,0.30000000000000004,0.31000000000000005,PASS,
2026-09-27T17:49:54.103076+00:00,2026,3,2026_03_LV_NO,LV@NO,2026-09-27T20:25:00+00:00,KXNFLRECYDS-26SEP27LVNO-LVTTUCKER1-15,KXNFLRECYDS-26SEP27LVNO,KXNFLRECYDS,receiving_yards,LVTTUCKER1,Tre Tucker: 15+ receiving yards,0.83,0.84,0.16000000000000003,0.17000000000000004,PASS,
2026-09-27T17:49:54.103076+00:00,2026,3,2026_03_LV_NO,LV@NO,2026-09-27T20:25:00+00:00,KXNFLRECYDS-26SEP27LVNO-LVAJEANTY2-80,KXNFLRECYDS-26SEP27LVNO,KXNFLRECYDS,receiving_yards,LVAJEANTY2,Ashton Jeanty: 80+ receiving yards,0.02,0.04,0.96,0.98,PASS,
2026-09-27T17:49:54.103076+00:00,2026,3,2026_03_LV_NO,LV@NO,2026-09-27T20:25:00+00:00,KXNFLRECYDS-26SEP27LVNO-LVAJEANTY2-70,KXNFLRECYDS-26SEP27LVNO,KXNFLRECYDS,receiving_yards,LVAJEANTY2,Ashton Jeanty: 70+ receiving yards,0.03,0.06,0.94,0.97,PASS,
2026-09-27T17:49:54.103076+00:00,2026,3,2026_03_LV_NO,LV@NO,2026-09-27T20:25:00+00:00,KXNFLRECYDS-26SEP27LVNO-LVAJEANTY2-60,KXNFLRECYDS-26SEP27LVNO,KXNFLRECYDS,receiving_yards,LVAJEANTY2,Ashton Jeanty: 60+ receiving yards,0.06,0.09,0.91,0.94,PASS,
2026-09-27T17:49:54.103076+00:00,2026,3,2026_03_LV_NO,LV@NO,2026-09-27T20:25:00+00:00,KXNFLRECYDS-26SEP27LVNO-LVAJEANTY2-50,KXNFLRECYDS-26SEP27LVNO,KXNFLRECYDS,receiving_yards,LVAJEANTY2,Ashton Jeanty: 50+ receiving yards,0.12,0.14,0.86,0.88,PASS,
2026-09-27T17:49:54.103076+00:00,2026,3,2026_03_LV_NO,LV@NO,2026-09-27T20:25:00+00:00,KXNFLRECYDS-26SEP27LVNO-LVAJEANTY2-40,KXNFLRECYDS-26SEP27LVNO,KXNFLRECYDS,receiving_yards,LVAJEANTY2,Ashton Jeanty: 40+ receiving yards,0.2,0.23,0.77,0.8,PASS,
2026-09-27T17:49:54.103076+00:00,2026,3,2026_03_LV_NO,LV@NO,2026-09-27T20:25:00+00:00,KXNFLRECYDS-26SEP27LVNO-LVAJEANTY2-25,KXNFLRECYDS-26SEP27LVNO,KXNFLRECYDS,receiving_yards,LVAJEANTY2,Ashton Jeanty: 25+ receiving yards,0.44,0.46,0.54,0.56,PASS,
2026-09-27T17:49:54.103076+00:00,2026,3,2026_03_LV_NO,LV@NO,2026-09-27T20:25:00+00:00,KXNFLRECYDS-26SEP27LVNO-LVAJEANTY2-15,KXNFLRECYDS-26SEP27LVNO,KXNFLRECYDS,receiving_yards,LVAJEANTY2,Ashton Jeanty: 15+ receiving yards,0.64,0.66,0.33999999999999997,0.36,PASS,
2026-09-27T17:49:54.103076+00:00,2026,3,2026_03_LV_NO,LV@NO,2026-09-27T20:25:00+00:00,KXNFLRECYDS-26SEP27LVNO-NOJJOHNSON83-100,KXNFLRECYDS-26SEP27LVNO,KXNFLRECYDS,receiving_yards,NOJJOHNSON83,Juwan Johnson: 100+ receiving yards,0.03,0.05,0.95,0.97,PASS,
2026-09-27T17:49:54.103076+00:00,2026,3,2026_03_LV_NO,LV@NO,2026-09-27T20:25:00+00:00,KXNFLRECYDS-26SEP27LVNO-NOJJOHNSON83-90,KXNFLRECYDS-26SEP27LVNO,KXNFLRECYDS,receiving_yards,NOJJOHNSON83,Juwan Johnson: 90+ receiving yards,0.05,0.07,0.9299999999999999,0.95,PASS,
2026-09-27T17:49:54.103076+00:00,2026,3,2026_03_LV_NO,LV@NO,2026-09-27T20:25:00+00:00,KXNFLRECYDS-26SEP27LVNO-NOJJOHNSON83-80,KXNFLRECYDS-26SEP27LVNO,KXNFLRECYDS,receiving_yards,NOJJOHNSON83,Juwan Johnson: 80+ receiving yards,0.08,0.1,0.9,0.92,PASS,
2026-09-27T17:49:54.103076+00:00,2026,3,2026_03_LV_NO,LV@NO,2026-09-27T20:25:00+00:00,KXNFLRECYDS-26SEP27LVNO-NOJJOHNSON83-70,KXNFLRECYDS-26SEP27LVNO,KXNFLRECYDS,receiving_yards,NOJJOHNSON83,Juwan Johnson: 70+ receiving yards,0.13,0.14,0.86,0.87,PASS,
2026-09-27T17:49:54.103076+00:00,2026,3,2026_03_LV_NO,LV@NO,2026-09-27T20:25:00+00:00,KXNFLRECYDS-26SEP27LVNO-NOJJOHNSON83-60,KXNFLRECYDS-26SEP27LVNO,KXNFLRECYDS,receiving_yards,NOJJOHNSON83,Juwan Johnson: 60+ receiving yards,0.2,0.21,0.79,0.8,PASS,
2026-09-27T17:49:54.103076+00:00,2026,3,2026_03_LV_NO,LV@NO,2026-09-27T20:25:00+00:00,KXNFLRECYDS-26SEP27LVNO-NOJJOHNSON83-50,KXNFLRECYDS-26SEP27LVNO,KXNFLRECYDS,receiving_yards,NOJJOHNSON83,Juwan Johnson: 50+ receiving yards,0.3,0.31,0.69,0.7,PASS,
2026-09-27T17:49:54.103076+00:00,2026,3,2026_03_LV_NO,LV@NO,2026-09-27T20:25:00+00:00,KXNFLRECYDS-26SEP27LVNO-NOJJOHNSON83-40,KXNFLRECYDS-26SEP27LVNO,KXNFLRECYDS,receiving_yards,NOJJOHNSON83,Juwan Johnson: 40+ receiving yards,0.43,0.44,0.56,0.5700000000000001,PASS,
2026-09-27T17:49:54.103076+00:00,2026,3,2026_03_LV_NO,LV@NO,2026-09-27T20:25:00+00:00,KXNFLRECYDS-26SEP27LVNO-NOJJOHNSON83-35,KXNFLRECYDS-26SEP27LVNO,KXNFLRECYDS,receiving_yards,NOJJOHNSON83,Juwan Johnson: 35+ receiving yards,0.5,0.51,0.49,0.5,PASS,
2026-09-27T17:49:54.103076+00:00,2026,3,2026_03_LV_NO,LV@NO,2026-09-27T20:25:00+00:00,KXNFLRECYDS-26SEP27LVNO-NOJJOHNSON83-25,KXNFLRECYDS-26SEP27LVNO,KXNFLRECYDS,receiving_yards,NOJJOHNSON83,Juwan Johnson: 25+ receiving yards,0.67,0.68,0.31999999999999995,0.32999999999999996,PASS,
2026-09-27T17:49:54.103076+00:00,2026,3,2026_03_PHI_CHI,PHI@CHI,2026-09-29T00:15:00+00:00,KXNFLRECYDS-26SEP28PHICHI-PHIDWICKS13-90,KXNFLRECYDS-26SEP28PHICHI,KXNFLRECYDS,receiving_yards,PHIDWICKS13,Dontayvion Wicks: 90+ receiving yards,0.07,0.14,0.86,0.9299999999999999,PASS,
2026-09-27T17:49:54.103076+00:00,2026,3,2026_03_PHI_CHI,PHI@CHI,2026-09-29T00:15:00+00:00,KXNFLRECYDS-26SEP28PHICHI-PHIDWICKS13-80,KXNFLRECYDS-26SEP28PHICHI,KXNFLRECYDS,receiving_yards,PHIDWICKS13,Dontayvion Wicks: 80+ receiving yards,0.15,0.17,0.83,0.85,PASS,
2026-09-27T17:49:54.103076+00:00,2026,3,2026_03_PHI_CHI,PHI@CHI,2026-09-29T00:15:00+00:00,KXNFLRECYDS-26SEP28PHICHI-PHIDWICKS13-70,KXNFLRECYDS-26SEP28PHICHI,KXNFLRECYDS,receiving_yards,PHIDWICKS13,Dontayvion Wicks: 70+ receiving yards,0.21,0.25,0.75,0.79,PASS,
2026-09-27T17:49:54.103076+00:00,2026,3,2026_03_PHI_CHI,PHI@CHI,2026-09-29T00:15:00+00:00,KXNFLRECYDS-26SEP28PHICHI-PHIDWICKS13-60,KXNFLRECYDS-26SEP28PHICHI,KXNFLRECYDS,receiving_yards,PHIDWICKS13,Dontayvion Wicks: 60+ receiving yards,0.32,0.33,0.6699999999999999,0.6799999999999999,PASS,
2026-09-27T17:49:54.103076+00:00,2026,3,2026_03_PHI_CHI,PHI@CHI,2026-09-29T00:15:00+00:00,KXNFLRECYDS-26SEP28PHICHI-PHIDWICKS13-50,KXNFLRECYDS-26SEP28PHICHI,KXNFLRECYDS,receiving_yards,PHIDWICKS13,Dontayvion Wicks: 50+ receiving yards,0.4,0.41,0.5900000000000001,0.6,PASS,
2026-09-27T17:49:54.103076+00:00,2026,3,2026_03_PHI_CHI,PHI@CHI,2026-09-29T00:15:00+00:00,KXNFLRECYDS-26SEP28PHICHI-PHIDWICKS13-40,KXNFLRECYDS-26SEP28PHICHI,KXNFLRECYDS,receiving_yards,PHIDWICKS13,Dontayvion Wicks: 40+ receiving yards,0.53,0.55,0.44999999999999996,0.47,PASS,
2026-09-27T17:49:54.103076+00:00,2026,3,2026_03_PHI_CHI,PHI@CHI,2026-09-29T00:15:00+00:00,KXNFLRECYDS-26SEP28PHICHI-PHIDWICKS13-25,KXNFLRECYDS-26SEP28PHICHI,KXNFLRECYDS,receiving_yards,PHIDWICKS13,Dontayvion Wicks: 25+ receiving yards,0.7,0.71,0.29000000000000004,0.30000000000000004,PASS,
2026-09-27T17:49:54.103076+00:00,2026,3,2026_03_PHI_CHI,PHI@CHI,2026-09-29T00:15:00+00:00,KXNFLRECYDS-26SEP28PHICHI-PHIDWICKS13-15,KXNFLRECYDS-26SEP28PHICHI,KXNFLRECYDS,receiving_yards,PHIDWICKS13,Dontayvion Wicks: 15+ receiving yards,0.82,0.83,0.17000000000000004,0.18000000000000005,PASS,
2026-09-27T17:49:54.103076+00:00,2026,3,2026_03_PHI_CHI,PHI@CHI,2026-09-29T00:15:00+00:00,KXNFLRECYDS-26SEP28PHICHI-PHIDWICKS13-110,KXNFLRECYDS-26SEP28PHICHI,KXNFLRECYDS,receiving_yards,PHIDWICKS13,Dontayvion Wicks: 110+ receiving yards,0.02,0.07,0.9299999999999999,0.98,PASS,
2026-09-27T17:49:54.103076+00:00,2026,3,2026_03_PHI_CHI,PHI@CHI,2026-09-29T00:15:00+00:00,KXNFLRECYDS-26SEP28PHICHI-PHIDWICKS13-100,KXNFLRECYDS-26SEP28PHICHI,KXNFLRECYDS,receiving_yards,PHIDWICKS13,Dontayvion Wicks: 100+ receiving yards,0.05,0.1,0.9,0.95,PASS,
2026-09-27T17:49:54.103076+00:00,2026,3,2026_03_PHI_CHI,PHI@CHI,2026-09-29T00:15:00+00:00,KXNFLRECYDS-26SEP28PHICHI-PHIDSMITH6-90,KXNFLRECYDS-26SEP28PHICHI,KXNFLRECYDS,receiving_yards,PHIDSMITH6,DeVonta Smith: 90+ receiving yards,0.32,0.35,0.65,0.6799999999999999,PASS,
2026-09-27T17:49:54.103076+00:00,2026,3,2026_03_PHI_CHI,PHI@CHI,2026-09-29T00:15:00+00:00,KXNFLRECYDS-26SEP28PHICHI-PHIDSMITH6-80,KXNFLRECYDS-26SEP28PHICHI,KXNFLRECYDS,receiving_yards,PHIDSMITH6,DeVonta Smith: 80+ receiving yards,0.41,0.43,0.5700000000000001,0.5900000000000001,PASS,
2026-09-27T17:49:54.103076+00:00,2026,3,2026_03_PHI_CHI,PHI@CHI,2026-09-29T00:15:00+00:00,KXNFLRECYDS-26SEP28PHICHI-PHIDSMITH6-70,KXNFLRECYDS-26SEP28PHICHI,KXNFLRECYDS,receiving_yards,PHIDSMITH6,DeVonta Smith: 70+ receiving yards,0.51,0.53,0.47,0.49,PASS,
2026-09-27T17:49:54.103076+00:00,2026,3,2026_03_PHI_CHI,PHI@CHI,2026-09-29T00:15:00+00:00,KXNFLRECYDS-26SEP28PHICHI-PHIDSMITH6-60,KXNFLRECYDS-26SEP28PHICHI,KXNFLRECYDS,receiving_yards,PHIDSMITH6,DeVonta Smith: 60+ receiving yards,0.62,0.64,0.36,0.38,PASS,
2026-09-27T17:49:54.103076+00:00,2026,3,2026_03_PHI_CHI,PHI@CHI,2026-09-29T00:15:00+00:00,KXNFLRECYDS-26SEP28PHICHI-PHIDSMITH6-50,KXNFLRECYDS-26SEP28PHICHI,KXNFLRECYDS,receiving_yards,PHIDSMITH6,DeVonta Smith: 50+ receiving yards,0.7,0.72,0.28,0.30000000000000004,PASS,
2026-09-27T17:49:54.103076+00:00,2026,3,2026_03_PHI_CHI,PHI@CHI,2026-09-29T00:15:00+00:00,KXNFLRECYDS-26SEP28PHICHI-PHIDSMITH6-40,KXNFLRECYDS-26SEP28PHICHI,KXNFLRECYDS,receiving_yards,PHIDSMITH6,DeVonta Smith: 40+ receiving yards,0.8,0.81,0.18999999999999995,0.19999999999999996,PASS,
2026-09-27T17:49:54.103076+00:00,2026,3,2026_03_PHI_CHI,PHI@CHI,2026-09-29T00:15:00+00:00,KXNFLRECYDS-26SEP28PHICHI-PHIDSMITH6-160,KXNFLRECYDS-26SEP28PHICHI,KXNFLRECYDS,receiving_yards,PHIDSMITH6,DeVonta Smith: 160+ receiving yards,0.02,0.06,0.94,0.98,PASS,
2026-09-27T17:49:54.103076+00:00,2026,3,2026_03_PHI_CHI,PHI@CHI,2026-09-29T00:15:00+00:00,KXNFLRECYDS-26SEP28PHICHI-PHIDSMITH6-150,KXNFLRECYDS-26SEP28PHICHI,KXNFLRECYDS,receiving_yards,PHIDSMITH6,DeVonta Smith: 150+ receiving yards,0.02,0.07,0.9299999999999999,0.98,PASS,
2026-09-27T17:49:54.103076+00:00,2026,3,2026_03_PHI_CHI,PHI@CHI,2026-09-29T00:15:00+00:00,KXNFLRECYDS-26SEP28PHICHI-PHIDSMITH6-140,KXNFLRECYDS-26SEP28PHICHI,KXNFLRECYDS,receiving_yards,PHIDSMITH6,DeVonta Smith: 140+ receiving yards,0.03,0.1,0.9,0.97,PASS,
2026-09-27T17:49:54.103076+00:00,2026,3,2026_03_PHI_CHI,PHI@CHI,2026-09-29T00:15:00+00:00,KXNFLRECYDS-26SEP28PHICHI-PHIDSMITH6-130,KXNFLRECYDS-26SEP28PHICHI,KXNFLRECYDS,receiving_yards,PHIDSMITH6,DeVonta Smith: 130+ receiving yards,0.04,0.13,0.87,0.96,PASS,
2026-09-27T17:49:54.103076+00:00,2026,3,2026_03_PHI_CHI,PHI@CHI,2026-09-29T00:15:00+00:00,KXNFLRECYDS-26SEP28PHICHI-PHIDSMITH6-120,KXNFLRECYDS-26SEP28PHICHI,KXNFLRECYDS,receiving_yards,PHIDSMITH6,DeVonta Smith: 120+ receiving yards,0.07,0.17,0.83,0.9299999999999999,PASS,
2026-09-27T17:49:54.103076+00:00,2026,3,2026_03_PHI_CHI,PHI@CHI,2026-09-29T00:15:00+00:00,KXNFLRECYDS-26SEP28PHICHI-PHIDSMITH6-110,KXNFLRECYDS-26SEP28PHICHI,KXNFLRECYDS,receiving_yards,PHIDSMITH6,DeVonta Smith: 110+ receiving yards,0.13,0.22,0.78,0.87,PASS,
2026-09-27T17:49:54.103076+00:00,2026,3,2026_03_PHI_CHI,PHI@CHI,2026-09-29T00:15:00+00:00,KXNFLRECYDS-26SEP28PHICHI-PHIDSMITH6-100,KXNFLRECYDS-26SEP28PHICHI,KXNFLRECYDS,receiving_yards,PHIDSMITH6,DeVonta Smith: 100+ receiving yards,0.24,0.27,0.73,0.76,PASS,
2026-09-27T17:49:54.103076+00:00,2026,3,2026_03_LV_NO,LV@NO,2026-09-27T20:25:00+00:00,KXNFLRECYDS-26SEP27LVNO-NOJJOHNSON83-15,KXNFLRECYDS-26SEP27LVNO,KXNFLRECYDS,receiving_yards,NOJJOHNSON83,Juwan Johnson: 15+ receiving yards,0.8,0.81,0.18999999999999995,0.19999999999999996,PASS,
2026-09-27T17:49:54.103076+00:00,2026,3,2026_03_LV_NO,LV@NO,2026-09-27T20:25:00+00:00,KXNFLRECYDS-26SEP27LVNO-NODVELE14-90,KXNFLRECYDS-26SEP27LVNO,KXNFLRECYDS,receiving_yards,NODVELE14,Devaughn Vele: 90+ receiving yards,0.13,0.15,0.85,0.87,PASS,
2026-09-27T17:49:54.103076+00:00,2026,3,2026_03_LV_NO,LV@NO,2026-09-27T20:25:00+00:00,KXNFLRECYDS-26SEP27LVNO-NODVELE14-80,KXNFLRECYDS-26SEP27LVNO,KXNFLRECYDS,receiving_yards,NODVELE14,Devaughn Vele: 80+ receiving yards,0.18,0.2,0.8,0.8200000000000001,PASS,
2026-09-27T17:49:54.103076+00:00,2026,3,2026_03_LV_NO,LV@NO,2026-09-27T20:25:00+00:00,KXNFLRECYDS-26SEP27LVNO-NODVELE14-70,KXNFLRECYDS-26SEP27LVNO,KXNFLRECYDS,receiving_yards,NODVELE14,Devaughn Vele: 70+ receiving yards,0.26,0.28,0.72,0.74,PASS,
2026-09-27T17:49:54.103076+00:00,2026,3,2026_03_LV_NO,LV@NO,2026-09-27T20:25:00+00:00,KXNFLRECYDS-26SEP27LVNO-NODVELE14-60,KXNFLRECYDS-26SEP27LVNO,KXNFLRECYDS,receiving_yards,NODVELE14,Devaughn Vele: 60+ receiving yards,0.36,0.38,0.62,0.64,PASS,
2026-09-27T17:49:54.103076+00:00,2026,3,2026_03_LV_NO,LV@NO,2026-09-27T20:25:00+00:00,KXNFLRECYDS-26SEP27LVNO-NODVELE14-50,KXNFLRECYDS-26SEP27LVNO,KXNFLRECYDS,receiving_yards,NODVELE14,Devaughn Vele: 50+ receiving yards,0.47,0.48,0.52,0.53,PASS,
2026-09-27T17:49:54.103076+00:00,2026,3,2026_03_LV_NO,LV@NO,2026-09-27T20:25:00+00:00,KXNFLRECYDS-26SEP27LVNO-NODVELE14-40,KXNFLRECYDS-26SEP27LVNO,KXNFLRECYDS,receiving_yards,NODVELE14,Devaughn Vele: 40+ receiving yards,0.59,0.6,0.4,0.41000000000000003,PASS,
2026-09-27T17:49:54.103076+00:00,2026,3,2026_03_LV_NO,LV@NO,2026-09-27T20:25:00+00:00,KXNFLRECYDS-26SEP27LVNO-NODVELE14-25,KXNFLRECYDS-26SEP27LVNO,KXNFLRECYDS,receiving_yards,NODVELE14,Devaughn Vele: 25+ receiving yards,0.77,0.78,0.21999999999999997,0.22999999999999998,PASS,
2026-09-27T17:49:54.103076+00:00,2026,3,2026_03_LV_NO,LV@NO,2026-09-27T20:25:00+00:00,KXNFLRECYDS-26SEP27LVNO-NODVELE14-120,KXNFLRECYDS-26SEP27LVNO,KXNFLRECYDS,receiving_yards,NODVELE14,Devaughn Vele: 120+ receiving yards,0.04,0.06,0.94,0.96,PASS,
2026-09-27T17:49:54.103076+00:00,2026,3,2026_03_LV_NO,LV@NO,2026-09-27T20:25:00+00:00,KXNFLRECYDS-26SEP27LVNO-NODVELE14-110,KXNFLRECYDS-26SEP27LVNO,KXNFLRECYDS,receiving_yards,NODVELE14,Devaughn Vele: 110+ receiving yards,0.06,0.08,0.92,0.94,PASS,
2026-09-27T17:49:54.103076+00:00,2026,3,2026_03_LV_NO,LV@NO,2026-09-27T20:25:00+00:00,KXNFLRECYDS-26SEP27LVNO-NODVELE14-100,KXNFLRECYDS-26SEP27LVNO,KXNFLRECYDS,receiving_yards,NODVELE14,Devaughn Vele: 100+ receiving yards,0.09,0.11,0.89,0.91,PASS,
2026-09-27T17:49:54.103076+00:00,2026,3,2026_03_LV_NO,LV@NO,2026-09-27T20:25:00+00:00,KXNFLRECYDS-26SEP27LVNO-NOCOLAVE12-90,KXNFLRECYDS-26SEP27LVNO,KXNFLRECYDS,receiving_yards,NOCOLAVE12,Chris Olave: 90+ receiving yards,0.36,0.38,0.62,0.64,PASS,
2026-09-27T17:49:54.103076+00:00,2026,3,2026_03_LV_NO,LV@NO,2026-09-27T20:25:00+00:00,KXNFLRECYDS-26SEP27LVNO-NOCOLAVE12-80,KXNFLRECYDS-26SEP27LVNO,KXNFLRECYDS,receiving_yards,NOCOLAVE12,Chris Olave: 80+ receiving yards,0.46,0.47,0.53,0.54,PASS,
2026-09-27T17:49:54.103076+00:00,2026,3,2026_03_LV_NO,LV@NO,2026-09-27T20:25:00+00:00,KXNFLRECYDS-26SEP27LVNO-NOCOLAVE12-70,KXNFLRECYDS-26SEP27LVNO,KXNFLRECYDS,receiving_yards,NOCOLAVE12,Chris Olave: 70+ receiving yards,0.56,0.57,0.43000000000000005,0.43999999999999995,PASS,
2026-09-27T17:49:54.103076+00:00,2026,3,2026_03_LV_NO,LV@NO,2026-09-27T20:25:00+00:00,KXNFLRECYDS-26SEP27LVNO-NOCOLAVE12-60,KXNFLRECYDS-26SEP27LVNO,KXNFLRECYDS,receiving_yards,NOCOLAVE12,Chris Olave: 60+ receiving yards,0.65,0.66,0.33999999999999997,0.35,PASS,
2026-09-27T17:49:54.103076+00:00,2026,3,2026_03_LV_NO,LV@NO,2026-09-27T20:25:00+00:00,KXNFLRECYDS-26SEP27LVNO-NOCOLAVE12-50,KXNFLRECYDS-26SEP27LVNO,KXNFLRECYDS,receiving_yards,NOCOLAVE12,Chris Olave: 50+ receiving yards,0.74,0.75,0.25,0.26,PASS,
2026-09-27T17:49:54.103076+00:00,2026,3,2026_03_LV_NO,LV@NO,2026-09-27T20:25:00+00:00,KXNFLRECYDS-26SEP27LVNO-NOCOLAVE12-40,KXNFLRECYDS-26SEP27LVNO,KXNFLRECYDS,receiving_yards,NOCOLAVE12,Chris Olave: 40+ receiving yards,0.82,0.83,0.17000000000000004,0.18000000000000005,PASS,
2026-09-27T17:49:54.103076+00:00,2026,3,2026_03_LV_NO,LV@NO,2026-09-27T20:25:00+00:00,KXNFLRECYDS-26SEP27LVNO-NOCOLAVE12-170,KXNFLRECYDS-26SEP27LVNO,KXNFLRECYDS,receiving_yards,NOCOLAVE12,Chris Olave: 170+ receiving yards,0.02,0.04,0.96,0.98,PASS,
2026-09-27T17:49:54.103076+00:00,2026,3,2026_03_LV_NO,LV@NO,2026-09-27T20:25:00+00:00,KXNFLRECYDS-26SEP27LVNO-NOCOLAVE12-160,KXNFLRECYDS-26SEP27LVNO,KXNFLRECYDS,receiving_yards,NOCOLAVE12,Chris Olave: 160+ receiving yards,0.04,0.06,0.94,0.96,PASS,
2026-09-27T17:49:54.103076+00:00,2026,3,2026_03_LV_NO,LV@NO,2026-09-27T20:25:00+00:00,KXNFLRECYDS-26SEP27LVNO-NOCOLAVE12-150,KXNFLRECYDS-26SEP27LVNO,KXNFLRECYDS,receiving_yards,NOCOLAVE12,Chris Olave: 150+ receiving yards,0.06,0.08,0.92,0.94,PASS,
2026-09-27T17:49:54.103076+00:00,2026,3,2026_03_LV_NO,LV@NO,2026-09-27T20:25:00+00:00,KXNFLRECYDS-26SEP27LVNO-NOCOLAVE12-140,KXNFLRECYDS-26SEP27LVNO,KXNFLRECYDS,receiving_yards,NOCOLAVE12,Chris Olave: 140+ receiving yards,0.08,0.1,0.9,0.92,PASS,
2026-09-27T17:49:54.103076+00:00,2026,3,2026_03_LV_NO,LV@NO,2026-09-27T20:25:00+00:00,KXNFLRECYDS-26SEP27LVNO-NOCOLAVE12-130,KXNFLRECYDS-26SEP27LVNO,KXNFLRECYDS,receiving_yards,NOCOLAVE12,Chris Olave: 130+ receiving yards,0.13,0.14,0.86,0.87,PASS,
2026-09-27T17:49:54.103076+00:00,2026,3,2026_03_LV_NO,LV@NO,2026-09-27T20:25:00+00:00,KXNFLRECYDS-26SEP27LVNO-NOCOLAVE12-120,KXNFLRECYDS-26SEP27LVNO,KXNFLRECYDS,receiving_yards,NOCOLAVE12,Chris Olave: 120+ receiving yards,0.17,0.18,0.8200000000000001,0.83,PASS,
2026-09-27T17:49:54.103076+00:00,2026,3,2026_03_LV_NO,LV@NO,2026-09-27T20:25:00+00:00,KXNFLRECYDS-26SEP27LVNO-NOCOLAVE12-110,KXNFLRECYDS-26SEP27LVNO,KXNFLRECYDS,receiving_yards,NOCOLAVE12,Chris Olave: 110+ receiving yards,0.22,0.23,0.77,0.78,PASS,
2026-09-27T17:49:54.103076+00:00,2026,3,2026_03_LV_NO,LV@NO,2026-09-27T20:25:00+00:00,KXNFLRECYDS-26SEP27LVNO-NOCOLAVE12-100,KXNFLRECYDS-26SEP27LVNO,KXNFLRECYDS,receiving_yards,NOCOLAVE12,Chris Olave: 100+ receiving yards,0.29,0.3,0.7,0.71,PASS,
2026-09-27T17:49:54.103076+00:00,2026,3,2026_03_LA_DEN,LAR@DEN,2026-09-28T00:20:00+00:00,KXNFLRECYDS-26SEP27LARDEN-DENCSUTTON14-110,KXNFLRECYDS-26SEP27LARDEN,KXNFLRECYDS,receiving_yards,DENCSUTTON14,Courtland Sutton: 110+ receiving yards,0.03,0.04,0.96,0.97,PASS,
2026-09-27T17:49:54.103076+00:00,2026,3,2026_03_LA_DEN,LAR@DEN,2026-09-28T00:20:00+00:00,KXNFLRECYDS-26SEP27LARDEN-DENCSUTTON14-100,KXNFLRECYDS-26SEP27LARDEN,KXNFLRECYDS,receiving_yards,DENCSUTTON14,Courtland Sutton: 100+ receiving yards,0.04,0.06,0.94,0.96,PASS,
2026-09-27T17:49:54.103076+00:00,2026,3,2026_03_LA_DEN,LAR@DEN,2026-09-28T00:20:00+00:00,KXNFLRECYDS-26SEP27LARDEN-DENCSUTTON14-90,KXNFLRECYDS-26SEP27LARDEN,KXNFLRECYDS,receiving_yards,DENCSUTTON14,Courtland Sutton: 90+ receiving yards,0.06,0.08,0.92,0.94,PASS,
2026-09-27T17:49:54.103076+00:00,2026,3,2026_03_LA_DEN,LAR@DEN,2026-09-28T00:20:00+00:00,KXNFLRECYDS-26SEP27LARDEN-DENCSUTTON14-80,KXNFLRECYDS-26SEP27LARDEN,KXNFLRECYDS,receiving_yards,DENCSUTTON14,Courtland Sutton: 80+ receiving yards,0.1,0.12,0.88,0.9,PASS,
2026-09-27T17:49:54.103076+00:00,2026,3,2026_03_LA_DEN,LAR@DEN,2026-09-28T00:20:00+00:00,KXNFLRECYDS-26SEP27LARDEN-DENCSUTTON14-70,KXNFLRECYDS-26SEP27LARDEN,KXNFLRECYDS,receiving_yards,DENCSUTTON14,Courtland Sutton: 70+ receiving yards,0.16,0.17,0.83,0.84,PASS,
2026-09-27T17:49:54.103076+00:00,2026,3,2026_03_LA_DEN,LAR@DEN,2026-09-28T00:20:00+00:00,KXNFLRECYDS-26SEP27LARDEN-DENCSUTTON14-60,KXNFLRECYDS-26SEP27LARDEN,KXNFLRECYDS,receiving_yards,DENCSUTTON14,Courtland Sutton: 60+ receiving yards,0.23,0.24,0.76,0.77,PASS,
2026-09-27T17:49:54.103076+00:00,2026,3,2026_03_LA_DEN,LAR@DEN,2026-09-28T00:20:00+00:00,KXNFLRECYDS-26SEP27LARDEN-DENCSUTTON14-50,KXNFLRECYDS-26SEP27LARDEN,KXNFLRECYDS,receiving_yards,DENCSUTTON14,Courtland Sutton: 50+ receiving yards,0.33,0.34,0.6599999999999999,0.6699999999999999,PASS,
2026-09-27T17:49:54.103076+00:00,2026,3,2026_03_LA_DEN,LAR@DEN,2026-09-28T00:20:00+00:00,KXNFLRECYDS-26SEP27LARDEN-DENCSUTTON14-40,KXNFLRECYDS-26SEP27LARDEN,KXNFLRECYDS,receiving_yards,DENCSUTTON14,Courtland Sutton: 40+ receiving yards,0.45,0.46,0.54,0.55,PASS,
2026-09-27T17:49:54.103076+00:00,2026,3,2026_03_LA_DEN,LAR@DEN,2026-09-28T00:20:00+00:00,KXNFLRECYDS-26SEP27LARDEN-DENCSUTTON14-25,KXNFLRECYDS-26SEP27LARDEN,KXNFLRECYDS,receiving_yards,DENCSUTTON14,Courtland Sutton: 25+ receiving yards,0.66,0.67,0.32999999999999996,0.33999999999999997,PASS,
2026-09-27T17:49:54.103076+00:00,2026,3,2026_03_LA_DEN,LAR@DEN,2026-09-28T00:20:00+00:00,KXNFLRECYDS-26SEP27LARDEN-DENCSUTTON14-15,KXNFLRECYDS-26SEP27LARDEN,KXNFLRECYDS,receiving_yards,DENCSUTTON14,Courtland Sutton: 15+ receiving yards,0.8,0.81,0.18999999999999995,0.19999999999999996,PASS,
2026-09-27T17:49:54.103076+00:00,2026,3,2026_03_ARI_SF,ARI@SF,2026-09-27T20:05:00+00:00,KXNFLRECYDS-26SEP27ARISF-ARITMCBRIDE85-90,KXNFLRECYDS-26SEP27ARISF,KXNFLRECYDS,receiving_yards,ARITMCBRIDE85,Trey McBride: 90+ receiving yards,0.26,0.27,0.73,0.74,PASS,
2026-09-27T17:49:54.103076+00:00,2026,3,2026_03_ARI_SF,ARI@SF,2026-09-27T20:05:00+00:00,KXNFLRECYDS-26SEP27ARISF-ARITMCBRIDE85-80,KXNFLRECYDS-26SEP27ARISF,KXNFLRECYDS,receiving_yards,ARITMCBRIDE85,Trey McBride: 80+ receiving yards,0.34,0.35,0.65,0.6599999999999999,PASS,
2026-09-27T17:49:54.103076+00:00,2026,3,2026_03_ARI_SF,ARI@SF,2026-09-27T20:05:00+00:00,KXNFLRECYDS-26SEP27ARISF-ARITMCBRIDE85-70,KXNFLRECYDS-26SEP27ARISF,KXNFLRECYDS,receiving_yards,ARITMCBRIDE85,Trey McBride: 70+ receiving yards,0.47,0.48,0.52,0.53,PASS,
2026-09-27T17:49:54.103076+00:00,2026,3,2026_03_ARI_SF,ARI@SF,2026-09-27T20:05:00+00:00,KXNFLRECYDS-26SEP27ARISF-ARITMCBRIDE85-60,KXNFLRECYDS-26SEP27ARISF,KXNFLRECYDS,receiving_yards,ARITMCBRIDE85,Trey McBride: 60+ receiving yards,0.57,0.58,0.42000000000000004,0.43000000000000005,PASS,
2026-09-27T17:49:54.103076+00:00,2026,3,2026_03_ARI_SF,ARI@SF,2026-09-27T20:05:00+00:00,KXNFLRECYDS-26SEP27ARISF-ARITMCBRIDE85-50,KXNFLRECYDS-26SEP27ARISF,KXNFLRECYDS,receiving_yards,ARITMCBRIDE85,Trey McBride: 50+ receiving yards,0.69,0.7,0.30000000000000004,0.31000000000000005,PASS,
2026-09-27T17:49:54.103076+00:00,2026,3,2026_03_ARI_SF,ARI@SF,2026-09-27T20:05:00+00:00,KXNFLRECYDS-26SEP27ARISF-ARITMCBRIDE85-40,KXNFLRECYDS-26SEP27ARISF,KXNFLRECYDS,receiving_yards,ARITMCBRIDE85,Trey McBride: 40+ receiving yards,0.79,0.8,0.19999999999999996,0.20999999999999996,PASS,
2026-09-27T17:49:54.103076+00:00,2026,3,2026_03_ARI_SF,ARI@SF,2026-09-27T20:05:00+00:00,KXNFLRECYDS-26SEP27ARISF-ARITMCBRIDE85-140,KXNFLRECYDS-26SEP27ARISF,KXNFLRECYDS,receiving_yards,ARITMCBRIDE85,Trey McBride: 140+ receiving yards,0.05,0.06,0.94,0.95,PASS,
2026-09-27T17:49:54.103076+00:00,2026,3,2026_03_ARI_SF,ARI@SF,2026-09-27T20:05:00+00:00,KXNFLRECYDS-26SEP27ARISF-ARITMCBRIDE85-130,KXNFLRECYDS-26SEP27ARISF,KXNFLRECYDS,receiving_yards,ARITMCBRIDE85,Trey McBride: 130+ receiving yards,0.06,0.08,0.92,0.94,PASS,
2026-09-27T17:49:54.103076+00:00,2026,3,2026_03_ARI_SF,ARI@SF,2026-09-27T20:05:00+00:00,KXNFLRECYDS-26SEP27ARISF-ARITMCBRIDE85-120,KXNFLRECYDS-26SEP27ARISF,KXNFLRECYDS,receiving_yards,ARITMCBRIDE85,Trey McBride: 120+ receiving yards,0.09,0.11,0.89,0.91,PASS,
2026-09-27T17:49:54.103076+00:00,2026,3,2026_03_ARI_SF,ARI@SF,2026-09-27T20:05:00+00:00,KXNFLRECYDS-26SEP27ARISF-ARITMCBRIDE85-110,KXNFLRECYDS-26SEP27ARISF,KXNFLRECYDS,receiving_yards,ARITMCBRIDE85,Trey McBride: 110+ receiving yards,0.13,0.14,0.86,0.87,PASS,
2026-09-27T17:49:54.103076+00:00,2026,3,2026_03_ARI_SF,ARI@SF,2026-09-27T20:05:00+00:00,KXNFLRECYDS-26SEP27ARISF-ARITMCBRIDE85-100,KXNFLRECYDS-26SEP27ARISF,KXNFLRECYDS,receiving_yards,ARITMCBRIDE85,Trey McBride: 100+ receiving yards,0.19,0.2,0.8,0.81,PASS,
2026-09-27T17:49:54.103076+00:00,2026,3,2026_03_ARI_SF,ARI@SF,2026-09-27T20:05:00+00:00,KXNFLRECYDS-26SEP27ARISF-ARIMWILSON14-90,KXNFLRECYDS-26SEP27ARISF,KXNFLRECYDS,receiving_yards,ARIMWILSON14,Michael Wilson: 90+ receiving yards,0.12,0.13,0.87,0.88,PASS,
2026-09-27T17:49:54.103076+00:00,2026,3,2026_03_ARI_SF,ARI@SF,2026-09-27T20:05:00+00:00,KXNFLRECYDS-26SEP27ARISF-ARIMWILSON14-80,KXNFLRECYDS-26SEP27ARISF,KXNFLRECYDS,receiving_yards,ARIMWILSON14,Michael Wilson: 80+ receiving yards,0.17,0.18,0.8200000000000001,0.83,PASS,
2026-09-27T17:49:54.103076+00:00,2026,3,2026_03_ARI_SF,ARI@SF,2026-09-27T20:05:00+00:00,KXNFLRECYDS-26SEP27ARISF-ARIMWILSON14-70,KXNFLRECYDS-26SEP27ARISF,KXNFLRECYDS,receiving_yards,ARIMWILSON14,Michael Wilson: 70+ receiving yards,0.24,0.25,0.75,0.76,PASS,
2026-09-27T17:49:54.103076+00:00,2026,3,2026_03_ARI_SF,ARI@SF,2026-09-27T20:05:00+00:00,KXNFLRECYDS-26SEP27ARISF-ARIMWILSON14-60,KXNFLRECYDS-26SEP27ARISF,KXNFLRECYDS,receiving_yards,ARIMWILSON14,Michael Wilson: 60+ receiving yards,0.33,0.34,0.6599999999999999,0.6699999999999999,PASS,
2026-09-27T17:49:54.103076+00:00,2026,3,2026_03_ARI_SF,ARI@SF,2026-09-27T20:05:00+00:00,KXNFLRECYDS-26SEP27ARISF-ARIMWILSON14-50,KXNFLRECYDS-26SEP27ARISF,KXNFLRECYDS,receiving_yards,ARIMWILSON14,Michael Wilson: 50+ receiving yards,0.45,0.46,0.54,0.55,PASS,
2026-09-27T17:49:54.103076+00:00,2026,3,2026_03_ARI_SF,ARI@SF,2026-09-27T20:05:00+00:00,KXNFLRECYDS-26SEP27ARISF-ARIMWILSON14-40,KXNFLRECYDS-26SEP27ARISF,KXNFLRECYDS,receiving_yards,ARIMWILSON14,Michael Wilson: 40+ receiving yards,0.56,0.57,0.43000000000000005,0.43999999999999995,PASS,
2026-09-27T17:49:54.103076+00:00,2026,3,2026_03_ARI_SF,ARI@SF,2026-09-27T20:05:00+00:00,KXNFLRECYDS-26SEP27ARISF-ARIMWILSON14-25,KXNFLRECYDS-26SEP27ARISF,KXNFLRECYDS,receiving_yards,ARIMWILSON14,Michael Wilson: 25+ receiving yards,0.74,0.75,0.25,0.26,PASS,
2026-09-27T17:49:54.103076+00:00,2026,3,2026_03_ARI_SF,ARI@SF,2026-09-27T20:05:00+00:00,KXNFLRECYDS-26SEP27ARISF-ARIMWILSON14-120,KXNFLRECYDS-26SEP27ARISF,KXNFLRECYDS,receiving_yards,ARIMWILSON14,Michael Wilson: 120+ receiving yards,0.04,0.05,0.95,0.96,PASS,
2026-09-27T17:49:54.103076+00:00,2026,3,2026_03_ARI_SF,ARI@SF,2026-09-27T20:05:00+00:00,KXNFLRECYDS-26SEP27ARISF-ARIMWILSON14-110,KXNFLRECYDS-26SEP27ARISF,KXNFLRECYDS,receiving_yards,ARIMWILSON14,Michael Wilson: 110+ receiving yards,0.06,0.07,0.9299999999999999,0.94,PASS,
2026-09-27T17:49:54.103076+00:00,2026,3,2026_03_ARI_SF,ARI@SF,2026-09-27T20:05:00+00:00,KXNFLRECYDS-26SEP27ARISF-ARIMWILSON14-100,KXNFLRECYDS-26SEP27ARISF,KXNFLRECYDS,receiving_yards,ARIMWILSON14,Michael Wilson: 100+ receiving yards,0.08,0.09,0.91,0.92,PASS,
2026-09-27T17:49:54.103076+00:00,2026,3,2026_03_ARI_SF,ARI@SF,2026-09-27T20:05:00+00:00,KXNFLRECYDS-26SEP27ARISF-ARIMHARRISON18-90,KXNFLRECYDS-26SEP27ARISF,KXNFLRECYDS,receiving_yards,ARIMHARRISON18,Marvin Harrison Jr.: 90+ receiving yards,0.07,0.08,0.92,0.9299999999999999,PASS,
2026-09-27T17:49:54.103076+00:00,2026,3,2026_03_ARI_SF,ARI@SF,2026-09-27T20:05:00+00:00,KXNFLRECYDS-26SEP27ARISF-ARIMHARRISON18-80,KXNFLRECYDS-26SEP27ARISF,KXNFLRECYDS,receiving_yards,ARIMHARRISON18,Marvin Harrison Jr.: 80+ receiving yards,0.1,0.11,0.89,0.9,PASS,
2026-09-27T17:49:54.103076+00:00,2026,3,2026_03_ARI_SF,ARI@SF,2026-09-27T20:05:00+00:00,KXNFLRECYDS-26SEP27ARISF-ARIMHARRISON18-70,KXNFLRECYDS-26SEP27ARISF,KXNFLRECYDS,receiving_yards,ARIMHARRISON18,Marvin Harrison Jr.: 70+ receiving yards,0.16,0.17,0.83,0.84,PASS,
2026-09-27T17:49:54.103076+00:00,2026,3,2026_03_ARI_SF,ARI@SF,2026-09-27T20:05:00+00:00,KXNFLRECYDS-26SEP27ARISF-ARIMHARRISON18-60,KXNFLRECYDS-26SEP27ARISF,KXNFLRECYDS,receiving_yards,ARIMHARRISON18,Marvin Harrison Jr.: 60+ receiving yards,0.22,0.23,0.77,0.78,PASS,
2026-09-27T17:49:54.103076+00:00,2026,3,2026_03_ARI_SF,ARI@SF,2026-09-27T20:05:00+00:00,KXNFLRECYDS-26SEP27ARISF-ARIMHARRISON18-50,KXNFLRECYDS-26SEP27ARISF,KXNFLRECYDS,receiving_yards,ARIMHARRISON18,Marvin Harrison Jr.: 50+ receiving yards,0.29,0.3,0.7,0.71,PASS,
2026-09-27T17:49:54.103076+00:00,2026,3,2026_03_ARI_SF,ARI@SF,2026-09-27T20:05:00+00:00,KXNFLRECYDS-26SEP27ARISF-ARIMHARRISON18-40,KXNFLRECYDS-26SEP27ARISF,KXNFLRECYDS,receiving_yards,ARIMHARRISON18,Marvin Harrison Jr.: 40+ receiving yards,0.38,0.39,0.61,0.62,PASS,
2026-09-27T17:49:54.103076+00:00,2026,3,2026_03_ARI_SF,ARI@SF,2026-09-27T20:05:00+00:00,KXNFLRECYDS-26SEP27ARISF-ARIMHARRISON18-25,KXNFLRECYDS-26SEP27ARISF,KXNFLRECYDS,receiving_yards,ARIMHARRISON18,Marvin Harrison Jr.: 25+ receiving yards,0.6,0.61,0.39,0.4,PASS,
2026-09-27T17:49:54.103076+00:00,2026,3,2026_03_ARI_SF,ARI@SF,2026-09-27T20:05:00+00:00,KXNFLRECYDS-26SEP27ARISF-ARIMHARRISON18-15,KXNFLRECYDS-26SEP27ARISF,KXNFLRECYDS,receiving_yards,ARIMHARRISON18,Marvin Harrison Jr.: 15+ receiving yards,0.73,0.74,0.26,0.27,PASS,
2026-09-27T17:49:54.103076+00:00,2026,3,2026_03_MIN_TB,MIN@TB,2026-09-27T20:05:00+00:00,KXNFLRECYDS-26SEP27MINTB-TBEEGBUKA2-90,KXNFLRECYDS-26SEP27MINTB,KXNFLRECYDS,receiving_yards,TBEEGBUKA2,Emeka Egbuka: 90+ receiving yards,0.15,0.16,0.84,0.85,PASS,
2026-09-27T17:49:54.103076+00:00,2026,3,2026_03_MIN_TB,MIN@TB,2026-09-27T20:05:00+00:00,KXNFLRECYDS-26SEP27MINTB-TBEEGBUKA2-80,KXNFLRECYDS-26SEP27MINTB,KXNFLRECYDS,receiving_yards,TBEEGBUKA2,Emeka Egbuka: 80+ receiving yards,0.2,0.21,0.79,0.8,PASS,
2026-09-27T17:49:54.103076+00:00,2026,3,2026_03_MIN_TB,MIN@TB,2026-09-27T20:05:00+00:00,KXNFLRECYDS-26SEP27MINTB-TBEEGBUKA2-70,KXNFLRECYDS-26SEP27MINTB,KXNFLRECYDS,receiving_yards,TBEEGBUKA2,Emeka Egbuka: 70+ receiving yards,0.28,0.29,0.71,0.72,PASS,
2026-09-27T17:49:54.103076+00:00,2026,3,2026_03_MIN_TB,MIN@TB,2026-09-27T20:05:00+00:00,KXNFLRECYDS-26SEP27MINTB-TBEEGBUKA2-60,KXNFLRECYDS-26SEP27MINTB,KXNFLRECYDS,receiving_yards,TBEEGBUKA2,Emeka Egbuka: 60+ receiving yards,0.35,0.36,0.64,0.65,PASS,
2026-09-27T17:49:54.103076+00:00,2026,3,2026_03_MIN_TB,MIN@TB,2026-09-27T20:05:00+00:00,KXNFLRECYDS-26SEP27MINTB-TBEEGBUKA2-50,KXNFLRECYDS-26SEP27MINTB,KXNFLRECYDS,receiving_yards,TBEEGBUKA2,Emeka Egbuka: 50+ receiving yards,0.49,0.5,0.5,0.51,PASS,
2026-09-27T17:49:54.103076+00:00,2026,3,2026_03_MIN_TB,MIN@TB,2026-09-27T20:05:00+00:00,KXNFLRECYDS-26SEP27MINTB-TBEEGBUKA2-40,KXNFLRECYDS-26SEP27MINTB,KXNFLRECYDS,receiving_yards,TBEEGBUKA2,Emeka Egbuka: 40+ receiving yards,0.59,0.6,0.4,0.41000000000000003,PASS,
2026-09-27T17:49:54.103076+00:00,2026,3,2026_03_MIN_TB,MIN@TB,2026-09-27T20:05:00+00:00,KXNFLRECYDS-26SEP27MINTB-TBEEGBUKA2-25,KXNFLRECYDS-26SEP27MINTB,KXNFLRECYDS,receiving_yards,TBEEGBUKA2,Emeka Egbuka: 25+ receiving yards,0.77,0.78,0.21999999999999997,0.22999999999999998,PASS,
2026-09-27T17:49:54.103076+00:00,2026,3,2026_03_MIN_TB,MIN@TB,2026-09-27T20:05:00+00:00,KXNFLRECYDS-26SEP27MINTB-TBEEGBUKA2-120,KXNFLRECYDS-26SEP27MINTB,KXNFLRECYDS,receiving_yards,TBEEGBUKA2,Emeka Egbuka: 120+ receiving yards,0.04,0.05,0.95,0.96,PASS,
2026-09-27T17:49:54.103076+00:00,2026,3,2026_03_MIN_TB,MIN@TB,2026-09-27T20:05:00+00:00,KXNFLRECYDS-26SEP27MINTB-TBEEGBUKA2-110,KXNFLRECYDS-26SEP27MINTB,KXNFLRECYDS,receiving_yards,TBEEGBUKA2,Emeka Egbuka: 110+ receiving yards,0.05,0.08,0.92,0.95,PASS,
2026-09-27T17:49:54.103076+00:00,2026,3,2026_03_MIN_TB,MIN@TB,2026-09-27T20:05:00+00:00,KXNFLRECYDS-26SEP27MINTB-TBEEGBUKA2-100,KXNFLRECYDS-26SEP27MINTB,KXNFLRECYDS,receiving_yards,TBEEGBUKA2,Emeka Egbuka: 100+ receiving yards,0.11,0.12,0.88,0.89,PASS,
2026-09-27T17:49:54.103076+00:00,2026,3,2026_03_MIN_TB,MIN@TB,2026-09-27T20:05:00+00:00,KXNFLRECYDS-26SEP27MINTB-TBCOTTON88-80,KXNFLRECYDS-26SEP27MINTB,KXNFLRECYDS,receiving_yards,TBCOTTON88,Cade Otton: 80+ receiving yards,0.02,0.06,0.94,0.98,PASS,
2026-09-27T17:49:54.103076+00:00,2026,3,2026_03_MIN_TB,MIN@TB,2026-09-27T20:05:00+00:00,KXNFLRECYDS-26SEP27MINTB-TBCOTTON88-70,KXNFLRECYDS-26SEP27MINTB,KXNFLRECYDS,receiving_yards,TBCOTTON88,Cade Otton: 70+ receiving yards,0.05,0.08,0.92,0.95,PASS,
2026-09-27T17:49:54.103076+00:00,2026,3,2026_03_MIN_TB,MIN@TB,2026-09-27T20:05:00+00:00,KXNFLRECYDS-26SEP27MINTB-TBCOTTON88-60,KXNFLRECYDS-26SEP27MINTB,KXNFLRECYDS,receiving_yards,TBCOTTON88,Cade Otton: 60+ receiving yards,0.11,0.12,0.88,0.89,PASS,
2026-09-27T17:49:54.103076+00:00,2026,3,2026_03_MIN_TB,MIN@TB,2026-09-27T20:05:00+00:00,KXNFLRECYDS-26SEP27MINTB-TBCOTTON88-50,KXNFLRECYDS-26SEP27MINTB,KXNFLRECYDS,receiving_yards,TBCOTTON88,Cade Otton: 50+ receiving yards,0.19,0.2,0.8,0.81,PASS,
2026-09-27T17:49:54.103076+00:00,2026,3,2026_03_MIN_TB,MIN@TB,2026-09-27T20:05:00+00:00,KXNFLRECYDS-26SEP27MINTB-TBCOTTON88-40,KXNFLRECYDS-26SEP27MINTB,KXNFLRECYDS,receiving_yards,TBCOTTON88,Cade Otton: 40+ receiving yards,0.29,0.3,0.7,0.71,PASS,
2026-09-27T17:49:54.103076+00:00,2026,3,2026_03_MIN_TB,MIN@TB,2026-09-27T20:05:00+00:00,KXNFLRECYDS-26SEP27MINTB-TBCOTTON88-25,KXNFLRECYDS-26SEP27MINTB,KXNFLRECYDS,receiving_yards,TBCOTTON88,Cade Otton: 25+ receiving yards,0.54,0.55,0.44999999999999996,0.45999999999999996,PASS,
2026-09-27T17:49:54.103076+00:00,2026,3,2026_03_MIN_TB,MIN@TB,2026-09-27T20:05:00+00:00,KXNFLRECYDS-26SEP27MINTB-TBCOTTON88-15,KXNFLRECYDS-26SEP27MINTB,KXNFLRECYDS,receiving_yards,TBCOTTON88,Cade Otton: 15+ receiving yards,0.71,0.73,0.27,0.29000000000000004,PASS,
2026-09-27T17:49:54.103076+00:00,2026,3,2026_03_MIN_TB,MIN@TB,2026-09-27T20:05:00+00:00,KXNFLRECYDS-26SEP27MINTB-TBCGODWIN14-90,KXNFLRECYDS-26SEP27MINTB,KXNFLRECYDS,receiving_yards,TBCGODWIN14,Chris Godwin Jr.: 90+ receiving yards,0.05,0.07,0.9299999999999999,0.95,PASS,
2026-09-27T17:49:54.103076+00:00,2026,3,2026_03_MIN_TB,MIN@TB,2026-09-27T20:05:00+00:00,KXNFLRECYDS-26SEP27MINTB-TBCGODWIN14-80,KXNFLRECYDS-26SEP27MINTB,KXNFLRECYDS,receiving_yards,TBCGODWIN14,Chris Godwin Jr.: 80+ receiving yards,0.08,0.1,0.9,0.92,PASS,
2026-09-27T17:49:54.103076+00:00,2026,3,2026_03_MIN_TB,MIN@TB,2026-09-27T20:05:00+00:00,KXNFLRECYDS-26SEP27MINTB-TBCGODWIN14-70,KXNFLRECYDS-26SEP27MINTB,KXNFLRECYDS,receiving_yards,TBCGODWIN14,Chris Godwin Jr.: 70+ receiving yards,0.14,0.15,0.85,0.86,PASS,
2026-09-27T17:49:54.103076+00:00,2026,3,2026_03_MIN_TB,MIN@TB,2026-09-27T20:05:00+00:00,KXNFLRECYDS-26SEP27MINTB-TBCGODWIN14-60,KXNFLRECYDS-26SEP27MINTB,KXNFLRECYDS,receiving_yards,TBCGODWIN14,Chris Godwin Jr.: 60+ receiving yards,0.21,0.22,0.78,0.79,PASS,
2026-09-27T17:49:54.103076+00:00,2026,3,2026_03_MIN_TB,MIN@TB,2026-09-27T20:05:00+00:00,KXNFLRECYDS-26SEP27MINTB-TBCGODWIN14-50,KXNFLRECYDS-26SEP27MINTB,KXNFLRECYDS,receiving_yards,TBCGODWIN14,Chris Godwin Jr.: 50+ receiving yards,0.31,0.32,0.6799999999999999,0.69,PASS,
2026-09-27T17:49:54.103076+00:00,2026,3,2026_03_MIN_TB,MIN@TB,2026-09-27T20:05:00+00:00,KXNFLRECYDS-26SEP27MINTB-TBCGODWIN14-40,KXNFLRECYDS-26SEP27MINTB,KXNFLRECYDS,receiving_yards,TBCGODWIN14,Chris Godwin Jr.: 40+ receiving yards,0.43,0.45,0.55,0.5700000000000001,PASS,
2026-09-27T17:49:54.103076+00:00,2026,3,2026_03_MIN_TB,MIN@TB,2026-09-27T20:05:00+00:00,KXNFLRECYDS-26SEP27MINTB-TBCGODWIN14-25,KXNFLRECYDS-26SEP27MINTB,KXNFLRECYDS,receiving_yards,TBCGODWIN14,Chris Godwin Jr.: 25+ receiving yards,0.65,0.67,0.32999999999999996,0.35,PASS,
2026-09-27T17:49:54.103076+00:00,2026,3,2026_03_MIN_TB,MIN@TB,2026-09-27T20:05:00+00:00,KXNFLRECYDS-26SEP27MINTB-TBCGODWIN14-15,KXNFLRECYDS-26SEP27MINTB,KXNFLRECYDS,receiving_yards,TBCGODWIN14,Chris Godwin Jr.: 15+ receiving yards,0.79,0.8,0.19999999999999996,0.20999999999999996,PASS,
2026-09-27T17:49:54.103076+00:00,2026,3,2026_03_MIN_TB,MIN@TB,2026-09-27T20:05:00+00:00,KXNFLRECYDS-26SEP27MINTB-TBCGODWIN14-100,KXNFLRECYDS-26SEP27MINTB,KXNFLRECYDS,receiving_yards,TBCGODWIN14,Chris Godwin Jr.: 100+ receiving yards,0.03,0.05,0.95,0.97,PASS,
2026-09-27T17:49:54.103076+00:00,2026,3,2026_03_MIN_TB,MIN@TB,2026-09-27T20:05:00+00:00,KXNFLRECYDS-26SEP27MINTB-MINTHOCKENSON87-80,KXNFLRECYDS-26SEP27MINTB,KXNFLRECYDS,receiving_yards,MINTHOCKENSON87,T.J. Hockenson: 80+ receiving yards,0.03,0.06,0.94,0.97,PASS,
2026-09-27T17:49:54.103076+00:00,2026,3,2026_03_MIN_TB,MIN@TB,2026-09-27T20:05:00+00:00,KXNFLRECYDS-26SEP27MINTB-MINTHOCKENSON87-70,KXNFLRECYDS-26SEP27MINTB,KXNFLRECYDS,receiving_yards,MINTHOCKENSON87,T.J. Hockenson: 70+ receiving yards,0.06,0.08,0.92,0.94,PASS,
2026-09-27T17:49:54.103076+00:00,2026,3,2026_03_MIN_TB,MIN@TB,2026-09-27T20:05:00+00:00,KXNFLRECYDS-26SEP27MINTB-MINTHOCKENSON87-60,KXNFLRECYDS-26SEP27MINTB,KXNFLRECYDS,receiving_yards,MINTHOCKENSON87,T.J. Hockenson: 60+ receiving yards,0.13,0.14,0.86,0.87,PASS,
2026-09-27T17:49:54.103076+00:00,2026,3,2026_03_MIN_TB,MIN@TB,2026-09-27T20:05:00+00:00,KXNFLRECYDS-26SEP27MINTB-MINTHOCKENSON87-50,KXNFLRECYDS-26SEP27MINTB,KXNFLRECYDS,receiving_yards,MINTHOCKENSON87,T.J. Hockenson: 50+ receiving yards,0.21,0.22,0.78,0.79,PASS,
2026-09-27T17:49:54.103076+00:00,2026,3,2026_03_MIN_TB,MIN@TB,2026-09-27T20:05:00+00:00,KXNFLRECYDS-26SEP27MINTB-MINTHOCKENSON87-40,KXNFLRECYDS-26SEP27MINTB,KXNFLRECYDS,receiving_yards,MINTHOCKENSON87,T.J. Hockenson: 40+ receiving yards,0.33,0.34,0.6599999999999999,0.6699999999999999,PASS,
2026-09-27T17:49:54.103076+00:00,2026,3,2026_03_MIN_TB,MIN@TB,2026-09-27T20:05:00+00:00,KXNFLRECYDS-26SEP27MINTB-MINTHOCKENSON87-25,KXNFLRECYDS-26SEP27MINTB,KXNFLRECYDS,receiving_yards,MINTHOCKENSON87,T.J. Hockenson: 25+ receiving yards,0.58,0.59,0.41000000000000003,0.42000000000000004,PASS,
2026-09-27T17:49:54.103076+00:00,2026,3,2026_03_MIN_TB,MIN@TB,2026-09-27T20:05:00+00:00,KXNFLRECYDS-26SEP27MINTB-MINTHOCKENSON87-15,KXNFLRECYDS-26SEP27MINTB,KXNFLRECYDS,receiving_yards,MINTHOCKENSON87,T.J. Hockenson: 15+ receiving yards,0.76,0.77,0.22999999999999998,0.24,PASS,
2026-09-27T17:49:54.103076+00:00,2026,3,2026_03_MIN_TB,MIN@TB,2026-09-27T20:05:00+00:00,KXNFLRECYDS-26SEP27MINTB-MINJJEFFERSON18-90,KXNFLRECYDS-26SEP27MINTB,KXNFLRECYDS,receiving_yards,MINJJEFFERSON18,Justin Jefferson: 90+ receiving yards,0.33,0.34,0.6599999999999999,0.6699999999999999,PASS,
2026-09-27T17:49:54.103076+00:00,2026,3,2026_03_MIN_TB,MIN@TB,2026-09-27T20:05:00+00:00,KXNFLRECYDS-26SEP27MINTB-MINJJEFFERSON18-80,KXNFLRECYDS-26SEP27MINTB,KXNFLRECYDS,receiving_yards,MINJJEFFERSON18,Justin Jefferson: 80+ receiving yards,0.42,0.43,0.5700000000000001,0.5800000000000001,PASS,
2026-09-27T17:49:54.103076+00:00,2026,3,2026_03_MIN_TB,MIN@TB,2026-09-27T20:05:00+00:00,KXNFLRECYDS-26SEP27MINTB-MINJJEFFERSON18-70,KXNFLRECYDS-26SEP27MINTB,KXNFLRECYDS,receiving_yards,MINJJEFFERSON18,Justin Jefferson: 70+ receiving yards,0.55,0.56,0.43999999999999995,0.44999999999999996,PASS,
2026-09-27T17:49:54.103076+00:00,2026,3,2026_03_MIN_TB,MIN@TB,2026-09-27T20:05:00+00:00,KXNFLRECYDS-26SEP27MINTB-MINJJEFFERSON18-60,KXNFLRECYDS-26SEP27MINTB,KXNFLRECYDS,receiving_yards,MINJJEFFERSON18,Justin Jefferson: 60+ receiving yards,0.64,0.65,0.35,0.36,PASS,
2026-09-27T17:49:54.103076+00:00,2026,3,2026_03_MIN_TB,MIN@TB,2026-09-27T20:05:00+00:00,KXNFLRECYDS-26SEP27MINTB-MINJJEFFERSON18-50,KXNFLRECYDS-26SEP27MINTB,KXNFLRECYDS,receiving_yards,MINJJEFFERSON18,Justin Jefferson: 50+ receiving yards,0.72,0.73,0.27,0.28,PASS,
2026-09-27T17:49:54.103076+00:00,2026,3,2026_03_MIN_TB,MIN@TB,2026-09-27T20:05:00+00:00,KXNFLRECYDS-26SEP27MINTB-MINJJEFFERSON18-40,KXNFLRECYDS-26SEP27MINTB,KXNFLRECYDS,receiving_yards,MINJJEFFERSON18,Justin Jefferson: 40+ receiving yards,0.8,0.81,0.18999999999999995,0.19999999999999996,PASS,
2026-09-27T17:49:54.103076+00:00,2026,3,2026_03_MIN_TB,MIN@TB,2026-09-27T20:05:00+00:00,KXNFLRECYDS-26SEP27MINTB-MINJJEFFERSON18-150,KXNFLRECYDS-26SEP27MINTB,KXNFLRECYDS,receiving_yards,MINJJEFFERSON18,Justin Jefferson: 150+ receiving yards,0.04,0.06,0.94,0.96,PASS,
2026-09-27T17:49:54.103076+00:00,2026,3,2026_03_MIN_TB,MIN@TB,2026-09-27T20:05:00+00:00,KXNFLRECYDS-26SEP27MINTB-MINJJEFFERSON18-140,KXNFLRECYDS-26SEP27MINTB,KXNFLRECYDS,receiving_yards,MINJJEFFERSON18,Justin Jefferson: 140+ receiving yards,0.05,0.08,0.92,0.95,PASS,
2026-09-27T17:49:54.103076+00:00,2026,3,2026_03_MIN_TB,MIN@TB,2026-09-27T20:05:00+00:00,KXNFLRECYDS-26SEP27MINTB-MINJJEFFERSON18-130,KXNFLRECYDS-26SEP27MINTB,KXNFLRECYDS,receiving_yards,MINJJEFFERSON18,Justin Jefferson: 130+ receiving yards,0.07,0.1,0.9,0.9299999999999999,PASS,
2026-09-27T17:49:54.103076+00:00,2026,3,2026_03_MIN_TB,MIN@TB,2026-09-27T20:05:00+00:00,KXNFLRECYDS-26SEP27MINTB-MINJJEFFERSON18-120,KXNFLRECYDS-26SEP27MINTB,KXNFLRECYDS,receiving_yards,MINJJEFFERSON18,Justin Jefferson: 120+ receiving yards,0.14,0.15,0.85,0.86,PASS,
2026-09-27T17:49:54.103076+00:00,2026,3,2026_03_MIN_TB,MIN@TB,2026-09-27T20:05:00+00:00,KXNFLRECYDS-26SEP27MINTB-MINJJEFFERSON18-110,KXNFLRECYDS-26SEP27MINTB,KXNFLRECYDS,receiving_yards,MINJJEFFERSON18,Justin Jefferson: 110+ receiving yards,0.19,0.2,0.8,0.81,PASS,
2026-09-27T17:49:54.103076+00:00,2026,3,2026_03_MIN_TB,MIN@TB,2026-09-27T20:05:00+00:00,KXNFLRECYDS-26SEP27MINTB-MINJJEFFERSON18-100,KXNFLRECYDS-26SEP27MINTB,KXNFLRECYDS,receiving_yards,MINJJEFFERSON18,Justin Jefferson: 100+ receiving yards,0.26,0.27,0.73,0.74,PASS,
2026-09-27T17:49:54.103076+00:00,2026,3,2026_03_MIN_TB,MIN@TB,2026-09-27T20:05:00+00:00,KXNFLRECYDS-26SEP27MINTB-MINJADDISON3-90,KXNFLRECYDS-26SEP27MINTB,KXNFLRECYDS,receiving_yards,MINJADDISON3,Jordan Addison: 90+ receiving yards,0.06,0.09,0.91,0.94,PASS,
2026-09-27T17:49:54.103076+00:00,2026,3,2026_03_MIN_TB,MIN@TB,2026-09-27T20:05:00+00:00,KXNFLRECYDS-26SEP27MINTB-MINJADDISON3-80,KXNFLRECYDS-26SEP27MINTB,KXNFLRECYDS,receiving_yards,MINJADDISON3,Jordan Addison: 80+ receiving yards,0.09,0.11,0.89,0.91,PASS,
2026-09-27T17:49:54.103076+00:00,2026,3,2026_03_MIN_TB,MIN@TB,2026-09-27T20:05:00+00:00,KXNFLRECYDS-26SEP27MINTB-MINJADDISON3-70,KXNFLRECYDS-26SEP27MINTB,KXNFLRECYDS,receiving_yards,MINJADDISON3,Jordan Addison: 70+ receiving yards,0.16,0.17,0.83,0.84,PASS,
2026-09-27T17:49:54.103076+00:00,2026,3,2026_03_MIN_TB,MIN@TB,2026-09-27T20:05:00+00:00,KXNFLRECYDS-26SEP27MINTB-MINJADDISON3-60,KXNFLRECYDS-26SEP27MINTB,KXNFLRECYDS,receiving_yards,MINJADDISON3,Jordan Addison: 60+ receiving yards,0.23,0.24,0.76,0.77,PASS,
2026-09-27T17:49:54.103076+00:00,2026,3,2026_03_MIN_TB,MIN@TB,2026-09-27T20:05:00+00:00,KXNFLRECYDS-26SEP27MINTB-MINJADDISON3-50,KXNFLRECYDS-26SEP27MINTB,KXNFLRECYDS,receiving_yards,MINJADDISON3,Jordan Addison: 50+ receiving yards,0.32,0.33,0.6699999999999999,0.6799999999999999,PASS,
2026-09-27T17:49:54.103076+00:00,2026,3,2026_03_MIN_TB,MIN@TB,2026-09-27T20:05:00+00:00,KXNFLRECYDS-26SEP27MINTB-MINJADDISON3-40,KXNFLRECYDS-26SEP27MINTB,KXNFLRECYDS,receiving_yards,MINJADDISON3,Jordan Addison: 40+ receiving yards,0.44,0.45,0.55,0.56,PASS,
2026-09-27T17:49:54.103076+00:00,2026,3,2026_03_MIN_TB,MIN@TB,2026-09-27T20:05:00+00:00,KXNFLRECYDS-26SEP27MINTB-MINJADDISON3-25,KXNFLRECYDS-26SEP27MINTB,KXNFLRECYDS,receiving_yards,MINJADDISON3,Jordan Addison: 25+ receiving yards,0.66,0.67,0.32999999999999996,0.33999999999999997,PASS,
2026-09-27T17:49:54.103076+00:00,2026,3,2026_03_MIN_TB,MIN@TB,2026-09-27T20:05:00+00:00,KXNFLRECYDS-26SEP27MINTB-MINJADDISON3-15,KXNFLRECYDS-26SEP27MINTB,KXNFLRECYDS,receiving_yards,MINJADDISON3,Jordan Addison: 15+ receiving yards,0.77,0.79,0.20999999999999996,0.22999999999999998,PASS,
2026-09-27T17:49:54.103076+00:00,2026,3,2026_03_MIN_TB,MIN@TB,2026-09-27T20:05:00+00:00,KXNFLRECYDS-26SEP27MINTB-MINJADDISON3-100,KXNFLRECYDS-26SEP27MINTB,KXNFLRECYDS,receiving_yards,MINJADDISON3,Jordan Addison: 100+ receiving yards,0.04,0.06,0.94,0.96,PASS,
2026-09-27T17:49:54.103076+00:00,2026,3,2026_03_LA_DEN,LAR@DEN,2026-09-28T00:20:00+00:00,KXNFLRECYDS-26SEP27LARDEN-DENJWADDLE17-90,KXNFLRECYDS-26SEP27LARDEN,KXNFLRECYDS,receiving_yards,DENJWADDLE17,Jaylen Waddle: 90+ receiving yards,0.22,0.24,0.76,0.78,PASS,
2026-09-27T17:49:54.103076+00:00,2026,3,2026_03_LA_DEN,LAR@DEN,2026-09-28T00:20:00+00:00,KXNFLRECYDS-26SEP27LARDEN-DENJWADDLE17-80,KXNFLRECYDS-26SEP27LARDEN,KXNFLRECYDS,receiving_yards,DENJWADDLE17,Jaylen Waddle: 80+ receiving yards,0.29,0.3,0.7,0.71,PASS,
2026-09-27T17:49:54.103076+00:00,2026,3,2026_03_LA_DEN,LAR@DEN,2026-09-28T00:20:00+00:00,KXNFLRECYDS-26SEP27LARDEN-DENJWADDLE17-70,KXNFLRECYDS-26SEP27LARDEN,KXNFLRECYDS,receiving_yards,DENJWADDLE17,Jaylen Waddle: 70+ receiving yards,0.38,0.39,0.61,0.62,PASS,
2026-09-27T17:49:54.103076+00:00,2026,3,2026_03_LA_DEN,LAR@DEN,2026-09-28T00:20:00+00:00,KXNFLRECYDS-26SEP27LARDEN-DENJWADDLE17-60,KXNFLRECYDS-26SEP27LARDEN,KXNFLRECYDS,receiving_yards,DENJWADDLE17,Jaylen Waddle: 60+ receiving yards,0.5,0.51,0.49,0.5,PASS,
2026-09-27T17:49:54.103076+00:00,2026,3,2026_03_LA_DEN,LAR@DEN,2026-09-28T00:20:00+00:00,KXNFLRECYDS-26SEP27LARDEN-DENJWADDLE17-50,KXNFLRECYDS-26SEP27LARDEN,KXNFLRECYDS,receiving_yards,DENJWADDLE17,Jaylen Waddle: 50+ receiving yards,0.6,0.62,0.38,0.4,PASS,
2026-09-27T17:49:54.103076+00:00,2026,3,2026_03_LA_DEN,LAR@DEN,2026-09-28T00:20:00+00:00,KXNFLRECYDS-26SEP27LARDEN-DENJWADDLE17-40,KXNFLRECYDS-26SEP27LARDEN,KXNFLRECYDS,receiving_yards,DENJWADDLE17,Jaylen Waddle: 40+ receiving yards,0.7,0.73,0.27,0.30000000000000004,PASS,
2026-09-27T17:49:54.103076+00:00,2026,3,2026_03_LA_DEN,LAR@DEN,2026-09-28T00:20:00+00:00,KXNFLRECYDS-26SEP27LARDEN-DENJWADDLE17-25,KXNFLRECYDS-26SEP27LARDEN,KXNFLRECYDS,receiving_yards,DENJWADDLE17,Jaylen Waddle: 25+ receiving yards,0.84,0.87,0.13,0.16000000000000003,PASS,
2026-09-27T17:49:54.103076+00:00,2026,3,2026_03_LA_DEN,LAR@DEN,2026-09-28T00:20:00+00:00,KXNFLRECYDS-26SEP27LARDEN-DENJWADDLE17-130,KXNFLRECYDS-26SEP27LARDEN,KXNFLRECYDS,receiving_yards,DENJWADDLE17,Jaylen Waddle: 130+ receiving yards,0.05,0.07,0.9299999999999999,0.95,PASS,
2026-09-27T17:49:54.103076+00:00,2026,3,2026_03_LA_DEN,LAR@DEN,2026-09-28T00:20:00+00:00,KXNFLRECYDS-26SEP27LARDEN-DENJWADDLE17-120,KXNFLRECYDS-26SEP27LARDEN,KXNFLRECYDS,receiving_yards,DENJWADDLE17,Jaylen Waddle: 120+ receiving yards,0.07,0.09,0.91,0.9299999999999999,PASS,
2026-09-27T17:49:54.103076+00:00,2026,3,2026_03_LA_DEN,LAR@DEN,2026-09-28T00:20:00+00:00,KXNFLRECYDS-26SEP27LARDEN-DENJWADDLE17-110,KXNFLRECYDS-26SEP27LARDEN,KXNFLRECYDS,receiving_yards,DENJWADDLE17,Jaylen Waddle: 110+ receiving yards,0.11,0.12,0.88,0.89,PASS,
2026-09-27T17:49:54.103076+00:00,2026,3,2026_03_LA_DEN,LAR@DEN,2026-09-28T00:20:00+00:00,KXNFLRECYDS-26SEP27LARDEN-DENJWADDLE17-100,KXNFLRECYDS-26SEP27LARDEN,KXNFLRECYDS,receiving_yards,DENJWADDLE17,Jaylen Waddle: 100+ receiving yards,0.16,0.17,0.83,0.84,PASS,
2026-09-27T17:49:54.103076+00:00,2026,3,2026_03_BAL_DAL,BAL@DAL,2026-09-27T20:25:00+00:00,KXNFLRECYDS-26SEP27BALDAL-DALJWILLIAMS33-50,KXNFLRECYDS-26SEP27BALDAL,KXNFLRECYDS,receiving_yards,DALJWILLIAMS33,Javonte Williams: 50+ receiving yards,0.06,0.07,0.9299999999999999,0.94,PASS,
2026-09-27T17:49:54.103076+00:00,2026,3,2026_03_BAL_DAL,BAL@DAL,2026-09-27T20:25:00+00:00,KXNFLRECYDS-26SEP27BALDAL-DALJWILLIAMS33-40,KXNFLRECYDS-26SEP27BALDAL,KXNFLRECYDS,receiving_yards,DALJWILLIAMS33,Javonte Williams: 40+ receiving yards,0.1,0.11,0.89,0.9,PASS,
2026-09-27T17:49:54.103076+00:00,2026,3,2026_03_BAL_DAL,BAL@DAL,2026-09-27T20:25:00+00:00,KXNFLRECYDS-26SEP27BALDAL-DALJWILLIAMS33-25,KXNFLRECYDS-26SEP27BALDAL,KXNFLRECYDS,receiving_yards,DALJWILLIAMS33,Javonte Williams: 25+ receiving yards,0.26,0.27,0.73,0.74,PASS,
2026-09-27T17:49:54.103076+00:00,2026,3,2026_03_BAL_DAL,BAL@DAL,2026-09-27T20:25:00+00:00,KXNFLRECYDS-26SEP27BALDAL-DALJWILLIAMS33-15,KXNFLRECYDS-26SEP27BALDAL,KXNFLRECYDS,receiving_yards,DALJWILLIAMS33,Javonte Williams: 15+ receiving yards,0.48,0.49,0.51,0.52,PASS,
2026-09-27T17:49:54.103076+00:00,2026,3,2026_03_BAL_DAL,BAL@DAL,2026-09-27T20:25:00+00:00,KXNFLRECYDS-26SEP27BALDAL-DALJFERGUSON87-80,KXNFLRECYDS-26SEP27BALDAL,KXNFLRECYDS,receiving_yards,DALJFERGUSON87,Jake Ferguson: 80+ receiving yards,0.03,0.06,0.94,0.97,PASS,
2026-09-27T17:49:54.103076+00:00,2026,3,2026_03_BAL_DAL,BAL@DAL,2026-09-27T20:25:00+00:00,KXNFLRECYDS-26SEP27BALDAL-DALJFERGUSON87-70,KXNFLRECYDS-26SEP27BALDAL,KXNFLRECYDS,receiving_yards,DALJFERGUSON87,Jake Ferguson: 70+ receiving yards,0.04,0.05,0.95,0.96,PASS,
2026-09-27T17:49:54.103076+00:00,2026,3,2026_03_BAL_DAL,BAL@DAL,2026-09-27T20:25:00+00:00,KXNFLRECYDS-26SEP27BALDAL-DALJFERGUSON87-60,KXNFLRECYDS-26SEP27BALDAL,KXNFLRECYDS,receiving_yards,DALJFERGUSON87,Jake Ferguson: 60+ receiving yards,0.1,0.11,0.89,0.9,PASS,
2026-09-27T17:49:54.103076+00:00,2026,3,2026_03_BAL_DAL,BAL@DAL,2026-09-27T20:25:00+00:00,KXNFLRECYDS-26SEP27BALDAL-DALJFERGUSON87-50,KXNFLRECYDS-26SEP27BALDAL,KXNFLRECYDS,receiving_yards,DALJFERGUSON87,Jake Ferguson: 50+ receiving yards,0.16,0.17,0.83,0.84,PASS,
2026-09-27T17:49:54.103076+00:00,2026,3,2026_03_BAL_DAL,BAL@DAL,2026-09-27T20:25:00+00:00,KXNFLRECYDS-26SEP27BALDAL-DALJFERGUSON87-40,KXNFLRECYDS-26SEP27BALDAL,KXNFLRECYDS,receiving_yards,DALJFERGUSON87,Jake Ferguson: 40+ receiving yards,0.28,0.29,0.71,0.72,PASS,
2026-09-27T17:49:54.103076+00:00,2026,3,2026_03_BAL_DAL,BAL@DAL,2026-09-27T20:25:00+00:00,KXNFLRECYDS-26SEP27BALDAL-DALJFERGUSON87-25,KXNFLRECYDS-26SEP27BALDAL,KXNFLRECYDS,receiving_yards,DALJFERGUSON87,Jake Ferguson: 25+ receiving yards,0.54,0.55,0.44999999999999996,0.45999999999999996,PASS,
2026-09-27T17:49:54.103076+00:00,2026,3,2026_03_BAL_DAL,BAL@DAL,2026-09-27T20:25:00+00:00,KXNFLRECYDS-26SEP27BALDAL-DALJFERGUSON87-15,KXNFLRECYDS-26SEP27BALDAL,KXNFLRECYDS,receiving_yards,DALJFERGUSON87,Jake Ferguson: 15+ receiving yards,0.73,0.74,0.26,0.27,PASS,
2026-09-27T17:49:54.103076+00:00,2026,3,2026_03_BAL_DAL,BAL@DAL,2026-09-27T20:25:00+00:00,KXNFLRECYDS-26SEP27BALDAL-DALGPICKENS3-90,KXNFLRECYDS-26SEP27BALDAL,KXNFLRECYDS,receiving_yards,DALGPICKENS3,George Pickens: 90+ receiving yards,0.26,0.27,0.73,0.74,PASS,
2026-09-27T17:49:54.103076+00:00,2026,3,2026_03_BAL_DAL,BAL@DAL,2026-09-27T20:25:00+00:00,KXNFLRECYDS-26SEP27BALDAL-DALGPICKENS3-80,KXNFLRECYDS-26SEP27BALDAL,KXNFLRECYDS,receiving_yards,DALGPICKENS3,George Pickens: 80+ receiving yards,0.34,0.35,0.65,0.6599999999999999,PASS,
2026-09-27T17:49:54.103076+00:00,2026,3,2026_03_BAL_DAL,BAL@DAL,2026-09-27T20:25:00+00:00,KXNFLRECYDS-26SEP27BALDAL-DALGPICKENS3-70,KXNFLRECYDS-26SEP27BALDAL,KXNFLRECYDS,receiving_yards,DALGPICKENS3,George Pickens: 70+ receiving yards,0.44,0.45,0.55,0.56,PASS,
2026-09-27T17:49:54.103076+00:00,2026,3,2026_03_BAL_DAL,BAL@DAL,2026-09-27T20:25:00+00:00,KXNFLRECYDS-26SEP27BALDAL-DALGPICKENS3-60,KXNFLRECYDS-26SEP27BALDAL,KXNFLRECYDS,receiving_yards,DALGPICKENS3,George Pickens: 60+ receiving yards,0.55,0.56,0.43999999999999995,0.44999999999999996,PASS,
2026-09-27T17:49:54.103076+00:00,2026,3,2026_03_BAL_DAL,BAL@DAL,2026-09-27T20:25:00+00:00,KXNFLRECYDS-26SEP27BALDAL-DALGPICKENS3-50,KXNFLRECYDS-26SEP27BALDAL,KXNFLRECYDS,receiving_yards,DALGPICKENS3,George Pickens: 50+ receiving yards,0.64,0.65,0.35,0.36,PASS,
2026-09-27T17:49:54.103076+00:00,2026,3,2026_03_BAL_DAL,BAL@DAL,2026-09-27T20:25:00+00:00,KXNFLRECYDS-26SEP27BALDAL-DALGPICKENS3-40,KXNFLRECYDS-26SEP27BALDAL,KXNFLRECYDS,receiving_yards,DALGPICKENS3,George Pickens: 40+ receiving yards,0.73,0.76,0.24,0.27,PASS,
2026-09-27T17:49:54.103076+00:00,2026,3,2026_03_BAL_DAL,BAL@DAL,2026-09-27T20:25:00+00:00,KXNFLRECYDS-26SEP27BALDAL-DALGPICKENS3-25,KXNFLRECYDS-26SEP27BALDAL,KXNFLRECYDS,receiving_yards,DALGPICKENS3,George Pickens: 25+ receiving yards,0.88,0.89,0.10999999999999999,0.12,PASS,
2026-09-27T17:49:54.103076+00:00,2026,3,2026_03_BAL_DAL,BAL@DAL,2026-09-27T20:25:00+00:00,KXNFLRECYDS-26SEP27BALDAL-DALGPICKENS3-150,KXNFLRECYDS-26SEP27BALDAL,KXNFLRECYDS,receiving_yards,DALGPICKENS3,George Pickens: 150+ receiving yards,0.03,0.05,0.95,0.97,PASS,
2026-09-27T17:49:54.103076+00:00,2026,3,2026_03_BAL_DAL,BAL@DAL,2026-09-27T20:25:00+00:00,KXNFLRECYDS-26SEP27BALDAL-DALGPICKENS3-140,KXNFLRECYDS-26SEP27BALDAL,KXNFLRECYDS,receiving_yards,DALGPICKENS3,George Pickens: 140+ receiving yards,0.04,0.06,0.94,0.96,PASS,
2026-09-27T17:49:54.103076+00:00,2026,3,2026_03_BAL_DAL,BAL@DAL,2026-09-27T20:25:00+00:00,KXNFLRECYDS-26SEP27BALDAL-DALGPICKENS3-130,KXNFLRECYDS-26SEP27BALDAL,KXNFLRECYDS,receiving_yards,DALGPICKENS3,George Pickens: 130+ receiving yards,0.06,0.08,0.92,0.94,PASS,
2026-09-27T17:49:54.103076+00:00,2026,3,2026_03_BAL_DAL,BAL@DAL,2026-09-27T20:25:00+00:00,KXNFLRECYDS-26SEP27BALDAL-DALGPICKENS3-120,KXNFLRECYDS-26SEP27BALDAL,KXNFLRECYDS,receiving_yards,DALGPICKENS3,George Pickens: 120+ receiving yards,0.1,0.11,0.89,0.9,PASS,
2026-09-27T17:49:54.103076+00:00,2026,3,2026_03_BAL_DAL,BAL@DAL,2026-09-27T20:25:00+00:00,KXNFLRECYDS-26SEP27BALDAL-DALGPICKENS3-110,KXNFLRECYDS-26SEP27BALDAL,KXNFLRECYDS,receiving_yards,DALGPICKENS3,George Pickens: 110+ receiving yards,0.14,0.15,0.85,0.86,PASS,
2026-09-27T17:49:54.103076+00:00,2026,3,2026_03_BAL_DAL,BAL@DAL,2026-09-27T20:25:00+00:00,KXNFLRECYDS-26SEP27BALDAL-DALGPICKENS3-100,KXNFLRECYDS-26SEP27BALDAL,KXNFLRECYDS,receiving_yards,DALGPICKENS3,George Pickens: 100+ receiving yards,0.2,0.21,0.79,0.8,PASS,
2026-09-27T17:49:54.103076+00:00,2026,3,2026_03_BAL_DAL,BAL@DAL,2026-09-27T20:25:00+00:00,KXNFLRECYDS-26SEP27BALDAL-DALCLAMB88-90,KXNFLRECYDS-26SEP27BALDAL,KXNFLRECYDS,receiving_yards,DALCLAMB88,CeeDee Lamb: 90+ receiving yards,0.41,0.42,0.5800000000000001,0.5900000000000001,PASS,
2026-09-27T17:49:54.103076+00:00,2026,3,2026_03_BAL_DAL,BAL@DAL,2026-09-27T20:25:00+00:00,KXNFLRECYDS-26SEP27BALDAL-DALCLAMB88-85,KXNFLRECYDS-26SEP27BALDAL,KXNFLRECYDS,receiving_yards,DALCLAMB88,CeeDee Lamb: 85+ receiving yards,0.46,0.47,0.53,0.54,PASS,
2026-09-27T17:49:54.103076+00:00,2026,3,2026_03_BAL_DAL,BAL@DAL,2026-09-27T20:25:00+00:00,KXNFLRECYDS-26SEP27BALDAL-DALCLAMB88-80,KXNFLRECYDS-26SEP27BALDAL,KXNFLRECYDS,receiving_yards,DALCLAMB88,CeeDee Lamb: 80+ receiving yards,0.51,0.52,0.48,0.49,PASS,
2026-09-27T17:49:54.103076+00:00,2026,3,2026_03_BAL_DAL,BAL@DAL,2026-09-27T20:25:00+00:00,KXNFLRECYDS-26SEP27BALDAL-DALCLAMB88-70,KXNFLRECYDS-26SEP27BALDAL,KXNFLRECYDS,receiving_yards,DALCLAMB88,CeeDee Lamb: 70+ receiving yards,0.6,0.61,0.39,0.4,PASS,
2026-09-27T17:49:54.103076+00:00,2026,3,2026_03_BAL_DAL,BAL@DAL,2026-09-27T20:25:00+00:00,KXNFLRECYDS-26SEP27BALDAL-DALCLAMB88-60,KXNFLRECYDS-26SEP27BALDAL,KXNFLRECYDS,receiving_yards,DALCLAMB88,CeeDee Lamb: 60+ receiving yards,0.68,0.7,0.30000000000000004,0.31999999999999995,PASS,
2026-09-27T17:49:54.103076+00:00,2026,3,2026_03_BAL_DAL,BAL@DAL,2026-09-27T20:25:00+00:00,KXNFLRECYDS-26SEP27BALDAL-DALCLAMB88-50,KXNFLRECYDS-26SEP27BALDAL,KXNFLRECYDS,receiving_yards,DALCLAMB88,CeeDee Lamb: 50+ receiving yards,0.77,0.79,0.20999999999999996,0.22999999999999998,PASS,
2026-09-27T17:49:54.103076+00:00,2026,3,2026_03_BAL_DAL,BAL@DAL,2026-09-27T20:25:00+00:00,KXNFLRECYDS-26SEP27BALDAL-DALCLAMB88-40,KXNFLRECYDS-26SEP27BALDAL,KXNFLRECYDS,receiving_yards,DALCLAMB88,CeeDee Lamb: 40+ receiving yards,0.84,0.86,0.14,0.16000000000000003,PASS,
2026-09-27T17:49:54.103076+00:00,2026,3,2026_03_BAL_DAL,BAL@DAL,2026-09-27T20:25:00+00:00,KXNFLRECYDS-26SEP27BALDAL-DALCLAMB88-170,KXNFLRECYDS-26SEP27BALDAL,KXNFLRECYDS,receiving_yards,DALCLAMB88,CeeDee Lamb: 170+ receiving yards,0.02,0.05,0.95,0.98,PASS,
2026-09-27T17:49:54.103076+00:00,2026,3,2026_03_BAL_DAL,BAL@DAL,2026-09-27T20:25:00+00:00,KXNFLRECYDS-26SEP27BALDAL-DALCLAMB88-160,KXNFLRECYDS-26SEP27BALDAL,KXNFLRECYDS,receiving_yards,DALCLAMB88,CeeDee Lamb: 160+ receiving yards,0.03,0.07,0.9299999999999999,0.97,PASS,
2026-09-27T17:49:54.103076+00:00,2026,3,2026_03_BAL_DAL,BAL@DAL,2026-09-27T20:25:00+00:00,KXNFLRECYDS-26SEP27BALDAL-DALCLAMB88-150,KXNFLRECYDS-26SEP27BALDAL,KXNFLRECYDS,receiving_yards,DALCLAMB88,CeeDee Lamb: 150+ receiving yards,0.05,0.08,0.92,0.95,PASS,
2026-09-27T17:49:54.103076+00:00,2026,3,2026_03_BAL_DAL,BAL@DAL,2026-09-27T20:25:00+00:00,KXNFLRECYDS-26SEP27BALDAL-DALCLAMB88-140,KXNFLRECYDS-26SEP27BALDAL,KXNFLRECYDS,receiving_yards,DALCLAMB88,CeeDee Lamb: 140+ receiving yards,0.11,0.12,0.88,0.89,PASS,
2026-09-27T17:49:54.103076+00:00,2026,3,2026_03_BAL_DAL,BAL@DAL,2026-09-27T20:25:00+00:00,KXNFLRECYDS-26SEP27BALDAL-DALCLAMB88-130,KXNFLRECYDS-26SEP27BALDAL,KXNFLRECYDS,receiving_yards,DALCLAMB88,CeeDee Lamb: 130+ receiving yards,0.14,0.15,0.85,0.86,PASS,
2026-09-27T17:49:54.103076+00:00,2026,3,2026_03_BAL_DAL,BAL@DAL,2026-09-27T20:25:00+00:00,KXNFLRECYDS-26SEP27BALDAL-DALCLAMB88-120,KXNFLRECYDS-26SEP27BALDAL,KXNFLRECYDS,receiving_yards,DALCLAMB88,CeeDee Lamb: 120+ receiving yards,0.19,0.2,0.8,0.81,PASS,
2026-09-27T17:49:54.103076+00:00,2026,3,2026_03_BAL_DAL,BAL@DAL,2026-09-27T20:25:00+00:00,KXNFLRECYDS-26SEP27BALDAL-DALCLAMB88-110,KXNFLRECYDS-26SEP27BALDAL,KXNFLRECYDS,receiving_yards,DALCLAMB88,CeeDee Lamb: 110+ receiving yards,0.25,0.27,0.73,0.75,PASS,
2026-09-27T17:49:54.103076+00:00,2026,3,2026_03_BAL_DAL,BAL@DAL,2026-09-27T20:25:00+00:00,KXNFLRECYDS-26SEP27BALDAL-DALCLAMB88-100,KXNFLRECYDS-26SEP27BALDAL,KXNFLRECYDS,receiving_yards,DALCLAMB88,CeeDee Lamb: 100+ receiving yards,0.33,0.34,0.6599999999999999,0.6699999999999999,PASS,
2026-09-27T17:49:54.103076+00:00,2026,3,2026_03_LV_NO,LV@NO,2026-09-27T20:25:00+00:00,KXNFLREC-26SEP27LVNO-LVMMAYER87-7,KXNFLREC-26SEP27LVNO,KXNFLREC,receptions,LVMMAYER87,Michael Mayer: 7+ receptions,0.0,0.04,0.96,1.0,PASS,
2026-09-27T17:49:54.103076+00:00,2026,3,2026_03_LV_NO,LV@NO,2026-09-27T20:25:00+00:00,KXNFLREC-26SEP27LVNO-LVMMAYER87-6,KXNFLREC-26SEP27LVNO,KXNFLREC,receptions,LVMMAYER87,Michael Mayer: 6+ receptions,0.03,0.07,0.9299999999999999,0.97,PASS,
2026-09-27T17:49:54.103076+00:00,2026,3,2026_03_LV_NO,LV@NO,2026-09-27T20:25:00+00:00,KXNFLREC-26SEP27LVNO-LVMMAYER87-5,KXNFLREC-26SEP27LVNO,KXNFLREC,receptions,LVMMAYER87,Michael Mayer: 5+ receptions,0.12,0.13,0.87,0.88,PASS,
2026-09-27T17:49:54.103076+00:00,2026,3,2026_03_LV_NO,LV@NO,2026-09-27T20:25:00+00:00,KXNFLREC-26SEP27LVNO-LVMMAYER87-4,KXNFLREC-26SEP27LVNO,KXNFLREC,receptions,LVMMAYER87,Michael Mayer: 4+ receptions,0.25,0.26,0.74,0.75,PASS,
2026-09-27T17:49:54.103076+00:00,2026,3,2026_03_LV_NO,LV@NO,2026-09-27T20:25:00+00:00,KXNFLREC-26SEP27LVNO-LVMMAYER87-3,KXNFLREC-26SEP27LVNO,KXNFLREC,receptions,LVMMAYER87,Michael Mayer: 3+ receptions,0.45,0.46,0.54,0.55,PASS,
2026-09-27T17:49:54.103076+00:00,2026,3,2026_03_LV_NO,LV@NO,2026-09-27T20:25:00+00:00,KXNFLREC-26SEP27LVNO-LVMMAYER87-2,KXNFLREC-26SEP27LVNO,KXNFLREC,receptions,LVMMAYER87,Michael Mayer: 2+ receptions,0.68,0.69,0.31000000000000005,0.31999999999999995,PASS,
2026-09-27T17:49:54.103076+00:00,2026,3,2026_03_LV_NO,LV@NO,2026-09-27T20:25:00+00:00,KXNFLREC-26SEP27LVNO-LVJBECH18-6,KXNFLREC-26SEP27LVNO,KXNFLREC,receptions,LVJBECH18,Jack Bech: 6+ receptions,0.0,0.04,0.96,1.0,PASS,
2026-09-27T17:49:54.103076+00:00,2026,3,2026_03_LV_NO,LV@NO,2026-09-27T20:25:00+00:00,KXNFLREC-26SEP27LVNO-LVJBECH18-5,KXNFLREC-26SEP27LVNO,KXNFLREC,receptions,LVJBECH18,Jack Bech: 5+ receptions,0.02,0.06,0.94,0.98,PASS,
2026-09-27T17:49:54.103076+00:00,2026,3,2026_03_LV_NO,LV@NO,2026-09-27T20:25:00+00:00,KXNFLREC-26SEP27LVNO-LVJBECH18-4,KXNFLREC-26SEP27LVNO,KXNFLREC,receptions,LVJBECH18,Jack Bech: 4+ receptions,0.1,0.12,0.88,0.9,PASS,
2026-09-27T17:49:54.103076+00:00,2026,3,2026_03_LV_NO,LV@NO,2026-09-27T20:25:00+00:00,KXNFLREC-26SEP27LVNO-LVJBECH18-3,KXNFLREC-26SEP27LVNO,KXNFLREC,receptions,LVJBECH18,Jack Bech: 3+ receptions,0.23,0.25,0.75,0.77,PASS,
2026-09-27T17:49:54.103076+00:00,2026,3,2026_03_LV_NO,LV@NO,2026-09-27T20:25:00+00:00,KXNFLREC-26SEP27LVNO-LVJBECH18-2,KXNFLREC-26SEP27LVNO,KXNFLREC,receptions,LVJBECH18,Jack Bech: 2+ receptions,0.49,0.5,0.5,0.51,PASS,
2026-09-27T17:49:54.103076+00:00,2026,3,2026_03_ARI_SF,ARI@SF,2026-09-27T20:05:00+00:00,KXNFLREC-26SEP27ARISF-SFKJUSZCZYK44-4,KXNFLREC-26SEP27ARISF,KXNFLREC,receptions,SFKJUSZCZYK44,Kyle Juszczyk: 4+ receptions,0.01,0.05,0.95,0.99,PASS,
2026-09-27T17:49:54.103076+00:00,2026,3,2026_03_ARI_SF,ARI@SF,2026-09-27T20:05:00+00:00,KXNFLREC-26SEP27ARISF-SFKJUSZCZYK44-3,KXNFLREC-26SEP27ARISF,KXNFLREC,receptions,SFKJUSZCZYK44,Kyle Juszczyk: 3+ receptions,0.12,0.16,0.84,0.88,PASS,
2026-09-27T17:49:54.103076+00:00,2026,3,2026_03_ARI_SF,ARI@SF,2026-09-27T20:05:00+00:00,KXNFLREC-26SEP27ARISF-SFKJUSZCZYK44-2,KXNFLREC-26SEP27ARISF,KXNFLREC,receptions,SFKJUSZCZYK44,Kyle Juszczyk: 2+ receptions,0.35,0.36,0.64,0.65,PASS,
2026-09-27T17:49:54.103076+00:00,2026,3,2026_03_LV_NO,LV@NO,2026-09-27T20:25:00+00:00,KXNFLREC-26SEP27LVNO-NONFANT87-5,KXNFLREC-26SEP27LVNO,KXNFLREC,receptions,NONFANT87,Noah Fant: 5+ receptions,0.0,0.05,0.95,1.0,PASS,
2026-09-27T17:49:54.103076+00:00,2026,3,2026_03_LV_NO,LV@NO,2026-09-27T20:25:00+00:00,KXNFLREC-26SEP27LVNO-NONFANT87-4,KXNFLREC-26SEP27LVNO,KXNFLREC,receptions,NONFANT87,Noah Fant: 4+ receptions,0.07,0.11,0.89,0.9299999999999999,PASS,
2026-09-27T17:49:54.103076+00:00,2026,3,2026_03_LV_NO,LV@NO,2026-09-27T20:25:00+00:00,KXNFLREC-26SEP27LVNO-NONFANT87-3,KXNFLREC-26SEP27LVNO,KXNFLREC,receptions,NONFANT87,Noah Fant: 3+ receptions,0.2,0.23,0.77,0.8,PASS,
2026-09-27T17:49:54.103076+00:00,2026,3,2026_03_LV_NO,LV@NO,2026-09-27T20:25:00+00:00,KXNFLREC-26SEP27LVNO-NONFANT87-2,KXNFLREC-26SEP27LVNO,KXNFLREC,receptions,NONFANT87,Noah Fant: 2+ receptions,0.45,0.46,0.54,0.55,PASS,
2026-09-27T17:49:54.103076+00:00,2026,3,2026_03_PHI_CHI,PHI@CHI,2026-09-29T00:15:00+00:00,KXNFLREC-26SEP28PHICHI-PHIDSMITH6-12,KXNFLREC-26SEP28PHICHI,KXNFLREC,receptions,PHIDSMITH6,DeVonta Smith: 12+ receptions,0.0,0.04,0.96,1.0,PASS,
2026-09-27T17:49:54.103076+00:00,2026,3,2026_03_PHI_CHI,PHI@CHI,2026-09-29T00:15:00+00:00,KXNFLREC-26SEP28PHICHI-PHIDSMITH6-11,KXNFLREC-26SEP28PHICHI,KXNFLREC,receptions,PHIDSMITH6,DeVonta Smith: 11+ receptions,0.01,0.06,0.94,0.99,PASS,
2026-09-27T17:49:54.103076+00:00,2026,3,2026_03_PHI_CHI,PHI@CHI,2026-09-29T00:15:00+00:00,KXNFLREC-26SEP28PHICHI-PHIDSMITH6-10,KXNFLREC-26SEP28PHICHI,KXNFLREC,receptions,PHIDSMITH6,DeVonta Smith: 10+ receptions,0.05,0.09,0.91,0.95,PASS,
2026-09-27T17:49:54.103076+00:00,2026,3,2026_03_PHI_CHI,PHI@CHI,2026-09-29T00:15:00+00:00,KXNFLREC-26SEP28PHICHI-PHIDSMITH6-9,KXNFLREC-26SEP28PHICHI,KXNFLREC,receptions,PHIDSMITH6,DeVonta Smith: 9+ receptions,0.11,0.14,0.86,0.89,PASS,
2026-09-27T17:49:54.103076+00:00,2026,3,2026_03_PHI_CHI,PHI@CHI,2026-09-29T00:15:00+00:00,KXNFLREC-26SEP28PHICHI-PHIDSMITH6-8,KXNFLREC-26SEP28PHICHI,KXNFLREC,receptions,PHIDSMITH6,DeVonta Smith: 8+ receptions,0.2,0.25,0.75,0.8,PASS,
2026-09-27T17:49:54.103076+00:00,2026,3,2026_03_PHI_CHI,PHI@CHI,2026-09-29T00:15:00+00:00,KXNFLREC-26SEP28PHICHI-PHIDSMITH6-7,KXNFLREC-26SEP28PHICHI,KXNFLREC,receptions,PHIDSMITH6,DeVonta Smith: 7+ receptions,0.32,0.38,0.62,0.6799999999999999,PASS,
2026-09-27T17:49:54.103076+00:00,2026,3,2026_03_PHI_CHI,PHI@CHI,2026-09-29T00:15:00+00:00,KXNFLREC-26SEP28PHICHI-PHIDSMITH6-6,KXNFLREC-26SEP28PHICHI,KXNFLREC,receptions,PHIDSMITH6,DeVonta Smith: 6+ receptions,0.49,0.51,0.49,0.51,PASS,
2026-09-27T17:49:54.103076+00:00,2026,3,2026_03_PHI_CHI,PHI@CHI,2026-09-29T00:15:00+00:00,KXNFLREC-26SEP28PHICHI-PHIDSMITH6-5,KXNFLREC-26SEP28PHICHI,KXNFLREC,receptions,PHIDSMITH6,DeVonta Smith: 5+ receptions,0.64,0.7,0.30000000000000004,0.36,PASS,
2026-09-27T17:49:54.103076+00:00,2026,3,2026_03_PHI_CHI,PHI@CHI,2026-09-29T00:15:00+00:00,KXNFLREC-26SEP28PHICHI-PHIDSMITH6-4,KXNFLREC-26SEP28PHICHI,KXNFLREC,receptions,PHIDSMITH6,DeVonta Smith: 4+ receptions,0.78,0.85,0.15000000000000002,0.21999999999999997,PASS,
2026-09-27T17:49:54.103076+00:00,2026,3,2026_03_PHI_CHI,PHI@CHI,2026-09-29T00:15:00+00:00,KXNFLREC-26SEP28PHICHI-PHIDSMITH6-3,KXNFLREC-26SEP28PHICHI,KXNFLREC,receptions,PHIDSMITH6,DeVonta Smith: 3+ receptions,0.88,0.9,0.09999999999999998,0.12,PASS,
2026-09-27T17:49:54.103076+00:00,2026,3,2026_03_PHI_CHI,PHI@CHI,2026-09-29T00:15:00+00:00,KXNFLREC-26SEP28PHICHI-CHICKMET85-5,KXNFLREC-26SEP28PHICHI,KXNFLREC,receptions,CHICKMET85,Cole Kmet: 5+ receptions,0.01,0.06,0.94,0.99,PASS,
2026-09-27T17:49:54.103076+00:00,2026,3,2026_03_PHI_CHI,PHI@CHI,2026-09-29T00:15:00+00:00,KXNFLREC-26SEP28PHICHI-CHICKMET85-4,KXNFLREC-26SEP28PHICHI,KXNFLREC,receptions,CHICKMET85,Cole Kmet: 4+ receptions,0.09,0.13,0.87,0.91,PASS,
2026-09-27T17:49:54.103076+00:00,2026,3,2026_03_PHI_CHI,PHI@CHI,2026-09-29T00:15:00+00:00,KXNFLREC-26SEP28PHICHI-CHICKMET85-3,KXNFLREC-26SEP28PHICHI,KXNFLREC,receptions,CHICKMET85,Cole Kmet: 3+ receptions,0.21,0.23,0.77,0.79,PASS,
2026-09-27T17:49:54.103076+00:00,2026,3,2026_03_PHI_CHI,PHI@CHI,2026-09-29T00:15:00+00:00,KXNFLREC-26SEP28PHICHI-CHICKMET85-2,KXNFLREC-26SEP28PHICHI,KXNFLREC,receptions,CHICKMET85,Cole Kmet: 2+ receptions,0.46,0.48,0.52,0.54,PASS,
2026-09-27T17:49:54.103076+00:00,2026,3,2026_03_LA_DEN,LAR@DEN,2026-09-28T00:20:00+00:00,KXNFLREC-26SEP27LARDEN-DENRHARVEY12-7,KXNFLREC-26SEP27LARDEN,KXNFLREC,receptions,DENRHARVEY12,RJ Harvey: 7+ receptions,0.03,0.06,0.94,0.97,PASS,
2026-09-27T17:49:54.103076+00:00,2026,3,2026_03_LA_DEN,LAR@DEN,2026-09-28T00:20:00+00:00,KXNFLREC-26SEP27LARDEN-DENRHARVEY12-6,KXNFLREC-26SEP27LARDEN,KXNFLREC,receptions,DENRHARVEY12,RJ Harvey: 6+ receptions,0.06,0.1,0.9,0.94,PASS,
2026-09-27T17:49:54.103076+00:00,2026,3,2026_03_LA_DEN,LAR@DEN,2026-09-28T00:20:00+00:00,KXNFLREC-26SEP27LARDEN-DENRHARVEY12-5,KXNFLREC-26SEP27LARDEN,KXNFLREC,receptions,DENRHARVEY12,RJ Harvey: 5+ receptions,0.18,0.2,0.8,0.8200000000000001,PASS,
2026-09-27T17:49:54.103076+00:00,2026,3,2026_03_LA_DEN,LAR@DEN,2026-09-28T00:20:00+00:00,KXNFLREC-26SEP27LARDEN-DENRHARVEY12-4,KXNFLREC-26SEP27LARDEN,KXNFLREC,receptions,DENRHARVEY12,RJ Harvey: 4+ receptions,0.32,0.35,0.65,0.6799999999999999,PASS,
2026-09-27T17:49:54.103076+00:00,2026,3,2026_03_LA_DEN,LAR@DEN,2026-09-28T00:20:00+00:00,KXNFLREC-26SEP27LARDEN-DENRHARVEY12-3,KXNFLREC-26SEP27LARDEN,KXNFLREC,receptions,DENRHARVEY12,RJ Harvey: 3+ receptions,0.55,0.56,0.43999999999999995,0.44999999999999996,PASS,
2026-09-27T17:49:54.103076+00:00,2026,3,2026_03_LA_DEN,LAR@DEN,2026-09-28T00:20:00+00:00,KXNFLREC-26SEP27LARDEN-DENRHARVEY12-2,KXNFLREC-26SEP27LARDEN,KXNFLREC,receptions,DENRHARVEY12,RJ Harvey: 2+ receptions,0.76,0.77,0.22999999999999998,0.24,PASS,
2026-09-27T17:49:54.103076+00:00,2026,3,2026_03_LA_DEN,LAR@DEN,2026-09-28T00:20:00+00:00,KXNFLREC-26SEP27LARDEN-DENATRAUTMAN82-4,KXNFLREC-26SEP27LARDEN,KXNFLREC,receptions,DENATRAUTMAN82,Adam Trautman: 4+ receptions,0.01,0.04,0.96,0.99,PASS,
2026-09-27T17:49:54.103076+00:00,2026,3,2026_03_LA_DEN,LAR@DEN,2026-09-28T00:20:00+00:00,KXNFLREC-26SEP27LARDEN-DENATRAUTMAN82-3,KXNFLREC-26SEP27LARDEN,KXNFLREC,receptions,DENATRAUTMAN82,Adam Trautman: 3+ receptions,0.09,0.1,0.9,0.91,PASS,
2026-09-27T17:49:54.103076+00:00,2026,3,2026_03_LA_DEN,LAR@DEN,2026-09-28T00:20:00+00:00,KXNFLREC-26SEP27LARDEN-DENATRAUTMAN82-2,KXNFLREC-26SEP27LARDEN,KXNFLREC,receptions,DENATRAUTMAN82,Adam Trautman: 2+ receptions,0.25,0.27,0.73,0.75,PASS,
2026-09-27T17:49:54.103076+00:00,2026,3,2026_03_LA_DEN,LAR@DEN,2026-09-28T00:20:00+00:00,KXNFLREC-26SEP27LARDEN-DENATRAUTMAN82-1,KXNFLREC-26SEP27LARDEN,KXNFLREC,receptions,DENATRAUTMAN82,Adam Trautman: 1+ receptions,0.62,0.64,0.36,0.38,PASS,
2026-09-27T17:49:54.103076+00:00,2026,3,2026_03_LV_NO,LV@NO,2026-09-27T20:25:00+00:00,KXNFLREC-26SEP27LVNO-NOBLANCE18-5,KXNFLREC-26SEP27LVNO,KXNFLREC,receptions,NOBLANCE18,Bryce Lance: 5+ receptions,0.03,0.04,0.96,0.97,PASS,
2026-09-27T17:49:54.103076+00:00,2026,3,2026_03_LV_NO,LV@NO,2026-09-27T20:25:00+00:00,KXNFLREC-26SEP27LVNO-NOBLANCE18-4,KXNFLREC-26SEP27LVNO,KXNFLREC,receptions,NOBLANCE18,Bryce Lance: 4+ receptions,0.06,0.08,0.92,0.94,PASS,
2026-09-27T17:49:54.103076+00:00,2026,3,2026_03_LV_NO,LV@NO,2026-09-27T20:25:00+00:00,KXNFLREC-26SEP27LVNO-NOBLANCE18-3,KXNFLREC-26SEP27LVNO,KXNFLREC,receptions,NOBLANCE18,Bryce Lance: 3+ receptions,0.19,0.2,0.8,0.81,PASS,
2026-09-27T17:49:54.103076+00:00,2026,3,2026_03_LV_NO,LV@NO,2026-09-27T20:25:00+00:00,KXNFLREC-26SEP27LVNO-NOBLANCE18-2,KXNFLREC-26SEP27LVNO,KXNFLREC,receptions,NOBLANCE18,Bryce Lance: 2+ receptions,0.45,0.46,0.54,0.55,PASS,
2026-09-27T17:49:54.103076+00:00,2026,3,2026_03_PHI_CHI,PHI@CHI,2026-09-29T00:15:00+00:00,KXNFLREC-26SEP28PHICHI-PHISBARKLEY26-7,KXNFLREC-26SEP28PHICHI,KXNFLREC,receptions,PHISBARKLEY26,Saquon Barkley: 7+ receptions,0.02,0.04,0.96,0.98,PASS,
2026-09-27T17:49:54.103076+00:00,2026,3,2026_03_PHI_CHI,PHI@CHI,2026-09-29T00:15:00+00:00,KXNFLREC-26SEP28PHICHI-PHISBARKLEY26-6,KXNFLREC-26SEP28PHICHI,KXNFLREC,receptions,PHISBARKLEY26,Saquon Barkley: 6+ receptions,0.03,0.07,0.9299999999999999,0.97,PASS,
2026-09-27T17:49:54.103076+00:00,2026,3,2026_03_PHI_CHI,PHI@CHI,2026-09-29T00:15:00+00:00,KXNFLREC-26SEP28PHICHI-PHISBARKLEY26-5,KXNFLREC-26SEP28PHICHI,KXNFLREC,receptions,PHISBARKLEY26,Saquon Barkley: 5+ receptions,0.08,0.12,0.88,0.92,PASS,
2026-09-27T17:49:54.103076+00:00,2026,3,2026_03_PHI_CHI,PHI@CHI,2026-09-29T00:15:00+00:00,KXNFLREC-26SEP28PHICHI-PHISBARKLEY26-4,KXNFLREC-26SEP28PHICHI,KXNFLREC,receptions,PHISBARKLEY26,Saquon Barkley: 4+ receptions,0.2,0.25,0.75,0.8,PASS,
2026-09-27T17:49:54.103076+00:00,2026,3,2026_03_PHI_CHI,PHI@CHI,2026-09-29T00:15:00+00:00,KXNFLREC-26SEP28PHICHI-PHISBARKLEY26-3,KXNFLREC-26SEP28PHICHI,KXNFLREC,receptions,PHISBARKLEY26,Saquon Barkley: 3+ receptions,0.4,0.43,0.5700000000000001,0.6,PASS,
2026-09-27T17:49:54.103076+00:00,2026,3,2026_03_PHI_CHI,PHI@CHI,2026-09-29T00:15:00+00:00,KXNFLREC-26SEP28PHICHI-PHISBARKLEY26-2,KXNFLREC-26SEP28PHICHI,KXNFLREC,receptions,PHISBARKLEY26,Saquon Barkley: 2+ receptions,0.66,0.67,0.32999999999999996,0.33999999999999997,PASS,
2026-09-27T17:49:54.103076+00:00,2026,3,2026_03_PHI_CHI,PHI@CHI,2026-09-29T00:15:00+00:00,KXNFLREC-26SEP28PHICHI-PHIMLEMON9-8,KXNFLREC-26SEP28PHICHI,KXNFLREC,receptions,PHIMLEMON9,Makai Lemon: 8+ receptions,0.0,0.04,0.96,1.0,PASS,
2026-09-27T17:49:54.103076+00:00,2026,3,2026_03_PHI_CHI,PHI@CHI,2026-09-29T00:15:00+00:00,KXNFLREC-26SEP28PHICHI-PHIMLEMON9-7,KXNFLREC-26SEP28PHICHI,KXNFLREC,receptions,PHIMLEMON9,Makai Lemon: 7+ receptions,0.03,0.06,0.94,0.97,PASS,
2026-09-27T17:49:54.103076+00:00,2026,3,2026_03_PHI_CHI,PHI@CHI,2026-09-29T00:15:00+00:00,KXNFLREC-26SEP28PHICHI-PHIMLEMON9-6,KXNFLREC-26SEP28PHICHI,KXNFLREC,receptions,PHIMLEMON9,Makai Lemon: 6+ receptions,0.06,0.1,0.9,0.94,PASS,
2026-09-27T17:49:54.103076+00:00,2026,3,2026_03_PHI_CHI,PHI@CHI,2026-09-29T00:15:00+00:00,KXNFLREC-26SEP28PHICHI-PHIMLEMON9-5,KXNFLREC-26SEP28PHICHI,KXNFLREC,receptions,PHIMLEMON9,Makai Lemon: 5+ receptions,0.16,0.17,0.83,0.84,PASS,
2026-09-27T17:49:54.103076+00:00,2026,3,2026_03_PHI_CHI,PHI@CHI,2026-09-29T00:15:00+00:00,KXNFLREC-26SEP28PHICHI-PHIMLEMON9-4,KXNFLREC-26SEP28PHICHI,KXNFLREC,receptions,PHIMLEMON9,Makai Lemon: 4+ receptions,0.29,0.32,0.6799999999999999,0.71,PASS,
2026-09-27T17:49:54.103076+00:00,2026,3,2026_03_PHI_CHI,PHI@CHI,2026-09-29T00:15:00+00:00,KXNFLREC-26SEP28PHICHI-PHIMLEMON9-3,KXNFLREC-26SEP28PHICHI,KXNFLREC,receptions,PHIMLEMON9,Makai Lemon: 3+ receptions,0.51,0.53,0.47,0.49,PASS,
2026-09-27T17:49:54.103076+00:00,2026,3,2026_03_PHI_CHI,PHI@CHI,2026-09-29T00:15:00+00:00,KXNFLREC-26SEP28PHICHI-PHIMLEMON9-2,KXNFLREC-26SEP28PHICHI,KXNFLREC,receptions,PHIMLEMON9,Makai Lemon: 2+ receptions,0.71,0.72,0.28,0.29000000000000004,PASS,
2026-09-27T17:49:54.103076+00:00,2026,3,2026_03_PHI_CHI,PHI@CHI,2026-09-29T00:15:00+00:00,KXNFLREC-26SEP28PHICHI-PHIDWICKS13-9,KXNFLREC-26SEP28PHICHI,KXNFLREC,receptions,PHIDWICKS13,Dontayvion Wicks: 9+ receptions,0.0,0.04,0.96,1.0,PASS,
2026-09-27T17:49:54.103076+00:00,2026,3,2026_03_PHI_CHI,PHI@CHI,2026-09-29T00:15:00+00:00,KXNFLREC-26SEP28PHICHI-PHIDWICKS13-8,KXNFLREC-26SEP28PHICHI,KXNFLREC,receptions,PHIDWICKS13,Dontayvion Wicks: 8+ receptions,0.03,0.05,0.95,0.97,PASS,
2026-09-27T17:49:54.103076+00:00,2026,3,2026_03_PHI_CHI,PHI@CHI,2026-09-29T00:15:00+00:00,KXNFLREC-26SEP28PHICHI-PHIDWICKS13-7,KXNFLREC-26SEP28PHICHI,KXNFLREC,receptions,PHIDWICKS13,Dontayvion Wicks: 7+ receptions,0.03,0.08,0.92,0.97,PASS,
2026-09-27T17:49:54.103076+00:00,2026,3,2026_03_PHI_CHI,PHI@CHI,2026-09-29T00:15:00+00:00,KXNFLREC-26SEP28PHICHI-PHIDWICKS13-6,KXNFLREC-26SEP28PHICHI,KXNFLREC,receptions,PHIDWICKS13,Dontayvion Wicks: 6+ receptions,0.1,0.15,0.85,0.9,PASS,
2026-09-27T17:49:54.103076+00:00,2026,3,2026_03_PHI_CHI,PHI@CHI,2026-09-29T00:15:00+00:00,KXNFLREC-26SEP28PHICHI-PHIDWICKS13-5,KXNFLREC-26SEP28PHICHI,KXNFLREC,receptions,PHIDWICKS13,Dontayvion Wicks: 5+ receptions,0.21,0.25,0.75,0.79,PASS,
2026-09-27T17:49:54.103076+00:00,2026,3,2026_03_PHI_CHI,PHI@CHI,2026-09-29T00:15:00+00:00,KXNFLREC-26SEP28PHICHI-PHIDWICKS13-4,KXNFLREC-26SEP28PHICHI,KXNFLREC,receptions,PHIDWICKS13,Dontayvion Wicks: 4+ receptions,0.41,0.42,0.5800000000000001,0.5900000000000001,PASS,
2026-09-27T17:49:54.103076+00:00,2026,3,2026_03_PHI_CHI,PHI@CHI,2026-09-29T00:15:00+00:00,KXNFLREC-26SEP28PHICHI-PHIDWICKS13-3,KXNFLREC-26SEP28PHICHI,KXNFLREC,receptions,PHIDWICKS13,Dontayvion Wicks: 3+ receptions,0.59,0.63,0.37,0.41000000000000003,PASS,
2026-09-27T17:49:54.103076+00:00,2026,3,2026_03_PHI_CHI,PHI@CHI,2026-09-29T00:15:00+00:00,KXNFLREC-26SEP28PHICHI-PHIDWICKS13-2,KXNFLREC-26SEP28PHICHI,KXNFLREC,receptions,PHIDWICKS13,Dontayvion Wicks: 2+ receptions,0.79,0.82,0.18000000000000005,0.20999999999999996,PASS,
2026-09-27T17:49:54.103076+00:00,2026,3,2026_03_PHI_CHI,PHI@CHI,2026-09-29T00:15:00+00:00,KXNFLREC-26SEP28PHICHI-CHIRODUNZE15-7,KXNFLREC-26SEP28PHICHI,KXNFLREC,receptions,CHIRODUNZE15,Rome Odunze: 7+ receptions,0.01,0.05,0.95,0.99,PASS,
2026-09-27T17:49:54.103076+00:00,2026,3,2026_03_PHI_CHI,PHI@CHI,2026-09-29T00:15:00+00:00,KXNFLREC-26SEP28PHICHI-CHIRODUNZE15-6,KXNFLREC-26SEP28PHICHI,KXNFLREC,receptions,CHIRODUNZE15,Rome Odunze: 6+ receptions,0.03,0.08,0.92,0.97,PASS,
2026-09-27T17:49:54.103076+00:00,2026,3,2026_03_PHI_CHI,PHI@CHI,2026-09-29T00:15:00+00:00,KXNFLREC-26SEP28PHICHI-CHIRODUNZE15-5,KXNFLREC-26SEP28PHICHI,KXNFLREC,receptions,CHIRODUNZE15,Rome Odunze: 5+ receptions,0.11,0.15,0.85,0.89,PASS,
2026-09-27T17:49:54.103076+00:00,2026,3,2026_03_PHI_CHI,PHI@CHI,2026-09-29T00:15:00+00:00,KXNFLREC-26SEP28PHICHI-CHIRODUNZE15-4,KXNFLREC-26SEP28PHICHI,KXNFLREC,receptions,CHIRODUNZE15,Rome Odunze: 4+ receptions,0.24,0.28,0.72,0.76,PASS,
2026-09-27T17:49:54.103076+00:00,2026,3,2026_03_PHI_CHI,PHI@CHI,2026-09-29T00:15:00+00:00,KXNFLREC-26SEP28PHICHI-CHIRODUNZE15-3,KXNFLREC-26SEP28PHICHI,KXNFLREC,receptions,CHIRODUNZE15,Rome Odunze: 3+ receptions,0.43,0.47,0.53,0.5700000000000001,PASS,
2026-09-27T17:49:54.103076+00:00,2026,3,2026_03_PHI_CHI,PHI@CHI,2026-09-29T00:15:00+00:00,KXNFLREC-26SEP28PHICHI-CHIRODUNZE15-2,KXNFLREC-26SEP28PHICHI,KXNFLREC,receptions,CHIRODUNZE15,Rome Odunze: 2+ receptions,0.68,0.71,0.29000000000000004,0.31999999999999995,PASS,
2026-09-27T17:49:54.103076+00:00,2026,3,2026_03_PHI_CHI,PHI@CHI,2026-09-29T00:15:00+00:00,KXNFLREC-26SEP28PHICHI-CHILBURDEN10-9,KXNFLREC-26SEP28PHICHI,KXNFLREC,receptions,CHILBURDEN10,Luther Burden III: 9+ receptions,0.01,0.05,0.95,0.99,PASS,
2026-09-27T17:49:54.103076+00:00,2026,3,2026_03_PHI_CHI,PHI@CHI,2026-09-29T00:15:00+00:00,KXNFLREC-26SEP28PHICHI-CHILBURDEN10-8,KXNFLREC-26SEP28PHICHI,KXNFLREC,receptions,CHILBURDEN10,Luther Burden III: 8+ receptions,0.03,0.08,0.92,0.97,PASS,
2026-09-27T17:49:54.103076+00:00,2026,3,2026_03_PHI_CHI,PHI@CHI,2026-09-29T00:15:00+00:00,KXNFLREC-26SEP28PHICHI-CHILBURDEN10-7,KXNFLREC-26SEP28PHICHI,KXNFLREC,receptions,CHILBURDEN10,Luther Burden III: 7+ receptions,0.09,0.13,0.87,0.91,PASS,
2026-09-27T17:49:54.103076+00:00,2026,3,2026_03_PHI_CHI,PHI@CHI,2026-09-29T00:15:00+00:00,KXNFLREC-26SEP28PHICHI-CHILBURDEN10-6,KXNFLREC-26SEP28PHICHI,KXNFLREC,receptions,CHILBURDEN10,Luther Burden III: 6+ receptions,0.17,0.22,0.78,0.83,PASS,
2026-09-27T17:49:54.103076+00:00,2026,3,2026_03_PHI_CHI,PHI@CHI,2026-09-29T00:15:00+00:00,KXNFLREC-26SEP28PHICHI-CHILBURDEN10-5,KXNFLREC-26SEP28PHICHI,KXNFLREC,receptions,CHILBURDEN10,Luther Burden III: 5+ receptions,0.31,0.35,0.65,0.69,PASS,
2026-09-27T17:49:54.103076+00:00,2026,3,2026_03_PHI_CHI,PHI@CHI,2026-09-29T00:15:00+00:00,KXNFLREC-26SEP28PHICHI-CHILBURDEN10-4,KXNFLREC-26SEP28PHICHI,KXNFLREC,receptions,CHILBURDEN10,Luther Burden III: 4+ receptions,0.49,0.52,0.48,0.51,PASS,
2026-09-27T17:49:54.103076+00:00,2026,3,2026_03_PHI_CHI,PHI@CHI,2026-09-29T00:15:00+00:00,KXNFLREC-26SEP28PHICHI-CHILBURDEN10-3,KXNFLREC-26SEP28PHICHI,KXNFLREC,receptions,CHILBURDEN10,Luther Burden III: 3+ receptions,0.68,0.71,0.29000000000000004,0.31999999999999995,PASS,
2026-09-27T17:49:54.103076+00:00,2026,3,2026_03_PHI_CHI,PHI@CHI,2026-09-29T00:15:00+00:00,KXNFLREC-26SEP28PHICHI-CHILBURDEN10-2,KXNFLREC-26SEP28PHICHI,KXNFLREC,receptions,CHILBURDEN10,Luther Burden III: 2+ receptions,0.84,0.86,0.14,0.16000000000000003,PASS,
2026-09-27T17:49:54.103076+00:00,2026,3,2026_03_PHI_CHI,PHI@CHI,2026-09-29T00:15:00+00:00,KXNFLREC-26SEP28PHICHI-CHIKRAYMOND14-8,KXNFLREC-26SEP28PHICHI,KXNFLREC,receptions,CHIKRAYMOND14,Kalif Raymond: 8+ receptions,0.01,0.05,0.95,0.99,PASS,
2026-09-27T17:49:54.103076+00:00,2026,3,2026_03_PHI_CHI,PHI@CHI,2026-09-29T00:15:00+00:00,KXNFLREC-26SEP28PHICHI-CHIKRAYMOND14-7,KXNFLREC-26SEP28PHICHI,KXNFLREC,receptions,CHIKRAYMOND14,Kalif Raymond: 7+ receptions,0.03,0.07,0.9299999999999999,0.97,PASS,
2026-09-27T17:49:54.103076+00:00,2026,3,2026_03_PHI_CHI,PHI@CHI,2026-09-29T00:15:00+00:00,KXNFLREC-26SEP28PHICHI-CHIKRAYMOND14-6,KXNFLREC-26SEP28PHICHI,KXNFLREC,receptions,CHIKRAYMOND14,Kalif Raymond: 6+ receptions,0.09,0.12,0.88,0.91,PASS,
2026-09-27T17:49:54.103076+00:00,2026,3,2026_03_PHI_CHI,PHI@CHI,2026-09-29T00:15:00+00:00,KXNFLREC-26SEP28PHICHI-CHIKRAYMOND14-5,KXNFLREC-26SEP28PHICHI,KXNFLREC,receptions,CHIKRAYMOND14,Kalif Raymond: 5+ receptions,0.18,0.23,0.77,0.8200000000000001,PASS,
2026-09-27T17:49:54.103076+00:00,2026,3,2026_03_PHI_CHI,PHI@CHI,2026-09-29T00:15:00+00:00,KXNFLREC-26SEP28PHICHI-CHIKRAYMOND14-4,KXNFLREC-26SEP28PHICHI,KXNFLREC,receptions,CHIKRAYMOND14,Kalif Raymond: 4+ receptions,0.34,0.38,0.62,0.6599999999999999,PASS,
2026-09-27T17:49:54.103076+00:00,2026,3,2026_03_PHI_CHI,PHI@CHI,2026-09-29T00:15:00+00:00,KXNFLREC-26SEP28PHICHI-CHIKRAYMOND14-3,KXNFLREC-26SEP28PHICHI,KXNFLREC,receptions,CHIKRAYMOND14,Kalif Raymond: 3+ receptions,0.56,0.57,0.43000000000000005,0.43999999999999995,PASS,
2026-09-27T17:49:54.103076+00:00,2026,3,2026_03_PHI_CHI,PHI@CHI,2026-09-29T00:15:00+00:00,KXNFLREC-26SEP28PHICHI-CHIKRAYMOND14-2,KXNFLREC-26SEP28PHICHI,KXNFLREC,receptions,CHIKRAYMOND14,Kalif Raymond: 2+ receptions,0.76,0.78,0.21999999999999997,0.24,PASS,
2026-09-27T17:49:54.103076+00:00,2026,3,2026_03_PHI_CHI,PHI@CHI,2026-09-29T00:15:00+00:00,KXNFLREC-26SEP28PHICHI-CHIDSWIFT4-6,KXNFLREC-26SEP28PHICHI,KXNFLREC,receptions,CHIDSWIFT4,D'Andre Swift: 6+ receptions,0.03,0.05,0.95,0.97,PASS,
2026-09-27T17:49:54.103076+00:00,2026,3,2026_03_PHI_CHI,PHI@CHI,2026-09-29T00:15:00+00:00,KXNFLREC-26SEP28PHICHI-CHIDSWIFT4-5,KXNFLREC-26SEP28PHICHI,KXNFLREC,receptions,CHIDSWIFT4,D'Andre Swift: 5+ receptions,0.06,0.08,0.92,0.94,PASS,
2026-09-27T17:49:54.103076+00:00,2026,3,2026_03_PHI_CHI,PHI@CHI,2026-09-29T00:15:00+00:00,KXNFLREC-26SEP28PHICHI-CHIDSWIFT4-4,KXNFLREC-26SEP28PHICHI,KXNFLREC,receptions,CHIDSWIFT4,D'Andre Swift: 4+ receptions,0.14,0.17,0.83,0.86,PASS,
2026-09-27T17:49:54.103076+00:00,2026,3,2026_03_PHI_CHI,PHI@CHI,2026-09-29T00:15:00+00:00,KXNFLREC-26SEP28PHICHI-CHIDSWIFT4-3,KXNFLREC-26SEP28PHICHI,KXNFLREC,receptions,CHIDSWIFT4,D'Andre Swift: 3+ receptions,0.28,0.31,0.69,0.72,PASS,
2026-09-27T17:49:54.103076+00:00,2026,3,2026_03_PHI_CHI,PHI@CHI,2026-09-29T00:15:00+00:00,KXNFLREC-26SEP28PHICHI-CHIDSWIFT4-2,KXNFLREC-26SEP28PHICHI,KXNFLREC,receptions,CHIDSWIFT4,D'Andre Swift: 2+ receptions,0.53,0.56,0.43999999999999995,0.47,PASS,
2026-09-27T17:49:54.103076+00:00,2026,3,2026_03_PHI_CHI,PHI@CHI,2026-09-29T00:15:00+00:00,KXNFLREC-26SEP28PHICHI-CHICLOVELAND84-8,KXNFLREC-26SEP28PHICHI,KXNFLREC,receptions,CHICLOVELAND84,Colston Loveland: 8+ receptions,0.05,0.07,0.9299999999999999,0.95,PASS,
2026-09-27T17:49:54.103076+00:00,2026,3,2026_03_PHI_CHI,PHI@CHI,2026-09-29T00:15:00+00:00,KXNFLREC-26SEP28PHICHI-CHICLOVELAND84-7,KXNFLREC-26SEP28PHICHI,KXNFLREC,receptions,CHICLOVELAND84,Colston Loveland: 7+ receptions,0.09,0.11,0.89,0.91,PASS,
2026-09-27T17:49:54.103076+00:00,2026,3,2026_03_PHI_CHI,PHI@CHI,2026-09-29T00:15:00+00:00,KXNFLREC-26SEP28PHICHI-CHICLOVELAND84-6,KXNFLREC-26SEP28PHICHI,KXNFLREC,receptions,CHICLOVELAND84,Colston Loveland: 6+ receptions,0.17,0.2,0.8,0.83,PASS,
2026-09-27T17:49:54.103076+00:00,2026,3,2026_03_PHI_CHI,PHI@CHI,2026-09-29T00:15:00+00:00,KXNFLREC-26SEP28PHICHI-CHICLOVELAND84-5,KXNFLREC-26SEP28PHICHI,KXNFLREC,receptions,CHICLOVELAND84,Colston Loveland: 5+ receptions,0.29,0.32,0.6799999999999999,0.71,PASS,
2026-09-27T17:49:54.103076+00:00,2026,3,2026_03_PHI_CHI,PHI@CHI,2026-09-29T00:15:00+00:00,KXNFLREC-26SEP28PHICHI-CHICLOVELAND84-4,KXNFLREC-26SEP28PHICHI,KXNFLREC,receptions,CHICLOVELAND84,Colston Loveland: 4+ receptions,0.47,0.48,0.52,0.53,PASS,
2026-09-27T17:49:54.103076+00:00,2026,3,2026_03_PHI_CHI,PHI@CHI,2026-09-29T00:15:00+00:00,KXNFLREC-26SEP28PHICHI-CHICLOVELAND84-3,KXNFLREC-26SEP28PHICHI,KXNFLREC,receptions,CHICLOVELAND84,Colston Loveland: 3+ receptions,0.66,0.69,0.31000000000000005,0.33999999999999997,PASS,
2026-09-27T17:49:54.103076+00:00,2026,3,2026_03_PHI_CHI,PHI@CHI,2026-09-29T00:15:00+00:00,KXNFLREC-26SEP28PHICHI-CHICLOVELAND84-2,KXNFLREC-26SEP28PHICHI,KXNFLREC,receptions,CHICLOVELAND84,Colston Loveland: 2+ receptions,0.83,0.84,0.16000000000000003,0.17000000000000004,PASS,
2026-09-27T17:49:54.103076+00:00,2026,3,2026_03_LV_NO,LV@NO,2026-09-27T20:25:00+00:00,KXNFLREC-26SEP27LVNO-LVJNAILOR9-7,KXNFLREC-26SEP27LVNO,KXNFLREC,receptions,LVJNAILOR9,Jalen Nailor: 7+ receptions,0.0,0.04,0.96,1.0,PASS,
2026-09-27T17:49:54.103076+00:00,2026,3,2026_03_LV_NO,LV@NO,2026-09-27T20:25:00+00:00,KXNFLREC-26SEP27LVNO-LVJNAILOR9-6,KXNFLREC-26SEP27LVNO,KXNFLREC,receptions,LVJNAILOR9,Jalen Nailor: 6+ receptions,0.03,0.06,0.94,0.97,PASS,
2026-09-27T17:49:54.103076+00:00,2026,3,2026_03_LV_NO,LV@NO,2026-09-27T20:25:00+00:00,KXNFLREC-26SEP27LVNO-LVJNAILOR9-5,KXNFLREC-26SEP27LVNO,KXNFLREC,receptions,LVJNAILOR9,Jalen Nailor: 5+ receptions,0.1,0.12,0.88,0.9,PASS,
2026-09-27T17:49:54.103076+00:00,2026,3,2026_03_LV_NO,LV@NO,2026-09-27T20:25:00+00:00,KXNFLREC-26SEP27LVNO-LVJNAILOR9-4,KXNFLREC-26SEP27LVNO,KXNFLREC,receptions,LVJNAILOR9,Jalen Nailor: 4+ receptions,0.21,0.24,0.76,0.79,PASS,
2026-09-27T17:49:54.103076+00:00,2026,3,2026_03_LV_NO,LV@NO,2026-09-27T20:25:00+00:00,KXNFLREC-26SEP27LVNO-LVJNAILOR9-3,KXNFLREC-26SEP27LVNO,KXNFLREC,receptions,LVJNAILOR9,Jalen Nailor: 3+ receptions,0.41,0.42,0.5800000000000001,0.5900000000000001,PASS,
2026-09-27T17:49:54.103076+00:00,2026,3,2026_03_LV_NO,LV@NO,2026-09-27T20:25:00+00:00,KXNFLREC-26SEP27LVNO-LVJNAILOR9-2,KXNFLREC-26SEP27LVNO,KXNFLREC,receptions,LVJNAILOR9,Jalen Nailor: 2+ receptions,0.64,0.65,0.35,0.36,PASS,
2026-09-27T17:49:54.103076+00:00,2026,3,2026_03_LV_NO,LV@NO,2026-09-27T20:25:00+00:00,KXNFLREC-26SEP27LVNO-NOAKAMARA41-8,KXNFLREC-26SEP27LVNO,KXNFLREC,receptions,NOAKAMARA41,Alvin Kamara: 8+ receptions,0.02,0.03,0.97,0.98,PASS,
2026-09-27T17:49:54.103076+00:00,2026,3,2026_03_LV_NO,LV@NO,2026-09-27T20:25:00+00:00,KXNFLREC-26SEP27LVNO-NOAKAMARA41-7,KXNFLREC-26SEP27LVNO,KXNFLREC,receptions,NOAKAMARA41,Alvin Kamara: 7+ receptions,0.03,0.04,0.96,0.97,PASS,
2026-09-27T17:49:54.103076+00:00,2026,3,2026_03_LV_NO,LV@NO,2026-09-27T20:25:00+00:00,KXNFLREC-26SEP27LVNO-NOAKAMARA41-6,KXNFLREC-26SEP27LVNO,KXNFLREC,receptions,NOAKAMARA41,Alvin Kamara: 6+ receptions,0.06,0.08,0.92,0.94,PASS,
2026-09-27T17:49:54.103076+00:00,2026,3,2026_03_LV_NO,LV@NO,2026-09-27T20:25:00+00:00,KXNFLREC-26SEP27LVNO-NOAKAMARA41-5,KXNFLREC-26SEP27LVNO,KXNFLREC,receptions,NOAKAMARA41,Alvin Kamara: 5+ receptions,0.13,0.16,0.84,0.87,PASS,
2026-09-27T17:49:54.103076+00:00,2026,3,2026_03_LV_NO,LV@NO,2026-09-27T20:25:00+00:00,KXNFLREC-26SEP27LVNO-NOAKAMARA41-4,KXNFLREC-26SEP27LVNO,KXNFLREC,receptions,NOAKAMARA41,Alvin Kamara: 4+ receptions,0.31,0.32,0.6799999999999999,0.69,PASS,
2026-09-27T17:49:54.103076+00:00,2026,3,2026_03_LV_NO,LV@NO,2026-09-27T20:25:00+00:00,KXNFLREC-26SEP27LVNO-NOAKAMARA41-3,KXNFLREC-26SEP27LVNO,KXNFLREC,receptions,NOAKAMARA41,Alvin Kamara: 3+ receptions,0.51,0.52,0.48,0.49,PASS,
2026-09-27T17:49:54.103076+00:00,2026,3,2026_03_LV_NO,LV@NO,2026-09-27T20:25:00+00:00,KXNFLREC-26SEP27LVNO-NOAKAMARA41-2,KXNFLREC-26SEP27LVNO,KXNFLREC,receptions,NOAKAMARA41,Alvin Kamara: 2+ receptions,0.72,0.73,0.27,0.28,PASS,
2026-09-27T17:49:54.103076+00:00,2026,3,2026_03_LV_NO,LV@NO,2026-09-27T20:25:00+00:00,KXNFLREC-26SEP27LVNO-NOTETIENNE3-6,KXNFLREC-26SEP27LVNO,KXNFLREC,receptions,NOTETIENNE3,Travis Etienne Jr.: 6+ receptions,0.02,0.03,0.97,0.98,PASS,
2026-09-27T17:49:54.103076+00:00,2026,3,2026_03_LV_NO,LV@NO,2026-09-27T20:25:00+00:00,KXNFLREC-26SEP27LVNO-NOTETIENNE3-5,KXNFLREC-26SEP27LVNO,KXNFLREC,receptions,NOTETIENNE3,Travis Etienne Jr.: 5+ receptions,0.06,0.07,0.9299999999999999,0.94,PASS,
2026-09-27T17:49:54.103076+00:00,2026,3,2026_03_LV_NO,LV@NO,2026-09-27T20:25:00+00:00,KXNFLREC-26SEP27LVNO-NOTETIENNE3-4,KXNFLREC-26SEP27LVNO,KXNFLREC,receptions,NOTETIENNE3,Travis Etienne Jr.: 4+ receptions,0.15,0.16,0.84,0.85,PASS,
2026-09-27T17:49:54.103076+00:00,2026,3,2026_03_LV_NO,LV@NO,2026-09-27T20:25:00+00:00,KXNFLREC-26SEP27LVNO-NOTETIENNE3-3,KXNFLREC-26SEP27LVNO,KXNFLREC,receptions,NOTETIENNE3,Travis Etienne Jr.: 3+ receptions,0.29,0.3,0.7,0.71,PASS,
2026-09-27T17:49:54.103076+00:00,2026,3,2026_03_LV_NO,LV@NO,2026-09-27T20:25:00+00:00,KXNFLREC-26SEP27LVNO-NOTETIENNE3-2,KXNFLREC-26SEP27LVNO,KXNFLREC,receptions,NOTETIENNE3,Travis Etienne Jr.: 2+ receptions,0.55,0.56,0.43999999999999995,0.44999999999999996,PASS,
2026-09-27T17:49:54.103076+00:00,2026,3,2026_03_BAL_DAL,BAL@DAL,2026-09-27T20:25:00+00:00,KXNFLREC-26SEP27BALDAL-BALCMOORE17-5,KXNFLREC-26SEP27BALDAL,KXNFLREC,receptions,BALCMOORE17,Chris Moore: 5+ receptions,0.0,0.04,0.96,1.0,PASS,
2026-09-27T17:49:54.103076+00:00,2026,3,2026_03_BAL_DAL,BAL@DAL,2026-09-27T20:25:00+00:00,KXNFLREC-26SEP27BALDAL-BALCMOORE17-4,KXNFLREC-26SEP27BALDAL,KXNFLREC,receptions,BALCMOORE17,Chris Moore: 4+ receptions,0.03,0.08,0.92,0.97,PASS,
2026-09-27T17:49:54.103076+00:00,2026,3,2026_03_BAL_DAL,BAL@DAL,2026-09-27T20:25:00+00:00,KXNFLREC-26SEP27BALDAL-BALCMOORE17-3,KXNFLREC-26SEP27BALDAL,KXNFLREC,receptions,BALCMOORE17,Chris Moore: 3+ receptions,0.17,0.19,0.81,0.83,PASS,
2026-09-27T17:49:54.103076+00:00,2026,3,2026_03_BAL_DAL,BAL@DAL,2026-09-27T20:25:00+00:00,KXNFLREC-26SEP27BALDAL-BALCMOORE17-2,KXNFLREC-26SEP27BALDAL,KXNFLREC,receptions,BALCMOORE17,Chris Moore: 2+ receptions,0.37,0.38,0.62,0.63,PASS,
2026-09-27T17:49:54.103076+00:00,2026,3,2026_03_MIN_TB,MIN@TB,2026-09-27T20:05:00+00:00,KXNFLREC-26SEP27MINTB-MINAJONES33-7,KXNFLREC-26SEP27MINTB,KXNFLREC,receptions,MINAJONES33,Aaron Jones Sr.: 7+ receptions,0.01,0.03,0.97,0.99,PASS,
2026-09-27T17:49:54.103076+00:00,2026,3,2026_03_MIN_TB,MIN@TB,2026-09-27T20:05:00+00:00,KXNFLREC-26SEP27MINTB-MINAJONES33-6,KXNFLREC-26SEP27MINTB,KXNFLREC,receptions,MINAJONES33,Aaron Jones Sr.: 6+ receptions,0.03,0.04,0.96,0.97,PASS,
2026-09-27T17:49:54.103076+00:00,2026,3,2026_03_MIN_TB,MIN@TB,2026-09-27T20:05:00+00:00,KXNFLREC-26SEP27MINTB-MINAJONES33-5,KXNFLREC-26SEP27MINTB,KXNFLREC,receptions,MINAJONES33,Aaron Jones Sr.: 5+ receptions,0.05,0.07,0.9299999999999999,0.95,PASS,
2026-09-27T17:49:54.103076+00:00,2026,3,2026_03_MIN_TB,MIN@TB,2026-09-27T20:05:00+00:00,KXNFLREC-26SEP27MINTB-MINAJONES33-4,KXNFLREC-26SEP27MINTB,KXNFLREC,receptions,MINAJONES33,Aaron Jones Sr.: 4+ receptions,0.18,0.19,0.81,0.8200000000000001,PASS,
2026-09-27T17:49:54.103076+00:00,2026,3,2026_03_MIN_TB,MIN@TB,2026-09-27T20:05:00+00:00,KXNFLREC-26SEP27MINTB-MINAJONES33-3,KXNFLREC-26SEP27MINTB,KXNFLREC,receptions,MINAJONES33,Aaron Jones Sr.: 3+ receptions,0.34,0.35,0.65,0.6599999999999999,PASS,
2026-09-27T17:49:54.103076+00:00,2026,3,2026_03_MIN_TB,MIN@TB,2026-09-27T20:05:00+00:00,KXNFLREC-26SEP27MINTB-MINAJONES33-2,KXNFLREC-26SEP27MINTB,KXNFLREC,receptions,MINAJONES33,Aaron Jones Sr.: 2+ receptions,0.6,0.61,0.39,0.4,PASS,
2026-09-27T17:49:54.103076+00:00,2026,3,2026_03_ARI_SF,ARI@SF,2026-09-27T20:05:00+00:00,KXNFLREC-26SEP27ARISF-SFCMCCAFFREY23-10,KXNFLREC-26SEP27ARISF,KXNFLREC,receptions,SFCMCCAFFREY23,Christian McCaffrey: 10+ receptions,0.01,0.05,0.95,0.99,PASS,
2026-09-27T17:49:54.103076+00:00,2026,3,2026_03_ARI_SF,ARI@SF,2026-09-27T20:05:00+00:00,KXNFLREC-26SEP27ARISF-SFCMCCAFFREY23-9,KXNFLREC-26SEP27ARISF,KXNFLREC,receptions,SFCMCCAFFREY23,Christian McCaffrey: 9+ receptions,0.06,0.08,0.92,0.94,PASS,
2026-09-27T17:49:54.103076+00:00,2026,3,2026_03_ARI_SF,ARI@SF,2026-09-27T20:05:00+00:00,KXNFLREC-26SEP27ARISF-SFCMCCAFFREY23-8,KXNFLREC-26SEP27ARISF,KXNFLREC,receptions,SFCMCCAFFREY23,Christian McCaffrey: 8+ receptions,0.12,0.13,0.87,0.88,PASS,
2026-09-27T17:49:54.103076+00:00,2026,3,2026_03_ARI_SF,ARI@SF,2026-09-27T20:05:00+00:00,KXNFLREC-26SEP27ARISF-SFCMCCAFFREY23-7,KXNFLREC-26SEP27ARISF,KXNFLREC,receptions,SFCMCCAFFREY23,Christian McCaffrey: 7+ receptions,0.21,0.22,0.78,0.79,PASS,
2026-09-27T17:49:54.103076+00:00,2026,3,2026_03_ARI_SF,ARI@SF,2026-09-27T20:05:00+00:00,KXNFLREC-26SEP27ARISF-SFCMCCAFFREY23-6,KXNFLREC-26SEP27ARISF,KXNFLREC,receptions,SFCMCCAFFREY23,Christian McCaffrey: 6+ receptions,0.34,0.35,0.65,0.6599999999999999,PASS,
2026-09-27T17:49:54.103076+00:00,2026,3,2026_03_ARI_SF,ARI@SF,2026-09-27T20:05:00+00:00,KXNFLREC-26SEP27ARISF-SFCMCCAFFREY23-5,KXNFLREC-26SEP27ARISF,KXNFLREC,receptions,SFCMCCAFFREY23,Christian McCaffrey: 5+ receptions,0.51,0.52,0.48,0.49,PASS,
2026-09-27T17:49:54.103076+00:00,2026,3,2026_03_ARI_SF,ARI@SF,2026-09-27T20:05:00+00:00,KXNFLREC-26SEP27ARISF-SFCMCCAFFREY23-4,KXNFLREC-26SEP27ARISF,KXNFLREC,receptions,SFCMCCAFFREY23,Christian McCaffrey: 4+ receptions,0.67,0.7,0.30000000000000004,0.32999999999999996,PASS,
2026-09-27T17:49:54.103076+00:00,2026,3,2026_03_ARI_SF,ARI@SF,2026-09-27T20:05:00+00:00,KXNFLREC-26SEP27ARISF-SFCMCCAFFREY23-3,KXNFLREC-26SEP27ARISF,KXNFLREC,receptions,SFCMCCAFFREY23,Christian McCaffrey: 3+ receptions,0.8,0.83,0.17000000000000004,0.19999999999999996,PASS,
2026-09-27T17:49:54.103076+00:00,2026,3,2026_03_ARI_SF,ARI@SF,2026-09-27T20:05:00+00:00,KXNFLREC-26SEP27ARISF-SFCMCCAFFREY23-2,KXNFLREC-26SEP27ARISF,KXNFLREC,receptions,SFCMCCAFFREY23,Christian McCaffrey: 2+ receptions,0.87,0.92,0.07999999999999996,0.13,PASS,
2026-09-27T17:49:54.103076+00:00,2026,3,2026_03_ARI_SF,ARI@SF,2026-09-27T20:05:00+00:00,KXNFLREC-26SEP27ARISF-SFDSAMUEL19-10,KXNFLREC-26SEP27ARISF,KXNFLREC,receptions,SFDSAMUEL19,Deebo Samuel Sr.: 10+ receptions,0.01,0.03,0.97,0.99,PASS,
2026-09-27T17:49:54.103076+00:00,2026,3,2026_03_ARI_SF,ARI@SF,2026-09-27T20:05:00+00:00,KXNFLREC-26SEP27ARISF-SFDSAMUEL19-9,KXNFLREC-26SEP27ARISF,KXNFLREC,receptions,SFDSAMUEL19,Deebo Samuel Sr.: 9+ receptions,0.03,0.05,0.95,0.97,PASS,
2026-09-27T17:49:54.103076+00:00,2026,3,2026_03_ARI_SF,ARI@SF,2026-09-27T20:05:00+00:00,KXNFLREC-26SEP27ARISF-SFDSAMUEL19-8,KXNFLREC-26SEP27ARISF,KXNFLREC,receptions,SFDSAMUEL19,Deebo Samuel Sr.: 8+ receptions,0.06,0.09,0.91,0.94,PASS,
2026-09-27T17:49:54.103076+00:00,2026,3,2026_03_ARI_SF,ARI@SF,2026-09-27T20:05:00+00:00,KXNFLREC-26SEP27ARISF-SFDSAMUEL19-7,KXNFLREC-26SEP27ARISF,KXNFLREC,receptions,SFDSAMUEL19,Deebo Samuel Sr.: 7+ receptions,0.13,0.15,0.85,0.87,PASS,
2026-09-27T17:49:54.103076+00:00,2026,3,2026_03_ARI_SF,ARI@SF,2026-09-27T20:05:00+00:00,KXNFLREC-26SEP27ARISF-SFDSAMUEL19-6,KXNFLREC-26SEP27ARISF,KXNFLREC,receptions,SFDSAMUEL19,Deebo Samuel Sr.: 6+ receptions,0.24,0.25,0.75,0.76,PASS,
2026-09-27T17:49:54.103076+00:00,2026,3,2026_03_ARI_SF,ARI@SF,2026-09-27T20:05:00+00:00,KXNFLREC-26SEP27ARISF-SFDSAMUEL19-5,KXNFLREC-26SEP27ARISF,KXNFLREC,receptions,SFDSAMUEL19,Deebo Samuel Sr.: 5+ receptions,0.39,0.4,0.6,0.61,PASS,
2026-09-27T17:49:54.103076+00:00,2026,3,2026_03_ARI_SF,ARI@SF,2026-09-27T20:05:00+00:00,KXNFLREC-26SEP27ARISF-SFDSAMUEL19-4,KXNFLREC-26SEP27ARISF,KXNFLREC,receptions,SFDSAMUEL19,Deebo Samuel Sr.: 4+ receptions,0.57,0.58,0.42000000000000004,0.43000000000000005,PASS,
2026-09-27T17:49:54.103076+00:00,2026,3,2026_03_ARI_SF,ARI@SF,2026-09-27T20:05:00+00:00,KXNFLREC-26SEP27ARISF-SFDSAMUEL19-3,KXNFLREC-26SEP27ARISF,KXNFLREC,receptions,SFDSAMUEL19,Deebo Samuel Sr.: 3+ receptions,0.74,0.75,0.25,0.26,PASS,
2026-09-27T17:49:54.103076+00:00,2026,3,2026_03_ARI_SF,ARI@SF,2026-09-27T20:05:00+00:00,KXNFLREC-26SEP27ARISF-SFDSAMUEL19-2,KXNFLREC-26SEP27ARISF,KXNFLREC,receptions,SFDSAMUEL19,Deebo Samuel Sr.: 2+ receptions,0.86,0.87,0.13,0.14,PASS,
2026-09-27T17:49:54.103076+00:00,2026,3,2026_03_ARI_SF,ARI@SF,2026-09-27T20:05:00+00:00,KXNFLREC-26SEP27ARISF-SFGKITTLE85-10,KXNFLREC-26SEP27ARISF,KXNFLREC,receptions,SFGKITTLE85,George Kittle: 10+ receptions,0.02,0.03,0.97,0.98,PASS,
2026-09-27T17:49:54.103076+00:00,2026,3,2026_03_ARI_SF,ARI@SF,2026-09-27T20:05:00+00:00,KXNFLREC-26SEP27ARISF-SFGKITTLE85-9,KXNFLREC-26SEP27ARISF,KXNFLREC,receptions,SFGKITTLE85,George Kittle: 9+ receptions,0.05,0.06,0.94,0.95,PASS,
2026-09-27T17:49:54.103076+00:00,2026,3,2026_03_ARI_SF,ARI@SF,2026-09-27T20:05:00+00:00,KXNFLREC-26SEP27ARISF-SFGKITTLE85-8,KXNFLREC-26SEP27ARISF,KXNFLREC,receptions,SFGKITTLE85,George Kittle: 8+ receptions,0.08,0.09,0.91,0.92,PASS,
2026-09-27T17:49:54.103076+00:00,2026,3,2026_03_ARI_SF,ARI@SF,2026-09-27T20:05:00+00:00,KXNFLREC-26SEP27ARISF-SFGKITTLE85-7,KXNFLREC-26SEP27ARISF,KXNFLREC,receptions,SFGKITTLE85,George Kittle: 7+ receptions,0.15,0.16,0.84,0.85,PASS,
2026-09-27T17:49:54.103076+00:00,2026,3,2026_03_ARI_SF,ARI@SF,2026-09-27T20:05:00+00:00,KXNFLREC-26SEP27ARISF-SFGKITTLE85-6,KXNFLREC-26SEP27ARISF,KXNFLREC,receptions,SFGKITTLE85,George Kittle: 6+ receptions,0.25,0.26,0.74,0.75,PASS,
2026-09-27T17:49:54.103076+00:00,2026,3,2026_03_ARI_SF,ARI@SF,2026-09-27T20:05:00+00:00,KXNFLREC-26SEP27ARISF-SFGKITTLE85-5,KXNFLREC-26SEP27ARISF,KXNFLREC,receptions,SFGKITTLE85,George Kittle: 5+ receptions,0.41,0.43,0.5700000000000001,0.5900000000000001,PASS,
2026-09-27T17:49:54.103076+00:00,2026,3,2026_03_ARI_SF,ARI@SF,2026-09-27T20:05:00+00:00,KXNFLREC-26SEP27ARISF-SFGKITTLE85-4,KXNFLREC-26SEP27ARISF,KXNFLREC,receptions,SFGKITTLE85,George Kittle: 4+ receptions,0.6,0.61,0.39,0.4,PASS,
2026-09-27T17:49:54.103076+00:00,2026,3,2026_03_ARI_SF,ARI@SF,2026-09-27T20:05:00+00:00,KXNFLREC-26SEP27ARISF-SFGKITTLE85-3,KXNFLREC-26SEP27ARISF,KXNFLREC,receptions,SFGKITTLE85,George Kittle: 3+ receptions,0.75,0.77,0.22999999999999998,0.25,PASS,
2026-09-27T17:49:54.103076+00:00,2026,3,2026_03_ARI_SF,ARI@SF,2026-09-27T20:05:00+00:00,KXNFLREC-26SEP27ARISF-SFGKITTLE85-2,KXNFLREC-26SEP27ARISF,KXNFLREC,receptions,SFGKITTLE85,George Kittle: 2+ receptions,0.86,0.9,0.09999999999999998,0.14,PASS,
2026-09-27T17:49:54.103076+00:00,2026,3,2026_03_LA_DEN,LAR@DEN,2026-09-28T00:20:00+00:00,KXNFLREC-26SEP27LARDEN-LARTFERGUSON18-9,KXNFLREC-26SEP27LARDEN,KXNFLREC,receptions,LARTFERGUSON18,Terrance Ferguson: 9+ receptions,0.03,0.05,0.95,0.97,PASS,
2026-09-27T17:49:54.103076+00:00,2026,3,2026_03_LA_DEN,LAR@DEN,2026-09-28T00:20:00+00:00,KXNFLREC-26SEP27LARDEN-LARTFERGUSON18-8,KXNFLREC-26SEP27LARDEN,KXNFLREC,receptions,LARTFERGUSON18,Terrance Ferguson: 8+ receptions,0.03,0.08,0.92,0.97,PASS,
2026-09-27T17:49:54.103076+00:00,2026,3,2026_03_LA_DEN,LAR@DEN,2026-09-28T00:20:00+00:00,KXNFLREC-26SEP27LARDEN-LARTFERGUSON18-7,KXNFLREC-26SEP27LARDEN,KXNFLREC,receptions,LARTFERGUSON18,Terrance Ferguson: 7+ receptions,0.1,0.13,0.87,0.9,PASS,
2026-09-27T17:49:54.103076+00:00,2026,3,2026_03_LA_DEN,LAR@DEN,2026-09-28T00:20:00+00:00,KXNFLREC-26SEP27LARDEN-LARTFERGUSON18-6,KXNFLREC-26SEP27LARDEN,KXNFLREC,receptions,LARTFERGUSON18,Terrance Ferguson: 6+ receptions,0.24,0.25,0.75,0.76,PASS,
2026-09-27T17:49:54.103076+00:00,2026,3,2026_03_LA_DEN,LAR@DEN,2026-09-28T00:20:00+00:00,KXNFLREC-26SEP27LARDEN-LARTFERGUSON18-5,KXNFLREC-26SEP27LARDEN,KXNFLREC,receptions,LARTFERGUSON18,Terrance Ferguson: 5+ receptions,0.4,0.41,0.5900000000000001,0.6,PASS,
2026-09-27T17:49:54.103076+00:00,2026,3,2026_03_LA_DEN,LAR@DEN,2026-09-28T00:20:00+00:00,KXNFLREC-26SEP27LARDEN-LARTFERGUSON18-4,KXNFLREC-26SEP27LARDEN,KXNFLREC,receptions,LARTFERGUSON18,Terrance Ferguson: 4+ receptions,0.6,0.61,0.39,0.4,PASS,
2026-09-27T17:49:54.103076+00:00,2026,3,2026_03_LA_DEN,LAR@DEN,2026-09-28T00:20:00+00:00,KXNFLREC-26SEP27LARDEN-LARTFERGUSON18-3,KXNFLREC-26SEP27LARDEN,KXNFLREC,receptions,LARTFERGUSON18,Terrance Ferguson: 3+ receptions,0.75,0.76,0.24,0.25,PASS,
2026-09-27T17:49:54.103076+00:00,2026,3,2026_03_LA_DEN,LAR@DEN,2026-09-28T00:20:00+00:00,KXNFLREC-26SEP27LARDEN-LARTFERGUSON18-2,KXNFLREC-26SEP27LARDEN,KXNFLREC,receptions,LARTFERGUSON18,Terrance Ferguson: 2+ receptions,0.88,0.89,0.10999999999999999,0.12,PASS,
2026-09-27T17:49:54.103076+00:00,2026,3,2026_03_LA_DEN,LAR@DEN,2026-09-28T00:20:00+00:00,KXNFLREC-26SEP27LARDEN-LARKWILLIAMS23-6,KXNFLREC-26SEP27LARDEN,KXNFLREC,receptions,LARKWILLIAMS23,Kyren Williams: 6+ receptions,0.03,0.05,0.95,0.97,PASS,
2026-09-27T17:49:54.103076+00:00,2026,3,2026_03_LA_DEN,LAR@DEN,2026-09-28T00:20:00+00:00,KXNFLREC-26SEP27LARDEN-LARKWILLIAMS23-5,KXNFLREC-26SEP27LARDEN,KXNFLREC,receptions,LARKWILLIAMS23,Kyren Williams: 5+ receptions,0.05,0.1,0.9,0.95,PASS,
2026-09-27T17:49:54.103076+00:00,2026,3,2026_03_LA_DEN,LAR@DEN,2026-09-28T00:20:00+00:00,KXNFLREC-26SEP27LARDEN-LARKWILLIAMS23-4,KXNFLREC-26SEP27LARDEN,KXNFLREC,receptions,LARKWILLIAMS23,Kyren Williams: 4+ receptions,0.19,0.22,0.78,0.81,PASS,
2026-09-27T17:49:54.103076+00:00,2026,3,2026_03_LA_DEN,LAR@DEN,2026-09-28T00:20:00+00:00,KXNFLREC-26SEP27LARDEN-LARKWILLIAMS23-3,KXNFLREC-26SEP27LARDEN,KXNFLREC,receptions,LARKWILLIAMS23,Kyren Williams: 3+ receptions,0.39,0.4,0.6,0.61,PASS,
2026-09-27T17:49:54.103076+00:00,2026,3,2026_03_LA_DEN,LAR@DEN,2026-09-28T00:20:00+00:00,KXNFLREC-26SEP27LARDEN-LARKWILLIAMS23-2,KXNFLREC-26SEP27LARDEN,KXNFLREC,receptions,LARKWILLIAMS23,Kyren Williams: 2+ receptions,0.64,0.66,0.33999999999999997,0.36,PASS,
2026-09-27T17:49:54.103076+00:00,2026,3,2026_03_LA_DEN,LAR@DEN,2026-09-28T00:20:00+00:00,KXNFLREC-26SEP27LARDEN-LARDADAMS17-9,KXNFLREC-26SEP27LARDEN,KXNFLREC,receptions,LARDADAMS17,Davante Adams: 9+ receptions,0.13,0.14,0.86,0.87,PASS,
2026-09-27T17:49:54.103076+00:00,2026,3,2026_03_LA_DEN,LAR@DEN,2026-09-28T00:20:00+00:00,KXNFLREC-26SEP27LARDEN-LARDADAMS17-8,KXNFLREC-26SEP27LARDEN,KXNFLREC,receptions,LARDADAMS17,Davante Adams: 8+ receptions,0.22,0.24,0.76,0.78,PASS,
2026-09-27T17:49:54.103076+00:00,2026,3,2026_03_LA_DEN,LAR@DEN,2026-09-28T00:20:00+00:00,KXNFLREC-26SEP27LARDEN-LARDADAMS17-7,KXNFLREC-26SEP27LARDEN,KXNFLREC,receptions,LARDADAMS17,Davante Adams: 7+ receptions,0.34,0.37,0.63,0.6599999999999999,PASS,
2026-09-27T17:49:54.103076+00:00,2026,3,2026_03_LA_DEN,LAR@DEN,2026-09-28T00:20:00+00:00,KXNFLREC-26SEP27LARDEN-LARDADAMS17-6,KXNFLREC-26SEP27LARDEN,KXNFLREC,receptions,LARDADAMS17,Davante Adams: 6+ receptions,0.5,0.51,0.49,0.5,PASS,
2026-09-27T17:49:54.103076+00:00,2026,3,2026_03_LA_DEN,LAR@DEN,2026-09-28T00:20:00+00:00,KXNFLREC-26SEP27LARDEN-LARDADAMS17-5,KXNFLREC-26SEP27LARDEN,KXNFLREC,receptions,LARDADAMS17,Davante Adams: 5+ receptions,0.65,0.66,0.33999999999999997,0.35,PASS,
2026-09-27T17:49:54.103076+00:00,2026,3,2026_03_LA_DEN,LAR@DEN,2026-09-28T00:20:00+00:00,KXNFLREC-26SEP27LARDEN-LARDADAMS17-4,KXNFLREC-26SEP27LARDEN,KXNFLREC,receptions,LARDADAMS17,Davante Adams: 4+ receptions,0.79,0.8,0.19999999999999996,0.20999999999999996,PASS,
2026-09-27T17:49:54.103076+00:00,2026,3,2026_03_LA_DEN,LAR@DEN,2026-09-28T00:20:00+00:00,KXNFLREC-26SEP27LARDEN-LARDADAMS17-3,KXNFLREC-26SEP27LARDEN,KXNFLREC,receptions,LARDADAMS17,Davante Adams: 3+ receptions,0.88,0.9,0.09999999999999998,0.12,PASS,
2026-09-27T17:49:54.103076+00:00,2026,3,2026_03_LA_DEN,LAR@DEN,2026-09-28T00:20:00+00:00,KXNFLREC-26SEP27LARDEN-LARDADAMS17-12,KXNFLREC-26SEP27LARDEN,KXNFLREC,receptions,LARDADAMS17,Davante Adams: 12+ receptions,0.0,0.04,0.96,1.0,PASS,
2026-09-27T17:49:54.103076+00:00,2026,3,2026_03_LA_DEN,LAR@DEN,2026-09-28T00:20:00+00:00,KXNFLREC-26SEP27LARDEN-LARDADAMS17-11,KXNFLREC-26SEP27LARDEN,KXNFLREC,receptions,LARDADAMS17,Davante Adams: 11+ receptions,0.03,0.06,0.94,0.97,PASS,
2026-09-27T17:49:54.103076+00:00,2026,3,2026_03_LA_DEN,LAR@DEN,2026-09-28T00:20:00+00:00,KXNFLREC-26SEP27LARDEN-LARDADAMS17-10,KXNFLREC-26SEP27LARDEN,KXNFLREC,receptions,LARDADAMS17,Davante Adams: 10+ receptions,0.07,0.09,0.91,0.9299999999999999,PASS,
2026-09-27T17:49:54.103076+00:00,2026,3,2026_03_LA_DEN,LAR@DEN,2026-09-28T00:20:00+00:00,KXNFLREC-26SEP27LARDEN-DENPBRYANT13-7,KXNFLREC-26SEP27LARDEN,KXNFLREC,receptions,DENPBRYANT13,Pat Bryant: 7+ receptions,0.03,0.06,0.94,0.97,PASS,
2026-09-27T17:49:54.103076+00:00,2026,3,2026_03_LA_DEN,LAR@DEN,2026-09-28T00:20:00+00:00,KXNFLREC-26SEP27LARDEN-DENPBRYANT13-6,KXNFLREC-26SEP27LARDEN,KXNFLREC,receptions,DENPBRYANT13,Pat Bryant: 6+ receptions,0.06,0.1,0.9,0.94,PASS,
2026-09-27T17:49:54.103076+00:00,2026,3,2026_03_LA_DEN,LAR@DEN,2026-09-28T00:20:00+00:00,KXNFLREC-26SEP27LARDEN-DENPBRYANT13-5,KXNFLREC-26SEP27LARDEN,KXNFLREC,receptions,DENPBRYANT13,Pat Bryant: 5+ receptions,0.16,0.18,0.8200000000000001,0.84,PASS,
2026-09-27T17:49:54.103076+00:00,2026,3,2026_03_LA_DEN,LAR@DEN,2026-09-28T00:20:00+00:00,KXNFLREC-26SEP27LARDEN-DENPBRYANT13-4,KXNFLREC-26SEP27LARDEN,KXNFLREC,receptions,DENPBRYANT13,Pat Bryant: 4+ receptions,0.31,0.34,0.6599999999999999,0.69,PASS,
2026-09-27T17:49:54.103076+00:00,2026,3,2026_03_LA_DEN,LAR@DEN,2026-09-28T00:20:00+00:00,KXNFLREC-26SEP27LARDEN-DENPBRYANT13-3,KXNFLREC-26SEP27LARDEN,KXNFLREC,receptions,DENPBRYANT13,Pat Bryant: 3+ receptions,0.53,0.54,0.45999999999999996,0.47,PASS,
2026-09-27T17:49:54.103076+00:00,2026,3,2026_03_LA_DEN,LAR@DEN,2026-09-28T00:20:00+00:00,KXNFLREC-26SEP27LARDEN-DENPBRYANT13-2,KXNFLREC-26SEP27LARDEN,KXNFLREC,receptions,DENPBRYANT13,Pat Bryant: 2+ receptions,0.74,0.76,0.24,0.26,PASS,
2026-09-27T17:49:54.103076+00:00,2026,3,2026_03_LA_DEN,LAR@DEN,2026-09-28T00:20:00+00:00,KXNFLREC-26SEP27LARDEN-DENJWADDLE17-9,KXNFLREC-26SEP27LARDEN,KXNFLREC,receptions,DENJWADDLE17,Jaylen Waddle: 9+ receptions,0.08,0.1,0.9,0.92,PASS,
2026-09-27T17:49:54.103076+00:00,2026,3,2026_03_LA_DEN,LAR@DEN,2026-09-28T00:20:00+00:00,KXNFLREC-26SEP27LARDEN-DENJWADDLE17-8,KXNFLREC-26SEP27LARDEN,KXNFLREC,receptions,DENJWADDLE17,Jaylen Waddle: 8+ receptions,0.14,0.16,0.84,0.86,PASS,
2026-09-27T17:49:54.103076+00:00,2026,3,2026_03_LA_DEN,LAR@DEN,2026-09-28T00:20:00+00:00,KXNFLREC-26SEP27LARDEN-DENJWADDLE17-7,KXNFLREC-26SEP27LARDEN,KXNFLREC,receptions,DENJWADDLE17,Jaylen Waddle: 7+ receptions,0.23,0.26,0.74,0.77,PASS,
2026-09-27T17:49:54.103076+00:00,2026,3,2026_03_LA_DEN,LAR@DEN,2026-09-28T00:20:00+00:00,KXNFLREC-26SEP27LARDEN-DENJWADDLE17-6,KXNFLREC-26SEP27LARDEN,KXNFLREC,receptions,DENJWADDLE17,Jaylen Waddle: 6+ receptions,0.38,0.39,0.61,0.62,PASS,
2026-09-27T17:49:54.103076+00:00,2026,3,2026_03_LA_DEN,LAR@DEN,2026-09-28T00:20:00+00:00,KXNFLREC-26SEP27LARDEN-DENJWADDLE17-5,KXNFLREC-26SEP27LARDEN,KXNFLREC,receptions,DENJWADDLE17,Jaylen Waddle: 5+ receptions,0.55,0.56,0.43999999999999995,0.44999999999999996,PASS,
2026-09-27T17:49:54.103076+00:00,2026,3,2026_03_LA_DEN,LAR@DEN,2026-09-28T00:20:00+00:00,KXNFLREC-26SEP27LARDEN-DENJWADDLE17-4,KXNFLREC-26SEP27LARDEN,KXNFLREC,receptions,DENJWADDLE17,Jaylen Waddle: 4+ receptions,0.7,0.73,0.27,0.30000000000000004,PASS,
2026-09-27T17:49:54.103076+00:00,2026,3,2026_03_LA_DEN,LAR@DEN,2026-09-28T00:20:00+00:00,KXNFLREC-26SEP27LARDEN-DENJWADDLE17-3,KXNFLREC-26SEP27LARDEN,KXNFLREC,receptions,DENJWADDLE17,Jaylen Waddle: 3+ receptions,0.83,0.87,0.13,0.17000000000000004,PASS,
2026-09-27T17:49:54.103076+00:00,2026,3,2026_03_LA_DEN,LAR@DEN,2026-09-28T00:20:00+00:00,KXNFLREC-26SEP27LARDEN-DENJWADDLE17-11,KXNFLREC-26SEP27LARDEN,KXNFLREC,receptions,DENJWADDLE17,Jaylen Waddle: 11+ receptions,0.0,0.04,0.96,1.0,PASS,
2026-09-27T17:49:54.103076+00:00,2026,3,2026_03_LA_DEN,LAR@DEN,2026-09-28T00:20:00+00:00,KXNFLREC-26SEP27LARDEN-DENJWADDLE17-10,KXNFLREC-26SEP27LARDEN,KXNFLREC,receptions,DENJWADDLE17,Jaylen Waddle: 10+ receptions,0.03,0.06,0.94,0.97,PASS,
2026-09-27T17:49:54.103076+00:00,2026,3,2026_03_LA_DEN,LAR@DEN,2026-09-28T00:20:00+00:00,KXNFLREC-26SEP27LARDEN-DENEENGRAM1-7,KXNFLREC-26SEP27LARDEN,KXNFLREC,receptions,DENEENGRAM1,Evan Engram: 7+ receptions,0.03,0.06,0.94,0.97,PASS,
2026-09-27T17:49:54.103076+00:00,2026,3,2026_03_LA_DEN,LAR@DEN,2026-09-28T00:20:00+00:00,KXNFLREC-26SEP27LARDEN-DENEENGRAM1-6,KXNFLREC-26SEP27LARDEN,KXNFLREC,receptions,DENEENGRAM1,Evan Engram: 6+ receptions,0.06,0.1,0.9,0.94,PASS,
2026-09-27T17:49:54.103076+00:00,2026,3,2026_03_LA_DEN,LAR@DEN,2026-09-28T00:20:00+00:00,KXNFLREC-26SEP27LARDEN-DENEENGRAM1-5,KXNFLREC-26SEP27LARDEN,KXNFLREC,receptions,DENEENGRAM1,Evan Engram: 5+ receptions,0.14,0.18,0.8200000000000001,0.86,PASS,
2026-09-27T17:49:54.103076+00:00,2026,3,2026_03_LA_DEN,LAR@DEN,2026-09-28T00:20:00+00:00,KXNFLREC-26SEP27LARDEN-DENEENGRAM1-4,KXNFLREC-26SEP27LARDEN,KXNFLREC,receptions,DENEENGRAM1,Evan Engram: 4+ receptions,0.28,0.32,0.6799999999999999,0.72,PASS,
2026-09-27T17:49:54.103076+00:00,2026,3,2026_03_LA_DEN,LAR@DEN,2026-09-28T00:20:00+00:00,KXNFLREC-26SEP27LARDEN-DENEENGRAM1-3,KXNFLREC-26SEP27LARDEN,KXNFLREC,receptions,DENEENGRAM1,Evan Engram: 3+ receptions,0.5,0.51,0.49,0.5,PASS,
2026-09-27T17:49:54.103076+00:00,2026,3,2026_03_LA_DEN,LAR@DEN,2026-09-28T00:20:00+00:00,KXNFLREC-26SEP27LARDEN-DENEENGRAM1-2,KXNFLREC-26SEP27LARDEN,KXNFLREC,receptions,DENEENGRAM1,Evan Engram: 2+ receptions,0.72,0.73,0.27,0.28,PASS,
2026-09-27T17:49:54.103076+00:00,2026,3,2026_03_LA_DEN,LAR@DEN,2026-09-28T00:20:00+00:00,KXNFLREC-26SEP27LARDEN-DENCSUTTON14-8,KXNFLREC-26SEP27LARDEN,KXNFLREC,receptions,DENCSUTTON14,Courtland Sutton: 8+ receptions,0.03,0.06,0.94,0.97,PASS,
2026-09-27T17:49:54.103076+00:00,2026,3,2026_03_LA_DEN,LAR@DEN,2026-09-28T00:20:00+00:00,KXNFLREC-26SEP27LARDEN-DENCSUTTON14-7,KXNFLREC-26SEP27LARDEN,KXNFLREC,receptions,DENCSUTTON14,Courtland Sutton: 7+ receptions,0.08,0.1,0.9,0.92,PASS,
2026-09-27T17:49:54.103076+00:00,2026,3,2026_03_LA_DEN,LAR@DEN,2026-09-28T00:20:00+00:00,KXNFLREC-26SEP27LARDEN-DENCSUTTON14-6,KXNFLREC-26SEP27LARDEN,KXNFLREC,receptions,DENCSUTTON14,Courtland Sutton: 6+ receptions,0.15,0.18,0.8200000000000001,0.85,PASS,
2026-09-27T17:49:54.103076+00:00,2026,3,2026_03_LA_DEN,LAR@DEN,2026-09-28T00:20:00+00:00,KXNFLREC-26SEP27LARDEN-DENCSUTTON14-5,KXNFLREC-26SEP27LARDEN,KXNFLREC,receptions,DENCSUTTON14,Courtland Sutton: 5+ receptions,0.27,0.29,0.71,0.73,PASS,
2026-09-27T17:49:54.103076+00:00,2026,3,2026_03_LA_DEN,LAR@DEN,2026-09-28T00:20:00+00:00,KXNFLREC-26SEP27LARDEN-DENCSUTTON14-4,KXNFLREC-26SEP27LARDEN,KXNFLREC,receptions,DENCSUTTON14,Courtland Sutton: 4+ receptions,0.45,0.46,0.54,0.55,PASS,
2026-09-27T17:49:54.103076+00:00,2026,3,2026_03_LA_DEN,LAR@DEN,2026-09-28T00:20:00+00:00,KXNFLREC-26SEP27LARDEN-DENCSUTTON14-3,KXNFLREC-26SEP27LARDEN,KXNFLREC,receptions,DENCSUTTON14,Courtland Sutton: 3+ receptions,0.65,0.67,0.32999999999999996,0.35,PASS,
2026-09-27T17:49:54.103076+00:00,2026,3,2026_03_LA_DEN,LAR@DEN,2026-09-28T00:20:00+00:00,KXNFLREC-26SEP27LARDEN-DENCSUTTON14-2,KXNFLREC-26SEP27LARDEN,KXNFLREC,receptions,DENCSUTTON14,Courtland Sutton: 2+ receptions,0.83,0.86,0.14,0.17000000000000004,PASS,
2026-09-27T17:49:54.103076+00:00,2026,3,2026_03_ARI_SF,ARI@SF,2026-09-27T20:05:00+00:00,KXNFLREC-26SEP27ARISF-ARIJLOVE4-7,KXNFLREC-26SEP27ARISF,KXNFLREC,receptions,ARIJLOVE4,Jeremiyah Love: 7+ receptions,0.01,0.04,0.96,0.99,PASS,
2026-09-27T17:49:54.103076+00:00,2026,3,2026_03_ARI_SF,ARI@SF,2026-09-27T20:05:00+00:00,KXNFLREC-26SEP27ARISF-ARIJLOVE4-6,KXNFLREC-26SEP27ARISF,KXNFLREC,receptions,ARIJLOVE4,Jeremiyah Love: 6+ receptions,0.06,0.08,0.92,0.94,PASS,
2026-09-27T17:49:54.103076+00:00,2026,3,2026_03_ARI_SF,ARI@SF,2026-09-27T20:05:00+00:00,KXNFLREC-26SEP27ARISF-ARIJLOVE4-5,KXNFLREC-26SEP27ARISF,KXNFLREC,receptions,ARIJLOVE4,Jeremiyah Love: 5+ receptions,0.14,0.15,0.85,0.86,PASS,
2026-09-27T17:49:54.103076+00:00,2026,3,2026_03_ARI_SF,ARI@SF,2026-09-27T20:05:00+00:00,KXNFLREC-26SEP27ARISF-ARIJLOVE4-4,KXNFLREC-26SEP27ARISF,KXNFLREC,receptions,ARIJLOVE4,Jeremiyah Love: 4+ receptions,0.28,0.29,0.71,0.72,PASS,
2026-09-27T17:49:54.103076+00:00,2026,3,2026_03_ARI_SF,ARI@SF,2026-09-27T20:05:00+00:00,KXNFLREC-26SEP27ARISF-ARIJLOVE4-3,KXNFLREC-26SEP27ARISF,KXNFLREC,receptions,ARIJLOVE4,Jeremiyah Love: 3+ receptions,0.5,0.51,0.49,0.5,PASS,
2026-09-27T17:49:54.103076+00:00,2026,3,2026_03_ARI_SF,ARI@SF,2026-09-27T20:05:00+00:00,KXNFLREC-26SEP27ARISF-ARIJLOVE4-2,KXNFLREC-26SEP27ARISF,KXNFLREC,receptions,ARIJLOVE4,Jeremiyah Love: 2+ receptions,0.72,0.73,0.27,0.28,PASS,
2026-09-27T17:49:54.103076+00:00,2026,3,2026_03_ARI_SF,ARI@SF,2026-09-27T20:05:00+00:00,KXNFLREC-26SEP27ARISF-ARIKBOURNE17-7,KXNFLREC-26SEP27ARISF,KXNFLREC,receptions,ARIKBOURNE17,Kendrick Bourne: 7+ receptions,0.04,0.05,0.95,0.96,PASS,
2026-09-27T17:49:54.103076+00:00,2026,3,2026_03_ARI_SF,ARI@SF,2026-09-27T20:05:00+00:00,KXNFLREC-26SEP27ARISF-ARIKBOURNE17-6,KXNFLREC-26SEP27ARISF,KXNFLREC,receptions,ARIKBOURNE17,Kendrick Bourne: 6+ receptions,0.07,0.09,0.91,0.9299999999999999,PASS,
2026-09-27T17:49:54.103076+00:00,2026,3,2026_03_ARI_SF,ARI@SF,2026-09-27T20:05:00+00:00,KXNFLREC-26SEP27ARISF-ARIKBOURNE17-5,KXNFLREC-26SEP27ARISF,KXNFLREC,receptions,ARIKBOURNE17,Kendrick Bourne: 5+ receptions,0.14,0.16,0.84,0.86,PASS,
2026-09-27T17:49:54.103076+00:00,2026,3,2026_03_ARI_SF,ARI@SF,2026-09-27T20:05:00+00:00,KXNFLREC-26SEP27ARISF-ARIKBOURNE17-4,KXNFLREC-26SEP27ARISF,KXNFLREC,receptions,ARIKBOURNE17,Kendrick Bourne: 4+ receptions,0.28,0.29,0.71,0.72,PASS,
2026-09-27T17:49:54.103076+00:00,2026,3,2026_03_ARI_SF,ARI@SF,2026-09-27T20:05:00+00:00,KXNFLREC-26SEP27ARISF-ARIKBOURNE17-3,KXNFLREC-26SEP27ARISF,KXNFLREC,receptions,ARIKBOURNE17,Kendrick Bourne: 3+ receptions,0.48,0.49,0.51,0.52,PASS,
2026-09-27T17:49:54.103076+00:00,2026,3,2026_03_ARI_SF,ARI@SF,2026-09-27T20:05:00+00:00,KXNFLREC-26SEP27ARISF-ARIKBOURNE17-2,KXNFLREC-26SEP27ARISF,KXNFLREC,receptions,ARIKBOURNE17,Kendrick Bourne: 2+ receptions,0.7,0.71,0.29000000000000004,0.30000000000000004,PASS,
2026-09-27T17:49:54.103076+00:00,2026,3,2026_03_BAL_DAL,BAL@DAL,2026-09-27T20:25:00+00:00,KXNFLREC-26SEP27BALDAL-DALRFLOURNOY19-8,KXNFLREC-26SEP27BALDAL,KXNFLREC,receptions,DALRFLOURNOY19,Ryan Flournoy: 8+ receptions,0.03,0.05,0.95,0.97,PASS,
2026-09-27T17:49:54.103076+00:00,2026,3,2026_03_BAL_DAL,BAL@DAL,2026-09-27T20:25:00+00:00,KXNFLREC-26SEP27BALDAL-DALRFLOURNOY19-7,KXNFLREC-26SEP27BALDAL,KXNFLREC,receptions,DALRFLOURNOY19,Ryan Flournoy: 7+ receptions,0.05,0.07,0.9299999999999999,0.95,PASS,
2026-09-27T17:49:54.103076+00:00,2026,3,2026_03_BAL_DAL,BAL@DAL,2026-09-27T20:25:00+00:00,KXNFLREC-26SEP27BALDAL-DALRFLOURNOY19-6,KXNFLREC-26SEP27BALDAL,KXNFLREC,receptions,DALRFLOURNOY19,Ryan Flournoy: 6+ receptions,0.14,0.15,0.85,0.86,PASS,
2026-09-27T17:49:54.103076+00:00,2026,3,2026_03_BAL_DAL,BAL@DAL,2026-09-27T20:25:00+00:00,KXNFLREC-26SEP27BALDAL-DALRFLOURNOY19-5,KXNFLREC-26SEP27BALDAL,KXNFLREC,receptions,DALRFLOURNOY19,Ryan Flournoy: 5+ receptions,0.25,0.26,0.74,0.75,PASS,
2026-09-27T17:49:54.103076+00:00,2026,3,2026_03_BAL_DAL,BAL@DAL,2026-09-27T20:25:00+00:00,KXNFLREC-26SEP27BALDAL-DALRFLOURNOY19-4,KXNFLREC-26SEP27BALDAL,KXNFLREC,receptions,DALRFLOURNOY19,Ryan Flournoy: 4+ receptions,0.42,0.43,0.5700000000000001,0.5800000000000001,PASS,
2026-09-27T17:49:54.103076+00:00,2026,3,2026_03_BAL_DAL,BAL@DAL,2026-09-27T20:25:00+00:00,KXNFLREC-26SEP27BALDAL-DALRFLOURNOY19-3,KXNFLREC-26SEP27BALDAL,KXNFLREC,receptions,DALRFLOURNOY19,Ryan Flournoy: 3+ receptions,0.62,0.63,0.37,0.38,PASS,
2026-09-27T17:49:54.103076+00:00,2026,3,2026_03_BAL_DAL,BAL@DAL,2026-09-27T20:25:00+00:00,KXNFLREC-26SEP27BALDAL-DALRFLOURNOY19-2,KXNFLREC-26SEP27BALDAL,KXNFLREC,receptions,DALRFLOURNOY19,Ryan Flournoy: 2+ receptions,0.8,0.82,0.18000000000000005,0.19999999999999996,PASS,
2026-09-27T17:49:54.103076+00:00,2026,3,2026_03_BAL_DAL,BAL@DAL,2026-09-27T20:25:00+00:00,KXNFLREC-26SEP27BALDAL-DALJWILLIAMS33-8,KXNFLREC-26SEP27BALDAL,KXNFLREC,receptions,DALJWILLIAMS33,Javonte Williams: 8+ receptions,0.02,0.03,0.97,0.98,PASS,
2026-09-27T17:49:54.103076+00:00,2026,3,2026_03_BAL_DAL,BAL@DAL,2026-09-27T20:25:00+00:00,KXNFLREC-26SEP27BALDAL-DALJWILLIAMS33-7,KXNFLREC-26SEP27BALDAL,KXNFLREC,receptions,DALJWILLIAMS33,Javonte Williams: 7+ receptions,0.03,0.05,0.95,0.97,PASS,
2026-09-27T17:49:54.103076+00:00,2026,3,2026_03_BAL_DAL,BAL@DAL,2026-09-27T20:25:00+00:00,KXNFLREC-26SEP27BALDAL-DALJWILLIAMS33-6,KXNFLREC-26SEP27BALDAL,KXNFLREC,receptions,DALJWILLIAMS33,Javonte Williams: 6+ receptions,0.08,0.1,0.9,0.92,PASS,
2026-09-27T17:49:54.103076+00:00,2026,3,2026_03_BAL_DAL,BAL@DAL,2026-09-27T20:25:00+00:00,KXNFLREC-26SEP27BALDAL-DALJWILLIAMS33-5,KXNFLREC-26SEP27BALDAL,KXNFLREC,receptions,DALJWILLIAMS33,Javonte Williams: 5+ receptions,0.16,0.18,0.8200000000000001,0.84,PASS,
2026-09-27T17:49:54.103076+00:00,2026,3,2026_03_BAL_DAL,BAL@DAL,2026-09-27T20:25:00+00:00,KXNFLREC-26SEP27BALDAL-DALJWILLIAMS33-4,KXNFLREC-26SEP27BALDAL,KXNFLREC,receptions,DALJWILLIAMS33,Javonte Williams: 4+ receptions,0.31,0.33,0.6699999999999999,0.69,PASS,
2026-09-27T17:49:54.103076+00:00,2026,3,2026_03_BAL_DAL,BAL@DAL,2026-09-27T20:25:00+00:00,KXNFLREC-26SEP27BALDAL-DALJWILLIAMS33-3,KXNFLREC-26SEP27BALDAL,KXNFLREC,receptions,DALJWILLIAMS33,Javonte Williams: 3+ receptions,0.51,0.52,0.48,0.49,PASS,
2026-09-27T17:49:54.103076+00:00,2026,3,2026_03_BAL_DAL,BAL@DAL,2026-09-27T20:25:00+00:00,KXNFLREC-26SEP27BALDAL-DALJWILLIAMS33-2,KXNFLREC-26SEP27BALDAL,KXNFLREC,receptions,DALJWILLIAMS33,Javonte Williams: 2+ receptions,0.74,0.75,0.25,0.26,PASS,
2026-09-27T17:49:54.103076+00:00,2026,3,2026_03_BAL_DAL,BAL@DAL,2026-09-27T20:25:00+00:00,KXNFLREC-26SEP27BALDAL-DALJFERGUSON87-9,KXNFLREC-26SEP27BALDAL,KXNFLREC,receptions,DALJFERGUSON87,Jake Ferguson: 9+ receptions,0.02,0.04,0.96,0.98,PASS,
2026-09-27T17:49:54.103076+00:00,2026,3,2026_03_BAL_DAL,BAL@DAL,2026-09-27T20:25:00+00:00,KXNFLREC-26SEP27BALDAL-DALJFERGUSON87-8,KXNFLREC-26SEP27BALDAL,KXNFLREC,receptions,DALJFERGUSON87,Jake Ferguson: 8+ receptions,0.04,0.07,0.9299999999999999,0.96,PASS,
2026-09-27T17:49:54.103076+00:00,2026,3,2026_03_BAL_DAL,BAL@DAL,2026-09-27T20:25:00+00:00,KXNFLREC-26SEP27BALDAL-DALJFERGUSON87-7,KXNFLREC-26SEP27BALDAL,KXNFLREC,receptions,DALJFERGUSON87,Jake Ferguson: 7+ receptions,0.09,0.11,0.89,0.91,PASS,
2026-09-27T17:49:54.103076+00:00,2026,3,2026_03_BAL_DAL,BAL@DAL,2026-09-27T20:25:00+00:00,KXNFLREC-26SEP27BALDAL-DALJFERGUSON87-6,KXNFLREC-26SEP27BALDAL,KXNFLREC,receptions,DALJFERGUSON87,Jake Ferguson: 6+ receptions,0.17,0.19,0.81,0.83,PASS,
2026-09-27T17:49:54.103076+00:00,2026,3,2026_03_BAL_DAL,BAL@DAL,2026-09-27T20:25:00+00:00,KXNFLREC-26SEP27BALDAL-DALJFERGUSON87-5,KXNFLREC-26SEP27BALDAL,KXNFLREC,receptions,DALJFERGUSON87,Jake Ferguson: 5+ receptions,0.31,0.32,0.6799999999999999,0.69,PASS,
2026-09-27T17:49:54.103076+00:00,2026,3,2026_03_BAL_DAL,BAL@DAL,2026-09-27T20:25:00+00:00,KXNFLREC-26SEP27BALDAL-DALJFERGUSON87-4,KXNFLREC-26SEP27BALDAL,KXNFLREC,receptions,DALJFERGUSON87,Jake Ferguson: 4+ receptions,0.49,0.5,0.5,0.51,PASS,
2026-09-27T17:49:54.103076+00:00,2026,3,2026_03_BAL_DAL,BAL@DAL,2026-09-27T20:25:00+00:00,KXNFLREC-26SEP27BALDAL-DALJFERGUSON87-3,KXNFLREC-26SEP27BALDAL,KXNFLREC,receptions,DALJFERGUSON87,Jake Ferguson: 3+ receptions,0.68,0.69,0.31000000000000005,0.31999999999999995,PASS,
2026-09-27T17:49:54.103076+00:00,2026,3,2026_03_BAL_DAL,BAL@DAL,2026-09-27T20:25:00+00:00,KXNFLREC-26SEP27BALDAL-DALJFERGUSON87-2,KXNFLREC-26SEP27BALDAL,KXNFLREC,receptions,DALJFERGUSON87,Jake Ferguson: 2+ receptions,0.84,0.86,0.14,0.16000000000000003,PASS,
2026-09-27T17:49:54.103076+00:00,2026,3,2026_03_BAL_DAL,BAL@DAL,2026-09-27T20:25:00+00:00,KXNFLREC-26SEP27BALDAL-DALGPICKENS3-9,KXNFLREC-26SEP27BALDAL,KXNFLREC,receptions,DALGPICKENS3,George Pickens: 9+ receptions,0.1,0.11,0.89,0.9,PASS,
2026-09-27T17:49:54.103076+00:00,2026,3,2026_03_BAL_DAL,BAL@DAL,2026-09-27T20:25:00+00:00,KXNFLREC-26SEP27BALDAL-DALGPICKENS3-8,KXNFLREC-26SEP27BALDAL,KXNFLREC,receptions,DALGPICKENS3,George Pickens: 8+ receptions,0.17,0.19,0.81,0.83,PASS,
2026-09-27T17:49:54.103076+00:00,2026,3,2026_03_BAL_DAL,BAL@DAL,2026-09-27T20:25:00+00:00,KXNFLREC-26SEP27BALDAL-DALGPICKENS3-7,KXNFLREC-26SEP27BALDAL,KXNFLREC,receptions,DALGPICKENS3,George Pickens: 7+ receptions,0.28,0.29,0.71,0.72,PASS,
2026-09-27T17:49:54.103076+00:00,2026,3,2026_03_BAL_DAL,BAL@DAL,2026-09-27T20:25:00+00:00,KXNFLREC-26SEP27BALDAL-DALGPICKENS3-6,KXNFLREC-26SEP27BALDAL,KXNFLREC,receptions,DALGPICKENS3,George Pickens: 6+ receptions,0.41,0.42,0.5800000000000001,0.5900000000000001,PASS,
2026-09-27T17:49:54.103076+00:00,2026,3,2026_03_BAL_DAL,BAL@DAL,2026-09-27T20:25:00+00:00,KXNFLREC-26SEP27BALDAL-DALGPICKENS3-5,KXNFLREC-26SEP27BALDAL,KXNFLREC,receptions,DALGPICKENS3,George Pickens: 5+ receptions,0.57,0.59,0.41000000000000003,0.43000000000000005,PASS,
2026-09-27T17:49:54.103076+00:00,2026,3,2026_03_BAL_DAL,BAL@DAL,2026-09-27T20:25:00+00:00,KXNFLREC-26SEP27BALDAL-DALGPICKENS3-4,KXNFLREC-26SEP27BALDAL,KXNFLREC,receptions,DALGPICKENS3,George Pickens: 4+ receptions,0.73,0.76,0.24,0.27,PASS,
2026-09-27T17:49:54.103076+00:00,2026,3,2026_03_BAL_DAL,BAL@DAL,2026-09-27T20:25:00+00:00,KXNFLREC-26SEP27BALDAL-DALGPICKENS3-3,KXNFLREC-26SEP27BALDAL,KXNFLREC,receptions,DALGPICKENS3,George Pickens: 3+ receptions,0.85,0.87,0.13,0.15000000000000002,PASS,
2026-09-27T17:49:54.103076+00:00,2026,3,2026_03_BAL_DAL,BAL@DAL,2026-09-27T20:25:00+00:00,KXNFLREC-26SEP27BALDAL-DALGPICKENS3-11,KXNFLREC-26SEP27BALDAL,KXNFLREC,receptions,DALGPICKENS3,George Pickens: 11+ receptions,0.02,0.05,0.95,0.98,PASS,
2026-09-27T17:49:54.103076+00:00,2026,3,2026_03_BAL_DAL,BAL@DAL,2026-09-27T20:25:00+00:00,KXNFLREC-26SEP27BALDAL-DALGPICKENS3-10,KXNFLREC-26SEP27BALDAL,KXNFLREC,receptions,DALGPICKENS3,George Pickens: 10+ receptions,0.05,0.07,0.9299999999999999,0.95,PASS,
2026-09-27T17:49:54.103076+00:00,2026,3,2026_03_BAL_DAL,BAL@DAL,2026-09-27T20:25:00+00:00,KXNFLREC-26SEP27BALDAL-DALCLAMB88-9,KXNFLREC-26SEP27BALDAL,KXNFLREC,receptions,DALCLAMB88,CeeDee Lamb: 9+ receptions,0.23,0.24,0.76,0.77,PASS,
2026-09-27T17:49:54.103076+00:00,2026,3,2026_03_BAL_DAL,BAL@DAL,2026-09-27T20:25:00+00:00,KXNFLREC-26SEP27BALDAL-DALCLAMB88-8,KXNFLREC-26SEP27BALDAL,KXNFLREC,receptions,DALCLAMB88,CeeDee Lamb: 8+ receptions,0.33,0.35,0.65,0.6699999999999999,PASS,
2026-09-27T17:49:54.103076+00:00,2026,3,2026_03_BAL_DAL,BAL@DAL,2026-09-27T20:25:00+00:00,KXNFLREC-26SEP27BALDAL-DALCLAMB88-7,KXNFLREC-26SEP27BALDAL,KXNFLREC,receptions,DALCLAMB88,CeeDee Lamb: 7+ receptions,0.47,0.48,0.52,0.53,PASS,
2026-09-27T17:49:54.103076+00:00,2026,3,2026_03_BAL_DAL,BAL@DAL,2026-09-27T20:25:00+00:00,KXNFLREC-26SEP27BALDAL-DALCLAMB88-6,KXNFLREC-26SEP27BALDAL,KXNFLREC,receptions,DALCLAMB88,CeeDee Lamb: 6+ receptions,0.61,0.62,0.38,0.39,PASS,
2026-09-27T17:49:54.103076+00:00,2026,3,2026_03_BAL_DAL,BAL@DAL,2026-09-27T20:25:00+00:00,KXNFLREC-26SEP27BALDAL-DALCLAMB88-5,KXNFLREC-26SEP27BALDAL,KXNFLREC,receptions,DALCLAMB88,CeeDee Lamb: 5+ receptions,0.75,0.77,0.22999999999999998,0.25,PASS,
2026-09-27T17:49:54.103076+00:00,2026,3,2026_03_BAL_DAL,BAL@DAL,2026-09-27T20:25:00+00:00,KXNFLREC-26SEP27BALDAL-DALCLAMB88-4,KXNFLREC-26SEP27BALDAL,KXNFLREC,receptions,DALCLAMB88,CeeDee Lamb: 4+ receptions,0.85,0.87,0.13,0.15000000000000002,PASS,
2026-09-27T17:49:54.103076+00:00,2026,3,2026_03_BAL_DAL,BAL@DAL,2026-09-27T20:25:00+00:00,KXNFLREC-26SEP27BALDAL-DALCLAMB88-13,KXNFLREC-26SEP27BALDAL,KXNFLREC,receptions,DALCLAMB88,CeeDee Lamb: 13+ receptions,0.0,0.05,0.95,1.0,PASS,
2026-09-27T17:49:54.103076+00:00,2026,3,2026_03_BAL_DAL,BAL@DAL,2026-09-27T20:25:00+00:00,KXNFLREC-26SEP27BALDAL-DALCLAMB88-12,KXNFLREC-26SEP27BALDAL,KXNFLREC,receptions,DALCLAMB88,CeeDee Lamb: 12+ receptions,0.03,0.07,0.9299999999999999,0.97,PASS,
2026-09-27T17:49:54.103076+00:00,2026,3,2026_03_BAL_DAL,BAL@DAL,2026-09-27T20:25:00+00:00,KXNFLREC-26SEP27BALDAL-DALCLAMB88-11,KXNFLREC-26SEP27BALDAL,KXNFLREC,receptions,DALCLAMB88,CeeDee Lamb: 11+ receptions,0.07,0.1,0.9,0.9299999999999999,PASS,
2026-09-27T17:49:54.103076+00:00,2026,3,2026_03_BAL_DAL,BAL@DAL,2026-09-27T20:25:00+00:00,KXNFLREC-26SEP27BALDAL-DALCLAMB88-10,KXNFLREC-26SEP27BALDAL,KXNFLREC,receptions,DALCLAMB88,CeeDee Lamb: 10+ receptions,0.14,0.15,0.85,0.86,PASS,
2026-09-27T17:49:54.103076+00:00,2026,3,2026_03_BAL_DAL,BAL@DAL,2026-09-27T20:25:00+00:00,KXNFLREC-26SEP27BALDAL-BALRBATEMAN7-9,KXNFLREC-26SEP27BALDAL,KXNFLREC,receptions,BALRBATEMAN7,Rashod Bateman: 9+ receptions,0.0,0.04,0.96,1.0,PASS,
2026-09-27T17:49:54.103076+00:00,2026,3,2026_03_BAL_DAL,BAL@DAL,2026-09-27T20:25:00+00:00,KXNFLREC-26SEP27BALDAL-BALRBATEMAN7-8,KXNFLREC-26SEP27BALDAL,KXNFLREC,receptions,BALRBATEMAN7,Rashod Bateman: 8+ receptions,0.03,0.06,0.94,0.97,PASS,
2026-09-27T17:49:54.103076+00:00,2026,3,2026_03_BAL_DAL,BAL@DAL,2026-09-27T20:25:00+00:00,KXNFLREC-26SEP27BALDAL-BALRBATEMAN7-7,KXNFLREC-26SEP27BALDAL,KXNFLREC,receptions,BALRBATEMAN7,Rashod Bateman: 7+ receptions,0.08,0.09,0.91,0.92,PASS,
2026-09-27T17:49:54.103076+00:00,2026,3,2026_03_BAL_DAL,BAL@DAL,2026-09-27T20:25:00+00:00,KXNFLREC-26SEP27BALDAL-BALRBATEMAN7-6,KXNFLREC-26SEP27BALDAL,KXNFLREC,receptions,BALRBATEMAN7,Rashod Bateman: 6+ receptions,0.15,0.17,0.83,0.85,PASS,
2026-09-27T17:49:54.103076+00:00,2026,3,2026_03_BAL_DAL,BAL@DAL,2026-09-27T20:25:00+00:00,KXNFLREC-26SEP27BALDAL-BALRBATEMAN7-5,KXNFLREC-26SEP27BALDAL,KXNFLREC,receptions,BALRBATEMAN7,Rashod Bateman: 5+ receptions,0.28,0.29,0.71,0.72,PASS,
2026-09-27T17:49:54.103076+00:00,2026,3,2026_03_BAL_DAL,BAL@DAL,2026-09-27T20:25:00+00:00,KXNFLREC-26SEP27BALDAL-BALRBATEMAN7-4,KXNFLREC-26SEP27BALDAL,KXNFLREC,receptions,BALRBATEMAN7,Rashod Bateman: 4+ receptions,0.46,0.47,0.53,0.54,PASS,
2026-09-27T17:49:54.103076+00:00,2026,3,2026_03_BAL_DAL,BAL@DAL,2026-09-27T20:25:00+00:00,KXNFLREC-26SEP27BALDAL-BALRBATEMAN7-3,KXNFLREC-26SEP27BALDAL,KXNFLREC,receptions,BALRBATEMAN7,Rashod Bateman: 3+ receptions,0.66,0.67,0.32999999999999996,0.33999999999999997,PASS,
2026-09-27T17:49:54.103076+00:00,2026,3,2026_03_BAL_DAL,BAL@DAL,2026-09-27T20:25:00+00:00,KXNFLREC-26SEP27BALDAL-BALRBATEMAN7-2,KXNFLREC-26SEP27BALDAL,KXNFLREC,receptions,BALRBATEMAN7,Rashod Bateman: 2+ receptions,0.83,0.84,0.16000000000000003,0.17000000000000004,PASS,
2026-09-27T17:49:54.103076+00:00,2026,3,2026_03_BAL_DAL,BAL@DAL,2026-09-27T20:25:00+00:00,KXNFLREC-26SEP27BALDAL-BALMANDREWS89-9,KXNFLREC-26SEP27BALDAL,KXNFLREC,receptions,BALMANDREWS89,Mark Andrews: 9+ receptions,0.04,0.06,0.94,0.96,PASS,
2026-09-27T17:49:54.103076+00:00,2026,3,2026_03_BAL_DAL,BAL@DAL,2026-09-27T20:25:00+00:00,KXNFLREC-26SEP27BALDAL-BALMANDREWS89-8,KXNFLREC-26SEP27BALDAL,KXNFLREC,receptions,BALMANDREWS89,Mark Andrews: 8+ receptions,0.08,0.1,0.9,0.92,PASS,
2026-09-27T17:49:54.103076+00:00,2026,3,2026_03_BAL_DAL,BAL@DAL,2026-09-27T20:25:00+00:00,KXNFLREC-26SEP27BALDAL-BALMANDREWS89-7,KXNFLREC-26SEP27BALDAL,KXNFLREC,receptions,BALMANDREWS89,Mark Andrews: 7+ receptions,0.14,0.17,0.83,0.86,PASS,
2026-09-27T17:49:54.103076+00:00,2026,3,2026_03_BAL_DAL,BAL@DAL,2026-09-27T20:25:00+00:00,KXNFLREC-26SEP27BALDAL-BALMANDREWS89-6,KXNFLREC-26SEP27BALDAL,KXNFLREC,receptions,BALMANDREWS89,Mark Andrews: 6+ receptions,0.25,0.28,0.72,0.75,PASS,
2026-09-27T17:49:54.103076+00:00,2026,3,2026_03_BAL_DAL,BAL@DAL,2026-09-27T20:25:00+00:00,KXNFLREC-26SEP27BALDAL-BALMANDREWS89-5,KXNFLREC-26SEP27BALDAL,KXNFLREC,receptions,BALMANDREWS89,Mark Andrews: 5+ receptions,0.44,0.45,0.55,0.56,PASS,
2026-09-27T17:49:54.103076+00:00,2026,3,2026_03_BAL_DAL,BAL@DAL,2026-09-27T20:25:00+00:00,KXNFLREC-26SEP27BALDAL-BALMANDREWS89-4,KXNFLREC-26SEP27BALDAL,KXNFLREC,receptions,BALMANDREWS89,Mark Andrews: 4+ receptions,0.58,0.59,0.41000000000000003,0.42000000000000004,PASS,
2026-09-27T17:49:54.103076+00:00,2026,3,2026_03_BAL_DAL,BAL@DAL,2026-09-27T20:25:00+00:00,KXNFLREC-26SEP27BALDAL-BALMANDREWS89-3,KXNFLREC-26SEP27BALDAL,KXNFLREC,receptions,BALMANDREWS89,Mark Andrews: 3+ receptions,0.77,0.78,0.21999999999999997,0.22999999999999998,PASS,
2026-09-27T17:49:54.103076+00:00,2026,3,2026_03_BAL_DAL,BAL@DAL,2026-09-27T20:25:00+00:00,KXNFLREC-26SEP27BALDAL-BALMANDREWS89-2,KXNFLREC-26SEP27BALDAL,KXNFLREC,receptions,BALMANDREWS89,Mark Andrews: 2+ receptions,0.88,0.89,0.10999999999999999,0.12,PASS,
2026-09-27T17:49:54.103076+00:00,2026,3,2026_03_BAL_DAL,BAL@DAL,2026-09-27T20:25:00+00:00,KXNFLREC-26SEP27BALDAL-BALMANDREWS89-11,KXNFLREC-26SEP27BALDAL,KXNFLREC,receptions,BALMANDREWS89,Mark Andrews: 11+ receptions,0.0,0.03,0.97,1.0,PASS,
2026-09-27T17:49:54.103076+00:00,2026,3,2026_03_BAL_DAL,BAL@DAL,2026-09-27T20:25:00+00:00,KXNFLREC-26SEP27BALDAL-BALMANDREWS89-10,KXNFLREC-26SEP27BALDAL,KXNFLREC,receptions,BALMANDREWS89,Mark Andrews: 10+ receptions,0.01,0.04,0.96,0.99,PASS,
2026-09-27T17:49:54.103076+00:00,2026,3,2026_03_BAL_DAL,BAL@DAL,2026-09-27T20:25:00+00:00,KXNFLREC-26SEP27BALDAL-BALLWESTER10-7,KXNFLREC-26SEP27BALDAL,KXNFLREC,receptions,BALLWESTER10,LaJohntay Wester: 7+ receptions,0.0,0.03,0.97,1.0,PASS,
2026-09-27T17:49:54.103076+00:00,2026,3,2026_03_BAL_DAL,BAL@DAL,2026-09-27T20:25:00+00:00,KXNFLREC-26SEP27BALDAL-BALLWESTER10-6,KXNFLREC-26SEP27BALDAL,KXNFLREC,receptions,BALLWESTER10,LaJohntay Wester: 6+ receptions,0.01,0.04,0.96,0.99,PASS,
2026-09-27T17:49:54.103076+00:00,2026,3,2026_03_BAL_DAL,BAL@DAL,2026-09-27T20:25:00+00:00,KXNFLREC-26SEP27BALDAL-BALLWESTER10-5,KXNFLREC-26SEP27BALDAL,KXNFLREC,receptions,BALLWESTER10,LaJohntay Wester: 5+ receptions,0.07,0.08,0.92,0.9299999999999999,PASS,
2026-09-27T17:49:54.103076+00:00,2026,3,2026_03_BAL_DAL,BAL@DAL,2026-09-27T20:25:00+00:00,KXNFLREC-26SEP27BALDAL-BALLWESTER10-4,KXNFLREC-26SEP27BALDAL,KXNFLREC,receptions,BALLWESTER10,LaJohntay Wester: 4+ receptions,0.11,0.14,0.86,0.89,PASS,
2026-09-27T17:49:54.103076+00:00,2026,3,2026_03_BAL_DAL,BAL@DAL,2026-09-27T20:25:00+00:00,KXNFLREC-26SEP27BALDAL-BALLWESTER10-3,KXNFLREC-26SEP27BALDAL,KXNFLREC,receptions,BALLWESTER10,LaJohntay Wester: 3+ receptions,0.29,0.3,0.7,0.71,PASS,
2026-09-27T17:49:54.103076+00:00,2026,3,2026_03_BAL_DAL,BAL@DAL,2026-09-27T20:25:00+00:00,KXNFLREC-26SEP27BALDAL-BALLWESTER10-2,KXNFLREC-26SEP27BALDAL,KXNFLREC,receptions,BALLWESTER10,LaJohntay Wester: 2+ receptions,0.5,0.52,0.48,0.5,PASS,
2026-09-27T17:49:54.103076+00:00,2026,3,2026_03_BAL_DAL,BAL@DAL,2026-09-27T20:25:00+00:00,KXNFLREC-26SEP27BALDAL-BALJHILL43-6,KXNFLREC-26SEP27BALDAL,KXNFLREC,receptions,BALJHILL43,Justice Hill: 6+ receptions,0.03,0.05,0.95,0.97,PASS,
2026-09-27T17:49:54.103076+00:00,2026,3,2026_03_BAL_DAL,BAL@DAL,2026-09-27T20:25:00+00:00,KXNFLREC-26SEP27BALDAL-BALJHILL43-5,KXNFLREC-26SEP27BALDAL,KXNFLREC,receptions,BALJHILL43,Justice Hill: 5+ receptions,0.08,0.1,0.9,0.92,PASS,
2026-09-27T17:49:54.103076+00:00,2026,3,2026_03_BAL_DAL,BAL@DAL,2026-09-27T20:25:00+00:00,KXNFLREC-26SEP27BALDAL-BALJHILL43-4,KXNFLREC-26SEP27BALDAL,KXNFLREC,receptions,BALJHILL43,Justice Hill: 4+ receptions,0.18,0.21,0.79,0.8200000000000001,PASS,
2026-09-27T17:49:54.103076+00:00,2026,3,2026_03_BAL_DAL,BAL@DAL,2026-09-27T20:25:00+00:00,KXNFLREC-26SEP27BALDAL-BALJHILL43-3,KXNFLREC-26SEP27BALDAL,KXNFLREC,receptions,BALJHILL43,Justice Hill: 3+ receptions,0.37,0.38,0.62,0.63,PASS,
2026-09-27T17:49:54.103076+00:00,2026,3,2026_03_BAL_DAL,BAL@DAL,2026-09-27T20:25:00+00:00,KXNFLREC-26SEP27BALDAL-BALJHILL43-2,KXNFLREC-26SEP27BALDAL,KXNFLREC,receptions,BALJHILL43,Justice Hill: 2+ receptions,0.58,0.59,0.41000000000000003,0.42000000000000004,PASS,
2026-09-27T17:49:54.103076+00:00,2026,3,2026_03_BAL_DAL,BAL@DAL,2026-09-27T20:25:00+00:00,KXNFLREC-26SEP27BALDAL-BALDHENRY22-5,KXNFLREC-26SEP27BALDAL,KXNFLREC,receptions,BALDHENRY22,Derrick Henry: 5+ receptions,0.03,0.04,0.96,0.97,PASS,
2026-09-27T17:49:54.103076+00:00,2026,3,2026_03_BAL_DAL,BAL@DAL,2026-09-27T20:25:00+00:00,KXNFLREC-26SEP27BALDAL-BALDHENRY22-4,KXNFLREC-26SEP27BALDAL,KXNFLREC,receptions,BALDHENRY22,Derrick Henry: 4+ receptions,0.07,0.08,0.92,0.9299999999999999,PASS,
2026-09-27T17:49:54.103076+00:00,2026,3,2026_03_BAL_DAL,BAL@DAL,2026-09-27T20:25:00+00:00,KXNFLREC-26SEP27BALDAL-BALDHENRY22-3,KXNFLREC-26SEP27BALDAL,KXNFLREC,receptions,BALDHENRY22,Derrick Henry: 3+ receptions,0.19,0.2,0.8,0.81,PASS,
2026-09-27T17:49:54.103076+00:00,2026,3,2026_03_BAL_DAL,BAL@DAL,2026-09-27T20:25:00+00:00,KXNFLREC-26SEP27BALDAL-BALDHENRY22-2,KXNFLREC-26SEP27BALDAL,KXNFLREC,receptions,BALDHENRY22,Derrick Henry: 2+ receptions,0.42,0.43,0.5700000000000001,0.5800000000000001,PASS,
2026-09-27T17:49:54.103076+00:00,2026,3,2026_03_MIN_TB,MIN@TB,2026-09-27T20:05:00+00:00,KXNFLREC-26SEP27MINTB-MINJOLIVER84-5,KXNFLREC-26SEP27MINTB,KXNFLREC,receptions,MINJOLIVER84,Josh Oliver: 5+ receptions,0.02,0.04,0.96,0.98,PASS,
2026-09-27T17:49:54.103076+00:00,2026,3,2026_03_MIN_TB,MIN@TB,2026-09-27T20:05:00+00:00,KXNFLREC-26SEP27MINTB-MINJOLIVER84-4,KXNFLREC-26SEP27MINTB,KXNFLREC,receptions,MINJOLIVER84,Josh Oliver: 4+ receptions,0.08,0.09,0.91,0.92,PASS,
2026-09-27T17:49:54.103076+00:00,2026,3,2026_03_MIN_TB,MIN@TB,2026-09-27T20:05:00+00:00,KXNFLREC-26SEP27MINTB-MINJOLIVER84-3,KXNFLREC-26SEP27MINTB,KXNFLREC,receptions,MINJOLIVER84,Josh Oliver: 3+ receptions,0.17,0.2,0.8,0.83,PASS,
2026-09-27T17:49:54.103076+00:00,2026,3,2026_03_MIN_TB,MIN@TB,2026-09-27T20:05:00+00:00,KXNFLREC-26SEP27MINTB-MINJOLIVER84-2,KXNFLREC-26SEP27MINTB,KXNFLREC,receptions,MINJOLIVER84,Josh Oliver: 2+ receptions,0.41,0.42,0.5800000000000001,0.5900000000000001,PASS,
2026-09-27T17:49:54.103076+00:00,2026,3,2026_03_MIN_TB,MIN@TB,2026-09-27T20:05:00+00:00,KXNFLREC-26SEP27MINTB-MINJJENNINGS14-5,KXNFLREC-26SEP27MINTB,KXNFLREC,receptions,MINJJENNINGS14,Jauan Jennings: 5+ receptions,0.03,0.04,0.96,0.97,PASS,
2026-09-27T17:49:54.103076+00:00,2026,3,2026_03_MIN_TB,MIN@TB,2026-09-27T20:05:00+00:00,KXNFLREC-26SEP27MINTB-MINJJENNINGS14-4,KXNFLREC-26SEP27MINTB,KXNFLREC,receptions,MINJJENNINGS14,Jauan Jennings: 4+ receptions,0.09,0.1,0.9,0.91,PASS,
2026-09-27T17:49:54.103076+00:00,2026,3,2026_03_MIN_TB,MIN@TB,2026-09-27T20:05:00+00:00,KXNFLREC-26SEP27MINTB-MINJJENNINGS14-3,KXNFLREC-26SEP27MINTB,KXNFLREC,receptions,MINJJENNINGS14,Jauan Jennings: 3+ receptions,0.22,0.23,0.77,0.78,PASS,
2026-09-27T17:49:54.103076+00:00,2026,3,2026_03_MIN_TB,MIN@TB,2026-09-27T20:05:00+00:00,KXNFLREC-26SEP27MINTB-MINJJENNINGS14-2,KXNFLREC-26SEP27MINTB,KXNFLREC,receptions,MINJJENNINGS14,Jauan Jennings: 2+ receptions,0.47,0.48,0.52,0.53,PASS,
2026-09-27T17:49:54.103076+00:00,2026,3,2026_03_LV_NO,LV@NO,2026-09-27T20:25:00+00:00,KXNFLREC-26SEP27LVNO-NOJJOHNSON83-8,KXNFLREC-26SEP27LVNO,KXNFLREC,receptions,NOJJOHNSON83,Juwan Johnson: 8+ receptions,0.03,0.05,0.95,0.97,PASS,
2026-09-27T17:49:54.103076+00:00,2026,3,2026_03_LV_NO,LV@NO,2026-09-27T20:25:00+00:00,KXNFLREC-26SEP27LVNO-NOJJOHNSON83-7,KXNFLREC-26SEP27LVNO,KXNFLREC,receptions,NOJJOHNSON83,Juwan Johnson: 7+ receptions,0.06,0.09,0.91,0.94,PASS,
2026-09-27T17:49:54.103076+00:00,2026,3,2026_03_LV_NO,LV@NO,2026-09-27T20:25:00+00:00,KXNFLREC-26SEP27LVNO-NOJJOHNSON83-6,KXNFLREC-26SEP27LVNO,KXNFLREC,receptions,NOJJOHNSON83,Juwan Johnson: 6+ receptions,0.14,0.16,0.84,0.86,PASS,
2026-09-27T17:49:54.103076+00:00,2026,3,2026_03_LV_NO,LV@NO,2026-09-27T20:25:00+00:00,KXNFLREC-26SEP27LVNO-NOJJOHNSON83-5,KXNFLREC-26SEP27LVNO,KXNFLREC,receptions,NOJJOHNSON83,Juwan Johnson: 5+ receptions,0.27,0.29,0.71,0.73,PASS,
2026-09-27T17:49:54.103076+00:00,2026,3,2026_03_LV_NO,LV@NO,2026-09-27T20:25:00+00:00,KXNFLREC-26SEP27LVNO-NOJJOHNSON83-4,KXNFLREC-26SEP27LVNO,KXNFLREC,receptions,NOJJOHNSON83,Juwan Johnson: 4+ receptions,0.45,0.46,0.54,0.55,PASS,
2026-09-27T17:49:54.103076+00:00,2026,3,2026_03_LV_NO,LV@NO,2026-09-27T20:25:00+00:00,KXNFLREC-26SEP27LVNO-NOJJOHNSON83-3,KXNFLREC-26SEP27LVNO,KXNFLREC,receptions,NOJJOHNSON83,Juwan Johnson: 3+ receptions,0.64,0.66,0.33999999999999997,0.36,PASS,
2026-09-27T17:49:54.103076+00:00,2026,3,2026_03_LV_NO,LV@NO,2026-09-27T20:25:00+00:00,KXNFLREC-26SEP27LVNO-NOJJOHNSON83-2,KXNFLREC-26SEP27LVNO,KXNFLREC,receptions,NOJJOHNSON83,Juwan Johnson: 2+ receptions,0.82,0.84,0.16000000000000003,0.18000000000000005,PASS,
2026-09-27T17:49:54.103076+00:00,2026,3,2026_03_LV_NO,LV@NO,2026-09-27T20:25:00+00:00,KXNFLREC-26SEP27LVNO-NODVELE14-9,KXNFLREC-26SEP27LVNO,KXNFLREC,receptions,NODVELE14,Devaughn Vele: 9+ receptions,0.03,0.06,0.94,0.97,PASS,
2026-09-27T17:49:54.103076+00:00,2026,3,2026_03_LV_NO,LV@NO,2026-09-27T20:25:00+00:00,KXNFLREC-26SEP27LVNO-NODVELE14-8,KXNFLREC-26SEP27LVNO,KXNFLREC,receptions,NODVELE14,Devaughn Vele: 8+ receptions,0.07,0.09,0.91,0.9299999999999999,PASS,
2026-09-27T17:49:54.103076+00:00,2026,3,2026_03_LV_NO,LV@NO,2026-09-27T20:25:00+00:00,KXNFLREC-26SEP27LVNO-NODVELE14-7,KXNFLREC-26SEP27LVNO,KXNFLREC,receptions,NODVELE14,Devaughn Vele: 7+ receptions,0.13,0.16,0.84,0.87,PASS,
2026-09-27T17:49:54.103076+00:00,2026,3,2026_03_LV_NO,LV@NO,2026-09-27T20:25:00+00:00,KXNFLREC-26SEP27LVNO-NODVELE14-6,KXNFLREC-26SEP27LVNO,KXNFLREC,receptions,NODVELE14,Devaughn Vele: 6+ receptions,0.25,0.26,0.74,0.75,PASS,
2026-09-27T17:49:54.103076+00:00,2026,3,2026_03_LV_NO,LV@NO,2026-09-27T20:25:00+00:00,KXNFLREC-26SEP27LVNO-NODVELE14-5,KXNFLREC-26SEP27LVNO,KXNFLREC,receptions,NODVELE14,Devaughn Vele: 5+ receptions,0.4,0.42,0.5800000000000001,0.6,PASS,
2026-09-27T17:49:54.103076+00:00,2026,3,2026_03_LV_NO,LV@NO,2026-09-27T20:25:00+00:00,KXNFLREC-26SEP27LVNO-NODVELE14-4,KXNFLREC-26SEP27LVNO,KXNFLREC,receptions,NODVELE14,Devaughn Vele: 4+ receptions,0.58,0.59,0.41000000000000003,0.42000000000000004,PASS,
2026-09-27T17:49:54.103076+00:00,2026,3,2026_03_LV_NO,LV@NO,2026-09-27T20:25:00+00:00,KXNFLREC-26SEP27LVNO-NODVELE14-3,KXNFLREC-26SEP27LVNO,KXNFLREC,receptions,NODVELE14,Devaughn Vele: 3+ receptions,0.76,0.77,0.22999999999999998,0.24,PASS,
2026-09-27T17:49:54.103076+00:00,2026,3,2026_03_LV_NO,LV@NO,2026-09-27T20:25:00+00:00,KXNFLREC-26SEP27LVNO-NODVELE14-2,KXNFLREC-26SEP27LVNO,KXNFLREC,receptions,NODVELE14,Devaughn Vele: 2+ receptions,0.88,0.9,0.09999999999999998,0.12,PASS,
2026-09-27T17:49:54.103076+00:00,2026,3,2026_03_LV_NO,LV@NO,2026-09-27T20:25:00+00:00,KXNFLREC-26SEP27LVNO-NODVELE14-10,KXNFLREC-26SEP27LVNO,KXNFLREC,receptions,NODVELE14,Devaughn Vele: 10+ receptions,0.0,0.04,0.96,1.0,PASS,
2026-09-27T17:49:54.103076+00:00,2026,3,2026_03_LV_NO,LV@NO,2026-09-27T20:25:00+00:00,KXNFLREC-26SEP27LVNO-NOCOLAVE12-9,KXNFLREC-26SEP27LVNO,KXNFLREC,receptions,NOCOLAVE12,Chris Olave: 9+ receptions,0.17,0.19,0.81,0.83,PASS,
2026-09-27T17:49:54.103076+00:00,2026,3,2026_03_LV_NO,LV@NO,2026-09-27T20:25:00+00:00,KXNFLREC-26SEP27LVNO-NOCOLAVE12-8,KXNFLREC-26SEP27LVNO,KXNFLREC,receptions,NOCOLAVE12,Chris Olave: 8+ receptions,0.29,0.3,0.7,0.71,PASS,
2026-09-27T17:49:54.103076+00:00,2026,3,2026_03_LV_NO,LV@NO,2026-09-27T20:25:00+00:00,KXNFLREC-26SEP27LVNO-NOCOLAVE12-7,KXNFLREC-26SEP27LVNO,KXNFLREC,receptions,NOCOLAVE12,Chris Olave: 7+ receptions,0.4,0.41,0.5900000000000001,0.6,PASS,
2026-09-27T17:49:54.103076+00:00,2026,3,2026_03_LV_NO,LV@NO,2026-09-27T20:25:00+00:00,KXNFLREC-26SEP27LVNO-NOCOLAVE12-6,KXNFLREC-26SEP27LVNO,KXNFLREC,receptions,NOCOLAVE12,Chris Olave: 6+ receptions,0.56,0.57,0.43000000000000005,0.43999999999999995,PASS,
2026-09-27T17:49:54.103076+00:00,2026,3,2026_03_LV_NO,LV@NO,2026-09-27T20:25:00+00:00,KXNFLREC-26SEP27LVNO-NOCOLAVE12-5,KXNFLREC-26SEP27LVNO,KXNFLREC,receptions,NOCOLAVE12,Chris Olave: 5+ receptions,0.71,0.72,0.28,0.29000000000000004,PASS,
2026-09-27T17:49:54.103076+00:00,2026,3,2026_03_LV_NO,LV@NO,2026-09-27T20:25:00+00:00,KXNFLREC-26SEP27LVNO-NOCOLAVE12-4,KXNFLREC-26SEP27LVNO,KXNFLREC,receptions,NOCOLAVE12,Chris Olave: 4+ receptions,0.83,0.84,0.16000000000000003,0.17000000000000004,PASS,
2026-09-27T17:49:54.103076+00:00,2026,3,2026_03_LV_NO,LV@NO,2026-09-27T20:25:00+00:00,KXNFLREC-26SEP27LVNO-NOCOLAVE12-13,KXNFLREC-26SEP27LVNO,KXNFLREC,receptions,NOCOLAVE12,Chris Olave: 13+ receptions,0.0,0.04,0.96,1.0,PASS,
2026-09-27T17:49:54.103076+00:00,2026,3,2026_03_LV_NO,LV@NO,2026-09-27T20:25:00+00:00,KXNFLREC-26SEP27LVNO-NOCOLAVE12-12,KXNFLREC-26SEP27LVNO,KXNFLREC,receptions,NOCOLAVE12,Chris Olave: 12+ receptions,0.02,0.05,0.95,0.98,PASS,
2026-09-27T17:49:54.103076+00:00,2026,3,2026_03_LV_NO,LV@NO,2026-09-27T20:25:00+00:00,KXNFLREC-26SEP27LVNO-NOCOLAVE12-11,KXNFLREC-26SEP27LVNO,KXNFLREC,receptions,NOCOLAVE12,Chris Olave: 11+ receptions,0.05,0.08,0.92,0.95,PASS,
2026-09-27T17:49:54.103076+00:00,2026,3,2026_03_LV_NO,LV@NO,2026-09-27T20:25:00+00:00,KXNFLREC-26SEP27LVNO-NOCOLAVE12-10,KXNFLREC-26SEP27LVNO,KXNFLREC,receptions,NOCOLAVE12,Chris Olave: 10+ receptions,0.1,0.12,0.88,0.9,PASS,
2026-09-27T17:49:54.103076+00:00,2026,3,2026_03_LV_NO,LV@NO,2026-09-27T20:25:00+00:00,KXNFLREC-26SEP27LVNO-LVTTUCKER1-9,KXNFLREC-26SEP27LVNO,KXNFLREC,receptions,LVTTUCKER1,Tre Tucker: 9+ receptions,0.0,0.04,0.96,1.0,PASS,
2026-09-27T17:49:54.103076+00:00,2026,3,2026_03_LV_NO,LV@NO,2026-09-27T20:25:00+00:00,KXNFLREC-26SEP27LVNO-LVTTUCKER1-8,KXNFLREC-26SEP27LVNO,KXNFLREC,receptions,LVTTUCKER1,Tre Tucker: 8+ receptions,0.03,0.06,0.94,0.97,PASS,
2026-09-27T17:49:54.103076+00:00,2026,3,2026_03_LV_NO,LV@NO,2026-09-27T20:25:00+00:00,KXNFLREC-26SEP27LVNO-LVTTUCKER1-7,KXNFLREC-26SEP27LVNO,KXNFLREC,receptions,LVTTUCKER1,Tre Tucker: 7+ receptions,0.05,0.09,0.91,0.95,PASS,
2026-09-27T17:49:54.103076+00:00,2026,3,2026_03_LV_NO,LV@NO,2026-09-27T20:25:00+00:00,KXNFLREC-26SEP27LVNO-LVTTUCKER1-6,KXNFLREC-26SEP27LVNO,KXNFLREC,receptions,LVTTUCKER1,Tre Tucker: 6+ receptions,0.12,0.16,0.84,0.88,PASS,
2026-09-27T17:49:54.103076+00:00,2026,3,2026_03_LV_NO,LV@NO,2026-09-27T20:25:00+00:00,KXNFLREC-26SEP27LVNO-LVTTUCKER1-5,KXNFLREC-26SEP27LVNO,KXNFLREC,receptions,LVTTUCKER1,Tre Tucker: 5+ receptions,0.24,0.27,0.73,0.76,PASS,
2026-09-27T17:49:54.103076+00:00,2026,3,2026_03_LV_NO,LV@NO,2026-09-27T20:25:00+00:00,KXNFLREC-26SEP27LVNO-LVTTUCKER1-4,KXNFLREC-26SEP27LVNO,KXNFLREC,receptions,LVTTUCKER1,Tre Tucker: 4+ receptions,0.41,0.42,0.5800000000000001,0.5900000000000001,PASS,
2026-09-27T17:49:54.103076+00:00,2026,3,2026_03_LV_NO,LV@NO,2026-09-27T20:25:00+00:00,KXNFLREC-26SEP27LVNO-LVTTUCKER1-3,KXNFLREC-26SEP27LVNO,KXNFLREC,receptions,LVTTUCKER1,Tre Tucker: 3+ receptions,0.63,0.66,0.33999999999999997,0.37,PASS,
2026-09-27T17:49:54.103076+00:00,2026,3,2026_03_LV_NO,LV@NO,2026-09-27T20:25:00+00:00,KXNFLREC-26SEP27LVNO-LVTTUCKER1-2,KXNFLREC-26SEP27LVNO,KXNFLREC,receptions,LVTTUCKER1,Tre Tucker: 2+ receptions,0.8,0.83,0.17000000000000004,0.19999999999999996,PASS,
2026-09-27T17:49:54.103076+00:00,2026,3,2026_03_LV_NO,LV@NO,2026-09-27T20:25:00+00:00,KXNFLREC-26SEP27LVNO-LVAJEANTY2-9,KXNFLREC-26SEP27LVNO,KXNFLREC,receptions,LVAJEANTY2,Ashton Jeanty: 9+ receptions,0.03,0.06,0.94,0.97,PASS,
2026-09-27T17:49:54.103076+00:00,2026,3,2026_03_LV_NO,LV@NO,2026-09-27T20:25:00+00:00,KXNFLREC-26SEP27LVNO-LVAJEANTY2-8,KXNFLREC-26SEP27LVNO,KXNFLREC,receptions,LVAJEANTY2,Ashton Jeanty: 8+ receptions,0.05,0.09,0.91,0.95,PASS,
2026-09-27T17:49:54.103076+00:00,2026,3,2026_03_LV_NO,LV@NO,2026-09-27T20:25:00+00:00,KXNFLREC-26SEP27LVNO-LVAJEANTY2-7,KXNFLREC-26SEP27LVNO,KXNFLREC,receptions,LVAJEANTY2,Ashton Jeanty: 7+ receptions,0.11,0.14,0.86,0.89,PASS,
2026-09-27T17:49:54.103076+00:00,2026,3,2026_03_LV_NO,LV@NO,2026-09-27T20:25:00+00:00,KXNFLREC-26SEP27LVNO-LVAJEANTY2-6,KXNFLREC-26SEP27LVNO,KXNFLREC,receptions,LVAJEANTY2,Ashton Jeanty: 6+ receptions,0.22,0.25,0.75,0.78,PASS,
2026-09-27T17:49:54.103076+00:00,2026,3,2026_03_LV_NO,LV@NO,2026-09-27T20:25:00+00:00,KXNFLREC-26SEP27LVNO-LVAJEANTY2-5,KXNFLREC-26SEP27LVNO,KXNFLREC,receptions,LVAJEANTY2,Ashton Jeanty: 5+ receptions,0.35,0.38,0.62,0.65,PASS,
2026-09-27T17:49:54.103076+00:00,2026,3,2026_03_LV_NO,LV@NO,2026-09-27T20:25:00+00:00,KXNFLREC-26SEP27LVNO-LVAJEANTY2-4,KXNFLREC-26SEP27LVNO,KXNFLREC,receptions,LVAJEANTY2,Ashton Jeanty: 4+ receptions,0.55,0.56,0.43999999999999995,0.44999999999999996,PASS,
2026-09-27T17:49:54.103076+00:00,2026,3,2026_03_LV_NO,LV@NO,2026-09-27T20:25:00+00:00,KXNFLREC-26SEP27LVNO-LVAJEANTY2-3,KXNFLREC-26SEP27LVNO,KXNFLREC,receptions,LVAJEANTY2,Ashton Jeanty: 3+ receptions,0.72,0.73,0.27,0.28,PASS,
2026-09-27T17:49:54.103076+00:00,2026,3,2026_03_LV_NO,LV@NO,2026-09-27T20:25:00+00:00,KXNFLREC-26SEP27LVNO-LVAJEANTY2-2,KXNFLREC-26SEP27LVNO,KXNFLREC,receptions,LVAJEANTY2,Ashton Jeanty: 2+ receptions,0.85,0.88,0.12,0.15000000000000002,PASS,
2026-09-27T17:49:54.103076+00:00,2026,3,2026_03_LV_NO,LV@NO,2026-09-27T20:25:00+00:00,KXNFLREC-26SEP27LVNO-LVAJEANTY2-10,KXNFLREC-26SEP27LVNO,KXNFLREC,receptions,LVAJEANTY2,Ashton Jeanty: 10+ receptions,0.0,0.04,0.96,1.0,PASS,
2026-09-27T17:49:54.103076+00:00,2026,3,2026_03_MIN_TB,MIN@TB,2026-09-27T20:05:00+00:00,KXNFLREC-26SEP27MINTB-TBTHURST17-7,KXNFLREC-26SEP27MINTB,KXNFLREC,receptions,TBTHURST17,Ted Hurst III: 7+ receptions,0.0,0.03,0.97,1.0,PASS,
2026-09-27T17:49:54.103076+00:00,2026,3,2026_03_MIN_TB,MIN@TB,2026-09-27T20:05:00+00:00,KXNFLREC-26SEP27MINTB-TBTHURST17-6,KXNFLREC-26SEP27MINTB,KXNFLREC,receptions,TBTHURST17,Ted Hurst III: 6+ receptions,0.04,0.05,0.95,0.96,PASS,
2026-09-27T17:49:54.103076+00:00,2026,3,2026_03_MIN_TB,MIN@TB,2026-09-27T20:05:00+00:00,KXNFLREC-26SEP27MINTB-TBTHURST17-5,KXNFLREC-26SEP27MINTB,KXNFLREC,receptions,TBTHURST17,Ted Hurst III: 5+ receptions,0.09,0.1,0.9,0.91,PASS,
2026-09-27T17:49:54.103076+00:00,2026,3,2026_03_MIN_TB,MIN@TB,2026-09-27T20:05:00+00:00,KXNFLREC-26SEP27MINTB-TBTHURST17-4,KXNFLREC-26SEP27MINTB,KXNFLREC,receptions,TBTHURST17,Ted Hurst III: 4+ receptions,0.19,0.2,0.8,0.81,PASS,
2026-09-27T17:49:54.103076+00:00,2026,3,2026_03_MIN_TB,MIN@TB,2026-09-27T20:05:00+00:00,KXNFLREC-26SEP27MINTB-TBTHURST17-3,KXNFLREC-26SEP27MINTB,KXNFLREC,receptions,TBTHURST17,Ted Hurst III: 3+ receptions,0.38,0.39,0.61,0.62,PASS,
2026-09-27T17:49:54.103076+00:00,2026,3,2026_03_MIN_TB,MIN@TB,2026-09-27T20:05:00+00:00,KXNFLREC-26SEP27MINTB-TBTHURST17-2,KXNFLREC-26SEP27MINTB,KXNFLREC,receptions,TBTHURST17,Ted Hurst III: 2+ receptions,0.62,0.63,0.37,0.38,PASS,
2026-09-27T17:49:54.103076+00:00,2026,3,2026_03_MIN_TB,MIN@TB,2026-09-27T20:05:00+00:00,KXNFLREC-26SEP27MINTB-TBKGAINWELL1-6,KXNFLREC-26SEP27MINTB,KXNFLREC,receptions,TBKGAINWELL1,Kenny Gainwell: 6+ receptions,0.03,0.04,0.96,0.97,PASS,
2026-09-27T17:49:54.103076+00:00,2026,3,2026_03_MIN_TB,MIN@TB,2026-09-27T20:05:00+00:00,KXNFLREC-26SEP27MINTB-TBKGAINWELL1-5,KXNFLREC-26SEP27MINTB,KXNFLREC,receptions,TBKGAINWELL1,Kenny Gainwell: 5+ receptions,0.08,0.09,0.91,0.92,PASS,
2026-09-27T17:49:54.103076+00:00,2026,3,2026_03_MIN_TB,MIN@TB,2026-09-27T20:05:00+00:00,KXNFLREC-26SEP27MINTB-TBKGAINWELL1-4,KXNFLREC-26SEP27MINTB,KXNFLREC,receptions,TBKGAINWELL1,Kenny Gainwell: 4+ receptions,0.17,0.18,0.8200000000000001,0.83,PASS,
2026-09-27T17:49:54.103076+00:00,2026,3,2026_03_MIN_TB,MIN@TB,2026-09-27T20:05:00+00:00,KXNFLREC-26SEP27MINTB-TBKGAINWELL1-3,KXNFLREC-26SEP27MINTB,KXNFLREC,receptions,TBKGAINWELL1,Kenny Gainwell: 3+ receptions,0.33,0.34,0.6599999999999999,0.6699999999999999,PASS,
2026-09-27T17:49:54.103076+00:00,2026,3,2026_03_MIN_TB,MIN@TB,2026-09-27T20:05:00+00:00,KXNFLREC-26SEP27MINTB-TBKGAINWELL1-2,KXNFLREC-26SEP27MINTB,KXNFLREC,receptions,TBKGAINWELL1,Kenny Gainwell: 2+ receptions,0.59,0.6,0.4,0.41000000000000003,PASS,
2026-09-27T17:49:54.103076+00:00,2026,3,2026_03_MIN_TB,MIN@TB,2026-09-27T20:05:00+00:00,KXNFLREC-26SEP27MINTB-TBJMCMILLAN11-5,KXNFLREC-26SEP27MINTB,KXNFLREC,receptions,TBJMCMILLAN11,Jalen McMillan: 5+ receptions,0.01,0.03,0.97,0.99,PASS,
2026-09-27T17:49:54.103076+00:00,2026,3,2026_03_MIN_TB,MIN@TB,2026-09-27T20:05:00+00:00,KXNFLREC-26SEP27MINTB-TBJMCMILLAN11-4,KXNFLREC-26SEP27MINTB,KXNFLREC,receptions,TBJMCMILLAN11,Jalen McMillan: 4+ receptions,0.06,0.07,0.9299999999999999,0.94,PASS,
2026-09-27T17:49:54.103076+00:00,2026,3,2026_03_MIN_TB,MIN@TB,2026-09-27T20:05:00+00:00,KXNFLREC-26SEP27MINTB-TBJMCMILLAN11-3,KXNFLREC-26SEP27MINTB,KXNFLREC,receptions,TBJMCMILLAN11,Jalen McMillan: 3+ receptions,0.17,0.19,0.81,0.83,PASS,
2026-09-27T17:49:54.103076+00:00,2026,3,2026_03_MIN_TB,MIN@TB,2026-09-27T20:05:00+00:00,KXNFLREC-26SEP27MINTB-TBJMCMILLAN11-2,KXNFLREC-26SEP27MINTB,KXNFLREC,receptions,TBJMCMILLAN11,Jalen McMillan: 2+ receptions,0.39,0.4,0.6,0.61,PASS,
2026-09-27T17:49:54.103076+00:00,2026,3,2026_03_MIN_TB,MIN@TB,2026-09-27T20:05:00+00:00,KXNFLREC-26SEP27MINTB-TBEEGBUKA2-9,KXNFLREC-26SEP27MINTB,KXNFLREC,receptions,TBEEGBUKA2,Emeka Egbuka: 9+ receptions,0.03,0.06,0.94,0.97,PASS,
2026-09-27T17:49:54.103076+00:00,2026,3,2026_03_MIN_TB,MIN@TB,2026-09-27T20:05:00+00:00,KXNFLREC-26SEP27MINTB-TBEEGBUKA2-8,KXNFLREC-26SEP27MINTB,KXNFLREC,receptions,TBEEGBUKA2,Emeka Egbuka: 8+ receptions,0.05,0.08,0.92,0.95,PASS,
2026-09-27T17:49:54.103076+00:00,2026,3,2026_03_MIN_TB,MIN@TB,2026-09-27T20:05:00+00:00,KXNFLREC-26SEP27MINTB-TBEEGBUKA2-7,KXNFLREC-26SEP27MINTB,KXNFLREC,receptions,TBEEGBUKA2,Emeka Egbuka: 7+ receptions,0.14,0.16,0.84,0.86,PASS,
2026-09-27T17:49:54.103076+00:00,2026,3,2026_03_MIN_TB,MIN@TB,2026-09-27T20:05:00+00:00,KXNFLREC-26SEP27MINTB-TBEEGBUKA2-6,KXNFLREC-26SEP27MINTB,KXNFLREC,receptions,TBEEGBUKA2,Emeka Egbuka: 6+ receptions,0.24,0.27,0.73,0.76,PASS,
2026-09-27T17:49:54.103076+00:00,2026,3,2026_03_MIN_TB,MIN@TB,2026-09-27T20:05:00+00:00,KXNFLREC-26SEP27MINTB-TBEEGBUKA2-5,KXNFLREC-26SEP27MINTB,KXNFLREC,receptions,TBEEGBUKA2,Emeka Egbuka: 5+ receptions,0.4,0.41,0.5900000000000001,0.6,PASS,
2026-09-27T17:49:54.103076+00:00,2026,3,2026_03_MIN_TB,MIN@TB,2026-09-27T20:05:00+00:00,KXNFLREC-26SEP27MINTB-TBEEGBUKA2-4,KXNFLREC-26SEP27MINTB,KXNFLREC,receptions,TBEEGBUKA2,Emeka Egbuka: 4+ receptions,0.58,0.6,0.4,0.42000000000000004,PASS,
2026-09-27T17:49:54.103076+00:00,2026,3,2026_03_MIN_TB,MIN@TB,2026-09-27T20:05:00+00:00,KXNFLREC-26SEP27MINTB-TBEEGBUKA2-3,KXNFLREC-26SEP27MINTB,KXNFLREC,receptions,TBEEGBUKA2,Emeka Egbuka: 3+ receptions,0.77,0.78,0.21999999999999997,0.22999999999999998,PASS,
2026-09-27T17:49:54.103076+00:00,2026,3,2026_03_MIN_TB,MIN@TB,2026-09-27T20:05:00+00:00,KXNFLREC-26SEP27MINTB-TBEEGBUKA2-2,KXNFLREC-26SEP27MINTB,KXNFLREC,receptions,TBEEGBUKA2,Emeka Egbuka: 2+ receptions,0.88,0.92,0.07999999999999996,0.12,PASS,
2026-09-27T17:49:54.103076+00:00,2026,3,2026_03_MIN_TB,MIN@TB,2026-09-27T20:05:00+00:00,KXNFLREC-26SEP27MINTB-TBEEGBUKA2-10,KXNFLREC-26SEP27MINTB,KXNFLREC,receptions,TBEEGBUKA2,Emeka Egbuka: 10+ receptions,0.0,0.04,0.96,1.0,PASS,
2026-09-27T17:49:54.103076+00:00,2026,3,2026_03_MIN_TB,MIN@TB,2026-09-27T20:05:00+00:00,KXNFLREC-26SEP27MINTB-TBCOTTON88-8,KXNFLREC-26SEP27MINTB,KXNFLREC,receptions,TBCOTTON88,Cade Otton: 8+ receptions,0.03,0.05,0.95,0.97,PASS,
2026-09-27T17:49:54.103076+00:00,2026,3,2026_03_MIN_TB,MIN@TB,2026-09-27T20:05:00+00:00,KXNFLREC-26SEP27MINTB-TBCOTTON88-7,KXNFLREC-26SEP27MINTB,KXNFLREC,receptions,TBCOTTON88,Cade Otton: 7+ receptions,0.07,0.08,0.92,0.9299999999999999,PASS,
2026-09-27T17:49:54.103076+00:00,2026,3,2026_03_MIN_TB,MIN@TB,2026-09-27T20:05:00+00:00,KXNFLREC-26SEP27MINTB-TBCOTTON88-6,KXNFLREC-26SEP27MINTB,KXNFLREC,receptions,TBCOTTON88,Cade Otton: 6+ receptions,0.12,0.13,0.87,0.88,PASS,
2026-09-27T17:49:54.103076+00:00,2026,3,2026_03_MIN_TB,MIN@TB,2026-09-27T20:05:00+00:00,KXNFLREC-26SEP27MINTB-TBCOTTON88-5,KXNFLREC-26SEP27MINTB,KXNFLREC,receptions,TBCOTTON88,Cade Otton: 5+ receptions,0.23,0.24,0.76,0.77,PASS,
2026-09-27T17:49:54.103076+00:00,2026,3,2026_03_MIN_TB,MIN@TB,2026-09-27T20:05:00+00:00,KXNFLREC-26SEP27MINTB-TBCOTTON88-4,KXNFLREC-26SEP27MINTB,KXNFLREC,receptions,TBCOTTON88,Cade Otton: 4+ receptions,0.4,0.41,0.5900000000000001,0.6,PASS,
2026-09-27T17:49:54.103076+00:00,2026,3,2026_03_MIN_TB,MIN@TB,2026-09-27T20:05:00+00:00,KXNFLREC-26SEP27MINTB-TBCOTTON88-3,KXNFLREC-26SEP27MINTB,KXNFLREC,receptions,TBCOTTON88,Cade Otton: 3+ receptions,0.6,0.61,0.39,0.4,PASS,
2026-09-27T17:49:54.103076+00:00,2026,3,2026_03_MIN_TB,MIN@TB,2026-09-27T20:05:00+00:00,KXNFLREC-26SEP27MINTB-TBCOTTON88-2,KXNFLREC-26SEP27MINTB,KXNFLREC,receptions,TBCOTTON88,Cade Otton: 2+ receptions,0.79,0.8,0.19999999999999996,0.20999999999999996,PASS,
2026-09-27T17:49:54.103076+00:00,2026,3,2026_03_MIN_TB,MIN@TB,2026-09-27T20:05:00+00:00,KXNFLREC-26SEP27MINTB-TBCGODWIN14-8,KXNFLREC-26SEP27MINTB,KXNFLREC,receptions,TBCGODWIN14,Chris Godwin Jr.: 8+ receptions,0.01,0.04,0.96,0.99,PASS,
2026-09-27T17:49:54.103076+00:00,2026,3,2026_03_MIN_TB,MIN@TB,2026-09-27T20:05:00+00:00,KXNFLREC-26SEP27MINTB-TBCGODWIN14-7,KXNFLREC-26SEP27MINTB,KXNFLREC,receptions,TBCGODWIN14,Chris Godwin Jr.: 7+ receptions,0.07,0.08,0.92,0.9299999999999999,PASS,
2026-09-27T17:49:54.103076+00:00,2026,3,2026_03_MIN_TB,MIN@TB,2026-09-27T20:05:00+00:00,KXNFLREC-26SEP27MINTB-TBCGODWIN14-6,KXNFLREC-26SEP27MINTB,KXNFLREC,receptions,TBCGODWIN14,Chris Godwin Jr.: 6+ receptions,0.13,0.15,0.85,0.87,PASS,
2026-09-27T17:49:54.103076+00:00,2026,3,2026_03_MIN_TB,MIN@TB,2026-09-27T20:05:00+00:00,KXNFLREC-26SEP27MINTB-TBCGODWIN14-5,KXNFLREC-26SEP27MINTB,KXNFLREC,receptions,TBCGODWIN14,Chris Godwin Jr.: 5+ receptions,0.25,0.26,0.74,0.75,PASS,
2026-09-27T17:49:54.103076+00:00,2026,3,2026_03_MIN_TB,MIN@TB,2026-09-27T20:05:00+00:00,KXNFLREC-26SEP27MINTB-TBCGODWIN14-4,KXNFLREC-26SEP27MINTB,KXNFLREC,receptions,TBCGODWIN14,Chris Godwin Jr.: 4+ receptions,0.43,0.44,0.56,0.5700000000000001,PASS,
2026-09-27T17:49:54.103076+00:00,2026,3,2026_03_MIN_TB,MIN@TB,2026-09-27T20:05:00+00:00,KXNFLREC-26SEP27MINTB-TBCGODWIN14-3,KXNFLREC-26SEP27MINTB,KXNFLREC,receptions,TBCGODWIN14,Chris Godwin Jr.: 3+ receptions,0.62,0.64,0.36,0.38,PASS,
2026-09-27T17:49:54.103076+00:00,2026,3,2026_03_MIN_TB,MIN@TB,2026-09-27T20:05:00+00:00,KXNFLREC-26SEP27MINTB-TBCGODWIN14-2,KXNFLREC-26SEP27MINTB,KXNFLREC,receptions,TBCGODWIN14,Chris Godwin Jr.: 2+ receptions,0.81,0.82,0.18000000000000005,0.18999999999999995,PASS,
2026-09-27T17:49:54.103076+00:00,2026,3,2026_03_MIN_TB,MIN@TB,2026-09-27T20:05:00+00:00,KXNFLREC-26SEP27MINTB-TBBIRVING7-7,KXNFLREC-26SEP27MINTB,KXNFLREC,receptions,TBBIRVING7,Bucky Irving: 7+ receptions,0.04,0.05,0.95,0.96,PASS,
2026-09-27T17:49:54.103076+00:00,2026,3,2026_03_MIN_TB,MIN@TB,2026-09-27T20:05:00+00:00,KXNFLREC-26SEP27MINTB-TBBIRVING7-6,KXNFLREC-26SEP27MINTB,KXNFLREC,receptions,TBBIRVING7,Bucky Irving: 6+ receptions,0.08,0.1,0.9,0.92,PASS,
2026-09-27T17:49:54.103076+00:00,2026,3,2026_03_MIN_TB,MIN@TB,2026-09-27T20:05:00+00:00,KXNFLREC-26SEP27MINTB-TBBIRVING7-5,KXNFLREC-26SEP27MINTB,KXNFLREC,receptions,TBBIRVING7,Bucky Irving: 5+ receptions,0.17,0.18,0.8200000000000001,0.83,PASS,
2026-09-27T17:49:54.103076+00:00,2026,3,2026_03_MIN_TB,MIN@TB,2026-09-27T20:05:00+00:00,KXNFLREC-26SEP27MINTB-TBBIRVING7-4,KXNFLREC-26SEP27MINTB,KXNFLREC,receptions,TBBIRVING7,Bucky Irving: 4+ receptions,0.32,0.33,0.6699999999999999,0.6799999999999999,PASS,
2026-09-27T17:49:54.103076+00:00,2026,3,2026_03_MIN_TB,MIN@TB,2026-09-27T20:05:00+00:00,KXNFLREC-26SEP27MINTB-TBBIRVING7-3,KXNFLREC-26SEP27MINTB,KXNFLREC,receptions,TBBIRVING7,Bucky Irving: 3+ receptions,0.54,0.55,0.44999999999999996,0.45999999999999996,PASS,
2026-09-27T17:49:54.103076+00:00,2026,3,2026_03_MIN_TB,MIN@TB,2026-09-27T20:05:00+00:00,KXNFLREC-26SEP27MINTB-TBBIRVING7-2,KXNFLREC-26SEP27MINTB,KXNFLREC,receptions,TBBIRVING7,Bucky Irving: 2+ receptions,0.74,0.75,0.25,0.26,PASS,
2026-09-27T17:49:54.103076+00:00,2026,3,2026_03_MIN_TB,MIN@TB,2026-09-27T20:05:00+00:00,KXNFLREC-26SEP27MINTB-MINTHOCKENSON87-9,KXNFLREC-26SEP27MINTB,KXNFLREC,receptions,MINTHOCKENSON87,T.J. Hockenson: 9+ receptions,0.0,0.04,0.96,1.0,PASS,
2026-09-27T17:49:54.103076+00:00,2026,3,2026_03_MIN_TB,MIN@TB,2026-09-27T20:05:00+00:00,KXNFLREC-26SEP27MINTB-MINTHOCKENSON87-8,KXNFLREC-26SEP27MINTB,KXNFLREC,receptions,MINTHOCKENSON87,T.J. Hockenson: 8+ receptions,0.03,0.04,0.96,0.97,PASS,
2026-09-27T17:49:54.103076+00:00,2026,3,2026_03_MIN_TB,MIN@TB,2026-09-27T20:05:00+00:00,KXNFLREC-26SEP27MINTB-MINTHOCKENSON87-7,KXNFLREC-26SEP27MINTB,KXNFLREC,receptions,MINTHOCKENSON87,T.J. Hockenson: 7+ receptions,0.09,0.1,0.9,0.91,PASS,
2026-09-27T17:49:54.103076+00:00,2026,3,2026_03_MIN_TB,MIN@TB,2026-09-27T20:05:00+00:00,KXNFLREC-26SEP27MINTB-MINTHOCKENSON87-6,KXNFLREC-26SEP27MINTB,KXNFLREC,receptions,MINTHOCKENSON87,T.J. Hockenson: 6+ receptions,0.17,0.18,0.8200000000000001,0.83,PASS,
2026-09-27T17:49:54.103076+00:00,2026,3,2026_03_MIN_TB,MIN@TB,2026-09-27T20:05:00+00:00,KXNFLREC-26SEP27MINTB-MINTHOCKENSON87-5,KXNFLREC-26SEP27MINTB,KXNFLREC,receptions,MINTHOCKENSON87,T.J. Hockenson: 5+ receptions,0.3,0.31,0.69,0.7,PASS,
2026-09-27T17:49:54.103076+00:00,2026,3,2026_03_MIN_TB,MIN@TB,2026-09-27T20:05:00+00:00,KXNFLREC-26SEP27MINTB-MINTHOCKENSON87-4,KXNFLREC-26SEP27MINTB,KXNFLREC,receptions,MINTHOCKENSON87,T.J. Hockenson: 4+ receptions,0.47,0.48,0.52,0.53,PASS,
2026-09-27T17:49:54.103076+00:00,2026,3,2026_03_MIN_TB,MIN@TB,2026-09-27T20:05:00+00:00,KXNFLREC-26SEP27MINTB-MINTHOCKENSON87-3,KXNFLREC-26SEP27MINTB,KXNFLREC,receptions,MINTHOCKENSON87,T.J. Hockenson: 3+ receptions,0.68,0.7,0.30000000000000004,0.31999999999999995,PASS,
2026-09-27T17:49:54.103076+00:00,2026,3,2026_03_MIN_TB,MIN@TB,2026-09-27T20:05:00+00:00,KXNFLREC-26SEP27MINTB-MINTHOCKENSON87-2,KXNFLREC-26SEP27MINTB,KXNFLREC,receptions,MINTHOCKENSON87,T.J. Hockenson: 2+ receptions,0.84,0.86,0.14,0.16000000000000003,PASS,
2026-09-27T17:49:54.103076+00:00,2026,3,2026_03_MIN_TB,MIN@TB,2026-09-27T20:05:00+00:00,KXNFLREC-26SEP27MINTB-MINJJEFFERSON18-9,KXNFLREC-26SEP27MINTB,KXNFLREC,receptions,MINJJEFFERSON18,Justin Jefferson: 9+ receptions,0.16,0.17,0.83,0.84,PASS,
2026-09-27T17:49:54.103076+00:00,2026,3,2026_03_MIN_TB,MIN@TB,2026-09-27T20:05:00+00:00,KXNFLREC-26SEP27MINTB-MINJJEFFERSON18-8,KXNFLREC-26SEP27MINTB,KXNFLREC,receptions,MINJJEFFERSON18,Justin Jefferson: 8+ receptions,0.26,0.28,0.72,0.74,PASS,
2026-09-27T17:49:54.103076+00:00,2026,3,2026_03_MIN_TB,MIN@TB,2026-09-27T20:05:00+00:00,KXNFLREC-26SEP27MINTB-MINJJEFFERSON18-7,KXNFLREC-26SEP27MINTB,KXNFLREC,receptions,MINJJEFFERSON18,Justin Jefferson: 7+ receptions,0.39,0.4,0.6,0.61,PASS,
2026-09-27T17:49:54.103076+00:00,2026,3,2026_03_MIN_TB,MIN@TB,2026-09-27T20:05:00+00:00,KXNFLREC-26SEP27MINTB-MINJJEFFERSON18-6,KXNFLREC-26SEP27MINTB,KXNFLREC,receptions,MINJJEFFERSON18,Justin Jefferson: 6+ receptions,0.54,0.55,0.44999999999999996,0.45999999999999996,PASS,
2026-09-27T17:49:54.103076+00:00,2026,3,2026_03_MIN_TB,MIN@TB,2026-09-27T20:05:00+00:00,KXNFLREC-26SEP27MINTB-MINJJEFFERSON18-5,KXNFLREC-26SEP27MINTB,KXNFLREC,receptions,MINJJEFFERSON18,Justin Jefferson: 5+ receptions,0.68,0.69,0.31000000000000005,0.31999999999999995,PASS,
2026-09-27T17:49:54.103076+00:00,2026,3,2026_03_MIN_TB,MIN@TB,2026-09-27T20:05:00+00:00,KXNFLREC-26SEP27MINTB-MINJJEFFERSON18-4,KXNFLREC-26SEP27MINTB,KXNFLREC,receptions,MINJJEFFERSON18,Justin Jefferson: 4+ receptions,0.81,0.83,0.17000000000000004,0.18999999999999995,PASS,
2026-09-27T17:49:54.103076+00:00,2026,3,2026_03_MIN_TB,MIN@TB,2026-09-27T20:05:00+00:00,KXNFLREC-26SEP27MINTB-MINJJEFFERSON18-3,KXNFLREC-26SEP27MINTB,KXNFLREC,receptions,MINJJEFFERSON18,Justin Jefferson: 3+ receptions,0.89,0.92,0.07999999999999996,0.10999999999999999,PASS,
2026-09-27T17:49:54.103076+00:00,2026,3,2026_03_MIN_TB,MIN@TB,2026-09-27T20:05:00+00:00,KXNFLREC-26SEP27MINTB-MINJJEFFERSON18-12,KXNFLREC-26SEP27MINTB,KXNFLREC,receptions,MINJJEFFERSON18,Justin Jefferson: 12+ receptions,0.01,0.05,0.95,0.99,PASS,
2026-09-27T17:49:54.103076+00:00,2026,3,2026_03_MIN_TB,MIN@TB,2026-09-27T20:05:00+00:00,KXNFLREC-26SEP27MINTB-MINJJEFFERSON18-11,KXNFLREC-26SEP27MINTB,KXNFLREC,receptions,MINJJEFFERSON18,Justin Jefferson: 11+ receptions,0.03,0.07,0.9299999999999999,0.97,PASS,
2026-09-27T17:49:54.103076+00:00,2026,3,2026_03_MIN_TB,MIN@TB,2026-09-27T20:05:00+00:00,KXNFLREC-26SEP27MINTB-MINJJEFFERSON18-10,KXNFLREC-26SEP27MINTB,KXNFLREC,receptions,MINJJEFFERSON18,Justin Jefferson: 10+ receptions,0.09,0.1,0.9,0.91,PASS,
2026-09-27T17:49:54.103076+00:00,2026,3,2026_03_MIN_TB,MIN@TB,2026-09-27T20:05:00+00:00,KXNFLREC-26SEP27MINTB-MINJADDISON3-8,KXNFLREC-26SEP27MINTB,KXNFLREC,receptions,MINJADDISON3,Jordan Addison: 8+ receptions,0.03,0.04,0.96,0.97,PASS,
2026-09-27T17:49:54.103076+00:00,2026,3,2026_03_MIN_TB,MIN@TB,2026-09-27T20:05:00+00:00,KXNFLREC-26SEP27MINTB-MINJADDISON3-7,KXNFLREC-26SEP27MINTB,KXNFLREC,receptions,MINJADDISON3,Jordan Addison: 7+ receptions,0.06,0.07,0.9299999999999999,0.94,PASS,
2026-09-27T17:49:54.103076+00:00,2026,3,2026_03_MIN_TB,MIN@TB,2026-09-27T20:05:00+00:00,KXNFLREC-26SEP27MINTB-MINJADDISON3-6,KXNFLREC-26SEP27MINTB,KXNFLREC,receptions,MINJADDISON3,Jordan Addison: 6+ receptions,0.12,0.13,0.87,0.88,PASS,
2026-09-27T17:49:54.103076+00:00,2026,3,2026_03_MIN_TB,MIN@TB,2026-09-27T20:05:00+00:00,KXNFLREC-26SEP27MINTB-MINJADDISON3-5,KXNFLREC-26SEP27MINTB,KXNFLREC,receptions,MINJADDISON3,Jordan Addison: 5+ receptions,0.22,0.24,0.76,0.78,PASS,
2026-09-27T17:49:54.103076+00:00,2026,3,2026_03_MIN_TB,MIN@TB,2026-09-27T20:05:00+00:00,KXNFLREC-26SEP27MINTB-MINJADDISON3-4,KXNFLREC-26SEP27MINTB,KXNFLREC,receptions,MINJADDISON3,Jordan Addison: 4+ receptions,0.39,0.4,0.6,0.61,PASS,
2026-09-27T17:49:54.103076+00:00,2026,3,2026_03_MIN_TB,MIN@TB,2026-09-27T20:05:00+00:00,KXNFLREC-26SEP27MINTB-MINJADDISON3-3,KXNFLREC-26SEP27MINTB,KXNFLREC,receptions,MINJADDISON3,Jordan Addison: 3+ receptions,0.6,0.61,0.39,0.4,PASS,
2026-09-27T17:49:54.103076+00:00,2026,3,2026_03_MIN_TB,MIN@TB,2026-09-27T20:05:00+00:00,KXNFLREC-26SEP27MINTB-MINJADDISON3-2,KXNFLREC-26SEP27MINTB,KXNFLREC,receptions,MINJADDISON3,Jordan Addison: 2+ receptions,0.79,0.81,0.18999999999999995,0.20999999999999996,PASS,
2026-09-27T17:49:54.103076+00:00,2026,3,2026_03_ARI_SF,ARI@SF,2026-09-27T20:05:00+00:00,KXNFLREC-26SEP27ARISF-ARITMCBRIDE85-9,KXNFLREC-26SEP27ARISF,KXNFLREC,receptions,ARITMCBRIDE85,Trey McBride: 9+ receptions,0.3,0.31,0.69,0.7,PASS,
2026-09-27T17:49:54.103076+00:00,2026,3,2026_03_ARI_SF,ARI@SF,2026-09-27T20:05:00+00:00,KXNFLREC-26SEP27ARISF-ARITMCBRIDE85-8,KXNFLREC-26SEP27ARISF,KXNFLREC,receptions,ARITMCBRIDE85,Trey McBride: 8+ receptions,0.43,0.44,0.56,0.5700000000000001,PASS,
2026-09-27T17:49:54.103076+00:00,2026,3,2026_03_ARI_SF,ARI@SF,2026-09-27T20:05:00+00:00,KXNFLREC-26SEP27ARISF-ARITMCBRIDE85-7,KXNFLREC-26SEP27ARISF,KXNFLREC,receptions,ARITMCBRIDE85,Trey McBride: 7+ receptions,0.55,0.56,0.43999999999999995,0.44999999999999996,PASS,
2026-09-27T17:49:54.103076+00:00,2026,3,2026_03_ARI_SF,ARI@SF,2026-09-27T20:05:00+00:00,KXNFLREC-26SEP27ARISF-ARITMCBRIDE85-6,KXNFLREC-26SEP27ARISF,KXNFLREC,receptions,ARITMCBRIDE85,Trey McBride: 6+ receptions,0.69,0.71,0.29000000000000004,0.31000000000000005,PASS,
2026-09-27T17:49:54.103076+00:00,2026,3,2026_03_ARI_SF,ARI@SF,2026-09-27T20:05:00+00:00,KXNFLREC-26SEP27ARISF-ARITMCBRIDE85-5,KXNFLREC-26SEP27ARISF,KXNFLREC,receptions,ARITMCBRIDE85,Trey McBride: 5+ receptions,0.8,0.81,0.18999999999999995,0.19999999999999996,PASS,
2026-09-27T17:49:54.103076+00:00,2026,3,2026_03_ARI_SF,ARI@SF,2026-09-27T20:05:00+00:00,KXNFLREC-26SEP27ARISF-ARITMCBRIDE85-4,KXNFLREC-26SEP27ARISF,KXNFLREC,receptions,ARITMCBRIDE85,Trey McBride: 4+ receptions,0.88,0.91,0.08999999999999997,0.12,PASS,
2026-09-27T17:49:54.103076+00:00,2026,3,2026_03_ARI_SF,ARI@SF,2026-09-27T20:05:00+00:00,KXNFLREC-26SEP27ARISF-ARITMCBRIDE85-14,KXNFLREC-26SEP27ARISF,KXNFLREC,receptions,ARITMCBRIDE85,Trey McBride: 14+ receptions,0.02,0.05,0.95,0.98,PASS,
2026-09-27T17:49:54.103076+00:00,2026,3,2026_03_ARI_SF,ARI@SF,2026-09-27T20:05:00+00:00,KXNFLREC-26SEP27ARISF-ARITMCBRIDE85-13,KXNFLREC-26SEP27ARISF,KXNFLREC,receptions,ARITMCBRIDE85,Trey McBride: 13+ receptions,0.03,0.07,0.9299999999999999,0.97,PASS,
2026-09-27T17:49:54.103076+00:00,2026,3,2026_03_ARI_SF,ARI@SF,2026-09-27T20:05:00+00:00,KXNFLREC-26SEP27ARISF-ARITMCBRIDE85-12,KXNFLREC-26SEP27ARISF,KXNFLREC,receptions,ARITMCBRIDE85,Trey McBride: 12+ receptions,0.07,0.1,0.9,0.9299999999999999,PASS,
2026-09-27T17:49:54.103076+00:00,2026,3,2026_03_ARI_SF,ARI@SF,2026-09-27T20:05:00+00:00,KXNFLREC-26SEP27ARISF-ARITMCBRIDE85-11,KXNFLREC-26SEP27ARISF,KXNFLREC,receptions,ARITMCBRIDE85,Trey McBride: 11+ receptions,0.13,0.14,0.86,0.87,PASS,
2026-09-27T17:49:54.103076+00:00,2026,3,2026_03_ARI_SF,ARI@SF,2026-09-27T20:05:00+00:00,KXNFLREC-26SEP27ARISF-ARITMCBRIDE85-10,KXNFLREC-26SEP27ARISF,KXNFLREC,receptions,ARITMCBRIDE85,Trey McBride: 10+ receptions,0.2,0.22,0.78,0.8,PASS,
2026-09-27T17:49:54.103076+00:00,2026,3,2026_03_ARI_SF,ARI@SF,2026-09-27T20:05:00+00:00,KXNFLREC-26SEP27ARISF-ARIMWILSON14-9,KXNFLREC-26SEP27ARISF,KXNFLREC,receptions,ARIMWILSON14,Michael Wilson: 9+ receptions,0.05,0.06,0.94,0.95,PASS,
2026-09-27T17:49:54.103076+00:00,2026,3,2026_03_ARI_SF,ARI@SF,2026-09-27T20:05:00+00:00,KXNFLREC-26SEP27ARISF-ARIMWILSON14-8,KXNFLREC-26SEP27ARISF,KXNFLREC,receptions,ARIMWILSON14,Michael Wilson: 8+ receptions,0.08,0.09,0.91,0.92,PASS,
2026-09-27T17:49:54.103076+00:00,2026,3,2026_03_ARI_SF,ARI@SF,2026-09-27T20:05:00+00:00,KXNFLREC-26SEP27ARISF-ARIMWILSON14-7,KXNFLREC-26SEP27ARISF,KXNFLREC,receptions,ARIMWILSON14,Michael Wilson: 7+ receptions,0.13,0.14,0.86,0.87,PASS,
2026-09-27T17:49:54.103076+00:00,2026,3,2026_03_ARI_SF,ARI@SF,2026-09-27T20:05:00+00:00,KXNFLREC-26SEP27ARISF-ARIMWILSON14-6,KXNFLREC-26SEP27ARISF,KXNFLREC,receptions,ARIMWILSON14,Michael Wilson: 6+ receptions,0.23,0.24,0.76,0.77,PASS,
2026-09-27T17:49:54.103076+00:00,2026,3,2026_03_ARI_SF,ARI@SF,2026-09-27T20:05:00+00:00,KXNFLREC-26SEP27ARISF-ARIMWILSON14-5,KXNFLREC-26SEP27ARISF,KXNFLREC,receptions,ARIMWILSON14,Michael Wilson: 5+ receptions,0.38,0.39,0.61,0.62,PASS,
2026-09-27T17:49:54.103076+00:00,2026,3,2026_03_ARI_SF,ARI@SF,2026-09-27T20:05:00+00:00,KXNFLREC-26SEP27ARISF-ARIMWILSON14-4,KXNFLREC-26SEP27ARISF,KXNFLREC,receptions,ARIMWILSON14,Michael Wilson: 4+ receptions,0.56,0.58,0.42000000000000004,0.43999999999999995,PASS,
2026-09-27T17:49:54.103076+00:00,2026,3,2026_03_ARI_SF,ARI@SF,2026-09-27T20:05:00+00:00,KXNFLREC-26SEP27ARISF-ARIMWILSON14-3,KXNFLREC-26SEP27ARISF,KXNFLREC,receptions,ARIMWILSON14,Michael Wilson: 3+ receptions,0.73,0.75,0.25,0.27,PASS,
2026-09-27T17:49:54.103076+00:00,2026,3,2026_03_ARI_SF,ARI@SF,2026-09-27T20:05:00+00:00,KXNFLREC-26SEP27ARISF-ARIMWILSON14-2,KXNFLREC-26SEP27ARISF,KXNFLREC,receptions,ARIMWILSON14,Michael Wilson: 2+ receptions,0.87,0.88,0.12,0.13,PASS,
2026-09-27T17:49:54.103076+00:00,2026,3,2026_03_ARI_SF,ARI@SF,2026-09-27T20:05:00+00:00,KXNFLREC-26SEP27ARISF-ARIMHARRISON18-7,KXNFLREC-26SEP27ARISF,KXNFLREC,receptions,ARIMHARRISON18,Marvin Harrison Jr.: 7+ receptions,0.02,0.04,0.96,0.98,PASS,
2026-09-27T17:49:54.103076+00:00,2026,3,2026_03_ARI_SF,ARI@SF,2026-09-27T20:05:00+00:00,KXNFLREC-26SEP27ARISF-ARIMHARRISON18-6,KXNFLREC-26SEP27ARISF,KXNFLREC,receptions,ARIMHARRISON18,Marvin Harrison Jr.: 6+ receptions,0.05,0.06,0.94,0.95,PASS,
2026-09-27T17:49:54.103076+00:00,2026,3,2026_03_ARI_SF,ARI@SF,2026-09-27T20:05:00+00:00,KXNFLREC-26SEP27ARISF-ARIMHARRISON18-5,KXNFLREC-26SEP27ARISF,KXNFLREC,receptions,ARIMHARRISON18,Marvin Harrison Jr.: 5+ receptions,0.11,0.12,0.88,0.89,PASS,
2026-09-27T17:49:54.103076+00:00,2026,3,2026_03_ARI_SF,ARI@SF,2026-09-27T20:05:00+00:00,KXNFLREC-26SEP27ARISF-ARIMHARRISON18-4,KXNFLREC-26SEP27ARISF,KXNFLREC,receptions,ARIMHARRISON18,Marvin Harrison Jr.: 4+ receptions,0.23,0.24,0.76,0.77,PASS,
2026-09-27T17:49:54.103076+00:00,2026,3,2026_03_ARI_SF,ARI@SF,2026-09-27T20:05:00+00:00,KXNFLREC-26SEP27ARISF-ARIMHARRISON18-3,KXNFLREC-26SEP27ARISF,KXNFLREC,receptions,ARIMHARRISON18,Marvin Harrison Jr.: 3+ receptions,0.43,0.44,0.56,0.5700000000000001,PASS,
2026-09-27T17:49:54.103076+00:00,2026,3,2026_03_ARI_SF,ARI@SF,2026-09-27T20:05:00+00:00,KXNFLREC-26SEP27ARISF-ARIMHARRISON18-2,KXNFLREC-26SEP27ARISF,KXNFLREC,receptions,ARIMHARRISON18,Marvin Harrison Jr.: 2+ receptions,0.66,0.67,0.32999999999999996,0.33999999999999997,PASS,
2026-09-27T17:49:54.103076+00:00,2026,3,2026_03_LV_NO,LV@NO,2026-09-27T20:25:00+00:00,KXNFLRSHYDS-26SEP27LVNO-LVKCOUSINS8-30,KXNFLRSHYDS-26SEP27LVNO,KXNFLRSHYDS,rushing_yards,LVKCOUSINS8,Kirk Cousins: 30+ rushing yards,0.01,0.03,0.97,0.99,PASS,
2026-09-27T17:49:54.103076+00:00,2026,3,2026_03_LV_NO,LV@NO,2026-09-27T20:25:00+00:00,KXNFLRSHYDS-26SEP27LVNO-LVKCOUSINS8-25,KXNFLRSHYDS-26SEP27LVNO,KXNFLRSHYDS,rushing_yards,LVKCOUSINS8,Kirk Cousins: 25+ rushing yards,0.04,0.06,0.94,0.96,PASS,
2026-09-27T17:49:54.103076+00:00,2026,3,2026_03_LV_NO,LV@NO,2026-09-27T20:25:00+00:00,KXNFLRSHYDS-26SEP27LVNO-LVKCOUSINS8-20,KXNFLRSHYDS-26SEP27LVNO,KXNFLRSHYDS,rushing_yards,LVKCOUSINS8,Kirk Cousins: 20+ rushing yards,0.05,0.07,0.9299999999999999,0.95,PASS,
2026-09-27T17:49:54.103076+00:00,2026,3,2026_03_LV_NO,LV@NO,2026-09-27T20:25:00+00:00,KXNFLRSHYDS-26SEP27LVNO-LVKCOUSINS8-15,KXNFLRSHYDS-26SEP27LVNO,KXNFLRSHYDS,rushing_yards,LVKCOUSINS8,Kirk Cousins: 15+ rushing yards,0.08,0.11,0.89,0.92,PASS,
2026-09-27T17:49:54.103076+00:00,2026,3,2026_03_LV_NO,LV@NO,2026-09-27T20:25:00+00:00,KXNFLRSHYDS-26SEP27LVNO-LVKCOUSINS8-10,KXNFLRSHYDS-26SEP27LVNO,KXNFLRSHYDS,rushing_yards,LVKCOUSINS8,Kirk Cousins: 10+ rushing yards,0.17,0.18,0.8200000000000001,0.83,PASS,
2026-09-27T17:49:54.103076+00:00,2026,3,2026_03_LV_NO,LV@NO,2026-09-27T20:25:00+00:00,KXNFLRSHYDS-26SEP27LVNO-LVMWASHINGTON4-50,KXNFLRSHYDS-26SEP27LVNO,KXNFLRSHYDS,rushing_yards,LVMWASHINGTON4,Mike Washington Jr.: 50+ rushing yards,0.03,0.05,0.95,0.97,PASS,
2026-09-27T17:49:54.103076+00:00,2026,3,2026_03_LV_NO,LV@NO,2026-09-27T20:25:00+00:00,KXNFLRSHYDS-26SEP27LVNO-LVMWASHINGTON4-40,KXNFLRSHYDS-26SEP27LVNO,KXNFLRSHYDS,rushing_yards,LVMWASHINGTON4,Mike Washington Jr.: 40+ rushing yards,0.09,0.11,0.89,0.91,PASS,
2026-09-27T17:49:54.103076+00:00,2026,3,2026_03_LV_NO,LV@NO,2026-09-27T20:25:00+00:00,KXNFLRSHYDS-26SEP27LVNO-LVMWASHINGTON4-30,KXNFLRSHYDS-26SEP27LVNO,KXNFLRSHYDS,rushing_yards,LVMWASHINGTON4,Mike Washington Jr.: 30+ rushing yards,0.2,0.21,0.79,0.8,PASS,
2026-09-27T17:49:54.103076+00:00,2026,3,2026_03_LV_NO,LV@NO,2026-09-27T20:25:00+00:00,KXNFLRSHYDS-26SEP27LVNO-LVMWASHINGTON4-25,KXNFLRSHYDS-26SEP27LVNO,KXNFLRSHYDS,rushing_yards,LVMWASHINGTON4,Mike Washington Jr.: 25+ rushing yards,0.28,0.29,0.71,0.72,PASS,
2026-09-27T17:49:54.103076+00:00,2026,3,2026_03_LV_NO,LV@NO,2026-09-27T20:25:00+00:00,KXNFLRSHYDS-26SEP27LVNO-LVMWASHINGTON4-20,KXNFLRSHYDS-26SEP27LVNO,KXNFLRSHYDS,rushing_yards,LVMWASHINGTON4,Mike Washington Jr.: 20+ rushing yards,0.37,0.4,0.6,0.63,PASS,
2026-09-27T17:49:54.103076+00:00,2026,3,2026_03_LV_NO,LV@NO,2026-09-27T20:25:00+00:00,KXNFLRSHYDS-26SEP27LVNO-LVMWASHINGTON4-15,KXNFLRSHYDS-26SEP27LVNO,KXNFLRSHYDS,rushing_yards,LVMWASHINGTON4,Mike Washington Jr.: 15+ rushing yards,0.5,0.51,0.49,0.5,PASS,
2026-09-27T17:49:54.103076+00:00,2026,3,2026_03_LV_NO,LV@NO,2026-09-27T20:25:00+00:00,KXNFLRSHYDS-26SEP27LVNO-LVMWASHINGTON4-10,KXNFLRSHYDS-26SEP27LVNO,KXNFLRSHYDS,rushing_yards,LVMWASHINGTON4,Mike Washington Jr.: 10+ rushing yards,0.65,0.66,0.33999999999999997,0.35,PASS,
2026-09-27T17:49:54.103076+00:00,2026,3,2026_03_ARI_SF,ARI@SF,2026-09-27T20:05:00+00:00,KXNFLRSHYDS-26SEP27ARISF-SFKBLACK26-90,KXNFLRSHYDS-26SEP27ARISF,KXNFLRSHYDS,rushing_yards,SFKBLACK26,Kaelon Black: 90+ rushing yards,0.02,0.05,0.95,0.98,PASS,
2026-09-27T17:49:54.103076+00:00,2026,3,2026_03_ARI_SF,ARI@SF,2026-09-27T20:05:00+00:00,KXNFLRSHYDS-26SEP27ARISF-SFKBLACK26-80,KXNFLRSHYDS-26SEP27ARISF,KXNFLRSHYDS,rushing_yards,SFKBLACK26,Kaelon Black: 80+ rushing yards,0.05,0.07,0.9299999999999999,0.95,PASS,
2026-09-27T17:49:54.103076+00:00,2026,3,2026_03_ARI_SF,ARI@SF,2026-09-27T20:05:00+00:00,KXNFLRSHYDS-26SEP27ARISF-SFKBLACK26-70,KXNFLRSHYDS-26SEP27ARISF,KXNFLRSHYDS,rushing_yards,SFKBLACK26,Kaelon Black: 70+ rushing yards,0.07,0.09,0.91,0.9299999999999999,PASS,
2026-09-27T17:49:54.103076+00:00,2026,3,2026_03_ARI_SF,ARI@SF,2026-09-27T20:05:00+00:00,KXNFLRSHYDS-26SEP27ARISF-SFKBLACK26-60,KXNFLRSHYDS-26SEP27ARISF,KXNFLRSHYDS,rushing_yards,SFKBLACK26,Kaelon Black: 60+ rushing yards,0.14,0.17,0.83,0.86,PASS,
2026-09-27T17:49:54.103076+00:00,2026,3,2026_03_ARI_SF,ARI@SF,2026-09-27T20:05:00+00:00,KXNFLRSHYDS-26SEP27ARISF-SFKBLACK26-50,KXNFLRSHYDS-26SEP27ARISF,KXNFLRSHYDS,rushing_yards,SFKBLACK26,Kaelon Black: 50+ rushing yards,0.22,0.24,0.76,0.78,PASS,
2026-09-27T17:49:54.103076+00:00,2026,3,2026_03_ARI_SF,ARI@SF,2026-09-27T20:05:00+00:00,KXNFLRSHYDS-26SEP27ARISF-SFKBLACK26-40,KXNFLRSHYDS-26SEP27ARISF,KXNFLRSHYDS,rushing_yards,SFKBLACK26,Kaelon Black: 40+ rushing yards,0.36,0.37,0.63,0.64,PASS,
2026-09-27T17:49:54.103076+00:00,2026,3,2026_03_ARI_SF,ARI@SF,2026-09-27T20:05:00+00:00,KXNFLRSHYDS-26SEP27ARISF-SFKBLACK26-30,KXNFLRSHYDS-26SEP27ARISF,KXNFLRSHYDS,rushing_yards,SFKBLACK26,Kaelon Black: 30+ rushing yards,0.51,0.52,0.48,0.49,PASS,
2026-09-27T17:49:54.103076+00:00,2026,3,2026_03_ARI_SF,ARI@SF,2026-09-27T20:05:00+00:00,KXNFLRSHYDS-26SEP27ARISF-SFKBLACK26-25,KXNFLRSHYDS-26SEP27ARISF,KXNFLRSHYDS,rushing_yards,SFKBLACK26,Kaelon Black: 25+ rushing yards,0.63,0.64,0.36,0.37,PASS,
2026-09-27T17:49:54.103076+00:00,2026,3,2026_03_ARI_SF,ARI@SF,2026-09-27T20:05:00+00:00,KXNFLRSHYDS-26SEP27ARISF-SFKBLACK26-20,KXNFLRSHYDS-26SEP27ARISF,KXNFLRSHYDS,rushing_yards,SFKBLACK26,Kaelon Black: 20+ rushing yards,0.71,0.72,0.28,0.29000000000000004,PASS,
2026-09-27T17:49:54.103076+00:00,2026,3,2026_03_ARI_SF,ARI@SF,2026-09-27T20:05:00+00:00,KXNFLRSHYDS-26SEP27ARISF-SFKBLACK26-15,KXNFLRSHYDS-26SEP27ARISF,KXNFLRSHYDS,rushing_yards,SFKBLACK26,Kaelon Black: 15+ rushing yards,0.81,0.82,0.18000000000000005,0.18999999999999995,PASS,
2026-09-27T17:49:54.103076+00:00,2026,3,2026_03_LA_DEN,LAR@DEN,2026-09-28T00:20:00+00:00,KXNFLRSHYDS-26SEP27LARDEN-DENRHARVEY12-70,KXNFLRSHYDS-26SEP27LARDEN,KXNFLRSHYDS,rushing_yards,DENRHARVEY12,RJ Harvey: 70+ rushing yards,0.02,0.04,0.96,0.98,PASS,
2026-09-27T17:49:54.103076+00:00,2026,3,2026_03_LA_DEN,LAR@DEN,2026-09-28T00:20:00+00:00,KXNFLRSHYDS-26SEP27LARDEN-DENRHARVEY12-60,KXNFLRSHYDS-26SEP27LARDEN,KXNFLRSHYDS,rushing_yards,DENRHARVEY12,RJ Harvey: 60+ rushing yards,0.02,0.06,0.94,0.98,PASS,
2026-09-27T17:49:54.103076+00:00,2026,3,2026_03_LA_DEN,LAR@DEN,2026-09-28T00:20:00+00:00,KXNFLRSHYDS-26SEP27LARDEN-DENRHARVEY12-50,KXNFLRSHYDS-26SEP27LARDEN,KXNFLRSHYDS,rushing_yards,DENRHARVEY12,RJ Harvey: 50+ rushing yards,0.06,0.09,0.91,0.94,PASS,
2026-09-27T17:49:54.103076+00:00,2026,3,2026_03_LA_DEN,LAR@DEN,2026-09-28T00:20:00+00:00,KXNFLRSHYDS-26SEP27LARDEN-DENRHARVEY12-40,KXNFLRSHYDS-26SEP27LARDEN,KXNFLRSHYDS,rushing_yards,DENRHARVEY12,RJ Harvey: 40+ rushing yards,0.17,0.18,0.8200000000000001,0.83,PASS,
2026-09-27T17:49:54.103076+00:00,2026,3,2026_03_LA_DEN,LAR@DEN,2026-09-28T00:20:00+00:00,KXNFLRSHYDS-26SEP27LARDEN-DENRHARVEY12-30,KXNFLRSHYDS-26SEP27LARDEN,KXNFLRSHYDS,rushing_yards,DENRHARVEY12,RJ Harvey: 30+ rushing yards,0.3,0.31,0.69,0.7,PASS,
2026-09-27T17:49:54.103076+00:00,2026,3,2026_03_LA_DEN,LAR@DEN,2026-09-28T00:20:00+00:00,KXNFLRSHYDS-26SEP27LARDEN-DENRHARVEY12-25,KXNFLRSHYDS-26SEP27LARDEN,KXNFLRSHYDS,rushing_yards,DENRHARVEY12,RJ Harvey: 25+ rushing yards,0.39,0.4,0.6,0.61,PASS,
2026-09-27T17:49:54.103076+00:00,2026,3,2026_03_LA_DEN,LAR@DEN,2026-09-28T00:20:00+00:00,KXNFLRSHYDS-26SEP27LARDEN-DENRHARVEY12-20,KXNFLRSHYDS-26SEP27LARDEN,KXNFLRSHYDS,rushing_yards,DENRHARVEY12,RJ Harvey: 20+ rushing yards,0.49,0.51,0.49,0.51,PASS,
2026-09-27T17:49:54.103076+00:00,2026,3,2026_03_LA_DEN,LAR@DEN,2026-09-28T00:20:00+00:00,KXNFLRSHYDS-26SEP27LARDEN-DENRHARVEY12-15,KXNFLRSHYDS-26SEP27LARDEN,KXNFLRSHYDS,rushing_yards,DENRHARVEY12,RJ Harvey: 15+ rushing yards,0.62,0.65,0.35,0.38,PASS,
2026-09-27T17:49:54.103076+00:00,2026,3,2026_03_LA_DEN,LAR@DEN,2026-09-28T00:20:00+00:00,KXNFLRSHYDS-26SEP27LARDEN-DENRHARVEY12-10,KXNFLRSHYDS-26SEP27LARDEN,KXNFLRSHYDS,rushing_yards,DENRHARVEY12,RJ Harvey: 10+ rushing yards,0.75,0.77,0.22999999999999998,0.25,PASS,
2026-09-27T17:49:54.103076+00:00,2026,3,2026_03_LV_NO,LV@NO,2026-09-27T20:25:00+00:00,KXNFLRSHYDS-26SEP27LVNO-NOAKAMARA41-70,KXNFLRSHYDS-26SEP27LVNO,KXNFLRSHYDS,rushing_yards,NOAKAMARA41,Alvin Kamara: 70+ rushing yards,0.05,0.06,0.94,0.95,PASS,
2026-09-27T17:49:54.103076+00:00,2026,3,2026_03_LV_NO,LV@NO,2026-09-27T20:25:00+00:00,KXNFLRSHYDS-26SEP27LVNO-NOAKAMARA41-60,KXNFLRSHYDS-26SEP27LVNO,KXNFLRSHYDS,rushing_yards,NOAKAMARA41,Alvin Kamara: 60+ rushing yards,0.08,0.1,0.9,0.92,PASS,
2026-09-27T17:49:54.103076+00:00,2026,3,2026_03_LV_NO,LV@NO,2026-09-27T20:25:00+00:00,KXNFLRSHYDS-26SEP27LVNO-NOAKAMARA41-50,KXNFLRSHYDS-26SEP27LVNO,KXNFLRSHYDS,rushing_yards,NOAKAMARA41,Alvin Kamara: 50+ rushing yards,0.14,0.16,0.84,0.86,PASS,
2026-09-27T17:49:54.103076+00:00,2026,3,2026_03_LV_NO,LV@NO,2026-09-27T20:25:00+00:00,KXNFLRSHYDS-26SEP27LVNO-NOAKAMARA41-40,KXNFLRSHYDS-26SEP27LVNO,KXNFLRSHYDS,rushing_yards,NOAKAMARA41,Alvin Kamara: 40+ rushing yards,0.26,0.28,0.72,0.74,PASS,
2026-09-27T17:49:54.103076+00:00,2026,3,2026_03_LV_NO,LV@NO,2026-09-27T20:25:00+00:00,KXNFLRSHYDS-26SEP27LVNO-NOAKAMARA41-30,KXNFLRSHYDS-26SEP27LVNO,KXNFLRSHYDS,rushing_yards,NOAKAMARA41,Alvin Kamara: 30+ rushing yards,0.43,0.44,0.56,0.5700000000000001,PASS,
2026-09-27T17:49:54.103076+00:00,2026,3,2026_03_LV_NO,LV@NO,2026-09-27T20:25:00+00:00,KXNFLRSHYDS-26SEP27LVNO-NOAKAMARA41-25,KXNFLRSHYDS-26SEP27LVNO,KXNFLRSHYDS,rushing_yards,NOAKAMARA41,Alvin Kamara: 25+ rushing yards,0.55,0.56,0.43999999999999995,0.44999999999999996,PASS,
2026-09-27T17:49:54.103076+00:00,2026,3,2026_03_LV_NO,LV@NO,2026-09-27T20:25:00+00:00,KXNFLRSHYDS-26SEP27LVNO-NOAKAMARA41-20,KXNFLRSHYDS-26SEP27LVNO,KXNFLRSHYDS,rushing_yards,NOAKAMARA41,Alvin Kamara: 20+ rushing yards,0.65,0.66,0.33999999999999997,0.35,PASS,
2026-09-27T17:49:54.103076+00:00,2026,3,2026_03_LV_NO,LV@NO,2026-09-27T20:25:00+00:00,KXNFLRSHYDS-26SEP27LVNO-NOAKAMARA41-15,KXNFLRSHYDS-26SEP27LVNO,KXNFLRSHYDS,rushing_yards,NOAKAMARA41,Alvin Kamara: 15+ rushing yards,0.75,0.76,0.24,0.25,PASS,
2026-09-27T17:49:54.103076+00:00,2026,3,2026_03_LV_NO,LV@NO,2026-09-27T20:25:00+00:00,KXNFLRSHYDS-26SEP27LVNO-NOTETIENNE3-100,KXNFLRSHYDS-26SEP27LVNO,KXNFLRSHYDS,rushing_yards,NOTETIENNE3,Travis Etienne Jr.: 100+ rushing yards,0.05,0.06,0.94,0.95,PASS,
2026-09-27T17:49:54.103076+00:00,2026,3,2026_03_LV_NO,LV@NO,2026-09-27T20:25:00+00:00,KXNFLRSHYDS-26SEP27LVNO-NOTETIENNE3-90,KXNFLRSHYDS-26SEP27LVNO,KXNFLRSHYDS,rushing_yards,NOTETIENNE3,Travis Etienne Jr.: 90+ rushing yards,0.05,0.07,0.9299999999999999,0.95,PASS,
2026-09-27T17:49:54.103076+00:00,2026,3,2026_03_LV_NO,LV@NO,2026-09-27T20:25:00+00:00,KXNFLRSHYDS-26SEP27LVNO-NOTETIENNE3-80,KXNFLRSHYDS-26SEP27LVNO,KXNFLRSHYDS,rushing_yards,NOTETIENNE3,Travis Etienne Jr.: 80+ rushing yards,0.07,0.1,0.9,0.9299999999999999,PASS,
2026-09-27T17:49:54.103076+00:00,2026,3,2026_03_LV_NO,LV@NO,2026-09-27T20:25:00+00:00,KXNFLRSHYDS-26SEP27LVNO-NOTETIENNE3-70,KXNFLRSHYDS-26SEP27LVNO,KXNFLRSHYDS,rushing_yards,NOTETIENNE3,Travis Etienne Jr.: 70+ rushing yards,0.14,0.15,0.85,0.86,PASS,
2026-09-27T17:49:54.103076+00:00,2026,3,2026_03_LV_NO,LV@NO,2026-09-27T20:25:00+00:00,KXNFLRSHYDS-26SEP27LVNO-NOTETIENNE3-60,KXNFLRSHYDS-26SEP27LVNO,KXNFLRSHYDS,rushing_yards,NOTETIENNE3,Travis Etienne Jr.: 60+ rushing yards,0.23,0.24,0.76,0.77,PASS,
2026-09-27T17:49:54.103076+00:00,2026,3,2026_03_PHI_CHI,PHI@CHI,2026-09-29T00:15:00+00:00,KXNFLRSHYDS-26SEP28PHICHI-PHISBARKLEY26-150,KXNFLRSHYDS-26SEP28PHICHI,KXNFLRSHYDS,rushing_yards,PHISBARKLEY26,Saquon Barkley: 150+ rushing yards,0.04,0.05,0.95,0.96,PASS,
2026-09-27T17:49:54.103076+00:00,2026,3,2026_03_LV_NO,LV@NO,2026-09-27T20:25:00+00:00,KXNFLRSHYDS-26SEP27LVNO-NOTETIENNE3-50,KXNFLRSHYDS-26SEP27LVNO,KXNFLRSHYDS,rushing_yards,NOTETIENNE3,Travis Etienne Jr.: 50+ rushing yards,0.33,0.34,0.6599999999999999,0.6699999999999999,PASS,
2026-09-27T17:49:54.103076+00:00,2026,3,2026_03_PHI_CHI,PHI@CHI,2026-09-29T00:15:00+00:00,KXNFLRSHYDS-26SEP28PHICHI-PHISBARKLEY26-140,KXNFLRSHYDS-26SEP28PHICHI,KXNFLRSHYDS,rushing_yards,PHISBARKLEY26,Saquon Barkley: 140+ rushing yards,0.03,0.06,0.94,0.97,PASS,
2026-09-27T17:49:54.103076+00:00,2026,3,2026_03_LV_NO,LV@NO,2026-09-27T20:25:00+00:00,KXNFLRSHYDS-26SEP27LVNO-NOTETIENNE3-40,KXNFLRSHYDS-26SEP27LVNO,KXNFLRSHYDS,rushing_yards,NOTETIENNE3,Travis Etienne Jr.: 40+ rushing yards,0.48,0.49,0.51,0.52,PASS,
2026-09-27T17:49:54.103076+00:00,2026,3,2026_03_PHI_CHI,PHI@CHI,2026-09-29T00:15:00+00:00,KXNFLRSHYDS-26SEP28PHICHI-PHISBARKLEY26-130,KXNFLRSHYDS-26SEP28PHICHI,KXNFLRSHYDS,rushing_yards,PHISBARKLEY26,Saquon Barkley: 130+ rushing yards,0.06,0.08,0.92,0.94,PASS,
2026-09-27T17:49:54.103076+00:00,2026,3,2026_03_LV_NO,LV@NO,2026-09-27T20:25:00+00:00,KXNFLRSHYDS-26SEP27LVNO-NOTETIENNE3-30,KXNFLRSHYDS-26SEP27LVNO,KXNFLRSHYDS,rushing_yards,NOTETIENNE3,Travis Etienne Jr.: 30+ rushing yards,0.64,0.65,0.35,0.36,PASS,
2026-09-27T17:49:54.103076+00:00,2026,3,2026_03_PHI_CHI,PHI@CHI,2026-09-29T00:15:00+00:00,KXNFLRSHYDS-26SEP28PHICHI-PHISBARKLEY26-120,KXNFLRSHYDS-26SEP28PHICHI,KXNFLRSHYDS,rushing_yards,PHISBARKLEY26,Saquon Barkley: 120+ rushing yards,0.11,0.12,0.88,0.89,PASS,
2026-09-27T17:49:54.103076+00:00,2026,3,2026_03_LV_NO,LV@NO,2026-09-27T20:25:00+00:00,KXNFLRSHYDS-26SEP27LVNO-NOTETIENNE3-25,KXNFLRSHYDS-26SEP27LVNO,KXNFLRSHYDS,rushing_yards,NOTETIENNE3,Travis Etienne Jr.: 25+ rushing yards,0.71,0.72,0.28,0.29000000000000004,PASS,
2026-09-27T17:49:54.103076+00:00,2026,3,2026_03_PHI_CHI,PHI@CHI,2026-09-29T00:15:00+00:00,KXNFLRSHYDS-26SEP28PHICHI-PHISBARKLEY26-110,KXNFLRSHYDS-26SEP28PHICHI,KXNFLRSHYDS,rushing_yards,PHISBARKLEY26,Saquon Barkley: 110+ rushing yards,0.16,0.18,0.8200000000000001,0.84,PASS,
2026-09-27T17:49:54.103076+00:00,2026,3,2026_03_LV_NO,LV@NO,2026-09-27T20:25:00+00:00,KXNFLRSHYDS-26SEP27LVNO-NOTETIENNE3-20,KXNFLRSHYDS-26SEP27LVNO,KXNFLRSHYDS,rushing_yards,NOTETIENNE3,Travis Etienne Jr.: 20+ rushing yards,0.79,0.8,0.19999999999999996,0.20999999999999996,PASS,
2026-09-27T17:49:54.103076+00:00,2026,3,2026_03_PHI_CHI,PHI@CHI,2026-09-29T00:15:00+00:00,KXNFLRSHYDS-26SEP28PHICHI-PHISBARKLEY26-100,KXNFLRSHYDS-26SEP28PHICHI,KXNFLRSHYDS,rushing_yards,PHISBARKLEY26,Saquon Barkley: 100+ rushing yards,0.22,0.25,0.75,0.78,PASS,
2026-09-27T17:49:54.103076+00:00,2026,3,2026_03_PHI_CHI,PHI@CHI,2026-09-29T00:15:00+00:00,KXNFLRSHYDS-26SEP28PHICHI-PHISBARKLEY26-90,KXNFLRSHYDS-26SEP28PHICHI,KXNFLRSHYDS,rushing_yards,PHISBARKLEY26,Saquon Barkley: 90+ rushing yards,0.3,0.33,0.6699999999999999,0.7,PASS,
2026-09-27T17:49:54.103076+00:00,2026,3,2026_03_PHI_CHI,PHI@CHI,2026-09-29T00:15:00+00:00,KXNFLRSHYDS-26SEP28PHICHI-PHISBARKLEY26-80,KXNFLRSHYDS-26SEP28PHICHI,KXNFLRSHYDS,rushing_yards,PHISBARKLEY26,Saquon Barkley: 80+ rushing yards,0.4,0.43,0.5700000000000001,0.6,PASS,
2026-09-27T17:49:54.103076+00:00,2026,3,2026_03_PHI_CHI,PHI@CHI,2026-09-29T00:15:00+00:00,KXNFLRSHYDS-26SEP28PHICHI-PHISBARKLEY26-70,KXNFLRSHYDS-26SEP28PHICHI,KXNFLRSHYDS,rushing_yards,PHISBARKLEY26,Saquon Barkley: 70+ rushing yards,0.52,0.53,0.47,0.48,PASS,
2026-09-27T17:49:54.103076+00:00,2026,3,2026_03_PHI_CHI,PHI@CHI,2026-09-29T00:15:00+00:00,KXNFLRSHYDS-26SEP28PHICHI-PHISBARKLEY26-60,KXNFLRSHYDS-26SEP28PHICHI,KXNFLRSHYDS,rushing_yards,PHISBARKLEY26,Saquon Barkley: 60+ rushing yards,0.63,0.65,0.35,0.37,PASS,
2026-09-27T17:49:54.103076+00:00,2026,3,2026_03_PHI_CHI,PHI@CHI,2026-09-29T00:15:00+00:00,KXNFLRSHYDS-26SEP28PHICHI-PHISBARKLEY26-50,KXNFLRSHYDS-26SEP28PHICHI,KXNFLRSHYDS,rushing_yards,PHISBARKLEY26,Saquon Barkley: 50+ rushing yards,0.72,0.76,0.24,0.28,PASS,
2026-09-27T17:49:54.103076+00:00,2026,3,2026_03_PHI_CHI,PHI@CHI,2026-09-29T00:15:00+00:00,KXNFLRSHYDS-26SEP28PHICHI-PHISBARKLEY26-40,KXNFLRSHYDS-26SEP28PHICHI,KXNFLRSHYDS,rushing_yards,PHISBARKLEY26,Saquon Barkley: 40+ rushing yards,0.83,0.85,0.15000000000000002,0.17000000000000004,PASS,
2026-09-27T17:49:54.103076+00:00,2026,3,2026_03_PHI_CHI,PHI@CHI,2026-09-29T00:15:00+00:00,KXNFLRSHYDS-26SEP28PHICHI-CHIKMONANGAI25-100,KXNFLRSHYDS-26SEP28PHICHI,KXNFLRSHYDS,rushing_yards,CHIKMONANGAI25,Kyle Monangai: 100+ rushing yards,0.05,0.06,0.94,0.95,PASS,
2026-09-27T17:49:54.103076+00:00,2026,3,2026_03_PHI_CHI,PHI@CHI,2026-09-29T00:15:00+00:00,KXNFLRSHYDS-26SEP28PHICHI-CHIKMONANGAI25-90,KXNFLRSHYDS-26SEP28PHICHI,KXNFLRSHYDS,rushing_yards,CHIKMONANGAI25,Kyle Monangai: 90+ rushing yards,0.03,0.07,0.9299999999999999,0.97,PASS,
2026-09-27T17:49:54.103076+00:00,2026,3,2026_03_PHI_CHI,PHI@CHI,2026-09-29T00:15:00+00:00,KXNFLRSHYDS-26SEP28PHICHI-CHIKMONANGAI25-80,KXNFLRSHYDS-26SEP28PHICHI,KXNFLRSHYDS,rushing_yards,CHIKMONANGAI25,Kyle Monangai: 80+ rushing yards,0.08,0.1,0.9,0.92,PASS,
2026-09-27T17:49:54.103076+00:00,2026,3,2026_03_PHI_CHI,PHI@CHI,2026-09-29T00:15:00+00:00,KXNFLRSHYDS-26SEP28PHICHI-CHIKMONANGAI25-70,KXNFLRSHYDS-26SEP28PHICHI,KXNFLRSHYDS,rushing_yards,CHIKMONANGAI25,Kyle Monangai: 70+ rushing yards,0.13,0.15,0.85,0.87,PASS,
2026-09-27T17:49:54.103076+00:00,2026,3,2026_03_PHI_CHI,PHI@CHI,2026-09-29T00:15:00+00:00,KXNFLRSHYDS-26SEP28PHICHI-CHIKMONANGAI25-60,KXNFLRSHYDS-26SEP28PHICHI,KXNFLRSHYDS,rushing_yards,CHIKMONANGAI25,Kyle Monangai: 60+ rushing yards,0.21,0.24,0.76,0.79,PASS,
2026-09-27T17:49:54.103076+00:00,2026,3,2026_03_PHI_CHI,PHI@CHI,2026-09-29T00:15:00+00:00,KXNFLRSHYDS-26SEP28PHICHI-CHIKMONANGAI25-50,KXNFLRSHYDS-26SEP28PHICHI,KXNFLRSHYDS,rushing_yards,CHIKMONANGAI25,Kyle Monangai: 50+ rushing yards,0.32,0.34,0.6599999999999999,0.6799999999999999,PASS,
2026-09-27T17:49:54.103076+00:00,2026,3,2026_03_PHI_CHI,PHI@CHI,2026-09-29T00:15:00+00:00,KXNFLRSHYDS-26SEP28PHICHI-CHIKMONANGAI25-40,KXNFLRSHYDS-26SEP28PHICHI,KXNFLRSHYDS,rushing_yards,CHIKMONANGAI25,Kyle Monangai: 40+ rushing yards,0.48,0.49,0.51,0.52,PASS,
2026-09-27T17:49:54.103076+00:00,2026,3,2026_03_PHI_CHI,PHI@CHI,2026-09-29T00:15:00+00:00,KXNFLRSHYDS-26SEP28PHICHI-CHIKMONANGAI25-30,KXNFLRSHYDS-26SEP28PHICHI,KXNFLRSHYDS,rushing_yards,CHIKMONANGAI25,Kyle Monangai: 30+ rushing yards,0.63,0.65,0.35,0.37,PASS,
2026-09-27T17:49:54.103076+00:00,2026,3,2026_03_PHI_CHI,PHI@CHI,2026-09-29T00:15:00+00:00,KXNFLRSHYDS-26SEP28PHICHI-CHIKMONANGAI25-25,KXNFLRSHYDS-26SEP28PHICHI,KXNFLRSHYDS,rushing_yards,CHIKMONANGAI25,Kyle Monangai: 25+ rushing yards,0.7,0.72,0.28,0.30000000000000004,PASS,
2026-09-27T17:49:54.103076+00:00,2026,3,2026_03_PHI_CHI,PHI@CHI,2026-09-29T00:15:00+00:00,KXNFLRSHYDS-26SEP28PHICHI-CHIKMONANGAI25-20,KXNFLRSHYDS-26SEP28PHICHI,KXNFLRSHYDS,rushing_yards,CHIKMONANGAI25,Kyle Monangai: 20+ rushing yards,0.77,0.79,0.20999999999999996,0.22999999999999998,PASS,
2026-09-27T17:49:54.103076+00:00,2026,3,2026_03_MIN_TB,MIN@TB,2026-09-27T20:05:00+00:00,KXNFLRSHYDS-26SEP27MINTB-MINAJONES33-130,KXNFLRSHYDS-26SEP27MINTB,KXNFLRSHYDS,rushing_yards,MINAJONES33,Aaron Jones Sr.: 130+ rushing yards,0.01,0.03,0.97,0.99,PASS,
2026-09-27T17:49:54.103076+00:00,2026,3,2026_03_MIN_TB,MIN@TB,2026-09-27T20:05:00+00:00,KXNFLRSHYDS-26SEP27MINTB-MINAJONES33-120,KXNFLRSHYDS-26SEP27MINTB,KXNFLRSHYDS,rushing_yards,MINAJONES33,Aaron Jones Sr.: 120+ rushing yards,0.02,0.04,0.96,0.98,PASS,
2026-09-27T17:49:54.103076+00:00,2026,3,2026_03_MIN_TB,MIN@TB,2026-09-27T20:05:00+00:00,KXNFLRSHYDS-26SEP27MINTB-MINAJONES33-110,KXNFLRSHYDS-26SEP27MINTB,KXNFLRSHYDS,rushing_yards,MINAJONES33,Aaron Jones Sr.: 110+ rushing yards,0.04,0.06,0.94,0.96,PASS,
2026-09-27T17:49:54.103076+00:00,2026,3,2026_03_MIN_TB,MIN@TB,2026-09-27T20:05:00+00:00,KXNFLRSHYDS-26SEP27MINTB-MINAJONES33-100,KXNFLRSHYDS-26SEP27MINTB,KXNFLRSHYDS,rushing_yards,MINAJONES33,Aaron Jones Sr.: 100+ rushing yards,0.09,0.1,0.9,0.91,PASS,
2026-09-27T17:49:54.103076+00:00,2026,3,2026_03_MIN_TB,MIN@TB,2026-09-27T20:05:00+00:00,KXNFLRSHYDS-26SEP27MINTB-MINAJONES33-90,KXNFLRSHYDS-26SEP27MINTB,KXNFLRSHYDS,rushing_yards,MINAJONES33,Aaron Jones Sr.: 90+ rushing yards,0.12,0.14,0.86,0.88,PASS,
2026-09-27T17:49:54.103076+00:00,2026,3,2026_03_MIN_TB,MIN@TB,2026-09-27T20:05:00+00:00,KXNFLRSHYDS-26SEP27MINTB-MINAJONES33-80,KXNFLRSHYDS-26SEP27MINTB,KXNFLRSHYDS,rushing_yards,MINAJONES33,Aaron Jones Sr.: 80+ rushing yards,0.2,0.21,0.79,0.8,PASS,
2026-09-27T17:49:54.103076+00:00,2026,3,2026_03_MIN_TB,MIN@TB,2026-09-27T20:05:00+00:00,KXNFLRSHYDS-26SEP27MINTB-MINAJONES33-70,KXNFLRSHYDS-26SEP27MINTB,KXNFLRSHYDS,rushing_yards,MINAJONES33,Aaron Jones Sr.: 70+ rushing yards,0.28,0.29,0.71,0.72,PASS,
2026-09-27T17:49:54.103076+00:00,2026,3,2026_03_MIN_TB,MIN@TB,2026-09-27T20:05:00+00:00,KXNFLRSHYDS-26SEP27MINTB-MINAJONES33-60,KXNFLRSHYDS-26SEP27MINTB,KXNFLRSHYDS,rushing_yards,MINAJONES33,Aaron Jones Sr.: 60+ rushing yards,0.39,0.4,0.6,0.61,PASS,
2026-09-27T17:49:54.103076+00:00,2026,3,2026_03_ARI_SF,ARI@SF,2026-09-27T20:05:00+00:00,KXNFLRSHYDS-26SEP27ARISF-SFBPURDY13-60,KXNFLRSHYDS-26SEP27ARISF,KXNFLRSHYDS,rushing_yards,SFBPURDY13,Brock Purdy: 60+ rushing yards,0.02,0.04,0.96,0.98,PASS,
2026-09-27T17:49:54.103076+00:00,2026,3,2026_03_MIN_TB,MIN@TB,2026-09-27T20:05:00+00:00,KXNFLRSHYDS-26SEP27MINTB-MINAJONES33-50,KXNFLRSHYDS-26SEP27MINTB,KXNFLRSHYDS,rushing_yards,MINAJONES33,Aaron Jones Sr.: 50+ rushing yards,0.52,0.53,0.47,0.48,PASS,
2026-09-27T17:49:54.103076+00:00,2026,3,2026_03_ARI_SF,ARI@SF,2026-09-27T20:05:00+00:00,KXNFLRSHYDS-26SEP27ARISF-SFBPURDY13-50,KXNFLRSHYDS-26SEP27ARISF,KXNFLRSHYDS,rushing_yards,SFBPURDY13,Brock Purdy: 50+ rushing yards,0.04,0.06,0.94,0.96,PASS,
2026-09-27T17:49:54.103076+00:00,2026,3,2026_03_MIN_TB,MIN@TB,2026-09-27T20:05:00+00:00,KXNFLRSHYDS-26SEP27MINTB-MINAJONES33-40,KXNFLRSHYDS-26SEP27MINTB,KXNFLRSHYDS,rushing_yards,MINAJONES33,Aaron Jones Sr.: 40+ rushing yards,0.66,0.67,0.32999999999999996,0.33999999999999997,PASS,
2026-09-27T17:49:54.103076+00:00,2026,3,2026_03_ARI_SF,ARI@SF,2026-09-27T20:05:00+00:00,KXNFLRSHYDS-26SEP27ARISF-SFBPURDY13-40,KXNFLRSHYDS-26SEP27ARISF,KXNFLRSHYDS,rushing_yards,SFBPURDY13,Brock Purdy: 40+ rushing yards,0.12,0.13,0.87,0.88,PASS,
2026-09-27T17:49:54.103076+00:00,2026,3,2026_03_MIN_TB,MIN@TB,2026-09-27T20:05:00+00:00,KXNFLRSHYDS-26SEP27MINTB-MINAJONES33-30,KXNFLRSHYDS-26SEP27MINTB,KXNFLRSHYDS,rushing_yards,MINAJONES33,Aaron Jones Sr.: 30+ rushing yards,0.8,0.81,0.18999999999999995,0.19999999999999996,PASS,
2026-09-27T17:49:54.103076+00:00,2026,3,2026_03_ARI_SF,ARI@SF,2026-09-27T20:05:00+00:00,KXNFLRSHYDS-26SEP27ARISF-SFBPURDY13-30,KXNFLRSHYDS-26SEP27ARISF,KXNFLRSHYDS,rushing_yards,SFBPURDY13,Brock Purdy: 30+ rushing yards,0.23,0.24,0.76,0.77,PASS,
2026-09-27T17:49:54.103076+00:00,2026,3,2026_03_ARI_SF,ARI@SF,2026-09-27T20:05:00+00:00,KXNFLRSHYDS-26SEP27ARISF-SFBPURDY13-25,KXNFLRSHYDS-26SEP27ARISF,KXNFLRSHYDS,rushing_yards,SFBPURDY13,Brock Purdy: 25+ rushing yards,0.31,0.32,0.6799999999999999,0.69,PASS,
2026-09-27T17:49:54.103076+00:00,2026,3,2026_03_ARI_SF,ARI@SF,2026-09-27T20:05:00+00:00,KXNFLRSHYDS-26SEP27ARISF-SFBPURDY13-20,KXNFLRSHYDS-26SEP27ARISF,KXNFLRSHYDS,rushing_yards,SFBPURDY13,Brock Purdy: 20+ rushing yards,0.42,0.44,0.56,0.5800000000000001,PASS,
2026-09-27T17:49:54.103076+00:00,2026,3,2026_03_ARI_SF,ARI@SF,2026-09-27T20:05:00+00:00,KXNFLRSHYDS-26SEP27ARISF-SFBPURDY13-15,KXNFLRSHYDS-26SEP27ARISF,KXNFLRSHYDS,rushing_yards,SFBPURDY13,Brock Purdy: 15+ rushing yards,0.55,0.56,0.43999999999999995,0.44999999999999996,PASS,
2026-09-27T17:49:54.103076+00:00,2026,3,2026_03_ARI_SF,ARI@SF,2026-09-27T20:05:00+00:00,KXNFLRSHYDS-26SEP27ARISF-SFBPURDY13-10,KXNFLRSHYDS-26SEP27ARISF,KXNFLRSHYDS,rushing_yards,SFBPURDY13,Brock Purdy: 10+ rushing yards,0.67,0.68,0.31999999999999995,0.32999999999999996,PASS,
2026-09-27T17:49:54.103076+00:00,2026,3,2026_03_LA_DEN,LAR@DEN,2026-09-28T00:20:00+00:00,KXNFLRSHYDS-26SEP27LARDEN-DENJDOBBINS27-120,KXNFLRSHYDS-26SEP27LARDEN,KXNFLRSHYDS,rushing_yards,DENJDOBBINS27,J.K. Dobbins: 120+ rushing yards,0.02,0.05,0.95,0.98,PASS,
2026-09-27T17:49:54.103076+00:00,2026,3,2026_03_LA_DEN,LAR@DEN,2026-09-28T00:20:00+00:00,KXNFLRSHYDS-26SEP27LARDEN-DENJDOBBINS27-110,KXNFLRSHYDS-26SEP27LARDEN,KXNFLRSHYDS,rushing_yards,DENJDOBBINS27,J.K. Dobbins: 110+ rushing yards,0.04,0.07,0.9299999999999999,0.96,PASS,
2026-09-27T17:49:54.103076+00:00,2026,3,2026_03_LA_DEN,LAR@DEN,2026-09-28T00:20:00+00:00,KXNFLRSHYDS-26SEP27LARDEN-DENJDOBBINS27-100,KXNFLRSHYDS-26SEP27LARDEN,KXNFLRSHYDS,rushing_yards,DENJDOBBINS27,J.K. Dobbins: 100+ rushing yards,0.07,0.1,0.9,0.9299999999999999,PASS,
2026-09-27T17:49:54.103076+00:00,2026,3,2026_03_LA_DEN,LAR@DEN,2026-09-28T00:20:00+00:00,KXNFLRSHYDS-26SEP27LARDEN-DENJDOBBINS27-90,KXNFLRSHYDS-26SEP27LARDEN,KXNFLRSHYDS,rushing_yards,DENJDOBBINS27,J.K. Dobbins: 90+ rushing yards,0.12,0.13,0.87,0.88,PASS,
2026-09-27T17:49:54.103076+00:00,2026,3,2026_03_LA_DEN,LAR@DEN,2026-09-28T00:20:00+00:00,KXNFLRSHYDS-26SEP27LARDEN-DENJDOBBINS27-80,KXNFLRSHYDS-26SEP27LARDEN,KXNFLRSHYDS,rushing_yards,DENJDOBBINS27,J.K. Dobbins: 80+ rushing yards,0.18,0.2,0.8,0.8200000000000001,PASS,
2026-09-27T17:49:54.103076+00:00,2026,3,2026_03_LA_DEN,LAR@DEN,2026-09-28T00:20:00+00:00,KXNFLRSHYDS-26SEP27LARDEN-DENJDOBBINS27-70,KXNFLRSHYDS-26SEP27LARDEN,KXNFLRSHYDS,rushing_yards,DENJDOBBINS27,J.K. Dobbins: 70+ rushing yards,0.26,0.27,0.73,0.74,PASS,
2026-09-27T17:49:54.103076+00:00,2026,3,2026_03_LA_DEN,LAR@DEN,2026-09-28T00:20:00+00:00,KXNFLRSHYDS-26SEP27LARDEN-DENJDOBBINS27-60,KXNFLRSHYDS-26SEP27LARDEN,KXNFLRSHYDS,rushing_yards,DENJDOBBINS27,J.K. Dobbins: 60+ rushing yards,0.37,0.4,0.6,0.63,PASS,
2026-09-27T17:49:54.103076+00:00,2026,3,2026_03_LA_DEN,LAR@DEN,2026-09-28T00:20:00+00:00,KXNFLRSHYDS-26SEP27LARDEN-DENJDOBBINS27-50,KXNFLRSHYDS-26SEP27LARDEN,KXNFLRSHYDS,rushing_yards,DENJDOBBINS27,J.K. Dobbins: 50+ rushing yards,0.49,0.51,0.49,0.51,PASS,
2026-09-27T17:49:54.103076+00:00,2026,3,2026_03_LA_DEN,LAR@DEN,2026-09-28T00:20:00+00:00,KXNFLRSHYDS-26SEP27LARDEN-DENJDOBBINS27-40,KXNFLRSHYDS-26SEP27LARDEN,KXNFLRSHYDS,rushing_yards,DENJDOBBINS27,J.K. Dobbins: 40+ rushing yards,0.63,0.65,0.35,0.37,PASS,
2026-09-27T17:49:54.103076+00:00,2026,3,2026_03_LA_DEN,LAR@DEN,2026-09-28T00:20:00+00:00,KXNFLRSHYDS-26SEP27LARDEN-DENJDOBBINS27-30,KXNFLRSHYDS-26SEP27LARDEN,KXNFLRSHYDS,rushing_yards,DENJDOBBINS27,J.K. Dobbins: 30+ rushing yards,0.77,0.79,0.20999999999999996,0.22999999999999998,PASS,
2026-09-27T17:49:54.103076+00:00,2026,3,2026_03_LA_DEN,LAR@DEN,2026-09-28T00:20:00+00:00,KXNFLRSHYDS-26SEP27LARDEN-DENJDOBBINS27-25,KXNFLRSHYDS-26SEP27LARDEN,KXNFLRSHYDS,rushing_yards,DENJDOBBINS27,J.K. Dobbins: 25+ rushing yards,0.82,0.83,0.17000000000000004,0.18000000000000005,PASS,
2026-09-27T17:49:54.103076+00:00,2026,3,2026_03_BAL_DAL,BAL@DAL,2026-09-27T20:25:00+00:00,KXNFLRSHYDS-26SEP27BALDAL-BALJHILL43-50,KXNFLRSHYDS-26SEP27BALDAL,KXNFLRSHYDS,rushing_yards,BALJHILL43,Justice Hill: 50+ rushing yards,0.05,0.06,0.94,0.95,PASS,
2026-09-27T17:49:54.103076+00:00,2026,3,2026_03_BAL_DAL,BAL@DAL,2026-09-27T20:25:00+00:00,KXNFLRSHYDS-26SEP27BALDAL-BALJHILL43-40,KXNFLRSHYDS-26SEP27BALDAL,KXNFLRSHYDS,rushing_yards,BALJHILL43,Justice Hill: 40+ rushing yards,0.08,0.1,0.9,0.92,PASS,
2026-09-27T17:49:54.103076+00:00,2026,3,2026_03_BAL_DAL,BAL@DAL,2026-09-27T20:25:00+00:00,KXNFLRSHYDS-26SEP27BALDAL-BALJHILL43-30,KXNFLRSHYDS-26SEP27BALDAL,KXNFLRSHYDS,rushing_yards,BALJHILL43,Justice Hill: 30+ rushing yards,0.17,0.18,0.8200000000000001,0.83,PASS,
2026-09-27T17:49:54.103076+00:00,2026,3,2026_03_BAL_DAL,BAL@DAL,2026-09-27T20:25:00+00:00,KXNFLRSHYDS-26SEP27BALDAL-BALJHILL43-25,KXNFLRSHYDS-26SEP27BALDAL,KXNFLRSHYDS,rushing_yards,BALJHILL43,Justice Hill: 25+ rushing yards,0.23,0.25,0.75,0.77,PASS,
2026-09-27T17:49:54.103076+00:00,2026,3,2026_03_BAL_DAL,BAL@DAL,2026-09-27T20:25:00+00:00,KXNFLRSHYDS-26SEP27BALDAL-BALJHILL43-20,KXNFLRSHYDS-26SEP27BALDAL,KXNFLRSHYDS,rushing_yards,BALJHILL43,Justice Hill: 20+ rushing yards,0.33,0.34,0.6599999999999999,0.6699999999999999,PASS,
2026-09-27T17:49:54.103076+00:00,2026,3,2026_03_BAL_DAL,BAL@DAL,2026-09-27T20:25:00+00:00,KXNFLRSHYDS-26SEP27BALDAL-BALJHILL43-15,KXNFLRSHYDS-26SEP27BALDAL,KXNFLRSHYDS,rushing_yards,BALJHILL43,Justice Hill: 15+ rushing yards,0.45,0.46,0.54,0.55,PASS,
2026-09-27T17:49:54.103076+00:00,2026,3,2026_03_BAL_DAL,BAL@DAL,2026-09-27T20:25:00+00:00,KXNFLRSHYDS-26SEP27BALDAL-BALJHILL43-10,KXNFLRSHYDS-26SEP27BALDAL,KXNFLRSHYDS,rushing_yards,BALJHILL43,Justice Hill: 10+ rushing yards,0.59,0.6,0.4,0.41000000000000003,PASS,
2026-09-27T17:49:54.103076+00:00,2026,3,2026_03_PHI_CHI,PHI@CHI,2026-09-29T00:15:00+00:00,KXNFLRSHYDS-26SEP28PHICHI-CHIDSWIFT4-150,KXNFLRSHYDS-26SEP28PHICHI,KXNFLRSHYDS,rushing_yards,CHIDSWIFT4,D'Andre Swift: 150+ rushing yards,0.01,0.03,0.97,0.99,PASS,
2026-09-27T17:49:54.103076+00:00,2026,3,2026_03_PHI_CHI,PHI@CHI,2026-09-29T00:15:00+00:00,KXNFLRSHYDS-26SEP28PHICHI-CHIDSWIFT4-140,KXNFLRSHYDS-26SEP28PHICHI,KXNFLRSHYDS,rushing_yards,CHIDSWIFT4,D'Andre Swift: 140+ rushing yards,0.02,0.04,0.96,0.98,PASS,
2026-09-27T17:49:54.103076+00:00,2026,3,2026_03_PHI_CHI,PHI@CHI,2026-09-29T00:15:00+00:00,KXNFLRSHYDS-26SEP28PHICHI-CHIDSWIFT4-130,KXNFLRSHYDS-26SEP28PHICHI,KXNFLRSHYDS,rushing_yards,CHIDSWIFT4,D'Andre Swift: 130+ rushing yards,0.02,0.05,0.95,0.98,PASS,
2026-09-27T17:49:54.103076+00:00,2026,3,2026_03_PHI_CHI,PHI@CHI,2026-09-29T00:15:00+00:00,KXNFLRSHYDS-26SEP28PHICHI-CHIDSWIFT4-120,KXNFLRSHYDS-26SEP28PHICHI,KXNFLRSHYDS,rushing_yards,CHIDSWIFT4,D'Andre Swift: 120+ rushing yards,0.06,0.08,0.92,0.94,PASS,
2026-09-27T17:49:54.103076+00:00,2026,3,2026_03_PHI_CHI,PHI@CHI,2026-09-29T00:15:00+00:00,KXNFLRSHYDS-26SEP28PHICHI-CHIDSWIFT4-110,KXNFLRSHYDS-26SEP28PHICHI,KXNFLRSHYDS,rushing_yards,CHIDSWIFT4,D'Andre Swift: 110+ rushing yards,0.08,0.11,0.89,0.92,PASS,
2026-09-27T17:49:54.103076+00:00,2026,3,2026_03_PHI_CHI,PHI@CHI,2026-09-29T00:15:00+00:00,KXNFLRSHYDS-26SEP28PHICHI-CHIDSWIFT4-100,KXNFLRSHYDS-26SEP28PHICHI,KXNFLRSHYDS,rushing_yards,CHIDSWIFT4,D'Andre Swift: 100+ rushing yards,0.14,0.15,0.85,0.86,PASS,
2026-09-27T17:49:54.103076+00:00,2026,3,2026_03_PHI_CHI,PHI@CHI,2026-09-29T00:15:00+00:00,KXNFLRSHYDS-26SEP28PHICHI-CHIDSWIFT4-90,KXNFLRSHYDS-26SEP28PHICHI,KXNFLRSHYDS,rushing_yards,CHIDSWIFT4,D'Andre Swift: 90+ rushing yards,0.2,0.22,0.78,0.8,PASS,
2026-09-27T17:49:54.103076+00:00,2026,3,2026_03_PHI_CHI,PHI@CHI,2026-09-29T00:15:00+00:00,KXNFLRSHYDS-26SEP28PHICHI-CHIDSWIFT4-80,KXNFLRSHYDS-26SEP28PHICHI,KXNFLRSHYDS,rushing_yards,CHIDSWIFT4,D'Andre Swift: 80+ rushing yards,0.28,0.3,0.7,0.72,PASS,
2026-09-27T17:49:54.103076+00:00,2026,3,2026_03_PHI_CHI,PHI@CHI,2026-09-29T00:15:00+00:00,KXNFLRSHYDS-26SEP28PHICHI-CHIDSWIFT4-70,KXNFLRSHYDS-26SEP28PHICHI,KXNFLRSHYDS,rushing_yards,CHIDSWIFT4,D'Andre Swift: 70+ rushing yards,0.38,0.41,0.5900000000000001,0.62,PASS,
2026-09-27T17:49:54.103076+00:00,2026,3,2026_03_PHI_CHI,PHI@CHI,2026-09-29T00:15:00+00:00,KXNFLRSHYDS-26SEP28PHICHI-CHIDSWIFT4-60,KXNFLRSHYDS-26SEP28PHICHI,KXNFLRSHYDS,rushing_yards,CHIDSWIFT4,D'Andre Swift: 60+ rushing yards,0.5,0.52,0.48,0.5,PASS,
2026-09-27T17:49:54.103076+00:00,2026,3,2026_03_PHI_CHI,PHI@CHI,2026-09-29T00:15:00+00:00,KXNFLRSHYDS-26SEP28PHICHI-CHIDSWIFT4-50,KXNFLRSHYDS-26SEP28PHICHI,KXNFLRSHYDS,rushing_yards,CHIDSWIFT4,D'Andre Swift: 50+ rushing yards,0.62,0.64,0.36,0.38,PASS,
2026-09-27T17:49:54.103076+00:00,2026,3,2026_03_PHI_CHI,PHI@CHI,2026-09-29T00:15:00+00:00,KXNFLRSHYDS-26SEP28PHICHI-CHIDSWIFT4-40,KXNFLRSHYDS-26SEP28PHICHI,KXNFLRSHYDS,rushing_yards,CHIDSWIFT4,D'Andre Swift: 40+ rushing yards,0.75,0.76,0.24,0.25,PASS,
2026-09-27T17:49:54.103076+00:00,2026,3,2026_03_ARI_SF,ARI@SF,2026-09-27T20:05:00+00:00,KXNFLRSHYDS-26SEP27ARISF-ARIJBRISSETT7-30,KXNFLRSHYDS-26SEP27ARISF,KXNFLRSHYDS,rushing_yards,ARIJBRISSETT7,Jacoby Brissett: 30+ rushing yards,0.07,0.08,0.92,0.9299999999999999,PASS,
2026-09-27T17:49:54.103076+00:00,2026,3,2026_03_ARI_SF,ARI@SF,2026-09-27T20:05:00+00:00,KXNFLRSHYDS-26SEP27ARISF-ARIJBRISSETT7-25,KXNFLRSHYDS-26SEP27ARISF,KXNFLRSHYDS,rushing_yards,ARIJBRISSETT7,Jacoby Brissett: 25+ rushing yards,0.11,0.12,0.88,0.89,PASS,
2026-09-27T17:49:54.103076+00:00,2026,3,2026_03_ARI_SF,ARI@SF,2026-09-27T20:05:00+00:00,KXNFLRSHYDS-26SEP27ARISF-ARIJBRISSETT7-20,KXNFLRSHYDS-26SEP27ARISF,KXNFLRSHYDS,rushing_yards,ARIJBRISSETT7,Jacoby Brissett: 20+ rushing yards,0.19,0.2,0.8,0.81,PASS,
2026-09-27T17:49:54.103076+00:00,2026,3,2026_03_ARI_SF,ARI@SF,2026-09-27T20:05:00+00:00,KXNFLRSHYDS-26SEP27ARISF-ARIJBRISSETT7-15,KXNFLRSHYDS-26SEP27ARISF,KXNFLRSHYDS,rushing_yards,ARIJBRISSETT7,Jacoby Brissett: 15+ rushing yards,0.29,0.3,0.7,0.71,PASS,
2026-09-27T17:49:54.103076+00:00,2026,3,2026_03_ARI_SF,ARI@SF,2026-09-27T20:05:00+00:00,KXNFLRSHYDS-26SEP27ARISF-ARIJBRISSETT7-10,KXNFLRSHYDS-26SEP27ARISF,KXNFLRSHYDS,rushing_yards,ARIJBRISSETT7,Jacoby Brissett: 10+ rushing yards,0.44,0.45,0.55,0.56,PASS,
2026-09-27T17:49:54.103076+00:00,2026,3,2026_03_BAL_DAL,BAL@DAL,2026-09-27T20:25:00+00:00,KXNFLRSHYDS-26SEP27BALDAL-DALEDEMERCADO31-40,KXNFLRSHYDS-26SEP27BALDAL,KXNFLRSHYDS,rushing_yards,DALEDEMERCADO31,Emari Demercado: 40+ rushing yards,0.02,0.05,0.95,0.98,PASS,
2026-09-27T17:49:54.103076+00:00,2026,3,2026_03_BAL_DAL,BAL@DAL,2026-09-27T20:25:00+00:00,KXNFLRSHYDS-26SEP27BALDAL-DALEDEMERCADO31-30,KXNFLRSHYDS-26SEP27BALDAL,KXNFLRSHYDS,rushing_yards,DALEDEMERCADO31,Emari Demercado: 30+ rushing yards,0.07,0.09,0.91,0.9299999999999999,PASS,
2026-09-27T17:49:54.103076+00:00,2026,3,2026_03_BAL_DAL,BAL@DAL,2026-09-27T20:25:00+00:00,KXNFLRSHYDS-26SEP27BALDAL-DALEDEMERCADO31-25,KXNFLRSHYDS-26SEP27BALDAL,KXNFLRSHYDS,rushing_yards,DALEDEMERCADO31,Emari Demercado: 25+ rushing yards,0.1,0.12,0.88,0.9,PASS,
2026-09-27T17:49:54.103076+00:00,2026,3,2026_03_BAL_DAL,BAL@DAL,2026-09-27T20:25:00+00:00,KXNFLRSHYDS-26SEP27BALDAL-DALEDEMERCADO31-20,KXNFLRSHYDS-26SEP27BALDAL,KXNFLRSHYDS,rushing_yards,DALEDEMERCADO31,Emari Demercado: 20+ rushing yards,0.17,0.18,0.8200000000000001,0.83,PASS,
2026-09-27T17:49:54.103076+00:00,2026,3,2026_03_BAL_DAL,BAL@DAL,2026-09-27T20:25:00+00:00,KXNFLRSHYDS-26SEP27BALDAL-DALEDEMERCADO31-15,KXNFLRSHYDS-26SEP27BALDAL,KXNFLRSHYDS,rushing_yards,DALEDEMERCADO31,Emari Demercado: 15+ rushing yards,0.26,0.27,0.73,0.74,PASS,
2026-09-27T17:49:54.103076+00:00,2026,3,2026_03_BAL_DAL,BAL@DAL,2026-09-27T20:25:00+00:00,KXNFLRSHYDS-26SEP27BALDAL-DALEDEMERCADO31-10,KXNFLRSHYDS-26SEP27BALDAL,KXNFLRSHYDS,rushing_yards,DALEDEMERCADO31,Emari Demercado: 10+ rushing yards,0.41,0.42,0.5800000000000001,0.5900000000000001,PASS,
2026-09-27T17:49:54.103076+00:00,2026,3,2026_03_MIN_TB,MIN@TB,2026-09-27T20:05:00+00:00,KXNFLRSHYDS-26SEP27MINTB-TBKGAINWELL1-60,KXNFLRSHYDS-26SEP27MINTB,KXNFLRSHYDS,rushing_yards,TBKGAINWELL1,Kenny Gainwell: 60+ rushing yards,0.05,0.06,0.94,0.95,PASS,
2026-09-27T17:49:54.103076+00:00,2026,3,2026_03_MIN_TB,MIN@TB,2026-09-27T20:05:00+00:00,KXNFLRSHYDS-26SEP27MINTB-TBKGAINWELL1-50,KXNFLRSHYDS-26SEP27MINTB,KXNFLRSHYDS,rushing_yards,TBKGAINWELL1,Kenny Gainwell: 50+ rushing yards,0.05,0.09,0.91,0.95,PASS,
2026-09-27T17:49:54.103076+00:00,2026,3,2026_03_MIN_TB,MIN@TB,2026-09-27T20:05:00+00:00,KXNFLRSHYDS-26SEP27MINTB-TBKGAINWELL1-40,KXNFLRSHYDS-26SEP27MINTB,KXNFLRSHYDS,rushing_yards,TBKGAINWELL1,Kenny Gainwell: 40+ rushing yards,0.14,0.16,0.84,0.86,PASS,
2026-09-27T17:49:54.103076+00:00,2026,3,2026_03_MIN_TB,MIN@TB,2026-09-27T20:05:00+00:00,KXNFLRSHYDS-26SEP27MINTB-TBKGAINWELL1-30,KXNFLRSHYDS-26SEP27MINTB,KXNFLRSHYDS,rushing_yards,TBKGAINWELL1,Kenny Gainwell: 30+ rushing yards,0.26,0.27,0.73,0.74,PASS,
2026-09-27T17:49:54.103076+00:00,2026,3,2026_03_MIN_TB,MIN@TB,2026-09-27T20:05:00+00:00,KXNFLRSHYDS-26SEP27MINTB-TBKGAINWELL1-25,KXNFLRSHYDS-26SEP27MINTB,KXNFLRSHYDS,rushing_yards,TBKGAINWELL1,Kenny Gainwell: 25+ rushing yards,0.35,0.37,0.63,0.65,PASS,
2026-09-27T17:49:54.103076+00:00,2026,3,2026_03_MIN_TB,MIN@TB,2026-09-27T20:05:00+00:00,KXNFLRSHYDS-26SEP27MINTB-TBKGAINWELL1-20,KXNFLRSHYDS-26SEP27MINTB,KXNFLRSHYDS,rushing_yards,TBKGAINWELL1,Kenny Gainwell: 20+ rushing yards,0.46,0.47,0.53,0.54,PASS,
2026-09-27T17:49:54.103076+00:00,2026,3,2026_03_MIN_TB,MIN@TB,2026-09-27T20:05:00+00:00,KXNFLRSHYDS-26SEP27MINTB-TBKGAINWELL1-15,KXNFLRSHYDS-26SEP27MINTB,KXNFLRSHYDS,rushing_yards,TBKGAINWELL1,Kenny Gainwell: 15+ rushing yards,0.61,0.62,0.38,0.39,PASS,
2026-09-27T17:49:54.103076+00:00,2026,3,2026_03_MIN_TB,MIN@TB,2026-09-27T20:05:00+00:00,KXNFLRSHYDS-26SEP27MINTB-TBKGAINWELL1-10,KXNFLRSHYDS-26SEP27MINTB,KXNFLRSHYDS,rushing_yards,TBKGAINWELL1,Kenny Gainwell: 10+ rushing yards,0.71,0.72,0.28,0.29000000000000004,PASS,
2026-09-27T17:49:54.103076+00:00,2026,3,2026_03_LV_NO,LV@NO,2026-09-27T20:25:00+00:00,KXNFLRSHYDS-26SEP27LVNO-NOTSHOUGH6-60,KXNFLRSHYDS-26SEP27LVNO,KXNFLRSHYDS,rushing_yards,NOTSHOUGH6,Tyler Shough: 60+ rushing yards,0.02,0.04,0.96,0.98,PASS,
2026-09-27T17:49:54.103076+00:00,2026,3,2026_03_LV_NO,LV@NO,2026-09-27T20:25:00+00:00,KXNFLRSHYDS-26SEP27LVNO-NOTSHOUGH6-50,KXNFLRSHYDS-26SEP27LVNO,KXNFLRSHYDS,rushing_yards,NOTSHOUGH6,Tyler Shough: 50+ rushing yards,0.03,0.06,0.94,0.97,PASS,
2026-09-27T17:49:54.103076+00:00,2026,3,2026_03_LV_NO,LV@NO,2026-09-27T20:25:00+00:00,KXNFLRSHYDS-26SEP27LVNO-NOTSHOUGH6-40,KXNFLRSHYDS-26SEP27LVNO,KXNFLRSHYDS,rushing_yards,NOTSHOUGH6,Tyler Shough: 40+ rushing yards,0.07,0.09,0.91,0.9299999999999999,PASS,
2026-09-27T17:49:54.103076+00:00,2026,3,2026_03_LV_NO,LV@NO,2026-09-27T20:25:00+00:00,KXNFLRSHYDS-26SEP27LVNO-NOTSHOUGH6-30,KXNFLRSHYDS-26SEP27LVNO,KXNFLRSHYDS,rushing_yards,NOTSHOUGH6,Tyler Shough: 30+ rushing yards,0.17,0.19,0.81,0.83,PASS,
2026-09-27T17:49:54.103076+00:00,2026,3,2026_03_LV_NO,LV@NO,2026-09-27T20:25:00+00:00,KXNFLRSHYDS-26SEP27LVNO-NOTSHOUGH6-25,KXNFLRSHYDS-26SEP27LVNO,KXNFLRSHYDS,rushing_yards,NOTSHOUGH6,Tyler Shough: 25+ rushing yards,0.28,0.29,0.71,0.72,PASS,
2026-09-27T17:49:54.103076+00:00,2026,3,2026_03_LV_NO,LV@NO,2026-09-27T20:25:00+00:00,KXNFLRSHYDS-26SEP27LVNO-NOTSHOUGH6-20,KXNFLRSHYDS-26SEP27LVNO,KXNFLRSHYDS,rushing_yards,NOTSHOUGH6,Tyler Shough: 20+ rushing yards,0.39,0.4,0.6,0.61,PASS,
2026-09-27T17:49:54.103076+00:00,2026,3,2026_03_LV_NO,LV@NO,2026-09-27T20:25:00+00:00,KXNFLRSHYDS-26SEP27LVNO-NOTSHOUGH6-15,KXNFLRSHYDS-26SEP27LVNO,KXNFLRSHYDS,rushing_yards,NOTSHOUGH6,Tyler Shough: 15+ rushing yards,0.49,0.5,0.5,0.51,PASS,
2026-09-27T17:49:54.103076+00:00,2026,3,2026_03_LV_NO,LV@NO,2026-09-27T20:25:00+00:00,KXNFLRSHYDS-26SEP27LVNO-NOTSHOUGH6-10,KXNFLRSHYDS-26SEP27LVNO,KXNFLRSHYDS,rushing_yards,NOTSHOUGH6,Tyler Shough: 10+ rushing yards,0.64,0.65,0.35,0.36,PASS,
2026-09-27T17:49:54.103076+00:00,2026,3,2026_03_LV_NO,LV@NO,2026-09-27T20:25:00+00:00,KXNFLRSHYDS-26SEP27LVNO-LVAJEANTY2-90,KXNFLRSHYDS-26SEP27LVNO,KXNFLRSHYDS,rushing_yards,LVAJEANTY2,Ashton Jeanty: 90+ rushing yards,0.27,0.29,0.71,0.73,PASS,
2026-09-27T17:49:54.103076+00:00,2026,3,2026_03_LV_NO,LV@NO,2026-09-27T20:25:00+00:00,KXNFLRSHYDS-26SEP27LVNO-LVAJEANTY2-80,KXNFLRSHYDS-26SEP27LVNO,KXNFLRSHYDS,rushing_yards,LVAJEANTY2,Ashton Jeanty: 80+ rushing yards,0.37,0.38,0.62,0.63,PASS,
2026-09-27T17:49:54.103076+00:00,2026,3,2026_03_LV_NO,LV@NO,2026-09-27T20:25:00+00:00,KXNFLRSHYDS-26SEP27LVNO-LVAJEANTY2-70,KXNFLRSHYDS-26SEP27LVNO,KXNFLRSHYDS,rushing_yards,LVAJEANTY2,Ashton Jeanty: 70+ rushing yards,0.48,0.49,0.51,0.52,PASS,
2026-09-27T17:49:54.103076+00:00,2026,3,2026_03_LV_NO,LV@NO,2026-09-27T20:25:00+00:00,KXNFLRSHYDS-26SEP27LVNO-LVAJEANTY2-60,KXNFLRSHYDS-26SEP27LVNO,KXNFLRSHYDS,rushing_yards,LVAJEANTY2,Ashton Jeanty: 60+ rushing yards,0.57,0.6,0.4,0.43000000000000005,PASS,
2026-09-27T17:49:54.103076+00:00,2026,3,2026_03_LV_NO,LV@NO,2026-09-27T20:25:00+00:00,KXNFLRSHYDS-26SEP27LVNO-LVAJEANTY2-50,KXNFLRSHYDS-26SEP27LVNO,KXNFLRSHYDS,rushing_yards,LVAJEANTY2,Ashton Jeanty: 50+ rushing yards,0.69,0.72,0.28,0.31000000000000005,PASS,
2026-09-27T17:49:54.103076+00:00,2026,3,2026_03_LV_NO,LV@NO,2026-09-27T20:25:00+00:00,KXNFLRSHYDS-26SEP27LVNO-LVAJEANTY2-40,KXNFLRSHYDS-26SEP27LVNO,KXNFLRSHYDS,rushing_yards,LVAJEANTY2,Ashton Jeanty: 40+ rushing yards,0.78,0.82,0.18000000000000005,0.21999999999999997,PASS,
2026-09-27T17:49:54.103076+00:00,2026,3,2026_03_LV_NO,LV@NO,2026-09-27T20:25:00+00:00,KXNFLRSHYDS-26SEP27LVNO-LVAJEANTY2-140,KXNFLRSHYDS-26SEP27LVNO,KXNFLRSHYDS,rushing_yards,LVAJEANTY2,Ashton Jeanty: 140+ rushing yards,0.03,0.06,0.94,0.97,PASS,
2026-09-27T17:49:54.103076+00:00,2026,3,2026_03_LV_NO,LV@NO,2026-09-27T20:25:00+00:00,KXNFLRSHYDS-26SEP27LVNO-LVAJEANTY2-130,KXNFLRSHYDS-26SEP27LVNO,KXNFLRSHYDS,rushing_yards,LVAJEANTY2,Ashton Jeanty: 130+ rushing yards,0.04,0.08,0.92,0.96,PASS,
2026-09-27T17:49:54.103076+00:00,2026,3,2026_03_LV_NO,LV@NO,2026-09-27T20:25:00+00:00,KXNFLRSHYDS-26SEP27LVNO-LVAJEANTY2-120,KXNFLRSHYDS-26SEP27LVNO,KXNFLRSHYDS,rushing_yards,LVAJEANTY2,Ashton Jeanty: 120+ rushing yards,0.08,0.1,0.9,0.92,PASS,
2026-09-27T17:49:54.103076+00:00,2026,3,2026_03_LV_NO,LV@NO,2026-09-27T20:25:00+00:00,KXNFLRSHYDS-26SEP27LVNO-LVAJEANTY2-110,KXNFLRSHYDS-26SEP27LVNO,KXNFLRSHYDS,rushing_yards,LVAJEANTY2,Ashton Jeanty: 110+ rushing yards,0.13,0.16,0.84,0.87,PASS,
2026-09-27T17:49:54.103076+00:00,2026,3,2026_03_LV_NO,LV@NO,2026-09-27T20:25:00+00:00,KXNFLRSHYDS-26SEP27LVNO-LVAJEANTY2-100,KXNFLRSHYDS-26SEP27LVNO,KXNFLRSHYDS,rushing_yards,LVAJEANTY2,Ashton Jeanty: 100+ rushing yards,0.2,0.23,0.77,0.8,PASS,
2026-09-27T17:49:54.103076+00:00,2026,3,2026_03_PHI_CHI,PHI@CHI,2026-09-29T00:15:00+00:00,KXNFLRSHYDS-26SEP28PHICHI-PHIJHURTS1-70,KXNFLRSHYDS-26SEP28PHICHI,KXNFLRSHYDS,rushing_yards,PHIJHURTS1,Jalen Hurts: 70+ rushing yards,0.02,0.06,0.94,0.98,PASS,
2026-09-27T17:49:54.103076+00:00,2026,3,2026_03_PHI_CHI,PHI@CHI,2026-09-29T00:15:00+00:00,KXNFLRSHYDS-26SEP28PHICHI-PHIJHURTS1-60,KXNFLRSHYDS-26SEP28PHICHI,KXNFLRSHYDS,rushing_yards,PHIJHURTS1,Jalen Hurts: 60+ rushing yards,0.03,0.09,0.91,0.97,PASS,
2026-09-27T17:49:54.103076+00:00,2026,3,2026_03_PHI_CHI,PHI@CHI,2026-09-29T00:15:00+00:00,KXNFLRSHYDS-26SEP28PHICHI-PHIJHURTS1-50,KXNFLRSHYDS-26SEP28PHICHI,KXNFLRSHYDS,rushing_yards,PHIJHURTS1,Jalen Hurts: 50+ rushing yards,0.1,0.14,0.86,0.9,PASS,
2026-09-27T17:49:54.103076+00:00,2026,3,2026_03_PHI_CHI,PHI@CHI,2026-09-29T00:15:00+00:00,KXNFLRSHYDS-26SEP28PHICHI-PHIJHURTS1-40,KXNFLRSHYDS-26SEP28PHICHI,KXNFLRSHYDS,rushing_yards,PHIJHURTS1,Jalen Hurts: 40+ rushing yards,0.21,0.24,0.76,0.79,PASS,
2026-09-27T17:49:54.103076+00:00,2026,3,2026_03_PHI_CHI,PHI@CHI,2026-09-29T00:15:00+00:00,KXNFLRSHYDS-26SEP28PHICHI-PHIJHURTS1-30,KXNFLRSHYDS-26SEP28PHICHI,KXNFLRSHYDS,rushing_yards,PHIJHURTS1,Jalen Hurts: 30+ rushing yards,0.38,0.41,0.5900000000000001,0.62,PASS,
2026-09-27T17:49:54.103076+00:00,2026,3,2026_03_PHI_CHI,PHI@CHI,2026-09-29T00:15:00+00:00,KXNFLRSHYDS-26SEP28PHICHI-PHIJHURTS1-25,KXNFLRSHYDS-26SEP28PHICHI,KXNFLRSHYDS,rushing_yards,PHIJHURTS1,Jalen Hurts: 25+ rushing yards,0.5,0.51,0.49,0.5,PASS,
2026-09-27T17:49:54.103076+00:00,2026,3,2026_03_PHI_CHI,PHI@CHI,2026-09-29T00:15:00+00:00,KXNFLRSHYDS-26SEP28PHICHI-PHIJHURTS1-20,KXNFLRSHYDS-26SEP28PHICHI,KXNFLRSHYDS,rushing_yards,PHIJHURTS1,Jalen Hurts: 20+ rushing yards,0.6,0.63,0.37,0.4,PASS,
2026-09-27T17:49:54.103076+00:00,2026,3,2026_03_PHI_CHI,PHI@CHI,2026-09-29T00:15:00+00:00,KXNFLRSHYDS-26SEP28PHICHI-PHIJHURTS1-15,KXNFLRSHYDS-26SEP28PHICHI,KXNFLRSHYDS,rushing_yards,PHIJHURTS1,Jalen Hurts: 15+ rushing yards,0.71,0.72,0.28,0.29000000000000004,PASS,
2026-09-27T17:49:54.103076+00:00,2026,3,2026_03_PHI_CHI,PHI@CHI,2026-09-29T00:15:00+00:00,KXNFLRSHYDS-26SEP28PHICHI-PHIJHURTS1-10,KXNFLRSHYDS-26SEP28PHICHI,KXNFLRSHYDS,rushing_yards,PHIJHURTS1,Jalen Hurts: 10+ rushing yards,0.82,0.83,0.17000000000000004,0.18000000000000005,PASS,
2026-09-27T17:49:54.103076+00:00,2026,3,2026_03_ARI_SF,ARI@SF,2026-09-27T20:05:00+00:00,KXNFLRSHYDS-26SEP27ARISF-SFCMCCAFFREY23-90,KXNFLRSHYDS-26SEP27ARISF,KXNFLRSHYDS,rushing_yards,SFCMCCAFFREY23,Christian McCaffrey: 90+ rushing yards,0.15,0.17,0.83,0.85,PASS,
2026-09-27T17:49:54.103076+00:00,2026,3,2026_03_ARI_SF,ARI@SF,2026-09-27T20:05:00+00:00,KXNFLRSHYDS-26SEP27ARISF-SFCMCCAFFREY23-80,KXNFLRSHYDS-26SEP27ARISF,KXNFLRSHYDS,rushing_yards,SFCMCCAFFREY23,Christian McCaffrey: 80+ rushing yards,0.22,0.24,0.76,0.78,PASS,
2026-09-27T17:49:54.103076+00:00,2026,3,2026_03_ARI_SF,ARI@SF,2026-09-27T20:05:00+00:00,KXNFLRSHYDS-26SEP27ARISF-SFCMCCAFFREY23-70,KXNFLRSHYDS-26SEP27ARISF,KXNFLRSHYDS,rushing_yards,SFCMCCAFFREY23,Christian McCaffrey: 70+ rushing yards,0.32,0.34,0.6599999999999999,0.6799999999999999,PASS,
2026-09-27T17:49:54.103076+00:00,2026,3,2026_03_ARI_SF,ARI@SF,2026-09-27T20:05:00+00:00,KXNFLRSHYDS-26SEP27ARISF-SFCMCCAFFREY23-60,KXNFLRSHYDS-26SEP27ARISF,KXNFLRSHYDS,rushing_yards,SFCMCCAFFREY23,Christian McCaffrey: 60+ rushing yards,0.45,0.46,0.54,0.55,PASS,
2026-09-27T17:49:54.103076+00:00,2026,3,2026_03_ARI_SF,ARI@SF,2026-09-27T20:05:00+00:00,KXNFLRSHYDS-26SEP27ARISF-SFCMCCAFFREY23-55,KXNFLRSHYDS-26SEP27ARISF,KXNFLRSHYDS,rushing_yards,SFCMCCAFFREY23,Christian McCaffrey: 55+ rushing yards,0.53,0.54,0.45999999999999996,0.47,PASS,
2026-09-27T17:49:54.103076+00:00,2026,3,2026_03_ARI_SF,ARI@SF,2026-09-27T20:05:00+00:00,KXNFLRSHYDS-26SEP27ARISF-SFCMCCAFFREY23-50,KXNFLRSHYDS-26SEP27ARISF,KXNFLRSHYDS,rushing_yards,SFCMCCAFFREY23,Christian McCaffrey: 50+ rushing yards,0.57,0.59,0.41000000000000003,0.43000000000000005,PASS,
2026-09-27T17:49:54.103076+00:00,2026,3,2026_03_ARI_SF,ARI@SF,2026-09-27T20:05:00+00:00,KXNFLRSHYDS-26SEP27ARISF-SFCMCCAFFREY23-40,KXNFLRSHYDS-26SEP27ARISF,KXNFLRSHYDS,rushing_yards,SFCMCCAFFREY23,Christian McCaffrey: 40+ rushing yards,0.71,0.72,0.28,0.29000000000000004,PASS,
2026-09-27T17:49:54.103076+00:00,2026,3,2026_03_ARI_SF,ARI@SF,2026-09-27T20:05:00+00:00,KXNFLRSHYDS-26SEP27ARISF-SFCMCCAFFREY23-30,KXNFLRSHYDS-26SEP27ARISF,KXNFLRSHYDS,rushing_yards,SFCMCCAFFREY23,Christian McCaffrey: 30+ rushing yards,0.81,0.84,0.16000000000000003,0.18999999999999995,PASS,
2026-09-27T17:49:54.103076+00:00,2026,3,2026_03_ARI_SF,ARI@SF,2026-09-27T20:05:00+00:00,KXNFLRSHYDS-26SEP27ARISF-SFCMCCAFFREY23-120,KXNFLRSHYDS-26SEP27ARISF,KXNFLRSHYDS,rushing_yards,SFCMCCAFFREY23,Christian McCaffrey: 120+ rushing yards,0.05,0.06,0.94,0.95,PASS,
2026-09-27T17:49:54.103076+00:00,2026,3,2026_03_ARI_SF,ARI@SF,2026-09-27T20:05:00+00:00,KXNFLRSHYDS-26SEP27ARISF-SFCMCCAFFREY23-110,KXNFLRSHYDS-26SEP27ARISF,KXNFLRSHYDS,rushing_yards,SFCMCCAFFREY23,Christian McCaffrey: 110+ rushing yards,0.06,0.08,0.92,0.94,PASS,
2026-09-27T17:49:54.103076+00:00,2026,3,2026_03_ARI_SF,ARI@SF,2026-09-27T20:05:00+00:00,KXNFLRSHYDS-26SEP27ARISF-SFCMCCAFFREY23-100,KXNFLRSHYDS-26SEP27ARISF,KXNFLRSHYDS,rushing_yards,SFCMCCAFFREY23,Christian McCaffrey: 100+ rushing yards,0.09,0.11,0.89,0.91,PASS,
2026-09-27T17:49:54.103076+00:00,2026,3,2026_03_ARI_SF,ARI@SF,2026-09-27T20:05:00+00:00,KXNFLRSHYDS-26SEP27ARISF-ARITALLGEIER22-90,KXNFLRSHYDS-26SEP27ARISF,KXNFLRSHYDS,rushing_yards,ARITALLGEIER22,Tyler Allgeier: 90+ rushing yards,0.03,0.04,0.96,0.97,PASS,
2026-09-27T17:49:54.103076+00:00,2026,3,2026_03_ARI_SF,ARI@SF,2026-09-27T20:05:00+00:00,KXNFLRSHYDS-26SEP27ARISF-ARITALLGEIER22-80,KXNFLRSHYDS-26SEP27ARISF,KXNFLRSHYDS,rushing_yards,ARITALLGEIER22,Tyler Allgeier: 80+ rushing yards,0.05,0.07,0.9299999999999999,0.95,PASS,
2026-09-27T17:49:54.103076+00:00,2026,3,2026_03_ARI_SF,ARI@SF,2026-09-27T20:05:00+00:00,KXNFLRSHYDS-26SEP27ARISF-ARITALLGEIER22-70,KXNFLRSHYDS-26SEP27ARISF,KXNFLRSHYDS,rushing_yards,ARITALLGEIER22,Tyler Allgeier: 70+ rushing yards,0.1,0.11,0.89,0.9,PASS,
2026-09-27T17:49:54.103076+00:00,2026,3,2026_03_ARI_SF,ARI@SF,2026-09-27T20:05:00+00:00,KXNFLRSHYDS-26SEP27ARISF-ARITALLGEIER22-60,KXNFLRSHYDS-26SEP27ARISF,KXNFLRSHYDS,rushing_yards,ARITALLGEIER22,Tyler Allgeier: 60+ rushing yards,0.16,0.17,0.83,0.84,PASS,
2026-09-27T17:49:54.103076+00:00,2026,3,2026_03_ARI_SF,ARI@SF,2026-09-27T20:05:00+00:00,KXNFLRSHYDS-26SEP27ARISF-ARITALLGEIER22-50,KXNFLRSHYDS-26SEP27ARISF,KXNFLRSHYDS,rushing_yards,ARITALLGEIER22,Tyler Allgeier: 50+ rushing yards,0.25,0.26,0.74,0.75,PASS,
2026-09-27T17:49:54.103076+00:00,2026,3,2026_03_ARI_SF,ARI@SF,2026-09-27T20:05:00+00:00,KXNFLRSHYDS-26SEP27ARISF-ARITALLGEIER22-40,KXNFLRSHYDS-26SEP27ARISF,KXNFLRSHYDS,rushing_yards,ARITALLGEIER22,Tyler Allgeier: 40+ rushing yards,0.37,0.38,0.62,0.63,PASS,
2026-09-27T17:49:54.103076+00:00,2026,3,2026_03_ARI_SF,ARI@SF,2026-09-27T20:05:00+00:00,KXNFLRSHYDS-26SEP27ARISF-ARITALLGEIER22-30,KXNFLRSHYDS-26SEP27ARISF,KXNFLRSHYDS,rushing_yards,ARITALLGEIER22,Tyler Allgeier: 30+ rushing yards,0.54,0.55,0.44999999999999996,0.45999999999999996,PASS,
2026-09-27T17:49:54.103076+00:00,2026,3,2026_03_ARI_SF,ARI@SF,2026-09-27T20:05:00+00:00,KXNFLRSHYDS-26SEP27ARISF-ARITALLGEIER22-25,KXNFLRSHYDS-26SEP27ARISF,KXNFLRSHYDS,rushing_yards,ARITALLGEIER22,Tyler Allgeier: 25+ rushing yards,0.63,0.64,0.36,0.37,PASS,
2026-09-27T17:49:54.103076+00:00,2026,3,2026_03_ARI_SF,ARI@SF,2026-09-27T20:05:00+00:00,KXNFLRSHYDS-26SEP27ARISF-ARITALLGEIER22-20,KXNFLRSHYDS-26SEP27ARISF,KXNFLRSHYDS,rushing_yards,ARITALLGEIER22,Tyler Allgeier: 20+ rushing yards,0.73,0.74,0.26,0.27,PASS,
2026-09-27T17:49:54.103076+00:00,2026,3,2026_03_ARI_SF,ARI@SF,2026-09-27T20:05:00+00:00,KXNFLRSHYDS-26SEP27ARISF-ARITALLGEIER22-15,KXNFLRSHYDS-26SEP27ARISF,KXNFLRSHYDS,rushing_yards,ARITALLGEIER22,Tyler Allgeier: 15+ rushing yards,0.8,0.81,0.18999999999999995,0.19999999999999996,PASS,
2026-09-27T17:49:54.103076+00:00,2026,3,2026_03_ARI_SF,ARI@SF,2026-09-27T20:05:00+00:00,KXNFLRSHYDS-26SEP27ARISF-ARIJLOVE4-90,KXNFLRSHYDS-26SEP27ARISF,KXNFLRSHYDS,rushing_yards,ARIJLOVE4,Jeremiyah Love: 90+ rushing yards,0.07,0.08,0.92,0.9299999999999999,PASS,
2026-09-27T17:49:54.103076+00:00,2026,3,2026_03_ARI_SF,ARI@SF,2026-09-27T20:05:00+00:00,KXNFLRSHYDS-26SEP27ARISF-ARIJLOVE4-80,KXNFLRSHYDS-26SEP27ARISF,KXNFLRSHYDS,rushing_yards,ARIJLOVE4,Jeremiyah Love: 80+ rushing yards,0.11,0.13,0.87,0.89,PASS,
2026-09-27T17:49:54.103076+00:00,2026,3,2026_03_ARI_SF,ARI@SF,2026-09-27T20:05:00+00:00,KXNFLRSHYDS-26SEP27ARISF-ARIJLOVE4-70,KXNFLRSHYDS-26SEP27ARISF,KXNFLRSHYDS,rushing_yards,ARIJLOVE4,Jeremiyah Love: 70+ rushing yards,0.17,0.18,0.8200000000000001,0.83,PASS,
2026-09-27T17:49:54.103076+00:00,2026,3,2026_03_ARI_SF,ARI@SF,2026-09-27T20:05:00+00:00,KXNFLRSHYDS-26SEP27ARISF-ARIJLOVE4-60,KXNFLRSHYDS-26SEP27ARISF,KXNFLRSHYDS,rushing_yards,ARIJLOVE4,Jeremiyah Love: 60+ rushing yards,0.24,0.25,0.75,0.76,PASS,
2026-09-27T17:49:54.103076+00:00,2026,3,2026_03_ARI_SF,ARI@SF,2026-09-27T20:05:00+00:00,KXNFLRSHYDS-26SEP27ARISF-ARIJLOVE4-50,KXNFLRSHYDS-26SEP27ARISF,KXNFLRSHYDS,rushing_yards,ARIJLOVE4,Jeremiyah Love: 50+ rushing yards,0.36,0.37,0.63,0.64,PASS,
2026-09-27T17:49:54.103076+00:00,2026,3,2026_03_ARI_SF,ARI@SF,2026-09-27T20:05:00+00:00,KXNFLRSHYDS-26SEP27ARISF-ARIJLOVE4-40,KXNFLRSHYDS-26SEP27ARISF,KXNFLRSHYDS,rushing_yards,ARIJLOVE4,Jeremiyah Love: 40+ rushing yards,0.5,0.51,0.49,0.5,PASS,
2026-09-27T17:49:54.103076+00:00,2026,3,2026_03_ARI_SF,ARI@SF,2026-09-27T20:05:00+00:00,KXNFLRSHYDS-26SEP27ARISF-ARIJLOVE4-30,KXNFLRSHYDS-26SEP27ARISF,KXNFLRSHYDS,rushing_yards,ARIJLOVE4,Jeremiyah Love: 30+ rushing yards,0.67,0.68,0.31999999999999995,0.32999999999999996,PASS,
2026-09-27T17:49:54.103076+00:00,2026,3,2026_03_ARI_SF,ARI@SF,2026-09-27T20:05:00+00:00,KXNFLRSHYDS-26SEP27ARISF-ARIJLOVE4-25,KXNFLRSHYDS-26SEP27ARISF,KXNFLRSHYDS,rushing_yards,ARIJLOVE4,Jeremiyah Love: 25+ rushing yards,0.72,0.73,0.27,0.28,PASS,
2026-09-27T17:49:54.103076+00:00,2026,3,2026_03_ARI_SF,ARI@SF,2026-09-27T20:05:00+00:00,KXNFLRSHYDS-26SEP27ARISF-ARIJLOVE4-20,KXNFLRSHYDS-26SEP27ARISF,KXNFLRSHYDS,rushing_yards,ARIJLOVE4,Jeremiyah Love: 20+ rushing yards,0.8,0.81,0.18999999999999995,0.19999999999999996,PASS,
2026-09-27T17:49:54.103076+00:00,2026,3,2026_03_ARI_SF,ARI@SF,2026-09-27T20:05:00+00:00,KXNFLRSHYDS-26SEP27ARISF-ARIJLOVE4-100,KXNFLRSHYDS-26SEP27ARISF,KXNFLRSHYDS,rushing_yards,ARIJLOVE4,Jeremiyah Love: 100+ rushing yards,0.05,0.06,0.94,0.95,PASS,
2026-09-27T17:49:54.103076+00:00,2026,3,2026_03_MIN_TB,MIN@TB,2026-09-27T20:05:00+00:00,KXNFLRSHYDS-26SEP27MINTB-TBBMAYFIELD6-50,KXNFLRSHYDS-26SEP27MINTB,KXNFLRSHYDS,rushing_yards,TBBMAYFIELD6,Baker Mayfield: 50+ rushing yards,0.06,0.08,0.92,0.94,PASS,
2026-09-27T17:49:54.103076+00:00,2026,3,2026_03_MIN_TB,MIN@TB,2026-09-27T20:05:00+00:00,KXNFLRSHYDS-26SEP27MINTB-TBBMAYFIELD6-40,KXNFLRSHYDS-26SEP27MINTB,KXNFLRSHYDS,rushing_yards,TBBMAYFIELD6,Baker Mayfield: 40+ rushing yards,0.13,0.14,0.86,0.87,PASS,
2026-09-27T17:49:54.103076+00:00,2026,3,2026_03_MIN_TB,MIN@TB,2026-09-27T20:05:00+00:00,KXNFLRSHYDS-26SEP27MINTB-TBBMAYFIELD6-30,KXNFLRSHYDS-26SEP27MINTB,KXNFLRSHYDS,rushing_yards,TBBMAYFIELD6,Baker Mayfield: 30+ rushing yards,0.25,0.26,0.74,0.75,PASS,
2026-09-27T17:49:54.103076+00:00,2026,3,2026_03_MIN_TB,MIN@TB,2026-09-27T20:05:00+00:00,KXNFLRSHYDS-26SEP27MINTB-TBBMAYFIELD6-25,KXNFLRSHYDS-26SEP27MINTB,KXNFLRSHYDS,rushing_yards,TBBMAYFIELD6,Baker Mayfield: 25+ rushing yards,0.35,0.36,0.64,0.65,PASS,
2026-09-27T17:49:54.103076+00:00,2026,3,2026_03_MIN_TB,MIN@TB,2026-09-27T20:05:00+00:00,KXNFLRSHYDS-26SEP27MINTB-TBBMAYFIELD6-20,KXNFLRSHYDS-26SEP27MINTB,KXNFLRSHYDS,rushing_yards,TBBMAYFIELD6,Baker Mayfield: 20+ rushing yards,0.46,0.47,0.53,0.54,PASS,
2026-09-27T17:49:54.103076+00:00,2026,3,2026_03_MIN_TB,MIN@TB,2026-09-27T20:05:00+00:00,KXNFLRSHYDS-26SEP27MINTB-TBBMAYFIELD6-15,KXNFLRSHYDS-26SEP27MINTB,KXNFLRSHYDS,rushing_yards,TBBMAYFIELD6,Baker Mayfield: 15+ rushing yards,0.58,0.59,0.41000000000000003,0.42000000000000004,PASS,
2026-09-27T17:49:54.103076+00:00,2026,3,2026_03_MIN_TB,MIN@TB,2026-09-27T20:05:00+00:00,KXNFLRSHYDS-26SEP27MINTB-TBBMAYFIELD6-10,KXNFLRSHYDS-26SEP27MINTB,KXNFLRSHYDS,rushing_yards,TBBMAYFIELD6,Baker Mayfield: 10+ rushing yards,0.71,0.72,0.28,0.29000000000000004,PASS,
2026-09-27T17:49:54.103076+00:00,2026,3,2026_03_MIN_TB,MIN@TB,2026-09-27T20:05:00+00:00,KXNFLRSHYDS-26SEP27MINTB-TBBIRVING7-90,KXNFLRSHYDS-26SEP27MINTB,KXNFLRSHYDS,rushing_yards,TBBIRVING7,Bucky Irving: 90+ rushing yards,0.17,0.18,0.8200000000000001,0.83,PASS,
2026-09-27T17:49:54.103076+00:00,2026,3,2026_03_MIN_TB,MIN@TB,2026-09-27T20:05:00+00:00,KXNFLRSHYDS-26SEP27MINTB-TBBIRVING7-80,KXNFLRSHYDS-26SEP27MINTB,KXNFLRSHYDS,rushing_yards,TBBIRVING7,Bucky Irving: 80+ rushing yards,0.24,0.26,0.74,0.76,PASS,
2026-09-27T17:49:54.103076+00:00,2026,3,2026_03_MIN_TB,MIN@TB,2026-09-27T20:05:00+00:00,KXNFLRSHYDS-26SEP27MINTB-TBBIRVING7-70,KXNFLRSHYDS-26SEP27MINTB,KXNFLRSHYDS,rushing_yards,TBBIRVING7,Bucky Irving: 70+ rushing yards,0.34,0.35,0.65,0.6599999999999999,PASS,
2026-09-27T17:49:54.103076+00:00,2026,3,2026_03_MIN_TB,MIN@TB,2026-09-27T20:05:00+00:00,KXNFLRSHYDS-26SEP27MINTB-TBBIRVING7-60,KXNFLRSHYDS-26SEP27MINTB,KXNFLRSHYDS,rushing_yards,TBBIRVING7,Bucky Irving: 60+ rushing yards,0.47,0.48,0.52,0.53,PASS,
2026-09-27T17:49:54.103076+00:00,2026,3,2026_03_MIN_TB,MIN@TB,2026-09-27T20:05:00+00:00,KXNFLRSHYDS-26SEP27MINTB-TBBIRVING7-50,KXNFLRSHYDS-26SEP27MINTB,KXNFLRSHYDS,rushing_yards,TBBIRVING7,Bucky Irving: 50+ rushing yards,0.6,0.61,0.39,0.4,PASS,
2026-09-27T17:49:54.103076+00:00,2026,3,2026_03_MIN_TB,MIN@TB,2026-09-27T20:05:00+00:00,KXNFLRSHYDS-26SEP27MINTB-TBBIRVING7-40,KXNFLRSHYDS-26SEP27MINTB,KXNFLRSHYDS,rushing_yards,TBBIRVING7,Bucky Irving: 40+ rushing yards,0.72,0.73,0.27,0.28,PASS,
2026-09-27T17:49:54.103076+00:00,2026,3,2026_03_MIN_TB,MIN@TB,2026-09-27T20:05:00+00:00,KXNFLRSHYDS-26SEP27MINTB-TBBIRVING7-30,KXNFLRSHYDS-26SEP27MINTB,KXNFLRSHYDS,rushing_yards,TBBIRVING7,Bucky Irving: 30+ rushing yards,0.83,0.84,0.16000000000000003,0.17000000000000004,PASS,
2026-09-27T17:49:54.103076+00:00,2026,3,2026_03_MIN_TB,MIN@TB,2026-09-27T20:05:00+00:00,KXNFLRSHYDS-26SEP27MINTB-TBBIRVING7-25,KXNFLRSHYDS-26SEP27MINTB,KXNFLRSHYDS,rushing_yards,TBBIRVING7,Bucky Irving: 25+ rushing yards,0.87,0.88,0.12,0.13,PASS,
2026-09-27T17:49:54.103076+00:00,2026,3,2026_03_MIN_TB,MIN@TB,2026-09-27T20:05:00+00:00,KXNFLRSHYDS-26SEP27MINTB-TBBIRVING7-120,KXNFLRSHYDS-26SEP27MINTB,KXNFLRSHYDS,rushing_yards,TBBIRVING7,Bucky Irving: 120+ rushing yards,0.04,0.06,0.94,0.96,PASS,
2026-09-27T17:49:54.103076+00:00,2026,3,2026_03_MIN_TB,MIN@TB,2026-09-27T20:05:00+00:00,KXNFLRSHYDS-26SEP27MINTB-TBBIRVING7-110,KXNFLRSHYDS-26SEP27MINTB,KXNFLRSHYDS,rushing_yards,TBBIRVING7,Bucky Irving: 110+ rushing yards,0.06,0.08,0.92,0.94,PASS,
2026-09-27T17:49:54.103076+00:00,2026,3,2026_03_MIN_TB,MIN@TB,2026-09-27T20:05:00+00:00,KXNFLRSHYDS-26SEP27MINTB-TBBIRVING7-100,KXNFLRSHYDS-26SEP27MINTB,KXNFLRSHYDS,rushing_yards,TBBIRVING7,Bucky Irving: 100+ rushing yards,0.12,0.13,0.87,0.88,PASS,
2026-09-27T17:49:54.103076+00:00,2026,3,2026_03_MIN_TB,MIN@TB,2026-09-27T20:05:00+00:00,KXNFLRSHYDS-26SEP27MINTB-MINKMURRAY1-60,KXNFLRSHYDS-26SEP27MINTB,KXNFLRSHYDS,rushing_yards,MINKMURRAY1,Kyler Murray: 60+ rushing yards,0.05,0.06,0.94,0.95,PASS,
2026-09-27T17:49:54.103076+00:00,2026,3,2026_03_MIN_TB,MIN@TB,2026-09-27T20:05:00+00:00,KXNFLRSHYDS-26SEP27MINTB-MINKMURRAY1-50,KXNFLRSHYDS-26SEP27MINTB,KXNFLRSHYDS,rushing_yards,MINKMURRAY1,Kyler Murray: 50+ rushing yards,0.06,0.09,0.91,0.94,PASS,
2026-09-27T17:49:54.103076+00:00,2026,3,2026_03_MIN_TB,MIN@TB,2026-09-27T20:05:00+00:00,KXNFLRSHYDS-26SEP27MINTB-MINKMURRAY1-40,KXNFLRSHYDS-26SEP27MINTB,KXNFLRSHYDS,rushing_yards,MINKMURRAY1,Kyler Murray: 40+ rushing yards,0.17,0.18,0.8200000000000001,0.83,PASS,
2026-09-27T17:49:54.103076+00:00,2026,3,2026_03_MIN_TB,MIN@TB,2026-09-27T20:05:00+00:00,KXNFLRSHYDS-26SEP27MINTB-MINKMURRAY1-30,KXNFLRSHYDS-26SEP27MINTB,KXNFLRSHYDS,rushing_yards,MINKMURRAY1,Kyler Murray: 30+ rushing yards,0.31,0.32,0.6799999999999999,0.69,PASS,
2026-09-27T17:49:54.103076+00:00,2026,3,2026_03_MIN_TB,MIN@TB,2026-09-27T20:05:00+00:00,KXNFLRSHYDS-26SEP27MINTB-MINKMURRAY1-25,KXNFLRSHYDS-26SEP27MINTB,KXNFLRSHYDS,rushing_yards,MINKMURRAY1,Kyler Murray: 25+ rushing yards,0.42,0.43,0.5700000000000001,0.5800000000000001,PASS,
2026-09-27T17:49:54.103076+00:00,2026,3,2026_03_MIN_TB,MIN@TB,2026-09-27T20:05:00+00:00,KXNFLRSHYDS-26SEP27MINTB-MINKMURRAY1-20,KXNFLRSHYDS-26SEP27MINTB,KXNFLRSHYDS,rushing_yards,MINKMURRAY1,Kyler Murray: 20+ rushing yards,0.54,0.55,0.44999999999999996,0.45999999999999996,PASS,
2026-09-27T17:49:54.103076+00:00,2026,3,2026_03_MIN_TB,MIN@TB,2026-09-27T20:05:00+00:00,KXNFLRSHYDS-26SEP27MINTB-MINKMURRAY1-15,KXNFLRSHYDS-26SEP27MINTB,KXNFLRSHYDS,rushing_yards,MINKMURRAY1,Kyler Murray: 15+ rushing yards,0.65,0.66,0.33999999999999997,0.35,PASS,
2026-09-27T17:49:54.103076+00:00,2026,3,2026_03_MIN_TB,MIN@TB,2026-09-27T20:05:00+00:00,KXNFLRSHYDS-26SEP27MINTB-MINKMURRAY1-10,KXNFLRSHYDS-26SEP27MINTB,KXNFLRSHYDS,rushing_yards,MINKMURRAY1,Kyler Murray: 10+ rushing yards,0.77,0.78,0.21999999999999997,0.22999999999999998,PASS,
2026-09-27T17:49:54.103076+00:00,2026,3,2026_03_LA_DEN,LAR@DEN,2026-09-28T00:20:00+00:00,KXNFLRSHYDS-26SEP27LARDEN-LARMSTAFFORD9-15,KXNFLRSHYDS-26SEP27LARDEN,KXNFLRSHYDS,rushing_yards,LARMSTAFFORD9,Matthew Stafford: 15+ rushing yards,0.07,0.08,0.92,0.9299999999999999,PASS,
2026-09-27T17:49:54.103076+00:00,2026,3,2026_03_LA_DEN,LAR@DEN,2026-09-28T00:20:00+00:00,KXNFLRSHYDS-26SEP27LARDEN-LARMSTAFFORD9-10,KXNFLRSHYDS-26SEP27LARDEN,KXNFLRSHYDS,rushing_yards,LARMSTAFFORD9,Matthew Stafford: 10+ rushing yards,0.11,0.13,0.87,0.89,PASS,
2026-09-27T17:49:54.103076+00:00,2026,3,2026_03_LA_DEN,LAR@DEN,2026-09-28T00:20:00+00:00,KXNFLRSHYDS-26SEP27LARDEN-LARKWILLIAMS23-90,KXNFLRSHYDS-26SEP27LARDEN,KXNFLRSHYDS,rushing_yards,LARKWILLIAMS23,Kyren Williams: 90+ rushing yards,0.14,0.16,0.84,0.86,PASS,
2026-09-27T17:49:54.103076+00:00,2026,3,2026_03_LA_DEN,LAR@DEN,2026-09-28T00:20:00+00:00,KXNFLRSHYDS-26SEP27LARDEN-LARKWILLIAMS23-80,KXNFLRSHYDS-26SEP27LARDEN,KXNFLRSHYDS,rushing_yards,LARKWILLIAMS23,Kyren Williams: 80+ rushing yards,0.22,0.23,0.77,0.78,PASS,
2026-09-27T17:49:54.103076+00:00,2026,3,2026_03_LA_DEN,LAR@DEN,2026-09-28T00:20:00+00:00,KXNFLRSHYDS-26SEP27LARDEN-LARKWILLIAMS23-70,KXNFLRSHYDS-26SEP27LARDEN,KXNFLRSHYDS,rushing_yards,LARKWILLIAMS23,Kyren Williams: 70+ rushing yards,0.31,0.32,0.6799999999999999,0.69,PASS,
2026-09-27T17:49:54.103076+00:00,2026,3,2026_03_LA_DEN,LAR@DEN,2026-09-28T00:20:00+00:00,KXNFLRSHYDS-26SEP27LARDEN-LARKWILLIAMS23-60,KXNFLRSHYDS-26SEP27LARDEN,KXNFLRSHYDS,rushing_yards,LARKWILLIAMS23,Kyren Williams: 60+ rushing yards,0.42,0.44,0.56,0.5800000000000001,PASS,
2026-09-27T17:49:54.103076+00:00,2026,3,2026_03_LA_DEN,LAR@DEN,2026-09-28T00:20:00+00:00,KXNFLRSHYDS-26SEP27LARDEN-LARKWILLIAMS23-50,KXNFLRSHYDS-26SEP27LARDEN,KXNFLRSHYDS,rushing_yards,LARKWILLIAMS23,Kyren Williams: 50+ rushing yards,0.56,0.57,0.43000000000000005,0.43999999999999995,PASS,
2026-09-27T17:49:54.103076+00:00,2026,3,2026_03_LA_DEN,LAR@DEN,2026-09-28T00:20:00+00:00,KXNFLRSHYDS-26SEP27LARDEN-LARKWILLIAMS23-40,KXNFLRSHYDS-26SEP27LARDEN,KXNFLRSHYDS,rushing_yards,LARKWILLIAMS23,Kyren Williams: 40+ rushing yards,0.69,0.7,0.30000000000000004,0.31000000000000005,PASS,
2026-09-27T17:49:54.103076+00:00,2026,3,2026_03_LA_DEN,LAR@DEN,2026-09-28T00:20:00+00:00,KXNFLRSHYDS-26SEP27LARDEN-LARKWILLIAMS23-30,KXNFLRSHYDS-26SEP27LARDEN,KXNFLRSHYDS,rushing_yards,LARKWILLIAMS23,Kyren Williams: 30+ rushing yards,0.82,0.84,0.16000000000000003,0.18000000000000005,PASS,
2026-09-27T17:49:54.103076+00:00,2026,3,2026_03_LA_DEN,LAR@DEN,2026-09-28T00:20:00+00:00,KXNFLRSHYDS-26SEP27LARDEN-LARKWILLIAMS23-130,KXNFLRSHYDS-26SEP27LARDEN,KXNFLRSHYDS,rushing_yards,LARKWILLIAMS23,Kyren Williams: 130+ rushing yards,0.01,0.04,0.96,0.99,PASS,
2026-09-27T17:49:54.103076+00:00,2026,3,2026_03_LA_DEN,LAR@DEN,2026-09-28T00:20:00+00:00,KXNFLRSHYDS-26SEP27LARDEN-LARKWILLIAMS23-120,KXNFLRSHYDS-26SEP27LARDEN,KXNFLRSHYDS,rushing_yards,LARKWILLIAMS23,Kyren Williams: 120+ rushing yards,0.03,0.05,0.95,0.97,PASS,
2026-09-27T17:49:54.103076+00:00,2026,3,2026_03_LA_DEN,LAR@DEN,2026-09-28T00:20:00+00:00,KXNFLRSHYDS-26SEP27LARDEN-LARKWILLIAMS23-110,KXNFLRSHYDS-26SEP27LARDEN,KXNFLRSHYDS,rushing_yards,LARKWILLIAMS23,Kyren Williams: 110+ rushing yards,0.04,0.08,0.92,0.96,PASS,
2026-09-27T17:49:54.103076+00:00,2026,3,2026_03_LA_DEN,LAR@DEN,2026-09-28T00:20:00+00:00,KXNFLRSHYDS-26SEP27LARDEN-LARKWILLIAMS23-100,KXNFLRSHYDS-26SEP27LARDEN,KXNFLRSHYDS,rushing_yards,LARKWILLIAMS23,Kyren Williams: 100+ rushing yards,0.09,0.11,0.89,0.91,PASS,
2026-09-27T17:49:54.103076+00:00,2026,3,2026_03_LA_DEN,LAR@DEN,2026-09-28T00:20:00+00:00,KXNFLRSHYDS-26SEP27LARDEN-LARBCORUM24-90,KXNFLRSHYDS-26SEP27LARDEN,KXNFLRSHYDS,rushing_yards,LARBCORUM24,Blake Corum: 90+ rushing yards,0.09,0.11,0.89,0.91,PASS,
2026-09-27T17:49:54.103076+00:00,2026,3,2026_03_LA_DEN,LAR@DEN,2026-09-28T00:20:00+00:00,KXNFLRSHYDS-26SEP27LARDEN-LARBCORUM24-80,KXNFLRSHYDS-26SEP27LARDEN,KXNFLRSHYDS,rushing_yards,LARBCORUM24,Blake Corum: 80+ rushing yards,0.15,0.16,0.84,0.85,PASS,
2026-09-27T17:49:54.103076+00:00,2026,3,2026_03_LA_DEN,LAR@DEN,2026-09-28T00:20:00+00:00,KXNFLRSHYDS-26SEP27LARDEN-LARBCORUM24-70,KXNFLRSHYDS-26SEP27LARDEN,KXNFLRSHYDS,rushing_yards,LARBCORUM24,Blake Corum: 70+ rushing yards,0.21,0.23,0.77,0.79,PASS,
2026-09-27T17:49:54.103076+00:00,2026,3,2026_03_LA_DEN,LAR@DEN,2026-09-28T00:20:00+00:00,KXNFLRSHYDS-26SEP27LARDEN-LARBCORUM24-60,KXNFLRSHYDS-26SEP27LARDEN,KXNFLRSHYDS,rushing_yards,LARBCORUM24,Blake Corum: 60+ rushing yards,0.33,0.34,0.6599999999999999,0.6699999999999999,PASS,
2026-09-27T17:49:54.103076+00:00,2026,3,2026_03_LA_DEN,LAR@DEN,2026-09-28T00:20:00+00:00,KXNFLRSHYDS-26SEP27LARDEN-LARBCORUM24-50,KXNFLRSHYDS-26SEP27LARDEN,KXNFLRSHYDS,rushing_yards,LARBCORUM24,Blake Corum: 50+ rushing yards,0.46,0.47,0.53,0.54,PASS,
2026-09-27T17:49:54.103076+00:00,2026,3,2026_03_LA_DEN,LAR@DEN,2026-09-28T00:20:00+00:00,KXNFLRSHYDS-26SEP27LARDEN-LARBCORUM24-40,KXNFLRSHYDS-26SEP27LARDEN,KXNFLRSHYDS,rushing_yards,LARBCORUM24,Blake Corum: 40+ rushing yards,0.6,0.61,0.39,0.4,PASS,
2026-09-27T17:49:54.103076+00:00,2026,3,2026_03_LA_DEN,LAR@DEN,2026-09-28T00:20:00+00:00,KXNFLRSHYDS-26SEP27LARDEN-LARBCORUM24-30,KXNFLRSHYDS-26SEP27LARDEN,KXNFLRSHYDS,rushing_yards,LARBCORUM24,Blake Corum: 30+ rushing yards,0.74,0.76,0.24,0.26,PASS,
2026-09-27T17:49:54.103076+00:00,2026,3,2026_03_LA_DEN,LAR@DEN,2026-09-28T00:20:00+00:00,KXNFLRSHYDS-26SEP27LARDEN-LARBCORUM24-25,KXNFLRSHYDS-26SEP27LARDEN,KXNFLRSHYDS,rushing_yards,LARBCORUM24,Blake Corum: 25+ rushing yards,0.82,0.84,0.16000000000000003,0.18000000000000005,PASS,
2026-09-27T17:49:54.103076+00:00,2026,3,2026_03_LA_DEN,LAR@DEN,2026-09-28T00:20:00+00:00,KXNFLRSHYDS-26SEP27LARDEN-LARBCORUM24-110,KXNFLRSHYDS-26SEP27LARDEN,KXNFLRSHYDS,rushing_yards,LARBCORUM24,Blake Corum: 110+ rushing yards,0.02,0.05,0.95,0.98,PASS,
2026-09-27T17:49:54.103076+00:00,2026,3,2026_03_LA_DEN,LAR@DEN,2026-09-28T00:20:00+00:00,KXNFLRSHYDS-26SEP27LARDEN-LARBCORUM24-100,KXNFLRSHYDS-26SEP27LARDEN,KXNFLRSHYDS,rushing_yards,LARBCORUM24,Blake Corum: 100+ rushing yards,0.06,0.08,0.92,0.94,PASS,
2026-09-27T17:49:54.103076+00:00,2026,3,2026_03_LA_DEN,LAR@DEN,2026-09-28T00:20:00+00:00,KXNFLRSHYDS-26SEP27LARDEN-DENBNIX10-60,KXNFLRSHYDS-26SEP27LARDEN,KXNFLRSHYDS,rushing_yards,DENBNIX10,Bo Nix: 60+ rushing yards,0.03,0.05,0.95,0.97,PASS,
2026-09-27T17:49:54.103076+00:00,2026,3,2026_03_LA_DEN,LAR@DEN,2026-09-28T00:20:00+00:00,KXNFLRSHYDS-26SEP27LARDEN-DENBNIX10-50,KXNFLRSHYDS-26SEP27LARDEN,KXNFLRSHYDS,rushing_yards,DENBNIX10,Bo Nix: 50+ rushing yards,0.03,0.05,0.95,0.97,PASS,
2026-09-27T17:49:54.103076+00:00,2026,3,2026_03_LA_DEN,LAR@DEN,2026-09-28T00:20:00+00:00,KXNFLRSHYDS-26SEP27LARDEN-DENBNIX10-40,KXNFLRSHYDS-26SEP27LARDEN,KXNFLRSHYDS,rushing_yards,DENBNIX10,Bo Nix: 40+ rushing yards,0.08,0.11,0.89,0.92,PASS,
2026-09-27T17:49:54.103076+00:00,2026,3,2026_03_LA_DEN,LAR@DEN,2026-09-28T00:20:00+00:00,KXNFLRSHYDS-26SEP27LARDEN-DENBNIX10-30,KXNFLRSHYDS-26SEP27LARDEN,KXNFLRSHYDS,rushing_yards,DENBNIX10,Bo Nix: 30+ rushing yards,0.22,0.23,0.77,0.78,PASS,
2026-09-27T17:49:54.103076+00:00,2026,3,2026_03_LA_DEN,LAR@DEN,2026-09-28T00:20:00+00:00,KXNFLRSHYDS-26SEP27LARDEN-DENBNIX10-25,KXNFLRSHYDS-26SEP27LARDEN,KXNFLRSHYDS,rushing_yards,DENBNIX10,Bo Nix: 25+ rushing yards,0.31,0.32,0.6799999999999999,0.69,PASS,
2026-09-27T17:49:54.103076+00:00,2026,3,2026_03_LA_DEN,LAR@DEN,2026-09-28T00:20:00+00:00,KXNFLRSHYDS-26SEP27LARDEN-DENBNIX10-20,KXNFLRSHYDS-26SEP27LARDEN,KXNFLRSHYDS,rushing_yards,DENBNIX10,Bo Nix: 20+ rushing yards,0.4,0.41,0.5900000000000001,0.6,PASS,
2026-09-27T17:49:54.103076+00:00,2026,3,2026_03_LA_DEN,LAR@DEN,2026-09-28T00:20:00+00:00,KXNFLRSHYDS-26SEP27LARDEN-DENBNIX10-15,KXNFLRSHYDS-26SEP27LARDEN,KXNFLRSHYDS,rushing_yards,DENBNIX10,Bo Nix: 15+ rushing yards,0.51,0.52,0.48,0.49,PASS,
2026-09-27T17:49:54.103076+00:00,2026,3,2026_03_LA_DEN,LAR@DEN,2026-09-28T00:20:00+00:00,KXNFLRSHYDS-26SEP27LARDEN-DENBNIX10-10,KXNFLRSHYDS-26SEP27LARDEN,KXNFLRSHYDS,rushing_yards,DENBNIX10,Bo Nix: 10+ rushing yards,0.68,0.69,0.31000000000000005,0.31999999999999995,PASS,
2026-09-27T17:49:54.103076+00:00,2026,3,2026_03_BAL_DAL,BAL@DAL,2026-09-27T20:25:00+00:00,KXNFLRSHYDS-26SEP27BALDAL-DALJWILLIAMS33-90,KXNFLRSHYDS-26SEP27BALDAL,KXNFLRSHYDS,rushing_yards,DALJWILLIAMS33,Javonte Williams: 90+ rushing yards,0.16,0.17,0.83,0.84,PASS,
2026-09-27T17:49:54.103076+00:00,2026,3,2026_03_BAL_DAL,BAL@DAL,2026-09-27T20:25:00+00:00,KXNFLRSHYDS-26SEP27BALDAL-DALJWILLIAMS33-80,KXNFLRSHYDS-26SEP27BALDAL,KXNFLRSHYDS,rushing_yards,DALJWILLIAMS33,Javonte Williams: 80+ rushing yards,0.25,0.26,0.74,0.75,PASS,
2026-09-27T17:49:54.103076+00:00,2026,3,2026_03_BAL_DAL,BAL@DAL,2026-09-27T20:25:00+00:00,KXNFLRSHYDS-26SEP27BALDAL-DALJWILLIAMS33-70,KXNFLRSHYDS-26SEP27BALDAL,KXNFLRSHYDS,rushing_yards,DALJWILLIAMS33,Javonte Williams: 70+ rushing yards,0.34,0.35,0.65,0.6599999999999999,PASS,
2026-09-27T17:49:54.103076+00:00,2026,3,2026_03_BAL_DAL,BAL@DAL,2026-09-27T20:25:00+00:00,KXNFLRSHYDS-26SEP27BALDAL-DALJWILLIAMS33-60,KXNFLRSHYDS-26SEP27BALDAL,KXNFLRSHYDS,rushing_yards,DALJWILLIAMS33,Javonte Williams: 60+ rushing yards,0.43,0.44,0.56,0.5700000000000001,PASS,
2026-09-27T17:49:54.103076+00:00,2026,3,2026_03_BAL_DAL,BAL@DAL,2026-09-27T20:25:00+00:00,KXNFLRSHYDS-26SEP27BALDAL-DALJWILLIAMS33-50,KXNFLRSHYDS-26SEP27BALDAL,KXNFLRSHYDS,rushing_yards,DALJWILLIAMS33,Javonte Williams: 50+ rushing yards,0.55,0.57,0.43000000000000005,0.44999999999999996,PASS,
2026-09-27T17:49:54.103076+00:00,2026,3,2026_03_BAL_DAL,BAL@DAL,2026-09-27T20:25:00+00:00,KXNFLRSHYDS-26SEP27BALDAL-DALJWILLIAMS33-40,KXNFLRSHYDS-26SEP27BALDAL,KXNFLRSHYDS,rushing_yards,DALJWILLIAMS33,Javonte Williams: 40+ rushing yards,0.68,0.7,0.30000000000000004,0.31999999999999995,PASS,
2026-09-27T17:49:54.103076+00:00,2026,3,2026_03_BAL_DAL,BAL@DAL,2026-09-27T20:25:00+00:00,KXNFLRSHYDS-26SEP27BALDAL-DALJWILLIAMS33-30,KXNFLRSHYDS-26SEP27BALDAL,KXNFLRSHYDS,rushing_yards,DALJWILLIAMS33,Javonte Williams: 30+ rushing yards,0.81,0.82,0.18000000000000005,0.18999999999999995,PASS,
2026-09-27T17:49:54.103076+00:00,2026,3,2026_03_BAL_DAL,BAL@DAL,2026-09-27T20:25:00+00:00,KXNFLRSHYDS-26SEP27BALDAL-DALJWILLIAMS33-130,KXNFLRSHYDS-26SEP27BALDAL,KXNFLRSHYDS,rushing_yards,DALJWILLIAMS33,Javonte Williams: 130+ rushing yards,0.02,0.04,0.96,0.98,PASS,
2026-09-27T17:49:54.103076+00:00,2026,3,2026_03_BAL_DAL,BAL@DAL,2026-09-27T20:25:00+00:00,KXNFLRSHYDS-26SEP27BALDAL-DALJWILLIAMS33-120,KXNFLRSHYDS-26SEP27BALDAL,KXNFLRSHYDS,rushing_yards,DALJWILLIAMS33,Javonte Williams: 120+ rushing yards,0.03,0.06,0.94,0.97,PASS,
2026-09-27T17:49:54.103076+00:00,2026,3,2026_03_BAL_DAL,BAL@DAL,2026-09-27T20:25:00+00:00,KXNFLRSHYDS-26SEP27BALDAL-DALJWILLIAMS33-110,KXNFLRSHYDS-26SEP27BALDAL,KXNFLRSHYDS,rushing_yards,DALJWILLIAMS33,Javonte Williams: 110+ rushing yards,0.06,0.08,0.92,0.94,PASS,
2026-09-27T17:49:54.103076+00:00,2026,3,2026_03_BAL_DAL,BAL@DAL,2026-09-27T20:25:00+00:00,KXNFLRSHYDS-26SEP27BALDAL-DALJWILLIAMS33-100,KXNFLRSHYDS-26SEP27BALDAL,KXNFLRSHYDS,rushing_yards,DALJWILLIAMS33,Javonte Williams: 100+ rushing yards,0.09,0.12,0.88,0.91,PASS,
2026-09-27T17:49:54.103076+00:00,2026,3,2026_03_BAL_DAL,BAL@DAL,2026-09-27T20:25:00+00:00,KXNFLRSHYDS-26SEP27BALDAL-DALDPRESCOTT4-40,KXNFLRSHYDS-26SEP27BALDAL,KXNFLRSHYDS,rushing_yards,DALDPRESCOTT4,Dak Prescott: 40+ rushing yards,0.04,0.06,0.94,0.96,PASS,
2026-09-27T17:49:54.103076+00:00,2026,3,2026_03_BAL_DAL,BAL@DAL,2026-09-27T20:25:00+00:00,KXNFLRSHYDS-26SEP27BALDAL-DALDPRESCOTT4-30,KXNFLRSHYDS-26SEP27BALDAL,KXNFLRSHYDS,rushing_yards,DALDPRESCOTT4,Dak Prescott: 30+ rushing yards,0.12,0.13,0.87,0.88,PASS,
2026-09-27T17:49:54.103076+00:00,2026,3,2026_03_BAL_DAL,BAL@DAL,2026-09-27T20:25:00+00:00,KXNFLRSHYDS-26SEP27BALDAL-DALDPRESCOTT4-25,KXNFLRSHYDS-26SEP27BALDAL,KXNFLRSHYDS,rushing_yards,DALDPRESCOTT4,Dak Prescott: 25+ rushing yards,0.18,0.19,0.81,0.8200000000000001,PASS,
2026-09-27T17:49:54.103076+00:00,2026,3,2026_03_BAL_DAL,BAL@DAL,2026-09-27T20:25:00+00:00,KXNFLRSHYDS-26SEP27BALDAL-DALDPRESCOTT4-20,KXNFLRSHYDS-26SEP27BALDAL,KXNFLRSHYDS,rushing_yards,DALDPRESCOTT4,Dak Prescott: 20+ rushing yards,0.29,0.3,0.7,0.71,PASS,
2026-09-27T17:49:54.103076+00:00,2026,3,2026_03_BAL_DAL,BAL@DAL,2026-09-27T20:25:00+00:00,KXNFLRSHYDS-26SEP27BALDAL-DALDPRESCOTT4-15,KXNFLRSHYDS-26SEP27BALDAL,KXNFLRSHYDS,rushing_yards,DALDPRESCOTT4,Dak Prescott: 15+ rushing yards,0.41,0.42,0.5800000000000001,0.5900000000000001,PASS,
2026-09-27T17:49:54.103076+00:00,2026,3,2026_03_BAL_DAL,BAL@DAL,2026-09-27T20:25:00+00:00,KXNFLRSHYDS-26SEP27BALDAL-DALDPRESCOTT4-10,KXNFLRSHYDS-26SEP27BALDAL,KXNFLRSHYDS,rushing_yards,DALDPRESCOTT4,Dak Prescott: 10+ rushing yards,0.57,0.58,0.42000000000000004,0.43000000000000005,PASS,
2026-09-27T17:49:54.103076+00:00,2026,3,2026_03_BAL_DAL,BAL@DAL,2026-09-27T20:25:00+00:00,KXNFLRSHYDS-26SEP27BALDAL-BALLJACKSON8-90,KXNFLRSHYDS-26SEP27BALDAL,KXNFLRSHYDS,rushing_yards,BALLJACKSON8,Lamar Jackson: 90+ rushing yards,0.06,0.07,0.9299999999999999,0.94,PASS,
2026-09-27T17:49:54.103076+00:00,2026,3,2026_03_BAL_DAL,BAL@DAL,2026-09-27T20:25:00+00:00,KXNFLRSHYDS-26SEP27BALDAL-BALLJACKSON8-80,KXNFLRSHYDS-26SEP27BALDAL,KXNFLRSHYDS,rushing_yards,BALLJACKSON8,Lamar Jackson: 80+ rushing yards,0.09,0.1,0.9,0.91,PASS,
2026-09-27T17:49:54.103076+00:00,2026,3,2026_03_BAL_DAL,BAL@DAL,2026-09-27T20:25:00+00:00,KXNFLRSHYDS-26SEP27BALDAL-BALLJACKSON8-70,KXNFLRSHYDS-26SEP27BALDAL,KXNFLRSHYDS,rushing_yards,BALLJACKSON8,Lamar Jackson: 70+ rushing yards,0.14,0.15,0.85,0.86,PASS,
2026-09-27T17:49:54.103076+00:00,2026,3,2026_03_BAL_DAL,BAL@DAL,2026-09-27T20:25:00+00:00,KXNFLRSHYDS-26SEP27BALDAL-BALLJACKSON8-60,KXNFLRSHYDS-26SEP27BALDAL,KXNFLRSHYDS,rushing_yards,BALLJACKSON8,Lamar Jackson: 60+ rushing yards,0.23,0.24,0.76,0.77,PASS,
2026-09-27T17:49:54.103076+00:00,2026,3,2026_03_BAL_DAL,BAL@DAL,2026-09-27T20:25:00+00:00,KXNFLRSHYDS-26SEP27BALDAL-BALLJACKSON8-50,KXNFLRSHYDS-26SEP27BALDAL,KXNFLRSHYDS,rushing_yards,BALLJACKSON8,Lamar Jackson: 50+ rushing yards,0.33,0.34,0.6599999999999999,0.6699999999999999,PASS,
2026-09-27T17:49:54.103076+00:00,2026,3,2026_03_BAL_DAL,BAL@DAL,2026-09-27T20:25:00+00:00,KXNFLRSHYDS-26SEP27BALDAL-BALLJACKSON8-40,KXNFLRSHYDS-26SEP27BALDAL,KXNFLRSHYDS,rushing_yards,BALLJACKSON8,Lamar Jackson: 40+ rushing yards,0.49,0.5,0.5,0.51,PASS,
2026-09-27T17:49:54.103076+00:00,2026,3,2026_03_BAL_DAL,BAL@DAL,2026-09-27T20:25:00+00:00,KXNFLRSHYDS-26SEP27BALDAL-BALLJACKSON8-30,KXNFLRSHYDS-26SEP27BALDAL,KXNFLRSHYDS,rushing_yards,BALLJACKSON8,Lamar Jackson: 30+ rushing yards,0.67,0.68,0.31999999999999995,0.32999999999999996,PASS,
2026-09-27T17:49:54.103076+00:00,2026,3,2026_03_BAL_DAL,BAL@DAL,2026-09-27T20:25:00+00:00,KXNFLRSHYDS-26SEP27BALDAL-BALLJACKSON8-25,KXNFLRSHYDS-26SEP27BALDAL,KXNFLRSHYDS,rushing_yards,BALLJACKSON8,Lamar Jackson: 25+ rushing yards,0.72,0.73,0.27,0.28,PASS,
2026-09-27T17:49:54.103076+00:00,2026,3,2026_03_BAL_DAL,BAL@DAL,2026-09-27T20:25:00+00:00,KXNFLRSHYDS-26SEP27BALDAL-BALLJACKSON8-20,KXNFLRSHYDS-26SEP27BALDAL,KXNFLRSHYDS,rushing_yards,BALLJACKSON8,Lamar Jackson: 20+ rushing yards,0.78,0.79,0.20999999999999996,0.21999999999999997,PASS,
2026-09-27T17:49:54.103076+00:00,2026,3,2026_03_BAL_DAL,BAL@DAL,2026-09-27T20:25:00+00:00,KXNFLRSHYDS-26SEP27BALDAL-BALLJACKSON8-15,KXNFLRSHYDS-26SEP27BALDAL,KXNFLRSHYDS,rushing_yards,BALLJACKSON8,Lamar Jackson: 15+ rushing yards,0.87,0.88,0.12,0.13,PASS,
2026-09-27T17:49:54.103076+00:00,2026,3,2026_03_BAL_DAL,BAL@DAL,2026-09-27T20:25:00+00:00,KXNFLRSHYDS-26SEP27BALDAL-BALDHENRY22-90,KXNFLRSHYDS-26SEP27BALDAL,KXNFLRSHYDS,rushing_yards,BALDHENRY22,Derrick Henry: 90+ rushing yards,0.52,0.53,0.47,0.48,PASS,
2026-09-27T17:49:54.103076+00:00,2026,3,2026_03_BAL_DAL,BAL@DAL,2026-09-27T20:25:00+00:00,KXNFLRSHYDS-26SEP27BALDAL-BALDHENRY22-80,KXNFLRSHYDS-26SEP27BALDAL,KXNFLRSHYDS,rushing_yards,BALDHENRY22,Derrick Henry: 80+ rushing yards,0.6,0.61,0.39,0.4,PASS,
2026-09-27T17:49:54.103076+00:00,2026,3,2026_03_BAL_DAL,BAL@DAL,2026-09-27T20:25:00+00:00,KXNFLRSHYDS-26SEP27BALDAL-BALDHENRY22-70,KXNFLRSHYDS-26SEP27BALDAL,KXNFLRSHYDS,rushing_yards,BALDHENRY22,Derrick Henry: 70+ rushing yards,0.69,0.71,0.29000000000000004,0.31000000000000005,PASS,
2026-09-27T17:49:54.103076+00:00,2026,3,2026_03_BAL_DAL,BAL@DAL,2026-09-27T20:25:00+00:00,KXNFLRSHYDS-26SEP27BALDAL-BALDHENRY22-60,KXNFLRSHYDS-26SEP27BALDAL,KXNFLRSHYDS,rushing_yards,BALDHENRY22,Derrick Henry: 60+ rushing yards,0.78,0.8,0.19999999999999996,0.21999999999999997,PASS,
2026-09-27T17:49:54.103076+00:00,2026,3,2026_03_BAL_DAL,BAL@DAL,2026-09-27T20:25:00+00:00,KXNFLRSHYDS-26SEP27BALDAL-BALDHENRY22-50,KXNFLRSHYDS-26SEP27BALDAL,KXNFLRSHYDS,rushing_yards,BALDHENRY22,Derrick Henry: 50+ rushing yards,0.86,0.87,0.13,0.14,PASS,
2026-09-27T17:49:54.103076+00:00,2026,3,2026_03_BAL_DAL,BAL@DAL,2026-09-27T20:25:00+00:00,KXNFLRSHYDS-26SEP27BALDAL-BALDHENRY22-190,KXNFLRSHYDS-26SEP27BALDAL,KXNFLRSHYDS,rushing_yards,BALDHENRY22,Derrick Henry: 190+ rushing yards,0.03,0.05,0.95,0.97,PASS,
2026-09-27T17:49:54.103076+00:00,2026,3,2026_03_BAL_DAL,BAL@DAL,2026-09-27T20:25:00+00:00,KXNFLRSHYDS-26SEP27BALDAL-BALDHENRY22-180,KXNFLRSHYDS-26SEP27BALDAL,KXNFLRSHYDS,rushing_yards,BALDHENRY22,Derrick Henry: 180+ rushing yards,0.02,0.06,0.94,0.98,PASS,
2026-09-27T17:49:54.103076+00:00,2026,3,2026_03_BAL_DAL,BAL@DAL,2026-09-27T20:25:00+00:00,KXNFLRSHYDS-26SEP27BALDAL-BALDHENRY22-170,KXNFLRSHYDS-26SEP27BALDAL,KXNFLRSHYDS,rushing_yards,BALDHENRY22,Derrick Henry: 170+ rushing yards,0.06,0.08,0.92,0.94,PASS,
2026-09-27T17:49:54.103076+00:00,2026,3,2026_03_BAL_DAL,BAL@DAL,2026-09-27T20:25:00+00:00,KXNFLRSHYDS-26SEP27BALDAL-BALDHENRY22-160,KXNFLRSHYDS-26SEP27BALDAL,KXNFLRSHYDS,rushing_yards,BALDHENRY22,Derrick Henry: 160+ rushing yards,0.08,0.11,0.89,0.92,PASS,
2026-09-27T17:49:54.103076+00:00,2026,3,2026_03_BAL_DAL,BAL@DAL,2026-09-27T20:25:00+00:00,KXNFLRSHYDS-26SEP27BALDAL-BALDHENRY22-150,KXNFLRSHYDS-26SEP27BALDAL,KXNFLRSHYDS,rushing_yards,BALDHENRY22,Derrick Henry: 150+ rushing yards,0.12,0.13,0.87,0.88,PASS,
2026-09-27T17:49:54.103076+00:00,2026,3,2026_03_BAL_DAL,BAL@DAL,2026-09-27T20:25:00+00:00,KXNFLRSHYDS-26SEP27BALDAL-BALDHENRY22-140,KXNFLRSHYDS-26SEP27BALDAL,KXNFLRSHYDS,rushing_yards,BALDHENRY22,Derrick Henry: 140+ rushing yards,0.16,0.18,0.8200000000000001,0.84,PASS,
2026-09-27T17:49:54.103076+00:00,2026,3,2026_03_BAL_DAL,BAL@DAL,2026-09-27T20:25:00+00:00,KXNFLRSHYDS-26SEP27BALDAL-BALDHENRY22-130,KXNFLRSHYDS-26SEP27BALDAL,KXNFLRSHYDS,rushing_yards,BALDHENRY22,Derrick Henry: 130+ rushing yards,0.22,0.23,0.77,0.78,PASS,
2026-09-27T17:49:54.103076+00:00,2026,3,2026_03_BAL_DAL,BAL@DAL,2026-09-27T20:25:00+00:00,KXNFLRSHYDS-26SEP27BALDAL-BALDHENRY22-120,KXNFLRSHYDS-26SEP27BALDAL,KXNFLRSHYDS,rushing_yards,BALDHENRY22,Derrick Henry: 120+ rushing yards,0.28,0.29,0.71,0.72,PASS,
2026-09-27T17:49:54.103076+00:00,2026,3,2026_03_BAL_DAL,BAL@DAL,2026-09-27T20:25:00+00:00,KXNFLRSHYDS-26SEP27BALDAL-BALDHENRY22-110,KXNFLRSHYDS-26SEP27BALDAL,KXNFLRSHYDS,rushing_yards,BALDHENRY22,Derrick Henry: 110+ rushing yards,0.33,0.35,0.65,0.6699999999999999,PASS,
2026-09-27T17:49:54.103076+00:00,2026,3,2026_03_BAL_DAL,BAL@DAL,2026-09-27T20:25:00+00:00,KXNFLRSHYDS-26SEP27BALDAL-BALDHENRY22-100,KXNFLRSHYDS-26SEP27BALDAL,KXNFLRSHYDS,rushing_yards,BALDHENRY22,Derrick Henry: 100+ rushing yards,0.42,0.43,0.5700000000000001,0.5800000000000001,PASS,
2026-09-27T17:49:54.103076+00:00,2026,3,2026_03_PHI_CHI,PHI@CHI,2026-09-29T00:15:00+00:00,KXNFLPASSYDS-26SEP28PHICHI-CHICKEENUM11-275,KXNFLPASSYDS-26SEP28PHICHI,KXNFLPASSYDS,passing_yards,CHICKEENUM11,Case Keenum: 275+ passing yards,0.05,0.08,0.92,0.95,PASS,
2026-09-27T17:49:54.103076+00:00,2026,3,2026_03_PHI_CHI,PHI@CHI,2026-09-29T00:15:00+00:00,KXNFLPASSYDS-26SEP28PHICHI-CHICKEENUM11-250,KXNFLPASSYDS-26SEP28PHICHI,KXNFLPASSYDS,passing_yards,CHICKEENUM11,Case Keenum: 250+ passing yards,0.08,0.1,0.9,0.92,PASS,
2026-09-27T17:49:54.103076+00:00,2026,3,2026_03_PHI_CHI,PHI@CHI,2026-09-29T00:15:00+00:00,KXNFLPASSYDS-26SEP28PHICHI-CHICKEENUM11-225,KXNFLPASSYDS-26SEP28PHICHI,KXNFLPASSYDS,passing_yards,CHICKEENUM11,Case Keenum: 225+ passing yards,0.13,0.19,0.81,0.87,PASS,
2026-09-27T17:49:54.103076+00:00,2026,3,2026_03_PHI_CHI,PHI@CHI,2026-09-29T00:15:00+00:00,KXNFLPASSYDS-26SEP28PHICHI-CHICKEENUM11-200,KXNFLPASSYDS-26SEP28PHICHI,KXNFLPASSYDS,passing_yards,CHICKEENUM11,Case Keenum: 200+ passing yards,0.26,0.29,0.71,0.74,PASS,
2026-09-27T17:49:54.103076+00:00,2026,3,2026_03_PHI_CHI,PHI@CHI,2026-09-29T00:15:00+00:00,KXNFLPASSYDS-26SEP28PHICHI-CHICKEENUM11-175,KXNFLPASSYDS-26SEP28PHICHI,KXNFLPASSYDS,passing_yards,CHICKEENUM11,Case Keenum: 175+ passing yards,0.43,0.45,0.55,0.5700000000000001,PASS,
2026-09-27T17:49:54.103076+00:00,2026,3,2026_03_PHI_CHI,PHI@CHI,2026-09-29T00:15:00+00:00,KXNFLPASSYDS-26SEP28PHICHI-CHICKEENUM11-150,KXNFLPASSYDS-26SEP28PHICHI,KXNFLPASSYDS,passing_yards,CHICKEENUM11,Case Keenum: 150+ passing yards,0.6,0.62,0.38,0.4,PASS,
2026-09-27T17:49:54.103076+00:00,2026,3,2026_03_PHI_CHI,PHI@CHI,2026-09-29T00:15:00+00:00,KXNFLPASSYDS-26SEP28PHICHI-PHIJHURTS1-350,KXNFLPASSYDS-26SEP28PHICHI,KXNFLPASSYDS,passing_yards,PHIJHURTS1,Jalen Hurts: 350+ passing yards,0.01,0.03,0.97,0.99,PASS,
2026-09-27T17:49:54.103076+00:00,2026,3,2026_03_PHI_CHI,PHI@CHI,2026-09-29T00:15:00+00:00,KXNFLPASSYDS-26SEP28PHICHI-PHIJHURTS1-325,KXNFLPASSYDS-26SEP28PHICHI,KXNFLPASSYDS,passing_yards,PHIJHURTS1,Jalen Hurts: 325+ passing yards,0.05,0.09,0.91,0.95,PASS,
2026-09-27T17:49:54.103076+00:00,2026,3,2026_03_PHI_CHI,PHI@CHI,2026-09-29T00:15:00+00:00,KXNFLPASSYDS-26SEP28PHICHI-PHIJHURTS1-300,KXNFLPASSYDS-26SEP28PHICHI,KXNFLPASSYDS,passing_yards,PHIJHURTS1,Jalen Hurts: 300+ passing yards,0.08,0.11,0.89,0.92,PASS,
2026-09-27T17:49:54.103076+00:00,2026,3,2026_03_PHI_CHI,PHI@CHI,2026-09-29T00:15:00+00:00,KXNFLPASSYDS-26SEP28PHICHI-PHIJHURTS1-275,KXNFLPASSYDS-26SEP28PHICHI,KXNFLPASSYDS,passing_yards,PHIJHURTS1,Jalen Hurts: 275+ passing yards,0.18,0.22,0.78,0.8200000000000001,PASS,
2026-09-27T17:49:54.103076+00:00,2026,3,2026_03_PHI_CHI,PHI@CHI,2026-09-29T00:15:00+00:00,KXNFLPASSYDS-26SEP28PHICHI-PHIJHURTS1-250,KXNFLPASSYDS-26SEP28PHICHI,KXNFLPASSYDS,passing_yards,PHIJHURTS1,Jalen Hurts: 250+ passing yards,0.29,0.32,0.6799999999999999,0.71,PASS,
2026-09-27T17:49:54.103076+00:00,2026,3,2026_03_PHI_CHI,PHI@CHI,2026-09-29T00:15:00+00:00,KXNFLPASSYDS-26SEP28PHICHI-PHIJHURTS1-225,KXNFLPASSYDS-26SEP28PHICHI,KXNFLPASSYDS,passing_yards,PHIJHURTS1,Jalen Hurts: 225+ passing yards,0.45,0.48,0.52,0.55,PASS,
2026-09-27T17:49:54.103076+00:00,2026,3,2026_03_PHI_CHI,PHI@CHI,2026-09-29T00:15:00+00:00,KXNFLPASSYDS-26SEP28PHICHI-PHIJHURTS1-200,KXNFLPASSYDS-26SEP28PHICHI,KXNFLPASSYDS,passing_yards,PHIJHURTS1,Jalen Hurts: 200+ passing yards,0.59,0.63,0.37,0.41000000000000003,PASS,
2026-09-27T17:49:54.103076+00:00,2026,3,2026_03_PHI_CHI,PHI@CHI,2026-09-29T00:15:00+00:00,KXNFLPASSYDS-26SEP28PHICHI-PHIJHURTS1-175,KXNFLPASSYDS-26SEP28PHICHI,KXNFLPASSYDS,passing_yards,PHIJHURTS1,Jalen Hurts: 175+ passing yards,0.74,0.75,0.25,0.26,PASS,
2026-09-27T17:49:54.103076+00:00,2026,3,2026_03_PHI_CHI,PHI@CHI,2026-09-29T00:15:00+00:00,KXNFLPASSYDS-26SEP28PHICHI-PHIJHURTS1-150,KXNFLPASSYDS-26SEP28PHICHI,KXNFLPASSYDS,passing_yards,PHIJHURTS1,Jalen Hurts: 150+ passing yards,0.84,0.86,0.14,0.16000000000000003,PASS,
2026-09-27T17:49:54.103076+00:00,2026,3,2026_03_ARI_SF,ARI@SF,2026-09-27T20:05:00+00:00,KXNFLPASSYDS-26SEP27ARISF-SFBPURDY13-350,KXNFLPASSYDS-26SEP27ARISF,KXNFLPASSYDS,passing_yards,SFBPURDY13,Brock Purdy: 350+ passing yards,0.05,0.06,0.94,0.95,PASS,
2026-09-27T17:49:54.103076+00:00,2026,3,2026_03_ARI_SF,ARI@SF,2026-09-27T20:05:00+00:00,KXNFLPASSYDS-26SEP27ARISF-SFBPURDY13-325,KXNFLPASSYDS-26SEP27ARISF,KXNFLPASSYDS,passing_yards,SFBPURDY13,Brock Purdy: 325+ passing yards,0.08,0.12,0.88,0.92,PASS,
2026-09-27T17:49:54.103076+00:00,2026,3,2026_03_ARI_SF,ARI@SF,2026-09-27T20:05:00+00:00,KXNFLPASSYDS-26SEP27ARISF-SFBPURDY13-300,KXNFLPASSYDS-26SEP27ARISF,KXNFLPASSYDS,passing_yards,SFBPURDY13,Brock Purdy: 300+ passing yards,0.17,0.18,0.8200000000000001,0.83,PASS,
2026-09-27T17:49:54.103076+00:00,2026,3,2026_03_ARI_SF,ARI@SF,2026-09-27T20:05:00+00:00,KXNFLPASSYDS-26SEP27ARISF-SFBPURDY13-275,KXNFLPASSYDS-26SEP27ARISF,KXNFLPASSYDS,passing_yards,SFBPURDY13,Brock Purdy: 275+ passing yards,0.28,0.29,0.71,0.72,PASS,
2026-09-27T17:49:54.103076+00:00,2026,3,2026_03_ARI_SF,ARI@SF,2026-09-27T20:05:00+00:00,KXNFLPASSYDS-26SEP27ARISF-SFBPURDY13-250,KXNFLPASSYDS-26SEP27ARISF,KXNFLPASSYDS,passing_yards,SFBPURDY13,Brock Purdy: 250+ passing yards,0.42,0.43,0.5700000000000001,0.5800000000000001,PASS,
2026-09-27T17:49:54.103076+00:00,2026,3,2026_03_ARI_SF,ARI@SF,2026-09-27T20:05:00+00:00,KXNFLPASSYDS-26SEP27ARISF-SFBPURDY13-225,KXNFLPASSYDS-26SEP27ARISF,KXNFLPASSYDS,passing_yards,SFBPURDY13,Brock Purdy: 225+ passing yards,0.57,0.58,0.42000000000000004,0.43000000000000005,PASS,
2026-09-27T17:49:54.103076+00:00,2026,3,2026_03_ARI_SF,ARI@SF,2026-09-27T20:05:00+00:00,KXNFLPASSYDS-26SEP27ARISF-SFBPURDY13-200,KXNFLPASSYDS-26SEP27ARISF,KXNFLPASSYDS,passing_yards,SFBPURDY13,Brock Purdy: 200+ passing yards,0.71,0.72,0.28,0.29000000000000004,PASS,
2026-09-27T17:49:54.103076+00:00,2026,3,2026_03_ARI_SF,ARI@SF,2026-09-27T20:05:00+00:00,KXNFLPASSYDS-26SEP27ARISF-SFBPURDY13-175,KXNFLPASSYDS-26SEP27ARISF,KXNFLPASSYDS,passing_yards,SFBPURDY13,Brock Purdy: 175+ passing yards,0.82,0.83,0.17000000000000004,0.18000000000000005,PASS,
2026-09-27T17:49:54.103076+00:00,2026,3,2026_03_ARI_SF,ARI@SF,2026-09-27T20:05:00+00:00,KXNFLPASSYDS-26SEP27ARISF-SFBPURDY13-150,KXNFLPASSYDS-26SEP27ARISF,KXNFLPASSYDS,passing_yards,SFBPURDY13,Brock Purdy: 150+ passing yards,0.9,0.91,0.08999999999999997,0.09999999999999998,PASS,
2026-09-27T17:49:54.103076+00:00,2026,3,2026_03_ARI_SF,ARI@SF,2026-09-27T20:05:00+00:00,KXNFLPASSYDS-26SEP27ARISF-ARIJBRISSETT7-350,KXNFLPASSYDS-26SEP27ARISF,KXNFLPASSYDS,passing_yards,ARIJBRISSETT7,Jacoby Brissett: 350+ passing yards,0.05,0.06,0.94,0.95,PASS,
2026-09-27T17:49:54.103076+00:00,2026,3,2026_03_ARI_SF,ARI@SF,2026-09-27T20:05:00+00:00,KXNFLPASSYDS-26SEP27ARISF-ARIJBRISSETT7-325,KXNFLPASSYDS-26SEP27ARISF,KXNFLPASSYDS,passing_yards,ARIJBRISSETT7,Jacoby Brissett: 325+ passing yards,0.06,0.07,0.9299999999999999,0.94,PASS,
2026-09-27T17:49:54.103076+00:00,2026,3,2026_03_ARI_SF,ARI@SF,2026-09-27T20:05:00+00:00,KXNFLPASSYDS-26SEP27ARISF-ARIJBRISSETT7-300,KXNFLPASSYDS-26SEP27ARISF,KXNFLPASSYDS,passing_yards,ARIJBRISSETT7,Jacoby Brissett: 300+ passing yards,0.14,0.15,0.85,0.86,PASS,
2026-09-27T17:49:54.103076+00:00,2026,3,2026_03_ARI_SF,ARI@SF,2026-09-27T20:05:00+00:00,KXNFLPASSYDS-26SEP27ARISF-ARIJBRISSETT7-275,KXNFLPASSYDS-26SEP27ARISF,KXNFLPASSYDS,passing_yards,ARIJBRISSETT7,Jacoby Brissett: 275+ passing yards,0.23,0.25,0.75,0.77,PASS,
2026-09-27T17:49:54.103076+00:00,2026,3,2026_03_ARI_SF,ARI@SF,2026-09-27T20:05:00+00:00,KXNFLPASSYDS-26SEP27ARISF-ARIJBRISSETT7-250,KXNFLPASSYDS-26SEP27ARISF,KXNFLPASSYDS,passing_yards,ARIJBRISSETT7,Jacoby Brissett: 250+ passing yards,0.36,0.37,0.63,0.64,PASS,
2026-09-27T17:49:54.103076+00:00,2026,3,2026_03_ARI_SF,ARI@SF,2026-09-27T20:05:00+00:00,KXNFLPASSYDS-26SEP27ARISF-ARIJBRISSETT7-225,KXNFLPASSYDS-26SEP27ARISF,KXNFLPASSYDS,passing_yards,ARIJBRISSETT7,Jacoby Brissett: 225+ passing yards,0.5,0.51,0.49,0.5,PASS,
2026-09-27T17:49:54.103076+00:00,2026,3,2026_03_ARI_SF,ARI@SF,2026-09-27T20:05:00+00:00,KXNFLPASSYDS-26SEP27ARISF-ARIJBRISSETT7-200,KXNFLPASSYDS-26SEP27ARISF,KXNFLPASSYDS,passing_yards,ARIJBRISSETT7,Jacoby Brissett: 200+ passing yards,0.64,0.65,0.35,0.36,PASS,
2026-09-27T17:49:54.103076+00:00,2026,3,2026_03_ARI_SF,ARI@SF,2026-09-27T20:05:00+00:00,KXNFLPASSYDS-26SEP27ARISF-ARIJBRISSETT7-175,KXNFLPASSYDS-26SEP27ARISF,KXNFLPASSYDS,passing_yards,ARIJBRISSETT7,Jacoby Brissett: 175+ passing yards,0.77,0.78,0.21999999999999997,0.22999999999999998,PASS,
2026-09-27T17:49:54.103076+00:00,2026,3,2026_03_ARI_SF,ARI@SF,2026-09-27T20:05:00+00:00,KXNFLPASSYDS-26SEP27ARISF-ARIJBRISSETT7-150,KXNFLPASSYDS-26SEP27ARISF,KXNFLPASSYDS,passing_yards,ARIJBRISSETT7,Jacoby Brissett: 150+ passing yards,0.87,0.88,0.12,0.13,PASS,
2026-09-27T17:49:54.103076+00:00,2026,3,2026_03_MIN_TB,MIN@TB,2026-09-27T20:05:00+00:00,KXNFLPASSYDS-26SEP27MINTB-TBBMAYFIELD6-350,KXNFLPASSYDS-26SEP27MINTB,KXNFLPASSYDS,passing_yards,TBBMAYFIELD6,Baker Mayfield: 350+ passing yards,0.01,0.03,0.97,0.99,PASS,
2026-09-27T17:49:54.103076+00:00,2026,3,2026_03_MIN_TB,MIN@TB,2026-09-27T20:05:00+00:00,KXNFLPASSYDS-26SEP27MINTB-TBBMAYFIELD6-325,KXNFLPASSYDS-26SEP27MINTB,KXNFLPASSYDS,passing_yards,TBBMAYFIELD6,Baker Mayfield: 325+ passing yards,0.05,0.07,0.9299999999999999,0.95,PASS,
2026-09-27T17:49:54.103076+00:00,2026,3,2026_03_MIN_TB,MIN@TB,2026-09-27T20:05:00+00:00,KXNFLPASSYDS-26SEP27MINTB-TBBMAYFIELD6-300,KXNFLPASSYDS-26SEP27MINTB,KXNFLPASSYDS,passing_yards,TBBMAYFIELD6,Baker Mayfield: 300+ passing yards,0.08,0.1,0.9,0.92,PASS,
2026-09-27T17:49:54.103076+00:00,2026,3,2026_03_MIN_TB,MIN@TB,2026-09-27T20:05:00+00:00,KXNFLPASSYDS-26SEP27MINTB-TBBMAYFIELD6-275,KXNFLPASSYDS-26SEP27MINTB,KXNFLPASSYDS,passing_yards,TBBMAYFIELD6,Baker Mayfield: 275+ passing yards,0.17,0.18,0.8200000000000001,0.83,PASS,
2026-09-27T17:49:54.103076+00:00,2026,3,2026_03_MIN_TB,MIN@TB,2026-09-27T20:05:00+00:00,KXNFLPASSYDS-26SEP27MINTB-TBBMAYFIELD6-250,KXNFLPASSYDS-26SEP27MINTB,KXNFLPASSYDS,passing_yards,TBBMAYFIELD6,Baker Mayfield: 250+ passing yards,0.3,0.31,0.69,0.7,PASS,
2026-09-27T17:49:54.103076+00:00,2026,3,2026_03_MIN_TB,MIN@TB,2026-09-27T20:05:00+00:00,KXNFLPASSYDS-26SEP27MINTB-TBBMAYFIELD6-225,KXNFLPASSYDS-26SEP27MINTB,KXNFLPASSYDS,passing_yards,TBBMAYFIELD6,Baker Mayfield: 225+ passing yards,0.44,0.45,0.55,0.56,PASS,
2026-09-27T17:49:54.103076+00:00,2026,3,2026_03_MIN_TB,MIN@TB,2026-09-27T20:05:00+00:00,KXNFLPASSYDS-26SEP27MINTB-TBBMAYFIELD6-200,KXNFLPASSYDS-26SEP27MINTB,KXNFLPASSYDS,passing_yards,TBBMAYFIELD6,Baker Mayfield: 200+ passing yards,0.6,0.61,0.39,0.4,PASS,
2026-09-27T17:49:54.103076+00:00,2026,3,2026_03_MIN_TB,MIN@TB,2026-09-27T20:05:00+00:00,KXNFLPASSYDS-26SEP27MINTB-TBBMAYFIELD6-175,KXNFLPASSYDS-26SEP27MINTB,KXNFLPASSYDS,passing_yards,TBBMAYFIELD6,Baker Mayfield: 175+ passing yards,0.73,0.74,0.26,0.27,PASS,
2026-09-27T17:49:54.103076+00:00,2026,3,2026_03_MIN_TB,MIN@TB,2026-09-27T20:05:00+00:00,KXNFLPASSYDS-26SEP27MINTB-TBBMAYFIELD6-150,KXNFLPASSYDS-26SEP27MINTB,KXNFLPASSYDS,passing_yards,TBBMAYFIELD6,Baker Mayfield: 150+ passing yards,0.84,0.85,0.15000000000000002,0.16000000000000003,PASS,
2026-09-27T17:49:54.103076+00:00,2026,3,2026_03_MIN_TB,MIN@TB,2026-09-27T20:05:00+00:00,KXNFLPASSYDS-26SEP27MINTB-MINKMURRAY1-350,KXNFLPASSYDS-26SEP27MINTB,KXNFLPASSYDS,passing_yards,MINKMURRAY1,Kyler Murray: 350+ passing yards,0.02,0.04,0.96,0.98,PASS,
2026-09-27T17:49:54.103076+00:00,2026,3,2026_03_MIN_TB,MIN@TB,2026-09-27T20:05:00+00:00,KXNFLPASSYDS-26SEP27MINTB-MINKMURRAY1-325,KXNFLPASSYDS-26SEP27MINTB,KXNFLPASSYDS,passing_yards,MINKMURRAY1,Kyler Murray: 325+ passing yards,0.05,0.06,0.94,0.95,PASS,
2026-09-27T17:49:54.103076+00:00,2026,3,2026_03_MIN_TB,MIN@TB,2026-09-27T20:05:00+00:00,KXNFLPASSYDS-26SEP27MINTB-MINKMURRAY1-300,KXNFLPASSYDS-26SEP27MINTB,KXNFLPASSYDS,passing_yards,MINKMURRAY1,Kyler Murray: 300+ passing yards,0.07,0.08,0.92,0.9299999999999999,PASS,
2026-09-27T17:49:54.103076+00:00,2026,3,2026_03_MIN_TB,MIN@TB,2026-09-27T20:05:00+00:00,KXNFLPASSYDS-26SEP27MINTB-MINKMURRAY1-275,KXNFLPASSYDS-26SEP27MINTB,KXNFLPASSYDS,passing_yards,MINKMURRAY1,Kyler Murray: 275+ passing yards,0.17,0.18,0.8200000000000001,0.83,PASS,
2026-09-27T17:49:54.103076+00:00,2026,3,2026_03_MIN_TB,MIN@TB,2026-09-27T20:05:00+00:00,KXNFLPASSYDS-26SEP27MINTB-MINKMURRAY1-250,KXNFLPASSYDS-26SEP27MINTB,KXNFLPASSYDS,passing_yards,MINKMURRAY1,Kyler Murray: 250+ passing yards,0.28,0.29,0.71,0.72,PASS,
2026-09-27T17:49:54.103076+00:00,2026,3,2026_03_MIN_TB,MIN@TB,2026-09-27T20:05:00+00:00,KXNFLPASSYDS-26SEP27MINTB-MINKMURRAY1-225,KXNFLPASSYDS-26SEP27MINTB,KXNFLPASSYDS,passing_yards,MINKMURRAY1,Kyler Murray: 225+ passing yards,0.42,0.43,0.5700000000000001,0.5800000000000001,PASS,
2026-09-27T17:49:54.103076+00:00,2026,3,2026_03_MIN_TB,MIN@TB,2026-09-27T20:05:00+00:00,KXNFLPASSYDS-26SEP27MINTB-MINKMURRAY1-200,KXNFLPASSYDS-26SEP27MINTB,KXNFLPASSYDS,passing_yards,MINKMURRAY1,Kyler Murray: 200+ passing yards,0.58,0.59,0.41000000000000003,0.42000000000000004,PASS,
2026-09-27T17:49:54.103076+00:00,2026,3,2026_03_MIN_TB,MIN@TB,2026-09-27T20:05:00+00:00,KXNFLPASSYDS-26SEP27MINTB-MINKMURRAY1-175,KXNFLPASSYDS-26SEP27MINTB,KXNFLPASSYDS,passing_yards,MINKMURRAY1,Kyler Murray: 175+ passing yards,0.7,0.71,0.29000000000000004,0.30000000000000004,PASS,
2026-09-27T17:49:54.103076+00:00,2026,3,2026_03_MIN_TB,MIN@TB,2026-09-27T20:05:00+00:00,KXNFLPASSYDS-26SEP27MINTB-MINKMURRAY1-150,KXNFLPASSYDS-26SEP27MINTB,KXNFLPASSYDS,passing_yards,MINKMURRAY1,Kyler Murray: 150+ passing yards,0.83,0.84,0.16000000000000003,0.17000000000000004,PASS,
2026-09-27T17:49:54.103076+00:00,2026,3,2026_03_LV_NO,LV@NO,2026-09-27T20:25:00+00:00,KXNFLPASSYDS-26SEP27LVNO-NOTSHOUGH6-375,KXNFLPASSYDS-26SEP27LVNO,KXNFLPASSYDS,passing_yards,NOTSHOUGH6,Tyler Shough: 375+ passing yards,0.06,0.07,0.9299999999999999,0.94,PASS,
2026-09-27T17:49:54.103076+00:00,2026,3,2026_03_LV_NO,LV@NO,2026-09-27T20:25:00+00:00,KXNFLPASSYDS-26SEP27LVNO-NOTSHOUGH6-350,KXNFLPASSYDS-26SEP27LVNO,KXNFLPASSYDS,passing_yards,NOTSHOUGH6,Tyler Shough: 350+ passing yards,0.09,0.1,0.9,0.91,PASS,
2026-09-27T17:49:54.103076+00:00,2026,3,2026_03_LV_NO,LV@NO,2026-09-27T20:25:00+00:00,KXNFLPASSYDS-26SEP27LVNO-NOTSHOUGH6-325,KXNFLPASSYDS-26SEP27LVNO,KXNFLPASSYDS,passing_yards,NOTSHOUGH6,Tyler Shough: 325+ passing yards,0.15,0.16,0.84,0.85,PASS,
2026-09-27T17:49:54.103076+00:00,2026,3,2026_03_LV_NO,LV@NO,2026-09-27T20:25:00+00:00,KXNFLPASSYDS-26SEP27LVNO-NOTSHOUGH6-300,KXNFLPASSYDS-26SEP27LVNO,KXNFLPASSYDS,passing_yards,NOTSHOUGH6,Tyler Shough: 300+ passing yards,0.24,0.25,0.75,0.76,PASS,
2026-09-27T17:49:54.103076+00:00,2026,3,2026_03_LV_NO,LV@NO,2026-09-27T20:25:00+00:00,KXNFLPASSYDS-26SEP27LVNO-NOTSHOUGH6-275,KXNFLPASSYDS-26SEP27LVNO,KXNFLPASSYDS,passing_yards,NOTSHOUGH6,Tyler Shough: 275+ passing yards,0.37,0.38,0.62,0.63,PASS,
2026-09-27T17:49:54.103076+00:00,2026,3,2026_03_LV_NO,LV@NO,2026-09-27T20:25:00+00:00,KXNFLPASSYDS-26SEP27LVNO-NOTSHOUGH6-250,KXNFLPASSYDS-26SEP27LVNO,KXNFLPASSYDS,passing_yards,NOTSHOUGH6,Tyler Shough: 250+ passing yards,0.51,0.52,0.48,0.49,PASS,
2026-09-27T17:49:54.103076+00:00,2026,3,2026_03_LV_NO,LV@NO,2026-09-27T20:25:00+00:00,KXNFLPASSYDS-26SEP27LVNO-NOTSHOUGH6-225,KXNFLPASSYDS-26SEP27LVNO,KXNFLPASSYDS,passing_yards,NOTSHOUGH6,Tyler Shough: 225+ passing yards,0.65,0.66,0.33999999999999997,0.35,PASS,
2026-09-27T17:49:54.103076+00:00,2026,3,2026_03_LV_NO,LV@NO,2026-09-27T20:25:00+00:00,KXNFLPASSYDS-26SEP27LVNO-NOTSHOUGH6-200,KXNFLPASSYDS-26SEP27LVNO,KXNFLPASSYDS,passing_yards,NOTSHOUGH6,Tyler Shough: 200+ passing yards,0.77,0.78,0.21999999999999997,0.22999999999999998,PASS,
2026-09-27T17:49:54.103076+00:00,2026,3,2026_03_LV_NO,LV@NO,2026-09-27T20:25:00+00:00,KXNFLPASSYDS-26SEP27LVNO-NOTSHOUGH6-175,KXNFLPASSYDS-26SEP27LVNO,KXNFLPASSYDS,passing_yards,NOTSHOUGH6,Tyler Shough: 175+ passing yards,0.86,0.87,0.13,0.14,PASS,
2026-09-27T17:49:54.103076+00:00,2026,3,2026_03_LV_NO,LV@NO,2026-09-27T20:25:00+00:00,KXNFLPASSYDS-26SEP27LVNO-LVKCOUSINS8-200,KXNFLPASSYDS-26SEP27LVNO,KXNFLPASSYDS,passing_yards,LVKCOUSINS8,Kirk Cousins: 200+ passing yards,0.58,0.59,0.41000000000000003,0.42000000000000004,PASS,
2026-09-27T17:49:54.103076+00:00,2026,3,2026_03_LA_DEN,LAR@DEN,2026-09-28T00:20:00+00:00,KXNFLPASSYDS-26SEP27LARDEN-LARMSTAFFORD9-350,KXNFLPASSYDS-26SEP27LARDEN,KXNFLPASSYDS,passing_yards,LARMSTAFFORD9,Matthew Stafford: 350+ passing yards,0.05,0.06,0.94,0.95,PASS,
2026-09-27T17:49:54.103076+00:00,2026,3,2026_03_LA_DEN,LAR@DEN,2026-09-28T00:20:00+00:00,KXNFLPASSYDS-26SEP27LARDEN-LARMSTAFFORD9-325,KXNFLPASSYDS-26SEP27LARDEN,KXNFLPASSYDS,passing_yards,LARMSTAFFORD9,Matthew Stafford: 325+ passing yards,0.1,0.13,0.87,0.9,PASS,
2026-09-27T17:49:54.103076+00:00,2026,3,2026_03_LA_DEN,LAR@DEN,2026-09-28T00:20:00+00:00,KXNFLPASSYDS-26SEP27LARDEN-LARMSTAFFORD9-300,KXNFLPASSYDS-26SEP27LARDEN,KXNFLPASSYDS,passing_yards,LARMSTAFFORD9,Matthew Stafford: 300+ passing yards,0.18,0.2,0.8,0.8200000000000001,PASS,
2026-09-27T17:49:54.103076+00:00,2026,3,2026_03_LA_DEN,LAR@DEN,2026-09-28T00:20:00+00:00,KXNFLPASSYDS-26SEP27LARDEN-LARMSTAFFORD9-275,KXNFLPASSYDS-26SEP27LARDEN,KXNFLPASSYDS,passing_yards,LARMSTAFFORD9,Matthew Stafford: 275+ passing yards,0.29,0.31,0.69,0.71,PASS,
2026-09-27T17:49:54.103076+00:00,2026,3,2026_03_LA_DEN,LAR@DEN,2026-09-28T00:20:00+00:00,KXNFLPASSYDS-26SEP27LARDEN-LARMSTAFFORD9-250,KXNFLPASSYDS-26SEP27LARDEN,KXNFLPASSYDS,passing_yards,LARMSTAFFORD9,Matthew Stafford: 250+ passing yards,0.42,0.43,0.5700000000000001,0.5800000000000001,PASS,
2026-09-27T17:49:54.103076+00:00,2026,3,2026_03_LA_DEN,LAR@DEN,2026-09-28T00:20:00+00:00,KXNFLPASSYDS-26SEP27LARDEN-LARMSTAFFORD9-225,KXNFLPASSYDS-26SEP27LARDEN,KXNFLPASSYDS,passing_yards,LARMSTAFFORD9,Matthew Stafford: 225+ passing yards,0.57,0.58,0.42000000000000004,0.43000000000000005,PASS,
2026-09-27T17:49:54.103076+00:00,2026,3,2026_03_LA_DEN,LAR@DEN,2026-09-28T00:20:00+00:00,KXNFLPASSYDS-26SEP27LARDEN-LARMSTAFFORD9-200,KXNFLPASSYDS-26SEP27LARDEN,KXNFLPASSYDS,passing_yards,LARMSTAFFORD9,Matthew Stafford: 200+ passing yards,0.68,0.69,0.31000000000000005,0.31999999999999995,PASS,
2026-09-27T17:49:54.103076+00:00,2026,3,2026_03_LA_DEN,LAR@DEN,2026-09-28T00:20:00+00:00,KXNFLPASSYDS-26SEP27LARDEN-LARMSTAFFORD9-175,KXNFLPASSYDS-26SEP27LARDEN,KXNFLPASSYDS,passing_yards,LARMSTAFFORD9,Matthew Stafford: 175+ passing yards,0.82,0.84,0.16000000000000003,0.18000000000000005,PASS,
2026-09-27T17:49:54.103076+00:00,2026,3,2026_03_LA_DEN,LAR@DEN,2026-09-28T00:20:00+00:00,KXNFLPASSYDS-26SEP27LARDEN-LARMSTAFFORD9-150,KXNFLPASSYDS-26SEP27LARDEN,KXNFLPASSYDS,passing_yards,LARMSTAFFORD9,Matthew Stafford: 150+ passing yards,0.9,0.91,0.08999999999999997,0.09999999999999998,PASS,
2026-09-27T17:49:54.103076+00:00,2026,3,2026_03_LA_DEN,LAR@DEN,2026-09-28T00:20:00+00:00,KXNFLPASSYDS-26SEP27LARDEN-DENBNIX10-350,KXNFLPASSYDS-26SEP27LARDEN,KXNFLPASSYDS,passing_yards,DENBNIX10,Bo Nix: 350+ passing yards,0.02,0.03,0.97,0.98,PASS,
2026-09-27T17:49:54.103076+00:00,2026,3,2026_03_LA_DEN,LAR@DEN,2026-09-28T00:20:00+00:00,KXNFLPASSYDS-26SEP27LARDEN-DENBNIX10-325,KXNFLPASSYDS-26SEP27LARDEN,KXNFLPASSYDS,passing_yards,DENBNIX10,Bo Nix: 325+ passing yards,0.05,0.07,0.9299999999999999,0.95,PASS,
2026-09-27T17:49:54.103076+00:00,2026,3,2026_03_LA_DEN,LAR@DEN,2026-09-28T00:20:00+00:00,KXNFLPASSYDS-26SEP27LARDEN-DENBNIX10-300,KXNFLPASSYDS-26SEP27LARDEN,KXNFLPASSYDS,passing_yards,DENBNIX10,Bo Nix: 300+ passing yards,0.07,0.1,0.9,0.9299999999999999,PASS,
2026-09-27T17:49:54.103076+00:00,2026,3,2026_03_LA_DEN,LAR@DEN,2026-09-28T00:20:00+00:00,KXNFLPASSYDS-26SEP27LARDEN-DENBNIX10-275,KXNFLPASSYDS-26SEP27LARDEN,KXNFLPASSYDS,passing_yards,DENBNIX10,Bo Nix: 275+ passing yards,0.19,0.2,0.8,0.81,PASS,
2026-09-27T17:49:54.103076+00:00,2026,3,2026_03_LA_DEN,LAR@DEN,2026-09-28T00:20:00+00:00,KXNFLPASSYDS-26SEP27LARDEN-DENBNIX10-250,KXNFLPASSYDS-26SEP27LARDEN,KXNFLPASSYDS,passing_yards,DENBNIX10,Bo Nix: 250+ passing yards,0.27,0.28,0.72,0.73,PASS,
2026-09-27T17:49:54.103076+00:00,2026,3,2026_03_LA_DEN,LAR@DEN,2026-09-28T00:20:00+00:00,KXNFLPASSYDS-26SEP27LARDEN-DENBNIX10-225,KXNFLPASSYDS-26SEP27LARDEN,KXNFLPASSYDS,passing_yards,DENBNIX10,Bo Nix: 225+ passing yards,0.43,0.44,0.56,0.5700000000000001,PASS,
2026-09-27T17:49:54.103076+00:00,2026,3,2026_03_LA_DEN,LAR@DEN,2026-09-28T00:20:00+00:00,KXNFLPASSYDS-26SEP27LARDEN-DENBNIX10-200,KXNFLPASSYDS-26SEP27LARDEN,KXNFLPASSYDS,passing_yards,DENBNIX10,Bo Nix: 200+ passing yards,0.58,0.59,0.41000000000000003,0.42000000000000004,PASS,
2026-09-27T17:49:54.103076+00:00,2026,3,2026_03_LA_DEN,LAR@DEN,2026-09-28T00:20:00+00:00,KXNFLPASSYDS-26SEP27LARDEN-DENBNIX10-175,KXNFLPASSYDS-26SEP27LARDEN,KXNFLPASSYDS,passing_yards,DENBNIX10,Bo Nix: 175+ passing yards,0.72,0.73,0.27,0.28,PASS,
2026-09-27T17:49:54.103076+00:00,2026,3,2026_03_LA_DEN,LAR@DEN,2026-09-28T00:20:00+00:00,KXNFLPASSYDS-26SEP27LARDEN-DENBNIX10-150,KXNFLPASSYDS-26SEP27LARDEN,KXNFLPASSYDS,passing_yards,DENBNIX10,Bo Nix: 150+ passing yards,0.83,0.84,0.16000000000000003,0.17000000000000004,PASS,
2026-09-27T17:49:54.103076+00:00,2026,3,2026_03_BAL_DAL,BAL@DAL,2026-09-27T20:25:00+00:00,KXNFLPASSYDS-26SEP27BALDAL-DALDPRESCOTT4-400,KXNFLPASSYDS-26SEP27BALDAL,KXNFLPASSYDS,passing_yards,DALDPRESCOTT4,Dak Prescott: 400+ passing yards,0.02,0.05,0.95,0.98,PASS,
2026-09-27T17:49:54.103076+00:00,2026,3,2026_03_BAL_DAL,BAL@DAL,2026-09-27T20:25:00+00:00,KXNFLPASSYDS-26SEP27BALDAL-DALDPRESCOTT4-375,KXNFLPASSYDS-26SEP27BALDAL,KXNFLPASSYDS,passing_yards,DALDPRESCOTT4,Dak Prescott: 375+ passing yards,0.05,0.08,0.92,0.95,PASS,
2026-09-27T17:49:54.103076+00:00,2026,3,2026_03_BAL_DAL,BAL@DAL,2026-09-27T20:25:00+00:00,KXNFLPASSYDS-26SEP27BALDAL-DALDPRESCOTT4-350,KXNFLPASSYDS-26SEP27BALDAL,KXNFLPASSYDS,passing_yards,DALDPRESCOTT4,Dak Prescott: 350+ passing yards,0.1,0.11,0.89,0.9,PASS,
2026-09-27T17:49:54.103076+00:00,2026,3,2026_03_BAL_DAL,BAL@DAL,2026-09-27T20:25:00+00:00,KXNFLPASSYDS-26SEP27BALDAL-DALDPRESCOTT4-325,KXNFLPASSYDS-26SEP27BALDAL,KXNFLPASSYDS,passing_yards,DALDPRESCOTT4,Dak Prescott: 325+ passing yards,0.17,0.19,0.81,0.83,PASS,
2026-09-27T17:49:54.103076+00:00,2026,3,2026_03_BAL_DAL,BAL@DAL,2026-09-27T20:25:00+00:00,KXNFLPASSYDS-26SEP27BALDAL-DALDPRESCOTT4-300,KXNFLPASSYDS-26SEP27BALDAL,KXNFLPASSYDS,passing_yards,DALDPRESCOTT4,Dak Prescott: 300+ passing yards,0.29,0.3,0.7,0.71,PASS,
2026-09-27T17:49:54.103076+00:00,2026,3,2026_03_BAL_DAL,BAL@DAL,2026-09-27T20:25:00+00:00,KXNFLPASSYDS-26SEP27BALDAL-DALDPRESCOTT4-275,KXNFLPASSYDS-26SEP27BALDAL,KXNFLPASSYDS,passing_yards,DALDPRESCOTT4,Dak Prescott: 275+ passing yards,0.43,0.44,0.56,0.5700000000000001,PASS,
2026-09-27T17:49:54.103076+00:00,2026,3,2026_03_BAL_DAL,BAL@DAL,2026-09-27T20:25:00+00:00,KXNFLPASSYDS-26SEP27BALDAL-DALDPRESCOTT4-250,KXNFLPASSYDS-26SEP27BALDAL,KXNFLPASSYDS,passing_yards,DALDPRESCOTT4,Dak Prescott: 250+ passing yards,0.57,0.58,0.42000000000000004,0.43000000000000005,PASS,
2026-09-27T17:49:54.103076+00:00,2026,3,2026_03_BAL_DAL,BAL@DAL,2026-09-27T20:25:00+00:00,KXNFLPASSYDS-26SEP27BALDAL-DALDPRESCOTT4-225,KXNFLPASSYDS-26SEP27BALDAL,KXNFLPASSYDS,passing_yards,DALDPRESCOTT4,Dak Prescott: 225+ passing yards,0.7,0.72,0.28,0.30000000000000004,PASS,
2026-09-27T17:49:54.103076+00:00,2026,3,2026_03_BAL_DAL,BAL@DAL,2026-09-27T20:25:00+00:00,KXNFLPASSYDS-26SEP27BALDAL-DALDPRESCOTT4-200,KXNFLPASSYDS-26SEP27BALDAL,KXNFLPASSYDS,passing_yards,DALDPRESCOTT4,Dak Prescott: 200+ passing yards,0.81,0.82,0.18000000000000005,0.18999999999999995,PASS,
2026-09-27T17:49:54.103076+00:00,2026,3,2026_03_BAL_DAL,BAL@DAL,2026-09-27T20:25:00+00:00,KXNFLPASSYDS-26SEP27BALDAL-DALDPRESCOTT4-175,KXNFLPASSYDS-26SEP27BALDAL,KXNFLPASSYDS,passing_yards,DALDPRESCOTT4,Dak Prescott: 175+ passing yards,0.88,0.89,0.10999999999999999,0.12,PASS,
2026-09-27T17:49:54.103076+00:00,2026,3,2026_03_BAL_DAL,BAL@DAL,2026-09-27T20:25:00+00:00,KXNFLPASSYDS-26SEP27BALDAL-BALLJACKSON8-375,KXNFLPASSYDS-26SEP27BALDAL,KXNFLPASSYDS,passing_yards,BALLJACKSON8,Lamar Jackson: 375+ passing yards,0.05,0.06,0.94,0.95,PASS,
2026-09-27T17:49:54.103076+00:00,2026,3,2026_03_BAL_DAL,BAL@DAL,2026-09-27T20:25:00+00:00,KXNFLPASSYDS-26SEP27BALDAL-BALLJACKSON8-350,KXNFLPASSYDS-26SEP27BALDAL,KXNFLPASSYDS,passing_yards,BALLJACKSON8,Lamar Jackson: 350+ passing yards,0.05,0.08,0.92,0.95,PASS,
2026-09-27T17:49:54.103076+00:00,2026,3,2026_03_BAL_DAL,BAL@DAL,2026-09-27T20:25:00+00:00,KXNFLPASSYDS-26SEP27BALDAL-BALLJACKSON8-325,KXNFLPASSYDS-26SEP27BALDAL,KXNFLPASSYDS,passing_yards,BALLJACKSON8,Lamar Jackson: 325+ passing yards,0.11,0.13,0.87,0.89,PASS,
2026-09-27T17:49:54.103076+00:00,2026,3,2026_03_BAL_DAL,BAL@DAL,2026-09-27T20:25:00+00:00,KXNFLPASSYDS-26SEP27BALDAL-BALLJACKSON8-300,KXNFLPASSYDS-26SEP27BALDAL,KXNFLPASSYDS,passing_yards,BALLJACKSON8,Lamar Jackson: 300+ passing yards,0.19,0.21,0.79,0.81,PASS,
2026-09-27T17:49:54.103076+00:00,2026,3,2026_03_BAL_DAL,BAL@DAL,2026-09-27T20:25:00+00:00,KXNFLPASSYDS-26SEP27BALDAL-BALLJACKSON8-275,KXNFLPASSYDS-26SEP27BALDAL,KXNFLPASSYDS,passing_yards,BALLJACKSON8,Lamar Jackson: 275+ passing yards,0.29,0.32,0.6799999999999999,0.71,PASS,
2026-09-27T17:49:54.103076+00:00,2026,3,2026_03_BAL_DAL,BAL@DAL,2026-09-27T20:25:00+00:00,KXNFLPASSYDS-26SEP27BALDAL-BALLJACKSON8-250,KXNFLPASSYDS-26SEP27BALDAL,KXNFLPASSYDS,passing_yards,BALLJACKSON8,Lamar Jackson: 250+ passing yards,0.43,0.44,0.56,0.5700000000000001,PASS,
2026-09-27T17:49:54.103076+00:00,2026,3,2026_03_BAL_DAL,BAL@DAL,2026-09-27T20:25:00+00:00,KXNFLPASSYDS-26SEP27BALDAL-BALLJACKSON8-225,KXNFLPASSYDS-26SEP27BALDAL,KXNFLPASSYDS,passing_yards,BALLJACKSON8,Lamar Jackson: 225+ passing yards,0.59,0.6,0.4,0.41000000000000003,PASS,
2026-09-27T17:49:54.103076+00:00,2026,3,2026_03_BAL_DAL,BAL@DAL,2026-09-27T20:25:00+00:00,KXNFLPASSYDS-26SEP27BALDAL-BALLJACKSON8-200,KXNFLPASSYDS-26SEP27BALDAL,KXNFLPASSYDS,passing_yards,BALLJACKSON8,Lamar Jackson: 200+ passing yards,0.7,0.71,0.29000000000000004,0.30000000000000004,PASS,
2026-09-27T17:49:54.103076+00:00,2026,3,2026_03_BAL_DAL,BAL@DAL,2026-09-27T20:25:00+00:00,KXNFLPASSYDS-26SEP27BALDAL-BALLJACKSON8-175,KXNFLPASSYDS-26SEP27BALDAL,KXNFLPASSYDS,passing_yards,BALLJACKSON8,Lamar Jackson: 175+ passing yards,0.82,0.83,0.17000000000000004,0.18000000000000005,PASS,
2026-09-27T17:49:54.103076+00:00,2026,3,2026_03_BAL_DAL,BAL@DAL,2026-09-27T20:25:00+00:00,KXNFLPASSYDS-26SEP27BALDAL-BALLJACKSON8-150,KXNFLPASSYDS-26SEP27BALDAL,KXNFLPASSYDS,passing_yards,BALLJACKSON8,Lamar Jackson: 150+ passing yards,0.88,0.89,0.10999999999999999,0.12,PASS,
