game_id,player_id,threshold,fair_yes,raw_fair_yes,model_version,calibration_version,calibration_sha256,generated_at,projection,residual_sd,position,season_games_before,games_used,prior_carries,prior_carries_pg,prior_rush_yds_pg,training_rows,qc_status,qc_reason,context_flags
2026_04_MIA_MIN,00-0039874,80,0.0128061469505362,0.00022504286584069973,NFL-RUSH-RIDGE-NORMALSD-ISO-v1,2024-25-WALKFORWARD-ISO-v1,8be61f9f4442b75fbacd335b0997d4ea8e5b412930fea99d98c12040deaa1086,2026-10-02T00:55:44.964837+00:00,18.598557020131413,17.499131191796593,RB,2,24,70.0,7.777777777777778,32.0,16794,PASS,,
2026_04_MIA_MIN,00-0039874,70,0.019949281487743,0.001655038496350723,NFL-RUSH-RIDGE-NORMALSD-ISO-v1,2024-25-WALKFORWARD-ISO-v1,8be61f9f4442b75fbacd335b0997d4ea8e5b412930fea99d98c12040deaa1086,2026-10-02T00:55:44.964837+00:00,18.598557020131413,17.499131191796593,RB,2,24,70.0,7.777777777777778,32.0,16794,PASS,,
2026_04_MIA_MIN,00-0039874,60,0.0289297658862876,0.008992806022013876,NFL-RUSH-RIDGE-NORMALSD-ISO-v1,2024-25-WALKFORWARD-ISO-v1,8be61f9f4442b75fbacd335b0997d4ea8e5b412930fea99d98c12040deaa1086,2026-10-02T00:55:44.964837+00:00,18.598557020131413,17.499131191796593,RB,2,24,70.0,7.777777777777778,32.0,16794,PASS,,
2026_04_MIA_MIN,00-0039874,50,0.0450062508681761,0.03637010742846236,NFL-RUSH-RIDGE-NORMALSD-ISO-v1,2024-25-WALKFORWARD-ISO-v1,8be61f9f4442b75fbacd335b0997d4ea8e5b412930fea99d98c12040deaa1086,2026-10-02T00:55:44.964837+00:00,18.598557020131413,17.499131191796593,RB,2,24,70.0,7.777777777777778,32.0,16794,PASS,,
2026_04_MIA_MIN,00-0039874,40,0.0694607268464243,0.11066478844340191,NFL-RUSH-RIDGE-NORMALSD-ISO-v1,2024-25-WALKFORWARD-ISO-v1,8be61f9f4442b75fbacd335b0997d4ea8e5b412930fea99d98c12040deaa1086,2026-10-02T00:55:44.964837+00:00,18.598557020131413,17.499131191796593,RB,2,24,70.0,7.777777777777778,32.0,16794,PASS,,
2026_04_MIA_MIN,00-0039874,30,0.1097112117780294,0.2573478937865656,NFL-RUSH-RIDGE-NORMALSD-ISO-v1,2024-25-WALKFORWARD-ISO-v1,8be61f9f4442b75fbacd335b0997d4ea8e5b412930fea99d98c12040deaa1086,2026-10-02T00:55:44.964837+00:00,18.598557020131413,17.499131191796593,RB,2,24,70.0,7.777777777777778,32.0,16794,PASS,,LOW_THRESHOLD_10_30_CALIBRATION_CAUTION
2026_04_MIA_MIN,00-0039874,25,0.222509702457956,0.3572515992736669,NFL-RUSH-RIDGE-NORMALSD-ISO-v1,2024-25-WALKFORWARD-ISO-v1,8be61f9f4442b75fbacd335b0997d4ea8e5b412930fea99d98c12040deaa1086,2026-10-02T00:55:44.964837+00:00,18.598557020131413,17.499131191796593,RB,2,24,70.0,7.777777777777778,32.0,16794,PASS,,LOW_THRESHOLD_10_30_CALIBRATION_CAUTION
2026_04_MIA_MIN,00-0039874,20,0.3585657370517928,0.4680842568984512,NFL-RUSH-RIDGE-NORMALSD-ISO-v1,2024-25-WALKFORWARD-ISO-v1,8be61f9f4442b75fbacd335b0997d4ea8e5b412930fea99d98c12040deaa1086,2026-10-02T00:55:44.964837+00:00,18.598557020131413,17.499131191796593,RB,2,24,70.0,7.777777777777778,32.0,16794,PASS,,LOW_THRESHOLD_10_30_CALIBRATION_CAUTION
2026_04_MIA_MIN,00-0039874,15,0.4804804804804805,0.5814647315762661,NFL-RUSH-RIDGE-NORMALSD-ISO-v1,2024-25-WALKFORWARD-ISO-v1,8be61f9f4442b75fbacd335b0997d4ea8e5b412930fea99d98c12040deaa1086,2026-10-02T00:55:44.964837+00:00,18.598557020131413,17.499131191796593,RB,2,24,70.0,7.777777777777778,32.0,16794,PASS,,LOW_THRESHOLD_10_30_CALIBRATION_CAUTION
2026_04_MIA_MIN,00-0039874,10,0.5889175257731958,0.6884177910784169,NFL-RUSH-RIDGE-NORMALSD-ISO-v1,2024-25-WALKFORWARD-ISO-v1,8be61f9f4442b75fbacd335b0997d4ea8e5b412930fea99d98c12040deaa1086,2026-10-02T00:55:44.964837+00:00,18.598557020131413,17.499131191796593,RB,2,24,70.0,7.777777777777778,32.0,16794,PASS,,LOW_THRESHOLD_10_30_CALIBRATION_CAUTION
2026_04_ATL_NO,00-0040743,60,0.0289297658862876,0.008454842838620377,NFL-RUSH-RIDGE-NORMALSD-ISO-v1,2024-25-WALKFORWARD-ISO-v1,8be61f9f4442b75fbacd335b0997d4ea8e5b412930fea99d98c12040deaa1086,2026-10-02T00:55:44.964837+00:00,18.200427280556994,17.499131191796593,QB,3,14,45.0,4.090909090909091,16.90909090909091,16794,PASS,,
2026_04_ATL_NO,00-0040743,50,0.0450062508681761,0.03459258483960766,NFL-RUSH-RIDGE-NORMALSD-ISO-v1,2024-25-WALKFORWARD-ISO-v1,8be61f9f4442b75fbacd335b0997d4ea8e5b412930fea99d98c12040deaa1086,2026-10-02T00:55:44.964837+00:00,18.200427280556994,17.499131191796593,QB,3,14,45.0,4.090909090909091,16.90909090909091,16794,PASS,,
2026_04_ATL_NO,00-0040743,40,0.0694607268464243,0.1064277803427118,NFL-RUSH-RIDGE-NORMALSD-ISO-v1,2024-25-WALKFORWARD-ISO-v1,8be61f9f4442b75fbacd335b0997d4ea8e5b412930fea99d98c12040deaa1086,2026-10-02T00:55:44.964837+00:00,18.200427280556994,17.499131191796593,QB,3,14,45.0,4.090909090909091,16.90909090909091,16794,PASS,,
2026_04_ATL_NO,00-0040743,30,0.1097112117780294,0.25006196280910686,NFL-RUSH-RIDGE-NORMALSD-ISO-v1,2024-25-WALKFORWARD-ISO-v1,8be61f9f4442b75fbacd335b0997d4ea8e5b412930fea99d98c12040deaa1086,2026-10-02T00:55:44.964837+00:00,18.200427280556994,17.499131191796593,QB,3,14,45.0,4.090909090909091,16.90909090909091,16794,PASS,,LOW_THRESHOLD_10_30_CALIBRATION_CAUTION
2026_04_ATL_NO,00-0040743,25,0.222509702457956,0.34879849883759984,NFL-RUSH-RIDGE-NORMALSD-ISO-v1,2024-25-WALKFORWARD-ISO-v1,8be61f9f4442b75fbacd335b0997d4ea8e5b412930fea99d98c12040deaa1086,2026-10-02T00:55:44.964837+00:00,18.200427280556994,17.499131191796593,QB,3,14,45.0,4.090909090909091,16.90909090909091,16794,PASS,,LOW_THRESHOLD_10_30_CALIBRATION_CAUTION
2026_04_ATL_NO,00-0040743,20,0.3585657370517928,0.45904583928509146,NFL-RUSH-RIDGE-NORMALSD-ISO-v1,2024-25-WALKFORWARD-ISO-v1,8be61f9f4442b75fbacd335b0997d4ea8e5b412930fea99d98c12040deaa1086,2026-10-02T00:55:44.964837+00:00,18.200427280556994,17.499131191796593,QB,3,14,45.0,4.090909090909091,16.90909090909091,16794,PASS,,LOW_THRESHOLD_10_30_CALIBRATION_CAUTION
2026_04_ATL_NO,00-0040743,15,0.4553571428571428,0.572558085880936,NFL-RUSH-RIDGE-NORMALSD-ISO-v1,2024-25-WALKFORWARD-ISO-v1,8be61f9f4442b75fbacd335b0997d4ea8e5b412930fea99d98c12040deaa1086,2026-10-02T00:55:44.964837+00:00,18.200427280556994,17.499131191796593,QB,3,14,45.0,4.090909090909091,16.90909090909091,16794,PASS,,LOW_THRESHOLD_10_30_CALIBRATION_CAUTION
2026_04_ATL_NO,00-0040743,10,0.5792682926829267,0.6803290422953872,NFL-RUSH-RIDGE-NORMALSD-ISO-v1,2024-25-WALKFORWARD-ISO-v1,8be61f9f4442b75fbacd335b0997d4ea8e5b412930fea99d98c12040deaa1086,2026-10-02T00:55:44.964837+00:00,18.200427280556994,17.499131191796593,QB,3,14,45.0,4.090909090909091,16.90909090909091,16794,PASS,,LOW_THRESHOLD_10_30_CALIBRATION_CAUTION
2026_04_LAC_SEA,00-0034869,30,0.0694607268464243,0.09120092345684962,NFL-RUSH-RIDGE-NORMALSD-ISO-v1,2024-25-WALKFORWARD-ISO-v1,8be61f9f4442b75fbacd335b0997d4ea8e5b412930fea99d98c12040deaa1086,2026-10-02T00:55:44.964837+00:00,6.666726466412635,17.499131191796593,QB,2,52,35.0,2.0588235294117645,5.588235294117647,16794,PASS,,LOW_THRESHOLD_10_30_CALIBRATION_CAUTION
2026_04_LAC_SEA,00-0034869,25,0.0748091603053435,0.14739588013132288,NFL-RUSH-RIDGE-NORMALSD-ISO-v1,2024-25-WALKFORWARD-ISO-v1,8be61f9f4442b75fbacd335b0997d4ea8e5b412930fea99d98c12040deaa1086,2026-10-02T00:55:44.964837+00:00,6.666726466412635,17.499131191796593,QB,2,52,35.0,2.0588235294117645,5.588235294117647,16794,PASS,,LOW_THRESHOLD_10_30_CALIBRATION_CAUTION
2026_04_LAC_SEA,00-0034869,20,0.1097112117780294,0.22304815461863667,NFL-RUSH-RIDGE-NORMALSD-ISO-v1,2024-25-WALKFORWARD-ISO-v1,8be61f9f4442b75fbacd335b0997d4ea8e5b412930fea99d98c12040deaa1086,2026-10-02T00:55:44.964837+00:00,6.666726466412635,17.499131191796593,QB,2,52,35.0,2.0588235294117645,5.588235294117647,16794,PASS,,LOW_THRESHOLD_10_30_CALIBRATION_CAUTION
2026_04_LAC_SEA,00-0034869,15,0.1623616236162361,0.3169621382517776,NFL-RUSH-RIDGE-NORMALSD-ISO-v1,2024-25-WALKFORWARD-ISO-v1,8be61f9f4442b75fbacd335b0997d4ea8e5b412930fea99d98c12040deaa1086,2026-10-02T00:55:44.964837+00:00,6.666726466412635,17.499131191796593,QB,2,52,35.0,2.0588235294117645,5.588235294117647,16794,PASS,,LOW_THRESHOLD_10_30_CALIBRATION_CAUTION
2026_04_LAC_SEA,00-0034869,10,0.3003533568904594,0.42446563330961573,NFL-RUSH-RIDGE-NORMALSD-ISO-v1,2024-25-WALKFORWARD-ISO-v1,8be61f9f4442b75fbacd335b0997d4ea8e5b412930fea99d98c12040deaa1086,2026-10-02T00:55:44.964837+00:00,6.666726466412635,17.499131191796593,QB,2,52,35.0,2.0588235294117645,5.588235294117647,16794,PASS,,LOW_THRESHOLD_10_30_CALIBRATION_CAUTION
2026_04_LAC_SEA,00-0034869,5,0.4318181818181818,0.5379403790409412,NFL-RUSH-RIDGE-NORMALSD-ISO-v1,2024-25-WALKFORWARD-ISO-v1,8be61f9f4442b75fbacd335b0997d4ea8e5b412930fea99d98c12040deaa1086,2026-10-02T00:55:44.964837+00:00,6.666726466412635,17.499131191796593,QB,2,52,35.0,2.0588235294117645,5.588235294117647,16794,WARN,THRESHOLD_OUTSIDE_VALIDATED_10_150_RANGE,LOW_THRESHOLD_10_30_CALIBRATION_CAUTION
2026_04_NE_BUF,00-0039851,70,0.0285714285714285,0.00394447438479544,NFL-RUSH-RIDGE-NORMALSD-ISO-v1,2024-25-WALKFORWARD-ISO-v1,8be61f9f4442b75fbacd335b0997d4ea8e5b412930fea99d98c12040deaa1086,2026-10-02T00:55:44.964837+00:00,23.508552063653823,17.499131191796593,QB,3,33,103.0,6.0588235294117645,26.470588235294116,16794,PASS,,
2026_04_NE_BUF,00-0039851,60,0.0450062508681761,0.018519717715775583,NFL-RUSH-RIDGE-NORMALSD-ISO-v1,2024-25-WALKFORWARD-ISO-v1,8be61f9f4442b75fbacd335b0997d4ea8e5b412930fea99d98c12040deaa1086,2026-10-02T00:55:44.964837+00:00,23.508552063653823,17.499131191796593,QB,3,33,103.0,6.0588235294117645,26.470588235294116,16794,PASS,,
2026_04_NE_BUF,00-0039851,50,0.0694607268464243,0.06502913026626125,NFL-RUSH-RIDGE-NORMALSD-ISO-v1,2024-25-WALKFORWARD-ISO-v1,8be61f9f4442b75fbacd335b0997d4ea8e5b412930fea99d98c12040deaa1086,2026-10-02T00:55:44.964837+00:00,23.508552063653823,17.499131191796593,QB,3,33,103.0,6.0588235294117645,26.470588235294116,16794,PASS,,
2026_04_NE_BUF,00-0039851,40,0.1097112117780294,0.17299004363266896,NFL-RUSH-RIDGE-NORMALSD-ISO-v1,2024-25-WALKFORWARD-ISO-v1,8be61f9f4442b75fbacd335b0997d4ea8e5b412930fea99d98c12040deaa1086,2026-10-02T00:55:44.964837+00:00,23.508552063653823,17.499131191796593,QB,3,33,103.0,6.0588235294117645,26.470588235294116,16794,PASS,,
2026_04_NE_BUF,00-0039851,30,0.222509702457956,0.3553342959544562,NFL-RUSH-RIDGE-NORMALSD-ISO-v1,2024-25-WALKFORWARD-ISO-v1,8be61f9f4442b75fbacd335b0997d4ea8e5b412930fea99d98c12040deaa1086,2026-10-02T00:55:44.964837+00:00,23.508552063653823,17.499131191796593,QB,3,33,103.0,6.0588235294117645,26.470588235294116,16794,PASS,,LOW_THRESHOLD_10_30_CALIBRATION_CAUTION
2026_04_NE_BUF,00-0039851,25,0.3585657370517928,0.4660393388877709,NFL-RUSH-RIDGE-NORMALSD-ISO-v1,2024-25-WALKFORWARD-ISO-v1,8be61f9f4442b75fbacd335b0997d4ea8e5b412930fea99d98c12040deaa1086,2026-10-02T00:55:44.964837+00:00,23.508552063653823,17.499131191796593,QB,3,33,103.0,6.0588235294117645,26.470588235294116,16794,PASS,,LOW_THRESHOLD_10_30_CALIBRATION_CAUTION
2026_04_NE_BUF,00-0039851,20,0.4553571428571428,0.5794546905448271,NFL-RUSH-RIDGE-NORMALSD-ISO-v1,2024-25-WALKFORWARD-ISO-v1,8be61f9f4442b75fbacd335b0997d4ea8e5b412930fea99d98c12040deaa1086,2026-10-02T00:55:44.964837+00:00,23.508552063653823,17.499131191796593,QB,3,33,103.0,6.0588235294117645,26.470588235294116,16794,PASS,,LOW_THRESHOLD_10_30_CALIBRATION_CAUTION
2026_04_NE_BUF,00-0039851,15,0.5889175257731958,0.6865969254723912,NFL-RUSH-RIDGE-NORMALSD-ISO-v1,2024-25-WALKFORWARD-ISO-v1,8be61f9f4442b75fbacd335b0997d4ea8e5b412930fea99d98c12040deaa1086,2026-10-02T00:55:44.964837+00:00,23.508552063653823,17.499131191796593,QB,3,33,103.0,6.0588235294117645,26.470588235294116,16794,PASS,,LOW_THRESHOLD_10_30_CALIBRATION_CAUTION
2026_04_NE_BUF,00-0039851,10,0.614247311827957,0.7799296331936649,NFL-RUSH-RIDGE-NORMALSD-ISO-v1,2024-25-WALKFORWARD-ISO-v1,8be61f9f4442b75fbacd335b0997d4ea8e5b412930fea99d98c12040deaa1086,2026-10-02T00:55:44.964837+00:00,23.508552063653823,17.499131191796593,QB,3,33,103.0,6.0588235294117645,26.470588235294116,16794,PASS,,LOW_THRESHOLD_10_30_CALIBRATION_CAUTION
2026_04_GB_TB,00-0036919,70,0.019949281487743,0.0009176565589648448,NFL-RUSH-RIDGE-NORMALSD-ISO-v1,2024-25-WALKFORWARD-ISO-v1,8be61f9f4442b75fbacd335b0997d4ea8e5b412930fea99d98c12040deaa1086,2026-10-02T00:55:44.964837+00:00,15.478588307130988,17.499131191796593,RB,3,70,114.0,6.705882352941177,31.58823529411765,16794,PASS,,
2026_04_GB_TB,00-0036919,60,0.0289297658862876,0.005476308162129196,NFL-RUSH-RIDGE-NORMALSD-ISO-v1,2024-25-WALKFORWARD-ISO-v1,8be61f9f4442b75fbacd335b0997d4ea8e5b412930fea99d98c12040deaa1086,2026-10-02T00:55:44.964837+00:00,15.478588307130988,17.499131191796593,RB,3,70,114.0,6.705882352941177,31.58823529411765,16794,PASS,,
2026_04_GB_TB,00-0036919,50,0.0450062508681761,0.024262024082489446,NFL-RUSH-RIDGE-NORMALSD-ISO-v1,2024-25-WALKFORWARD-ISO-v1,8be61f9f4442b75fbacd335b0997d4ea8e5b412930fea99d98c12040deaa1086,2026-10-02T00:55:44.964837+00:00,15.478588307130988,17.499131191796593,RB,3,70,114.0,6.705882352941177,31.58823529411765,16794,PASS,,
2026_04_GB_TB,00-0036919,40,0.0694607268464243,0.08056322272122471,NFL-RUSH-RIDGE-NORMALSD-ISO-v1,2024-25-WALKFORWARD-ISO-v1,8be61f9f4442b75fbacd335b0997d4ea8e5b412930fea99d98c12040deaa1086,2026-10-02T00:55:44.964837+00:00,15.478588307130988,17.499131191796593,RB,3,70,114.0,6.705882352941177,31.58823529411765,16794,PASS,,
2026_04_GB_TB,00-0036919,30,0.1097112117780294,0.20331571388163017,NFL-RUSH-RIDGE-NORMALSD-ISO-v1,2024-25-WALKFORWARD-ISO-v1,8be61f9f4442b75fbacd335b0997d4ea8e5b412930fea99d98c12040deaa1086,2026-10-02T00:55:44.964837+00:00,15.478588307130988,17.499131191796593,RB,3,70,114.0,6.705882352941177,31.58823529411765,16794,PASS,,LOW_THRESHOLD_10_30_CALIBRATION_CAUTION
2026_04_IND_WAS,00-0041125,40,0.0450062508681761,0.04683036965498093,NFL-RUSH-RIDGE-NORMALSD-ISO-v1,2024-25-WALKFORWARD-ISO-v1,8be61f9f4442b75fbacd335b0997d4ea8e5b412930fea99d98c12040deaa1086,2026-10-02T00:55:44.964837+00:00,10.664534280154797,17.499131191796593,RB,3,3,0.0,0.0,0.0,16794,PASS,,
2026_04_GB_TB,00-0036919,25,0.1097112117780294,0.2931836875617399,NFL-RUSH-RIDGE-NORMALSD-ISO-v1,2024-25-WALKFORWARD-ISO-v1,8be61f9f4442b75fbacd335b0997d4ea8e5b412930fea99d98c12040deaa1086,2026-10-02T00:55:44.964837+00:00,15.478588307130988,17.499131191796593,RB,3,70,114.0,6.705882352941177,31.58823529411765,16794,PASS,,LOW_THRESHOLD_10_30_CALIBRATION_CAUTION
2026_04_IND_WAS,00-0041125,30,0.0694607268464243,0.13459309513535922,NFL-RUSH-RIDGE-NORMALSD-ISO-v1,2024-25-WALKFORWARD-ISO-v1,8be61f9f4442b75fbacd335b0997d4ea8e5b412930fea99d98c12040deaa1086,2026-10-02T00:55:44.964837+00:00,10.664534280154797,17.499131191796593,RB,3,3,0.0,0.0,0.0,16794,PASS,,LOW_THRESHOLD_10_30_CALIBRATION_CAUTION
2026_04_GB_TB,00-0036919,20,0.3003533568904594,0.3980571300070415,NFL-RUSH-RIDGE-NORMALSD-ISO-v1,2024-25-WALKFORWARD-ISO-v1,8be61f9f4442b75fbacd335b0997d4ea8e5b412930fea99d98c12040deaa1086,2026-10-02T00:55:44.964837+00:00,15.478588307130988,17.499131191796593,RB,3,70,114.0,6.705882352941177,31.58823529411765,16794,PASS,,LOW_THRESHOLD_10_30_CALIBRATION_CAUTION
2026_04_IND_WAS,00-0041125,25,0.1097112117780294,0.20633326520253398,NFL-RUSH-RIDGE-NORMALSD-ISO-v1,2024-25-WALKFORWARD-ISO-v1,8be61f9f4442b75fbacd335b0997d4ea8e5b412930fea99d98c12040deaa1086,2026-10-02T00:55:44.964837+00:00,10.664534280154797,17.499131191796593,RB,3,3,0.0,0.0,0.0,16794,PASS,,LOW_THRESHOLD_10_30_CALIBRATION_CAUTION
2026_04_GB_TB,00-0036919,15,0.4098939929328622,0.510909416546035,NFL-RUSH-RIDGE-NORMALSD-ISO-v1,2024-25-WALKFORWARD-ISO-v1,8be61f9f4442b75fbacd335b0997d4ea8e5b412930fea99d98c12040deaa1086,2026-10-02T00:55:44.964837+00:00,15.478588307130988,17.499131191796593,RB,3,70,114.0,6.705882352941177,31.58823529411765,16794,PASS,,LOW_THRESHOLD_10_30_CALIBRATION_CAUTION
2026_04_IND_WAS,00-0041125,20,0.1097112117780294,0.2968500983888951,NFL-RUSH-RIDGE-NORMALSD-ISO-v1,2024-25-WALKFORWARD-ISO-v1,8be61f9f4442b75fbacd335b0997d4ea8e5b412930fea99d98c12040deaa1086,2026-10-02T00:55:44.964837+00:00,10.664534280154797,17.499131191796593,RB,3,3,0.0,0.0,0.0,16794,PASS,,LOW_THRESHOLD_10_30_CALIBRATION_CAUTION
2026_04_GB_TB,00-0036919,10,0.518590998043053,0.6228891967493382,NFL-RUSH-RIDGE-NORMALSD-ISO-v1,2024-25-WALKFORWARD-ISO-v1,8be61f9f4442b75fbacd335b0997d4ea8e5b412930fea99d98c12040deaa1086,2026-10-02T00:55:44.964837+00:00,15.478588307130988,17.499131191796593,RB,3,70,114.0,6.705882352941177,31.58823529411765,16794,PASS,,LOW_THRESHOLD_10_30_CALIBRATION_CAUTION
2026_04_IND_WAS,00-0041125,15,0.3003533568904594,0.40216268421567136,NFL-RUSH-RIDGE-NORMALSD-ISO-v1,2024-25-WALKFORWARD-ISO-v1,8be61f9f4442b75fbacd335b0997d4ea8e5b412930fea99d98c12040deaa1086,2026-10-02T00:55:44.964837+00:00,10.664534280154797,17.499131191796593,RB,3,3,0.0,0.0,0.0,16794,PASS,,LOW_THRESHOLD_10_30_CALIBRATION_CAUTION
2026_04_IND_WAS,00-0041125,10,0.4098939929328622,0.5151463013607666,NFL-RUSH-RIDGE-NORMALSD-ISO-v1,2024-25-WALKFORWARD-ISO-v1,8be61f9f4442b75fbacd335b0997d4ea8e5b412930fea99d98c12040deaa1086,2026-10-02T00:55:44.964837+00:00,10.664534280154797,17.499131191796593,RB,3,3,0.0,0.0,0.0,16794,PASS,,LOW_THRESHOLD_10_30_CALIBRATION_CAUTION
2026_04_LA_PHI,00-0038555,40,0.0694607268464243,0.11759357512110924,NFL-RUSH-RIDGE-NORMALSD-ISO-v1,2024-25-WALKFORWARD-ISO-v1,8be61f9f4442b75fbacd335b0997d4ea8e5b412930fea99d98c12040deaa1086,2026-10-02T00:55:44.964837+00:00,19.22673574538524,17.499131191796593,RB,3,47,63.0,4.2,23.733333333333334,16794,PASS,,
2026_04_LA_PHI,00-0038555,30,0.1097112117780294,0.2690642028419585,NFL-RUSH-RIDGE-NORMALSD-ISO-v1,2024-25-WALKFORWARD-ISO-v1,8be61f9f4442b75fbacd335b0997d4ea8e5b412930fea99d98c12040deaa1086,2026-10-02T00:55:44.964837+00:00,19.22673574538524,17.499131191796593,RB,3,47,63.0,4.2,23.733333333333334,16794,PASS,,LOW_THRESHOLD_10_30_CALIBRATION_CAUTION
2026_04_LA_PHI,00-0038555,25,0.222509702457956,0.37073126577092197,NFL-RUSH-RIDGE-NORMALSD-ISO-v1,2024-25-WALKFORWARD-ISO-v1,8be61f9f4442b75fbacd335b0997d4ea8e5b412930fea99d98c12040deaa1086,2026-10-02T00:55:44.964837+00:00,19.22673574538524,17.499131191796593,RB,3,47,63.0,4.2,23.733333333333334,16794,PASS,,LOW_THRESHOLD_10_30_CALIBRATION_CAUTION
2026_04_LA_PHI,00-0038555,20,0.4098939929328622,0.4823769856531164,NFL-RUSH-RIDGE-NORMALSD-ISO-v1,2024-25-WALKFORWARD-ISO-v1,8be61f9f4442b75fbacd335b0997d4ea8e5b412930fea99d98c12040deaa1086,2026-10-02T00:55:44.964837+00:00,19.22673574538524,17.499131191796593,RB,3,47,63.0,4.2,23.733333333333334,16794,PASS,,LOW_THRESHOLD_10_30_CALIBRATION_CAUTION
2026_04_LA_PHI,00-0038555,15,0.4804804804804805,0.595431593264236,NFL-RUSH-RIDGE-NORMALSD-ISO-v1,2024-25-WALKFORWARD-ISO-v1,8be61f9f4442b75fbacd335b0997d4ea8e5b412930fea99d98c12040deaa1086,2026-10-02T00:55:44.964837+00:00,19.22673574538524,17.499131191796593,RB,3,47,63.0,4.2,23.733333333333334,16794,PASS,,LOW_THRESHOLD_10_30_CALIBRATION_CAUTION
2026_04_LA_PHI,00-0038555,10,0.5889175257731958,0.7009963297455679,NFL-RUSH-RIDGE-NORMALSD-ISO-v1,2024-25-WALKFORWARD-ISO-v1,8be61f9f4442b75fbacd335b0997d4ea8e5b412930fea99d98c12040deaa1086,2026-10-02T00:55:44.964837+00:00,19.22673574538524,17.499131191796593,RB,3,47,63.0,4.2,23.733333333333334,16794,PASS,,LOW_THRESHOLD_10_30_CALIBRATION_CAUTION
2026_04_NYJ_CHI,00-0039798,70,0.0128061469505362,0.0002728634006285215,NFL-RUSH-RIDGE-NORMALSD-ISO-v1,2024-25-WALKFORWARD-ISO-v1,8be61f9f4442b75fbacd335b0997d4ea8e5b412930fea99d98c12040deaa1086,2026-10-02T00:55:44.964837+00:00,9.501201911116905,17.499131191796593,RB,2,31,43.0,2.6875,14.75,16794,PASS,,
2026_04_NYJ_CHI,00-0039798,60,0.019949281487743,0.0019521698676962297,NFL-RUSH-RIDGE-NORMALSD-ISO-v1,2024-25-WALKFORWARD-ISO-v1,8be61f9f4442b75fbacd335b0997d4ea8e5b412930fea99d98c12040deaa1086,2026-10-02T00:55:44.964837+00:00,9.501201911116905,17.499131191796593,RB,2,31,43.0,2.6875,14.75,16794,PASS,,
2026_04_NYJ_CHI,00-0039798,50,0.0289297658862876,0.01032476076670725,NFL-RUSH-RIDGE-NORMALSD-ISO-v1,2024-25-WALKFORWARD-ISO-v1,8be61f9f4442b75fbacd335b0997d4ea8e5b412930fea99d98c12040deaa1086,2026-10-02T00:55:44.964837+00:00,9.501201911116905,17.499131191796593,RB,2,31,43.0,2.6875,14.75,16794,PASS,,
2026_04_NYJ_CHI,00-0039798,40,0.0450062508681761,0.04067772685416053,NFL-RUSH-RIDGE-NORMALSD-ISO-v1,2024-25-WALKFORWARD-ISO-v1,8be61f9f4442b75fbacd335b0997d4ea8e5b412930fea99d98c12040deaa1086,2026-10-02T00:55:44.964837+00:00,9.501201911116905,17.499131191796593,RB,2,31,43.0,2.6875,14.75,16794,PASS,,
2026_04_NYJ_CHI,00-0039798,30,0.0694607268464243,0.120715390777073,NFL-RUSH-RIDGE-NORMALSD-ISO-v1,2024-25-WALKFORWARD-ISO-v1,8be61f9f4442b75fbacd335b0997d4ea8e5b412930fea99d98c12040deaa1086,2026-10-02T00:55:44.964837+00:00,9.501201911116905,17.499131191796593,RB,2,31,43.0,2.6875,14.75,16794,PASS,,LOW_THRESHOLD_10_30_CALIBRATION_CAUTION
2026_04_NYJ_CHI,00-0039798,25,0.1097112117780294,0.18789241343937038,NFL-RUSH-RIDGE-NORMALSD-ISO-v1,2024-25-WALKFORWARD-ISO-v1,8be61f9f4442b75fbacd335b0997d4ea8e5b412930fea99d98c12040deaa1086,2026-10-02T00:55:44.964837+00:00,9.501201911116905,17.499131191796593,RB,2,31,43.0,2.6875,14.75,16794,PASS,,LOW_THRESHOLD_10_30_CALIBRATION_CAUTION
2026_04_NYJ_CHI,00-0039798,20,0.1097112117780294,0.2742660786243821,NFL-RUSH-RIDGE-NORMALSD-ISO-v1,2024-25-WALKFORWARD-ISO-v1,8be61f9f4442b75fbacd335b0997d4ea8e5b412930fea99d98c12040deaa1086,2026-10-02T00:55:44.964837+00:00,9.501201911116905,17.499131191796593,RB,2,31,43.0,2.6875,14.75,16794,PASS,,LOW_THRESHOLD_10_30_CALIBRATION_CAUTION
2026_04_NYJ_CHI,00-0039798,15,0.222509702457956,0.3766721793149126,NFL-RUSH-RIDGE-NORMALSD-ISO-v1,2024-25-WALKFORWARD-ISO-v1,8be61f9f4442b75fbacd335b0997d4ea8e5b412930fea99d98c12040deaa1086,2026-10-02T00:55:44.964837+00:00,9.501201911116905,17.499131191796593,RB,2,31,43.0,2.6875,14.75,16794,PASS,,LOW_THRESHOLD_10_30_CALIBRATION_CAUTION
2026_04_NYJ_CHI,00-0039798,10,0.4098939929328622,0.488630023869347,NFL-RUSH-RIDGE-NORMALSD-ISO-v1,2024-25-WALKFORWARD-ISO-v1,8be61f9f4442b75fbacd335b0997d4ea8e5b412930fea99d98c12040deaa1086,2026-10-02T00:55:44.964837+00:00,9.501201911116905,17.499131191796593,RB,2,31,43.0,2.6875,14.75,16794,PASS,,LOW_THRESHOLD_10_30_CALIBRATION_CAUTION
2026_04_NYJ_CHI,00-0030565,40,0.0577342047930283,0.05548589050235645,NFL-RUSH-RIDGE-NORMALSD-ISO-v1,2024-25-WALKFORWARD-ISO-v1,8be61f9f4442b75fbacd335b0997d4ea8e5b412930fea99d98c12040deaa1086,2026-10-02T00:55:44.964837+00:00,12.109177330083565,17.499131191796593,QB,3,67,41.0,2.7333333333333334,7.266666666666667,16794,PASS,,
2026_04_NYJ_CHI,00-0030565,30,0.0963364993215739,0.15329971778855078,NFL-RUSH-RIDGE-NORMALSD-ISO-v1,2024-25-WALKFORWARD-ISO-v1,8be61f9f4442b75fbacd335b0997d4ea8e5b412930fea99d98c12040deaa1086,2026-10-02T00:55:44.964837+00:00,12.109177330083565,17.499131191796593,QB,3,67,41.0,2.7333333333333334,7.266666666666667,16794,PASS,,LOW_THRESHOLD_10_30_CALIBRATION_CAUTION
2026_04_NYJ_CHI,00-0030565,25,0.1097112117780294,0.23066608631297691,NFL-RUSH-RIDGE-NORMALSD-ISO-v1,2024-25-WALKFORWARD-ISO-v1,8be61f9f4442b75fbacd335b0997d4ea8e5b412930fea99d98c12040deaa1086,2026-10-02T00:55:44.964837+00:00,12.109177330083565,17.499131191796593,QB,3,67,41.0,2.7333333333333334,7.266666666666667,16794,PASS,,LOW_THRESHOLD_10_30_CALIBRATION_CAUTION
2026_04_NYJ_CHI,00-0030565,20,0.1881533101045296,0.3260212475475004,NFL-RUSH-RIDGE-NORMALSD-ISO-v1,2024-25-WALKFORWARD-ISO-v1,8be61f9f4442b75fbacd335b0997d4ea8e5b412930fea99d98c12040deaa1086,2026-10-02T00:55:44.964837+00:00,12.109177330083565,17.499131191796593,QB,3,67,41.0,2.7333333333333334,7.266666666666667,16794,PASS,,LOW_THRESHOLD_10_30_CALIBRATION_CAUTION
2026_04_NYJ_CHI,00-0030565,15,0.3560767590618336,0.434394042822867,NFL-RUSH-RIDGE-NORMALSD-ISO-v1,2024-25-WALKFORWARD-ISO-v1,8be61f9f4442b75fbacd335b0997d4ea8e5b412930fea99d98c12040deaa1086,2026-10-02T00:55:44.964837+00:00,12.109177330083565,17.499131191796593,QB,3,67,41.0,2.7333333333333334,7.266666666666667,16794,PASS,,LOW_THRESHOLD_10_30_CALIBRATION_CAUTION
2026_04_NYJ_CHI,00-0030565,10,0.4553571428571428,0.5479685013533425,NFL-RUSH-RIDGE-NORMALSD-ISO-v1,2024-25-WALKFORWARD-ISO-v1,8be61f9f4442b75fbacd335b0997d4ea8e5b412930fea99d98c12040deaa1086,2026-10-02T00:55:44.964837+00:00,12.109177330083565,17.499131191796593,QB,3,67,41.0,2.7333333333333334,7.266666666666667,16794,PASS,,LOW_THRESHOLD_10_30_CALIBRATION_CAUTION
2026_04_DET_CAR,00-0039364,50,0.0450062508681761,0.02024941258796549,NFL-RUSH-RIDGE-NORMALSD-ISO-v1,2024-25-WALKFORWARD-ISO-v1,8be61f9f4442b75fbacd335b0997d4ea8e5b412930fea99d98c12040deaa1086,2026-10-02T00:55:44.964837+00:00,14.150847202981083,17.499131191796593,RB,3,20,1.0,0.125,0.5,16794,PASS,,
2026_04_DET_CAR,00-0039364,40,0.0694607268464243,0.06981533395558638,NFL-RUSH-RIDGE-NORMALSD-ISO-v1,2024-25-WALKFORWARD-ISO-v1,8be61f9f4442b75fbacd335b0997d4ea8e5b412930fea99d98c12040deaa1086,2026-10-02T00:55:44.964837+00:00,14.150847202981083,17.499131191796593,RB,3,20,1.0,0.125,0.5,16794,PASS,,
2026_04_DET_CAR,00-0039364,30,0.1097112117780294,0.182544461925998,NFL-RUSH-RIDGE-NORMALSD-ISO-v1,2024-25-WALKFORWARD-ISO-v1,8be61f9f4442b75fbacd335b0997d4ea8e5b412930fea99d98c12040deaa1086,2026-10-02T00:55:44.964837+00:00,14.150847202981083,17.499131191796593,RB,3,20,1.0,0.125,0.5,16794,PASS,,LOW_THRESHOLD_10_30_CALIBRATION_CAUTION
2026_04_DET_CAR,00-0039364,25,0.1097112117780294,0.2676346976198912,NFL-RUSH-RIDGE-NORMALSD-ISO-v1,2024-25-WALKFORWARD-ISO-v1,8be61f9f4442b75fbacd335b0997d4ea8e5b412930fea99d98c12040deaa1086,2026-10-02T00:55:44.964837+00:00,14.150847202981083,17.499131191796593,RB,3,20,1.0,0.125,0.5,16794,PASS,,LOW_THRESHOLD_10_30_CALIBRATION_CAUTION
2026_04_DET_CAR,00-0039364,20,0.222509702457956,0.36909398819486805,NFL-RUSH-RIDGE-NORMALSD-ISO-v1,2024-25-WALKFORWARD-ISO-v1,8be61f9f4442b75fbacd335b0997d4ea8e5b412930fea99d98c12040deaa1086,2026-10-02T00:55:44.964837+00:00,14.150847202981083,17.499131191796593,RB,3,20,1.0,0.125,0.5,16794,PASS,,LOW_THRESHOLD_10_30_CALIBRATION_CAUTION
2026_04_DET_CAR,00-0039364,15,0.4098939929328622,0.48064875061474416,NFL-RUSH-RIDGE-NORMALSD-ISO-v1,2024-25-WALKFORWARD-ISO-v1,8be61f9f4442b75fbacd335b0997d4ea8e5b412930fea99d98c12040deaa1086,2026-10-02T00:55:44.964837+00:00,14.150847202981083,17.499131191796593,RB,3,20,1.0,0.125,0.5,16794,PASS,,LOW_THRESHOLD_10_30_CALIBRATION_CAUTION
2026_04_DET_CAR,00-0039364,10,0.4804804804804805,0.5937503629112877,NFL-RUSH-RIDGE-NORMALSD-ISO-v1,2024-25-WALKFORWARD-ISO-v1,8be61f9f4442b75fbacd335b0997d4ea8e5b412930fea99d98c12040deaa1086,2026-10-02T00:55:44.964837+00:00,14.150847202981083,17.499131191796593,RB,3,20,1.0,0.125,0.5,16794,PASS,,LOW_THRESHOLD_10_30_CALIBRATION_CAUTION
2026_04_DET_CAR,00-0033106,25,0.0963364993215739,0.16085972691364328,NFL-RUSH-RIDGE-NORMALSD-ISO-v1,2024-25-WALKFORWARD-ISO-v1,8be61f9f4442b75fbacd335b0997d4ea8e5b412930fea99d98c12040deaa1086,2026-10-02T00:55:44.964837+00:00,7.659574876633404,17.499131191796593,QB,3,71,19.0,1.1176470588235294,2.6470588235294117,16794,PASS,,LOW_THRESHOLD_10_30_CALIBRATION_CAUTION
2026_04_DET_CAR,00-0033106,20,0.1097112117780294,0.24034221849149187,NFL-RUSH-RIDGE-NORMALSD-ISO-v1,2024-25-WALKFORWARD-ISO-v1,8be61f9f4442b75fbacd335b0997d4ea8e5b412930fea99d98c12040deaa1086,2026-10-02T00:55:44.964837+00:00,7.659574876633404,17.499131191796593,QB,3,71,19.0,1.1176470588235294,2.6470588235294117,16794,PASS,,LOW_THRESHOLD_10_30_CALIBRATION_CAUTION
2026_04_DET_CAR,00-0033106,15,0.2024793388429752,0.33743498968296987,NFL-RUSH-RIDGE-NORMALSD-ISO-v1,2024-25-WALKFORWARD-ISO-v1,8be61f9f4442b75fbacd335b0997d4ea8e5b412930fea99d98c12040deaa1086,2026-10-02T00:55:44.964837+00:00,7.659574876633404,17.499131191796593,QB,3,71,19.0,1.1176470588235294,2.6470588235294117,16794,PASS,,LOW_THRESHOLD_10_30_CALIBRATION_CAUTION
2026_04_DET_CAR,00-0033106,10,0.3560767590618336,0.44680202361356125,NFL-RUSH-RIDGE-NORMALSD-ISO-v1,2024-25-WALKFORWARD-ISO-v1,8be61f9f4442b75fbacd335b0997d4ea8e5b412930fea99d98c12040deaa1086,2026-10-02T00:55:44.964837+00:00,7.659574876633404,17.499131191796593,QB,3,71,19.0,1.1176470588235294,2.6470588235294117,16794,PASS,,LOW_THRESHOLD_10_30_CALIBRATION_CAUTION
2026_04_DET_CAR,00-0036265,50,0.0450062508681761,0.04738197128247053,NFL-RUSH-RIDGE-NORMALSD-ISO-v1,2024-25-WALKFORWARD-ISO-v1,8be61f9f4442b75fbacd335b0997d4ea8e5b412930fea99d98c12040deaa1086,2026-10-02T00:55:44.964837+00:00,20.762695508968154,17.499131191796593,RB,3,41,12.0,2.0,10.0,16794,PASS,,
2026_04_DET_CAR,00-0036265,40,0.0694607268464243,0.1358122675802193,NFL-RUSH-RIDGE-NORMALSD-ISO-v1,2024-25-WALKFORWARD-ISO-v1,8be61f9f4442b75fbacd335b0997d4ea8e5b412930fea99d98c12040deaa1086,2026-10-02T00:55:44.964837+00:00,20.762695508968154,17.499131191796593,RB,3,41,12.0,2.0,10.0,16794,PASS,,
2026_04_DET_CAR,00-0036265,30,0.1097112117780294,0.2987940282226149,NFL-RUSH-RIDGE-NORMALSD-ISO-v1,2024-25-WALKFORWARD-ISO-v1,8be61f9f4442b75fbacd335b0997d4ea8e5b412930fea99d98c12040deaa1086,2026-10-02T00:55:44.964837+00:00,20.762695508968154,17.499131191796593,RB,3,41,12.0,2.0,10.0,16794,PASS,,LOW_THRESHOLD_10_30_CALIBRATION_CAUTION
2026_04_DET_CAR,00-0036265,25,0.3003533568904594,0.404334406316025,NFL-RUSH-RIDGE-NORMALSD-ISO-v1,2024-25-WALKFORWARD-ISO-v1,8be61f9f4442b75fbacd335b0997d4ea8e5b412930fea99d98c12040deaa1086,2026-10-02T00:55:44.964837+00:00,20.762695508968154,17.499131191796593,RB,3,41,12.0,2.0,10.0,16794,PASS,,LOW_THRESHOLD_10_30_CALIBRATION_CAUTION
2026_04_DEN_SF,00-0040730,60,0.0450062508681761,0.019754957272426894,NFL-RUSH-RIDGE-NORMALSD-ISO-v1,2024-25-WALKFORWARD-ISO-v1,8be61f9f4442b75fbacd335b0997d4ea8e5b412930fea99d98c12040deaa1086,2026-10-02T00:55:44.964837+00:00,23.97215194449406,17.499131191796593,RB,2,19,146.0,8.588235294117647,31.764705882352942,16794,PASS,,
2026_04_DET_CAR,00-0036265,20,0.4098939929328622,0.517382301769756,NFL-RUSH-RIDGE-NORMALSD-ISO-v1,2024-25-WALKFORWARD-ISO-v1,8be61f9f4442b75fbacd335b0997d4ea8e5b412930fea99d98c12040deaa1086,2026-10-02T00:55:44.964837+00:00,20.762695508968154,17.499131191796593,RB,3,41,12.0,2.0,10.0,16794,PASS,,LOW_THRESHOLD_10_30_CALIBRATION_CAUTION
2026_04_DEN_SF,00-0040730,50,0.0694607268464243,0.06845731119363535,NFL-RUSH-RIDGE-NORMALSD-ISO-v1,2024-25-WALKFORWARD-ISO-v1,8be61f9f4442b75fbacd335b0997d4ea8e5b412930fea99d98c12040deaa1086,2026-10-02T00:55:44.964837+00:00,23.97215194449406,17.499131191796593,RB,2,19,146.0,8.588235294117647,31.764705882352942,16794,PASS,,
2026_04_DET_CAR,00-0036265,15,0.518590998043053,0.6290405294166961,NFL-RUSH-RIDGE-NORMALSD-ISO-v1,2024-25-WALKFORWARD-ISO-v1,8be61f9f4442b75fbacd335b0997d4ea8e5b412930fea99d98c12040deaa1086,2026-10-02T00:55:44.964837+00:00,20.762695508968154,17.499131191796593,RB,3,41,12.0,2.0,10.0,16794,PASS,,LOW_THRESHOLD_10_30_CALIBRATION_CAUTION
2026_04_DEN_SF,00-0040730,40,0.1097112117780294,0.17985377135974775,NFL-RUSH-RIDGE-NORMALSD-ISO-v1,2024-25-WALKFORWARD-ISO-v1,8be61f9f4442b75fbacd335b0997d4ea8e5b412930fea99d98c12040deaa1086,2026-10-02T00:55:44.964837+00:00,23.97215194449406,17.499131191796593,RB,2,19,146.0,8.588235294117647,31.764705882352942,16794,PASS,,
2026_04_DET_CAR,00-0036265,10,0.5889175257731958,0.7307364111471835,NFL-RUSH-RIDGE-NORMALSD-ISO-v1,2024-25-WALKFORWARD-ISO-v1,8be61f9f4442b75fbacd335b0997d4ea8e5b412930fea99d98c12040deaa1086,2026-10-02T00:55:44.964837+00:00,20.762695508968154,17.499131191796593,RB,3,41,12.0,2.0,10.0,16794,PASS,,LOW_THRESHOLD_10_30_CALIBRATION_CAUTION
2026_04_DEN_SF,00-0040730,30,0.222509702457956,0.3652480954311876,NFL-RUSH-RIDGE-NORMALSD-ISO-v1,2024-25-WALKFORWARD-ISO-v1,8be61f9f4442b75fbacd335b0997d4ea8e5b412930fea99d98c12040deaa1086,2026-10-02T00:55:44.964837+00:00,23.97215194449406,17.499131191796593,RB,2,19,146.0,8.588235294117647,31.764705882352942,16794,PASS,,LOW_THRESHOLD_10_30_CALIBRATION_CAUTION
2026_04_DEN_SF,00-0040730,25,0.365079365079365,0.47658075811943795,NFL-RUSH-RIDGE-NORMALSD-ISO-v1,2024-25-WALKFORWARD-ISO-v1,8be61f9f4442b75fbacd335b0997d4ea8e5b412930fea99d98c12040deaa1086,2026-10-02T00:55:44.964837+00:00,23.97215194449406,17.499131191796593,RB,2,19,146.0,8.588235294117647,31.764705882352942,16794,PASS,,LOW_THRESHOLD_10_30_CALIBRATION_CAUTION
2026_04_DEN_SF,00-0040730,20,0.4804804804804805,0.5897847776431442,NFL-RUSH-RIDGE-NORMALSD-ISO-v1,2024-25-WALKFORWARD-ISO-v1,8be61f9f4442b75fbacd335b0997d4ea8e5b412930fea99d98c12040deaa1086,2026-10-02T00:55:44.964837+00:00,23.97215194449406,17.499131191796593,RB,2,19,146.0,8.588235294117647,31.764705882352942,16794,PASS,,LOW_THRESHOLD_10_30_CALIBRATION_CAUTION
2026_04_DEN_SF,00-0040730,15,0.5889175257731958,0.6959263493093416,NFL-RUSH-RIDGE-NORMALSD-ISO-v1,2024-25-WALKFORWARD-ISO-v1,8be61f9f4442b75fbacd335b0997d4ea8e5b412930fea99d98c12040deaa1086,2026-10-02T00:55:44.964837+00:00,23.97215194449406,17.499131191796593,RB,2,19,146.0,8.588235294117647,31.764705882352942,16794,PASS,,LOW_THRESHOLD_10_30_CALIBRATION_CAUTION
2026_04_DEN_SF,00-0040730,10,0.614247311827957,0.7876948146075008,NFL-RUSH-RIDGE-NORMALSD-ISO-v1,2024-25-WALKFORWARD-ISO-v1,8be61f9f4442b75fbacd335b0997d4ea8e5b412930fea99d98c12040deaa1086,2026-10-02T00:55:44.964837+00:00,23.97215194449406,17.499131191796593,RB,2,19,146.0,8.588235294117647,31.764705882352942,16794,PASS,,LOW_THRESHOLD_10_30_CALIBRATION_CAUTION
2026_04_LA_PHI,00-0026498,25,0.0694607268464243,0.13650307176914592,NFL-RUSH-RIDGE-NORMALSD-ISO-v1,2024-25-WALKFORWARD-ISO-v1,8be61f9f4442b75fbacd335b0997d4ea8e5b412930fea99d98c12040deaa1086,2026-10-02T00:55:44.964837+00:00,5.8180476674487505,17.499131191796593,QB,3,60,29.0,1.7058823529411764,0.058823529411764705,16794,PASS,,LOW_THRESHOLD_10_30_CALIBRATION_CAUTION
2026_04_LA_PHI,00-0026498,20,0.1097112117780294,0.20884438301836233,NFL-RUSH-RIDGE-NORMALSD-ISO-v1,2024-25-WALKFORWARD-ISO-v1,8be61f9f4442b75fbacd335b0997d4ea8e5b412930fea99d98c12040deaa1086,2026-10-02T00:55:44.964837+00:00,5.8180476674487505,17.499131191796593,QB,3,60,29.0,1.7058823529411764,0.058823529411764705,16794,PASS,,LOW_THRESHOLD_10_30_CALIBRATION_CAUTION
2026_04_LA_PHI,00-0026498,15,0.1097112117780294,0.2998927359376161,NFL-RUSH-RIDGE-NORMALSD-ISO-v1,2024-25-WALKFORWARD-ISO-v1,8be61f9f4442b75fbacd335b0997d4ea8e5b412930fea99d98c12040deaa1086,2026-10-02T00:55:44.964837+00:00,5.8180476674487505,17.499131191796593,QB,3,60,29.0,1.7058823529411764,0.058823529411764705,16794,PASS,,LOW_THRESHOLD_10_30_CALIBRATION_CAUTION
2026_04_LA_PHI,00-0026498,10,0.3003533568904594,0.40556032489666727,NFL-RUSH-RIDGE-NORMALSD-ISO-v1,2024-25-WALKFORWARD-ISO-v1,8be61f9f4442b75fbacd335b0997d4ea8e5b412930fea99d98c12040deaa1086,2026-10-02T00:55:44.964837+00:00,5.8180476674487505,17.499131191796593,QB,3,60,29.0,1.7058823529411764,0.058823529411764705,16794,PASS,,LOW_THRESHOLD_10_30_CALIBRATION_CAUTION
2026_04_KC_LV,00-0040878,60,0.0450062508681761,0.048357170627986064,NFL-RUSH-RIDGE-NORMALSD-ISO-v1,2024-25-WALKFORWARD-ISO-v1,8be61f9f4442b75fbacd335b0997d4ea8e5b412930fea99d98c12040deaa1086,2026-10-02T00:55:44.964837+00:00,30.934021031975288,17.499131191796593,RB,3,3,0.0,0.0,0.0,16794,PASS,,
2026_04_KC_LV,00-0040878,50,0.0694607268464243,0.1379582204335193,NFL-RUSH-RIDGE-NORMALSD-ISO-v1,2024-25-WALKFORWARD-ISO-v1,8be61f9f4442b75fbacd335b0997d4ea8e5b412930fea99d98c12040deaa1086,2026-10-02T00:55:44.964837+00:00,30.934021031975288,17.499131191796593,RB,3,3,0.0,0.0,0.0,16794,PASS,,
2026_04_NYJ_CHI,00-0038416,50,0.0285714285714285,0.004244830718593584,NFL-RUSH-RIDGE-NORMALSD-ISO-v1,2024-25-WALKFORWARD-ISO-v1,8be61f9f4442b75fbacd335b0997d4ea8e5b412930fea99d98c12040deaa1086,2026-10-02T00:55:44.964837+00:00,3.943179760489638,17.499131191796593,QB,1,12,2.0,1.0,3.5,16794,PASS,,
2026_04_KC_LV,00-0040878,40,0.1097112117780294,0.3022006471843047,NFL-RUSH-RIDGE-NORMALSD-ISO-v1,2024-25-WALKFORWARD-ISO-v1,8be61f9f4442b75fbacd335b0997d4ea8e5b412930fea99d98c12040deaa1086,2026-10-02T00:55:44.964837+00:00,30.934021031975288,17.499131191796593,RB,3,3,0.0,0.0,0.0,16794,PASS,,
2026_04_NYJ_CHI,00-0038416,40,0.0450062508681761,0.019675763809250284,NFL-RUSH-RIDGE-NORMALSD-ISO-v1,2024-25-WALKFORWARD-ISO-v1,8be61f9f4442b75fbacd335b0997d4ea8e5b412930fea99d98c12040deaa1086,2026-10-02T00:55:44.964837+00:00,3.943179760489638,17.499131191796593,QB,1,12,2.0,1.0,3.5,16794,PASS,,
2026_04_KC_LV,00-0040878,30,0.4098939929328622,0.5212835496944941,NFL-RUSH-RIDGE-NORMALSD-ISO-v1,2024-25-WALKFORWARD-ISO-v1,8be61f9f4442b75fbacd335b0997d4ea8e5b412930fea99d98c12040deaa1086,2026-10-02T00:55:44.964837+00:00,30.934021031975288,17.499131191796593,RB,3,3,0.0,0.0,0.0,16794,PASS,,LOW_THRESHOLD_10_30_CALIBRATION_CAUTION
2026_04_NYJ_CHI,00-0038416,30,0.0694607268464243,0.06823906550972778,NFL-RUSH-RIDGE-NORMALSD-ISO-v1,2024-25-WALKFORWARD-ISO-v1,8be61f9f4442b75fbacd335b0997d4ea8e5b412930fea99d98c12040deaa1086,2026-10-02T00:55:44.964837+00:00,3.943179760489638,17.499131191796593,QB,1,12,2.0,1.0,3.5,16794,PASS,,LOW_THRESHOLD_10_30_CALIBRATION_CAUTION
2026_04_KC_LV,00-0040878,25,0.518590998043053,0.6327342137238103,NFL-RUSH-RIDGE-NORMALSD-ISO-v1,2024-25-WALKFORWARD-ISO-v1,8be61f9f4442b75fbacd335b0997d4ea8e5b412930fea99d98c12040deaa1086,2026-10-02T00:55:44.964837+00:00,30.934021031975288,17.499131191796593,RB,3,3,0.0,0.0,0.0,16794,PASS,,LOW_THRESHOLD_10_30_CALIBRATION_CAUTION
2026_04_NYJ_CHI,00-0038416,25,0.0694607268464243,0.1144288459743201,NFL-RUSH-RIDGE-NORMALSD-ISO-v1,2024-25-WALKFORWARD-ISO-v1,8be61f9f4442b75fbacd335b0997d4ea8e5b412930fea99d98c12040deaa1086,2026-10-02T00:55:44.964837+00:00,3.943179760489638,17.499131191796593,QB,1,12,2.0,1.0,3.5,16794,PASS,,LOW_THRESHOLD_10_30_CALIBRATION_CAUTION
2026_04_KC_LV,00-0040878,20,0.5889175257731958,0.7339594099925624,NFL-RUSH-RIDGE-NORMALSD-ISO-v1,2024-25-WALKFORWARD-ISO-v1,8be61f9f4442b75fbacd335b0997d4ea8e5b412930fea99d98c12040deaa1086,2026-10-02T00:55:44.964837+00:00,30.934021031975288,17.499131191796593,RB,3,3,0.0,0.0,0.0,16794,PASS,,LOW_THRESHOLD_10_30_CALIBRATION_CAUTION
2026_04_NYJ_CHI,00-0038416,20,0.1097112117780294,0.17941988349897284,NFL-RUSH-RIDGE-NORMALSD-ISO-v1,2024-25-WALKFORWARD-ISO-v1,8be61f9f4442b75fbacd335b0997d4ea8e5b412930fea99d98c12040deaa1086,2026-10-02T00:55:44.964837+00:00,3.943179760489638,17.499131191796593,QB,1,12,2.0,1.0,3.5,16794,PASS,,LOW_THRESHOLD_10_30_CALIBRATION_CAUTION
2026_04_KC_LV,00-0040878,15,0.7077720207253886,0.8187365555345283,NFL-RUSH-RIDGE-NORMALSD-ISO-v1,2024-25-WALKFORWARD-ISO-v1,8be61f9f4442b75fbacd335b0997d4ea8e5b412930fea99d98c12040deaa1086,2026-10-02T00:55:44.964837+00:00,30.934021031975288,17.499131191796593,RB,3,3,0.0,0.0,0.0,16794,PASS,,LOW_THRESHOLD_10_30_CALIBRATION_CAUTION
2026_04_NYJ_CHI,00-0038416,15,0.1097112117780294,0.26374255736941465,NFL-RUSH-RIDGE-NORMALSD-ISO-v1,2024-25-WALKFORWARD-ISO-v1,8be61f9f4442b75fbacd335b0997d4ea8e5b412930fea99d98c12040deaa1086,2026-10-02T00:55:44.964837+00:00,3.943179760489638,17.499131191796593,QB,1,12,2.0,1.0,3.5,16794,PASS,,LOW_THRESHOLD_10_30_CALIBRATION_CAUTION
2026_04_KC_LV,00-0040878,10,0.7123287671232876,0.8842081321364874,NFL-RUSH-RIDGE-NORMALSD-ISO-v1,2024-25-WALKFORWARD-ISO-v1,8be61f9f4442b75fbacd335b0997d4ea8e5b412930fea99d98c12040deaa1086,2026-10-02T00:55:44.964837+00:00,30.934021031975288,17.499131191796593,RB,3,3,0.0,0.0,0.0,16794,PASS,,LOW_THRESHOLD_10_30_CALIBRATION_CAUTION
2026_04_NYJ_CHI,00-0038416,10,0.222509702457956,0.3646258168637302,NFL-RUSH-RIDGE-NORMALSD-ISO-v1,2024-25-WALKFORWARD-ISO-v1,8be61f9f4442b75fbacd335b0997d4ea8e5b412930fea99d98c12040deaa1086,2026-10-02T00:55:44.964837+00:00,3.943179760489638,17.499131191796593,QB,1,12,2.0,1.0,3.5,16794,PASS,,LOW_THRESHOLD_10_30_CALIBRATION_CAUTION
2026_04_LAC_SEA,00-0036355,60,0.0289297658862876,0.007693662969763405,NFL-RUSH-RIDGE-NORMALSD-ISO-v1,2024-25-WALKFORWARD-ISO-v1,8be61f9f4442b75fbacd335b0997d4ea8e5b412930fea99d98c12040deaa1086,2026-10-02T00:55:44.964837+00:00,17.597291739378793,17.499131191796593,QB,3,66,83.0,5.1875,31.125,16794,PASS,,
2026_04_LAC_SEA,00-0036355,50,0.0450062508681761,0.03203623449747991,NFL-RUSH-RIDGE-NORMALSD-ISO-v1,2024-25-WALKFORWARD-ISO-v1,8be61f9f4442b75fbacd335b0997d4ea8e5b412930fea99d98c12040deaa1086,2026-10-02T00:55:44.964837+00:00,17.597291739378793,17.499131191796593,QB,3,66,83.0,5.1875,31.125,16794,PASS,,
2026_04_LAC_SEA,00-0036355,40,0.0694607268464243,0.10023418306291126,NFL-RUSH-RIDGE-NORMALSD-ISO-v1,2024-25-WALKFORWARD-ISO-v1,8be61f9f4442b75fbacd335b0997d4ea8e5b412930fea99d98c12040deaa1086,2026-10-02T00:55:44.964837+00:00,17.597291739378793,17.499131191796593,QB,3,66,83.0,5.1875,31.125,16794,PASS,,
2026_04_LAC_SEA,00-0036355,30,0.1097112117780294,0.23923628576103484,NFL-RUSH-RIDGE-NORMALSD-ISO-v1,2024-25-WALKFORWARD-ISO-v1,8be61f9f4442b75fbacd335b0997d4ea8e5b412930fea99d98c12040deaa1086,2026-10-02T00:55:44.964837+00:00,17.597291739378793,17.499131191796593,QB,3,66,83.0,5.1875,31.125,16794,PASS,,LOW_THRESHOLD_10_30_CALIBRATION_CAUTION
2026_04_LAC_SEA,00-0036355,25,0.2024793388429752,0.33613562771710853,NFL-RUSH-RIDGE-NORMALSD-ISO-v1,2024-25-WALKFORWARD-ISO-v1,8be61f9f4442b75fbacd335b0997d4ea8e5b412930fea99d98c12040deaa1086,2026-10-02T00:55:44.964837+00:00,17.597291739378793,17.499131191796593,QB,3,66,83.0,5.1875,31.125,16794,PASS,,LOW_THRESHOLD_10_30_CALIBRATION_CAUTION
2026_04_LAC_SEA,00-0036355,20,0.3560767590618336,0.4453950838782967,NFL-RUSH-RIDGE-NORMALSD-ISO-v1,2024-25-WALKFORWARD-ISO-v1,8be61f9f4442b75fbacd335b0997d4ea8e5b412930fea99d98c12040deaa1086,2026-10-02T00:55:44.964837+00:00,17.597291739378793,17.499131191796593,QB,3,66,83.0,5.1875,31.125,16794,PASS,,LOW_THRESHOLD_10_30_CALIBRATION_CAUTION
2026_04_LAC_SEA,00-0036355,15,0.4553571428571428,0.5589959353004976,NFL-RUSH-RIDGE-NORMALSD-ISO-v1,2024-25-WALKFORWARD-ISO-v1,8be61f9f4442b75fbacd335b0997d4ea8e5b412930fea99d98c12040deaa1086,2026-10-02T00:55:44.964837+00:00,17.597291739378793,17.499131191796593,QB,3,66,83.0,5.1875,31.125,16794,PASS,,LOW_THRESHOLD_10_30_CALIBRATION_CAUTION
2026_04_LAC_SEA,00-0036355,10,0.5792682926829267,0.6679111520328123,NFL-RUSH-RIDGE-NORMALSD-ISO-v1,2024-25-WALKFORWARD-ISO-v1,8be61f9f4442b75fbacd335b0997d4ea8e5b412930fea99d98c12040deaa1086,2026-10-02T00:55:44.964837+00:00,17.597291739378793,17.499131191796593,QB,3,66,83.0,5.1875,31.125,16794,PASS,,LOW_THRESHOLD_10_30_CALIBRATION_CAUTION
2026_04_MIA_MIN,00-0039880,30,0.0694607268464243,0.06876667231073152,NFL-RUSH-RIDGE-NORMALSD-ISO-v1,2024-25-WALKFORWARD-ISO-v1,8be61f9f4442b75fbacd335b0997d4ea8e5b412930fea99d98c12040deaa1086,2026-10-02T00:55:44.964837+00:00,4.01309789082004,17.499131191796593,WR,3,34,17.0,1.0,6.470588235294118,16794,PASS,,LOW_THRESHOLD_10_30_CALIBRATION_CAUTION
2026_04_MIA_MIN,00-0039880,25,0.0694607268464243,0.11520350217655942,NFL-RUSH-RIDGE-NORMALSD-ISO-v1,2024-25-WALKFORWARD-ISO-v1,8be61f9f4442b75fbacd335b0997d4ea8e5b412930fea99d98c12040deaa1086,2026-10-02T00:55:44.964837+00:00,4.01309789082004,17.499131191796593,WR,3,34,17.0,1.0,6.470588235294118,16794,PASS,,LOW_THRESHOLD_10_30_CALIBRATION_CAUTION
2026_04_MIA_MIN,00-0039880,20,0.1097112117780294,0.18046810131191504,NFL-RUSH-RIDGE-NORMALSD-ISO-v1,2024-25-WALKFORWARD-ISO-v1,8be61f9f4442b75fbacd335b0997d4ea8e5b412930fea99d98c12040deaa1086,2026-10-02T00:55:44.964837+00:00,4.01309789082004,17.499131191796593,WR,3,34,17.0,1.0,6.470588235294118,16794,PASS,,LOW_THRESHOLD_10_30_CALIBRATION_CAUTION
2026_04_MIA_MIN,00-0039880,15,0.1097112117780294,0.26504974516617247,NFL-RUSH-RIDGE-NORMALSD-ISO-v1,2024-25-WALKFORWARD-ISO-v1,8be61f9f4442b75fbacd335b0997d4ea8e5b412930fea99d98c12040deaa1086,2026-10-02T00:55:44.964837+00:00,4.01309789082004,17.499131191796593,WR,3,34,17.0,1.0,6.470588235294118,16794,PASS,,LOW_THRESHOLD_10_30_CALIBRATION_CAUTION
2026_04_MIA_MIN,00-0039880,10,0.222509702457956,0.3661281572770877,NFL-RUSH-RIDGE-NORMALSD-ISO-v1,2024-25-WALKFORWARD-ISO-v1,8be61f9f4442b75fbacd335b0997d4ea8e5b412930fea99d98c12040deaa1086,2026-10-02T00:55:44.964837+00:00,4.01309789082004,17.499131191796593,WR,3,34,17.0,1.0,6.470588235294118,16794,PASS,,LOW_THRESHOLD_10_30_CALIBRATION_CAUTION
2026_04_MIA_MIN,00-0040198,100,0.0080273270708795,3.5295036066522056e-05,NFL-RUSH-RIDGE-NORMALSD-ISO-v1,2024-25-WALKFORWARD-ISO-v1,8be61f9f4442b75fbacd335b0997d4ea8e5b412930fea99d98c12040deaa1086,2026-10-02T00:55:44.964837+00:00,30.453410916348112,17.499131191796593,RB,2,19,70.0,4.117647058823529,11.705882352941176,16794,PASS,,
2026_04_MIA_MIN,00-0040198,90,0.0128061469505362,0.00033345738417759344,NFL-RUSH-RIDGE-NORMALSD-ISO-v1,2024-25-WALKFORWARD-ISO-v1,8be61f9f4442b75fbacd335b0997d4ea8e5b412930fea99d98c12040deaa1086,2026-10-02T00:55:44.964837+00:00,30.453410916348112,17.499131191796593,RB,2,19,70.0,4.117647058823529,11.705882352941176,16794,PASS,,
2026_04_MIA_MIN,00-0040198,80,0.019949281487743,0.0023174228792963935,NFL-RUSH-RIDGE-NORMALSD-ISO-v1,2024-25-WALKFORWARD-ISO-v1,8be61f9f4442b75fbacd335b0997d4ea8e5b412930fea99d98c12040deaa1086,2026-10-02T00:55:44.964837+00:00,30.453410916348112,17.499131191796593,RB,2,19,70.0,4.117647058823529,11.705882352941176,16794,PASS,,
2026_04_MIA_MIN,00-0040198,70,0.0289297658862876,0.01191319241006739,NFL-RUSH-RIDGE-NORMALSD-ISO-v1,2024-25-WALKFORWARD-ISO-v1,8be61f9f4442b75fbacd335b0997d4ea8e5b412930fea99d98c12040deaa1086,2026-10-02T00:55:44.964837+00:00,30.453410916348112,17.499131191796593,RB,2,19,70.0,4.117647058823529,11.705882352941176,16794,PASS,,
2026_04_MIA_MIN,00-0040198,60,0.0450062508681761,0.04566144753553638,NFL-RUSH-RIDGE-NORMALSD-ISO-v1,2024-25-WALKFORWARD-ISO-v1,8be61f9f4442b75fbacd335b0997d4ea8e5b412930fea99d98c12040deaa1086,2026-10-02T00:55:44.964837+00:00,30.453410916348112,17.499131191796593,RB,2,19,70.0,4.117647058823529,11.705882352941176,16794,PASS,,
2026_04_MIA_MIN,00-0040198,50,0.0694607268464243,0.13199643517116094,NFL-RUSH-RIDGE-NORMALSD-ISO-v1,2024-25-WALKFORWARD-ISO-v1,8be61f9f4442b75fbacd335b0997d4ea8e5b412930fea99d98c12040deaa1086,2026-10-02T00:55:44.964837+00:00,30.453410916348112,17.499131191796593,RB,2,19,70.0,4.117647058823529,11.705882352941176,16794,PASS,,
2026_04_MIA_MIN,00-0040198,40,0.1097112117780294,0.29268886779744135,NFL-RUSH-RIDGE-NORMALSD-ISO-v1,2024-25-WALKFORWARD-ISO-v1,8be61f9f4442b75fbacd335b0997d4ea8e5b412930fea99d98c12040deaa1086,2026-10-02T00:55:44.964837+00:00,30.453410916348112,17.499131191796593,RB,2,19,70.0,4.117647058823529,11.705882352941176,16794,PASS,,
2026_04_MIA_MIN,00-0040198,30,0.4098939929328622,0.5103356301173085,NFL-RUSH-RIDGE-NORMALSD-ISO-v1,2024-25-WALKFORWARD-ISO-v1,8be61f9f4442b75fbacd335b0997d4ea8e5b412930fea99d98c12040deaa1086,2026-10-02T00:55:44.964837+00:00,30.453410916348112,17.499131191796593,RB,2,19,70.0,4.117647058823529,11.705882352941176,16794,PASS,,LOW_THRESHOLD_10_30_CALIBRATION_CAUTION
2026_04_MIA_MIN,00-0040198,25,0.518590998043053,0.6223425362403446,NFL-RUSH-RIDGE-NORMALSD-ISO-v1,2024-25-WALKFORWARD-ISO-v1,8be61f9f4442b75fbacd335b0997d4ea8e5b412930fea99d98c12040deaa1086,2026-10-02T00:55:44.964837+00:00,30.453410916348112,17.499131191796593,RB,2,19,70.0,4.117647058823529,11.705882352941176,16794,PASS,,LOW_THRESHOLD_10_30_CALIBRATION_CAUTION
2026_04_MIA_MIN,00-0040198,20,0.5889175257731958,0.7248689508745583,NFL-RUSH-RIDGE-NORMALSD-ISO-v1,2024-25-WALKFORWARD-ISO-v1,8be61f9f4442b75fbacd335b0997d4ea8e5b412930fea99d98c12040deaa1086,2026-10-02T00:55:44.964837+00:00,30.453410916348112,17.499131191796593,RB,2,19,70.0,4.117647058823529,11.705882352941176,16794,PASS,,LOW_THRESHOLD_10_30_CALIBRATION_CAUTION
2026_04_MIA_MIN,00-0040198,15,0.7077720207253886,0.8114077689689374,NFL-RUSH-RIDGE-NORMALSD-ISO-v1,2024-25-WALKFORWARD-ISO-v1,8be61f9f4442b75fbacd335b0997d4ea8e5b412930fea99d98c12040deaa1086,2026-10-02T00:55:44.964837+00:00,30.453410916348112,17.499131191796593,RB,2,19,70.0,4.117647058823529,11.705882352941176,16794,PASS,,LOW_THRESHOLD_10_30_CALIBRATION_CAUTION
2026_04_MIA_MIN,00-0040198,10,0.7083333333333334,0.8787627993368368,NFL-RUSH-RIDGE-NORMALSD-ISO-v1,2024-25-WALKFORWARD-ISO-v1,8be61f9f4442b75fbacd335b0997d4ea8e5b412930fea99d98c12040deaa1086,2026-10-02T00:55:44.964837+00:00,30.453410916348112,17.499131191796593,RB,2,19,70.0,4.117647058823529,11.705882352941176,16794,PASS,,LOW_THRESHOLD_10_30_CALIBRATION_CAUTION
2026_04_ATL_NO,00-0038551,70,0.0239520958083832,0.003600297736089735,NFL-RUSH-RIDGE-NORMALSD-ISO-v1,2024-25-WALKFORWARD-ISO-v1,8be61f9f4442b75fbacd335b0997d4ea8e5b412930fea99d98c12040deaa1086,2026-10-02T00:55:44.964837+00:00,22.972452881756332,17.499131191796593,RB,2,22,47.0,6.714285714285714,27.571428571428573,16794,PASS,,
2026_04_ATL_NO,00-0038551,60,0.0336448598130841,0.017173897105450774,NFL-RUSH-RIDGE-NORMALSD-ISO-v1,2024-25-WALKFORWARD-ISO-v1,8be61f9f4442b75fbacd335b0997d4ea8e5b412930fea99d98c12040deaa1086,2026-10-02T00:55:44.964837+00:00,22.972452881756332,17.499131191796593,RB,2,22,47.0,6.714285714285714,27.571428571428573,16794,PASS,,
2026_04_ATL_NO,00-0038551,50,0.0577342047930283,0.06123266427905434,NFL-RUSH-RIDGE-NORMALSD-ISO-v1,2024-25-WALKFORWARD-ISO-v1,8be61f9f4442b75fbacd335b0997d4ea8e5b412930fea99d98c12040deaa1086,2026-10-02T00:55:44.964837+00:00,22.972452881756332,17.499131191796593,RB,2,22,47.0,6.714285714285714,27.571428571428573,16794,PASS,,
2026_04_ATL_NO,00-0038551,40,0.0963364993215739,0.16526397756102787,NFL-RUSH-RIDGE-NORMALSD-ISO-v1,2024-25-WALKFORWARD-ISO-v1,8be61f9f4442b75fbacd335b0997d4ea8e5b412930fea99d98c12040deaa1086,2026-10-02T00:55:44.964837+00:00,22.972452881756332,17.499131191796593,RB,2,22,47.0,6.714285714285714,27.571428571428573,16794,PASS,,
2026_04_ATL_NO,00-0038551,30,0.2024793388429752,0.3439914015505818,NFL-RUSH-RIDGE-NORMALSD-ISO-v1,2024-25-WALKFORWARD-ISO-v1,8be61f9f4442b75fbacd335b0997d4ea8e5b412930fea99d98c12040deaa1086,2026-10-02T00:55:44.964837+00:00,22.972452881756332,17.499131191796593,RB,2,22,47.0,6.714285714285714,27.571428571428573,16794,PASS,,LOW_THRESHOLD_10_30_CALIBRATION_CAUTION
2026_04_ATL_NO,00-0038551,25,0.3560767590618336,0.453879534534414,NFL-RUSH-RIDGE-NORMALSD-ISO-v1,2024-25-WALKFORWARD-ISO-v1,8be61f9f4442b75fbacd335b0997d4ea8e5b412930fea99d98c12040deaa1086,2026-10-02T00:55:44.964837+00:00,22.972452881756332,17.499131191796593,RB,2,22,47.0,6.714285714285714,27.571428571428573,16794,PASS,,LOW_THRESHOLD_10_30_CALIBRATION_CAUTION
2026_04_ATL_NO,00-0038551,20,0.4553571428571428,0.5674410142042148,NFL-RUSH-RIDGE-NORMALSD-ISO-v1,2024-25-WALKFORWARD-ISO-v1,8be61f9f4442b75fbacd335b0997d4ea8e5b412930fea99d98c12040deaa1086,2026-10-02T00:55:44.964837+00:00,22.972452881756332,17.499131191796593,RB,2,22,47.0,6.714285714285714,27.571428571428573,16794,PASS,,LOW_THRESHOLD_10_30_CALIBRATION_CAUTION
2026_04_ATL_NO,00-0038551,15,0.5792682926829267,0.6756580693682649,NFL-RUSH-RIDGE-NORMALSD-ISO-v1,2024-25-WALKFORWARD-ISO-v1,8be61f9f4442b75fbacd335b0997d4ea8e5b412930fea99d98c12040deaa1086,2026-10-02T00:55:44.964837+00:00,22.972452881756332,17.499131191796593,RB,2,22,47.0,6.714285714285714,27.571428571428573,16794,PASS,,LOW_THRESHOLD_10_30_CALIBRATION_CAUTION
2026_04_ATL_NO,00-0038551,10,0.614247311827957,0.7707502281604603,NFL-RUSH-RIDGE-NORMALSD-ISO-v1,2024-25-WALKFORWARD-ISO-v1,8be61f9f4442b75fbacd335b0997d4ea8e5b412930fea99d98c12040deaa1086,2026-10-02T00:55:44.964837+00:00,22.972452881756332,17.499131191796593,RB,2,22,47.0,6.714285714285714,27.571428571428573,16794,PASS,,LOW_THRESHOLD_10_30_CALIBRATION_CAUTION
2026_04_ATL_NO,00-0033906,90,0.019949281487743,0.0010974112506046147,NFL-RUSH-RIDGE-NORMALSD-ISO-v1,2024-25-WALKFORWARD-ISO-v1,8be61f9f4442b75fbacd335b0997d4ea8e5b412930fea99d98c12040deaa1086,2026-10-02T00:55:44.964837+00:00,36.40857129028885,17.499131191796593,RB,2,55,131.0,11.909090909090908,42.81818181818182,16794,PASS,,
2026_04_ATL_NO,00-0033906,80,0.0289297658862876,0.00636808647951286,NFL-RUSH-RIDGE-NORMALSD-ISO-v1,2024-25-WALKFORWARD-ISO-v1,8be61f9f4442b75fbacd335b0997d4ea8e5b412930fea99d98c12040deaa1086,2026-10-02T00:55:44.964837+00:00,36.40857129028885,17.499131191796593,RB,2,55,131.0,11.909090909090908,42.81818181818182,16794,PASS,,
2026_04_ATL_NO,00-0033906,70,0.0450062508681761,0.027453873578874542,NFL-RUSH-RIDGE-NORMALSD-ISO-v1,2024-25-WALKFORWARD-ISO-v1,8be61f9f4442b75fbacd335b0997d4ea8e5b412930fea99d98c12040deaa1086,2026-10-02T00:55:44.964837+00:00,36.40857129028885,17.499131191796593,RB,2,55,131.0,11.909090909090908,42.81818181818182,16794,PASS,,
2026_04_ATL_NO,00-0033906,60,0.0694607268464243,0.08880530101064495,NFL-RUSH-RIDGE-NORMALSD-ISO-v1,2024-25-WALKFORWARD-ISO-v1,8be61f9f4442b75fbacd335b0997d4ea8e5b412930fea99d98c12040deaa1086,2026-10-02T00:55:44.964837+00:00,36.40857129028885,17.499131191796593,RB,2,55,131.0,11.909090909090908,42.81818181818182,16794,PASS,,
2026_04_ATL_NO,00-0033906,50,0.1097112117780294,0.2186703634346263,NFL-RUSH-RIDGE-NORMALSD-ISO-v1,2024-25-WALKFORWARD-ISO-v1,8be61f9f4442b75fbacd335b0997d4ea8e5b412930fea99d98c12040deaa1086,2026-10-02T00:55:44.964837+00:00,36.40857129028885,17.499131191796593,RB,2,55,131.0,11.909090909090908,42.81818181818182,16794,PASS,,
2026_04_ATL_NO,00-0033906,40,0.3003533568904594,0.4186943850264391,NFL-RUSH-RIDGE-NORMALSD-ISO-v1,2024-25-WALKFORWARD-ISO-v1,8be61f9f4442b75fbacd335b0997d4ea8e5b412930fea99d98c12040deaa1086,2026-10-02T00:55:44.964837+00:00,36.40857129028885,17.499131191796593,RB,2,55,131.0,11.909090909090908,42.81818181818182,16794,PASS,,
2026_04_ATL_NO,00-0033906,30,0.518590998043053,0.6429003816399688,NFL-RUSH-RIDGE-NORMALSD-ISO-v1,2024-25-WALKFORWARD-ISO-v1,8be61f9f4442b75fbacd335b0997d4ea8e5b412930fea99d98c12040deaa1086,2026-10-02T00:55:44.964837+00:00,36.40857129028885,17.499131191796593,RB,2,55,131.0,11.909090909090908,42.81818181818182,16794,PASS,,LOW_THRESHOLD_10_30_CALIBRATION_CAUTION
2026_04_ATL_NO,00-0033906,25,0.614247311827957,0.7427835202125062,NFL-RUSH-RIDGE-NORMALSD-ISO-v1,2024-25-WALKFORWARD-ISO-v1,8be61f9f4442b75fbacd335b0997d4ea8e5b412930fea99d98c12040deaa1086,2026-10-02T00:55:44.964837+00:00,36.40857129028885,17.499131191796593,RB,2,55,131.0,11.909090909090908,42.81818181818182,16794,PASS,,LOW_THRESHOLD_10_30_CALIBRATION_CAUTION
2026_04_ATL_NO,00-0033906,20,0.7077720207253886,0.8257953512134375,NFL-RUSH-RIDGE-NORMALSD-ISO-v1,2024-25-WALKFORWARD-ISO-v1,8be61f9f4442b75fbacd335b0997d4ea8e5b412930fea99d98c12040deaa1086,2026-10-02T00:55:44.964837+00:00,36.40857129028885,17.499131191796593,RB,2,55,131.0,11.909090909090908,42.81818181818182,16794,PASS,,LOW_THRESHOLD_10_30_CALIBRATION_CAUTION
2026_04_ATL_NO,00-0033906,100,0.0128061469505362,0.00013954323354194124,NFL-RUSH-RIDGE-NORMALSD-ISO-v1,2024-25-WALKFORWARD-ISO-v1,8be61f9f4442b75fbacd335b0997d4ea8e5b412930fea99d98c12040deaa1086,2026-10-02T00:55:44.964837+00:00,36.40857129028885,17.499131191796593,RB,2,55,131.0,11.909090909090908,42.81818181818182,16794,PASS,,
2026_04_ATL_NO,00-0039917,30,0.0694607268464243,0.07559216905802123,NFL-RUSH-RIDGE-NORMALSD-ISO-v1,2024-25-WALKFORWARD-ISO-v1,8be61f9f4442b75fbacd335b0997d4ea8e5b412930fea99d98c12040deaa1086,2026-10-02T00:55:44.964837+00:00,4.8824347576545595,17.499131191796593,QB,1,15,21.0,2.3333333333333335,7.777777777777778,16794,PASS,,LOW_THRESHOLD_10_30_CALIBRATION_CAUTION
2026_04_ATL_NO,00-0039917,25,0.0694607268464243,0.12514768851430386,NFL-RUSH-RIDGE-NORMALSD-ISO-v1,2024-25-WALKFORWARD-ISO-v1,8be61f9f4442b75fbacd335b0997d4ea8e5b412930fea99d98c12040deaa1086,2026-10-02T00:55:44.964837+00:00,4.8824347576545595,17.499131191796593,QB,1,15,21.0,2.3333333333333335,7.777777777777778,16794,PASS,,LOW_THRESHOLD_10_30_CALIBRATION_CAUTION
2026_04_ATL_NO,00-0039917,20,0.1097112117780294,0.19382038043168923,NFL-RUSH-RIDGE-NORMALSD-ISO-v1,2024-25-WALKFORWARD-ISO-v1,8be61f9f4442b75fbacd335b0997d4ea8e5b412930fea99d98c12040deaa1086,2026-10-02T00:55:44.964837+00:00,4.8824347576545595,17.499131191796593,QB,1,15,21.0,2.3333333333333335,7.777777777777778,16794,PASS,,LOW_THRESHOLD_10_30_CALIBRATION_CAUTION
2026_04_ATL_NO,00-0039917,15,0.1097112117780294,0.281572890037174,NFL-RUSH-RIDGE-NORMALSD-ISO-v1,2024-25-WALKFORWARD-ISO-v1,8be61f9f4442b75fbacd335b0997d4ea8e5b412930fea99d98c12040deaa1086,2026-10-02T00:55:44.964837+00:00,4.8824347576545595,17.499131191796593,QB,1,15,21.0,2.3333333333333335,7.777777777777778,16794,PASS,,LOW_THRESHOLD_10_30_CALIBRATION_CAUTION
2026_04_ATL_NO,00-0039917,10,0.2697095435684647,0.3849725080166473,NFL-RUSH-RIDGE-NORMALSD-ISO-v1,2024-25-WALKFORWARD-ISO-v1,8be61f9f4442b75fbacd335b0997d4ea8e5b412930fea99d98c12040deaa1086,2026-10-02T00:55:44.964837+00:00,4.8824347576545595,17.499131191796593,QB,1,15,21.0,2.3333333333333335,7.777777777777778,16794,PASS,,LOW_THRESHOLD_10_30_CALIBRATION_CAUTION
2026_04_ATL_NO,00-0038542,90,0.5792682926829267,0.6622759600266054,NFL-RUSH-RIDGE-NORMALSD-ISO-v1,2024-25-WALKFORWARD-ISO-v1,8be61f9f4442b75fbacd335b0997d4ea8e5b412930fea99d98c12040deaa1086,2026-10-02T00:55:44.964837+00:00,97.32658255577071,17.499131191796593,RB,3,54,287.0,16.88235294117647,86.94117647058823,16794,PASS,,
2026_04_ATL_NO,00-0038542,80,0.7077720207253886,0.8389470521924125,NFL-RUSH-RIDGE-NORMALSD-ISO-v1,2024-25-WALKFORWARD-ISO-v1,8be61f9f4442b75fbacd335b0997d4ea8e5b412930fea99d98c12040deaa1086,2026-10-02T00:55:44.964837+00:00,97.32658255577071,17.499131191796593,RB,3,54,287.0,16.88235294117647,86.94117647058823,16794,PASS,,
2026_04_ATL_NO,00-0038542,70,0.8320926385442513,0.9408084663304177,NFL-RUSH-RIDGE-NORMALSD-ISO-v1,2024-25-WALKFORWARD-ISO-v1,8be61f9f4442b75fbacd335b0997d4ea8e5b412930fea99d98c12040deaa1086,2026-10-02T00:55:44.964837+00:00,97.32658255577071,17.499131191796593,RB,3,54,287.0,16.88235294117647,86.94117647058823,16794,PASS,,
2026_04_ATL_NO,00-0038542,60,0.9149940968122786,0.9835398300280935,NFL-RUSH-RIDGE-NORMALSD-ISO-v1,2024-25-WALKFORWARD-ISO-v1,8be61f9f4442b75fbacd335b0997d4ea8e5b412930fea99d98c12040deaa1086,2026-10-02T00:55:44.964837+00:00,97.32658255577071,17.499131191796593,RB,3,54,287.0,16.88235294117647,86.94117647058823,16794,PASS,,
2026_04_ATL_NO,00-0038542,50,0.9514563106796116,0.9965797437320265,NFL-RUSH-RIDGE-NORMALSD-ISO-v1,2024-25-WALKFORWARD-ISO-v1,8be61f9f4442b75fbacd335b0997d4ea8e5b412930fea99d98c12040deaa1086,2026-10-02T00:55:44.964837+00:00,97.32658255577071,17.499131191796593,RB,3,54,287.0,16.88235294117647,86.94117647058823,16794,PASS,,
2026_04_ATL_NO,00-0038542,170,0.0080273270708795,1.6409181544440683e-05,NFL-RUSH-RIDGE-NORMALSD-ISO-v1,2024-25-WALKFORWARD-ISO-v1,8be61f9f4442b75fbacd335b0997d4ea8e5b412930fea99d98c12040deaa1086,2026-10-02T00:55:44.964837+00:00,97.32658255577071,17.499131191796593,RB,3,54,287.0,16.88235294117647,86.94117647058823,16794,WARN,THRESHOLD_OUTSIDE_VALIDATED_10_150_RANGE,
2026_04_ATL_NO,00-0038542,160,0.0128061469505362,0.00017080314024777788,NFL-RUSH-RIDGE-NORMALSD-ISO-v1,2024-25-WALKFORWARD-ISO-v1,8be61f9f4442b75fbacd335b0997d4ea8e5b412930fea99d98c12040deaa1086,2026-10-02T00:55:44.964837+00:00,97.32658255577071,17.499131191796593,RB,3,54,287.0,16.88235294117647,86.94117647058823,16794,WARN,THRESHOLD_OUTSIDE_VALIDATED_10_150_RANGE,
2026_04_ATL_NO,00-0038542,150,0.019949281487743,0.001305984706221622,NFL-RUSH-RIDGE-NORMALSD-ISO-v1,2024-25-WALKFORWARD-ISO-v1,8be61f9f4442b75fbacd335b0997d4ea8e5b412930fea99d98c12040deaa1086,2026-10-02T00:55:44.964837+00:00,97.32658255577071,17.499131191796593,RB,3,54,287.0,16.88235294117647,86.94117647058823,16794,PASS,,
2026_04_ATL_NO,00-0038542,140,0.0289297658862876,0.007372097205480507,NFL-RUSH-RIDGE-NORMALSD-ISO-v1,2024-25-WALKFORWARD-ISO-v1,8be61f9f4442b75fbacd335b0997d4ea8e5b412930fea99d98c12040deaa1086,2026-10-02T00:55:44.964837+00:00,97.32658255577071,17.499131191796593,RB,3,54,287.0,16.88235294117647,86.94117647058823,16794,PASS,,
2026_04_ATL_NO,00-0038542,130,0.0450062508681761,0.030940662355165235,NFL-RUSH-RIDGE-NORMALSD-ISO-v1,2024-25-WALKFORWARD-ISO-v1,8be61f9f4442b75fbacd335b0997d4ea8e5b412930fea99d98c12040deaa1086,2026-10-02T00:55:44.964837+00:00,97.32658255577071,17.499131191796593,RB,3,54,287.0,16.88235294117647,86.94117647058823,16794,PASS,,
2026_04_ATL_NO,00-0038542,120,0.0694607268464243,0.09754146762807238,NFL-RUSH-RIDGE-NORMALSD-ISO-v1,2024-25-WALKFORWARD-ISO-v1,8be61f9f4442b75fbacd335b0997d4ea8e5b412930fea99d98c12040deaa1086,2026-10-02T00:55:44.964837+00:00,97.32658255577071,17.499131191796593,RB,3,54,287.0,16.88235294117647,86.94117647058823,16794,PASS,,
2026_04_ATL_NO,00-0038542,110,0.1097112117780294,0.23446189190758213,NFL-RUSH-RIDGE-NORMALSD-ISO-v1,2024-25-WALKFORWARD-ISO-v1,8be61f9f4442b75fbacd335b0997d4ea8e5b412930fea99d98c12040deaa1086,2026-10-02T00:55:44.964837+00:00,97.32658255577071,17.499131191796593,RB,3,54,287.0,16.88235294117647,86.94117647058823,16794,PASS,,
2026_04_ATL_NO,00-0038542,100,0.3560767590618336,0.4392881343813636,NFL-RUSH-RIDGE-NORMALSD-ISO-v1,2024-25-WALKFORWARD-ISO-v1,8be61f9f4442b75fbacd335b0997d4ea8e5b412930fea99d98c12040deaa1086,2026-10-02T00:55:44.964837+00:00,97.32658255577071,17.499131191796593,RB,3,54,287.0,16.88235294117647,86.94117647058823,16794,PASS,,
2026_04_ATL_NO,00-0037746,90,0.019949281487743,0.002738541902792555,NFL-RUSH-RIDGE-NORMALSD-ISO-v1,2024-25-WALKFORWARD-ISO-v1,8be61f9f4442b75fbacd335b0997d4ea8e5b412930fea99d98c12040deaa1086,2026-10-02T00:55:44.964837+00:00,41.39533232955506,17.499131191796593,RB,3,61,92.0,5.411764705882353,23.529411764705884,16794,PASS,,
2026_04_ATL_NO,00-0037746,80,0.0289297658862876,0.013688830696099415,NFL-RUSH-RIDGE-NORMALSD-ISO-v1,2024-25-WALKFORWARD-ISO-v1,8be61f9f4442b75fbacd335b0997d4ea8e5b412930fea99d98c12040deaa1086,2026-10-02T00:55:44.964837+00:00,41.39533232955506,17.499131191796593,RB,3,61,92.0,5.411764705882353,23.529411764705884,16794,PASS,,
2026_04_ATL_NO,00-0037746,70,0.0450062508681761,0.05106294069236182,NFL-RUSH-RIDGE-NORMALSD-ISO-v1,2024-25-WALKFORWARD-ISO-v1,8be61f9f4442b75fbacd335b0997d4ea8e5b412930fea99d98c12040deaa1086,2026-10-02T00:55:44.964837+00:00,41.39533232955506,17.499131191796593,RB,3,61,92.0,5.411764705882353,23.529411764705884,16794,PASS,,
2026_04_ATL_NO,00-0037746,60,0.0748091603053435,0.14385092477955494,NFL-RUSH-RIDGE-NORMALSD-ISO-v1,2024-25-WALKFORWARD-ISO-v1,8be61f9f4442b75fbacd335b0997d4ea8e5b412930fea99d98c12040deaa1086,2026-10-02T00:55:44.964837+00:00,41.39533232955506,17.499131191796593,RB,3,61,92.0,5.411764705882353,23.529411764705884,16794,PASS,,
2026_04_ATL_NO,00-0037746,50,0.1304347826086956,0.31145875223072694,NFL-RUSH-RIDGE-NORMALSD-ISO-v1,2024-25-WALKFORWARD-ISO-v1,8be61f9f4442b75fbacd335b0997d4ea8e5b412930fea99d98c12040deaa1086,2026-10-02T00:55:44.964837+00:00,41.39533232955506,17.499131191796593,RB,3,61,92.0,5.411764705882353,23.529411764705884,16794,PASS,,
2026_04_ATL_NO,00-0037746,40,0.4098939929328622,0.5317768776127001,NFL-RUSH-RIDGE-NORMALSD-ISO-v1,2024-25-WALKFORWARD-ISO-v1,8be61f9f4442b75fbacd335b0997d4ea8e5b412930fea99d98c12040deaa1086,2026-10-02T00:55:44.964837+00:00,41.39533232955506,17.499131191796593,RB,3,61,92.0,5.411764705882353,23.529411764705884,16794,PASS,,
2026_04_ATL_NO,00-0037746,30,0.614247311827957,0.7425394255230005,NFL-RUSH-RIDGE-NORMALSD-ISO-v1,2024-25-WALKFORWARD-ISO-v1,8be61f9f4442b75fbacd335b0997d4ea8e5b412930fea99d98c12040deaa1086,2026-10-02T00:55:44.964837+00:00,41.39533232955506,17.499131191796593,RB,3,61,92.0,5.411764705882353,23.529411764705884,16794,PASS,,LOW_THRESHOLD_10_30_CALIBRATION_CAUTION
2026_04_ATL_NO,00-0037746,25,0.7077720207253886,0.8256008257537439,NFL-RUSH-RIDGE-NORMALSD-ISO-v1,2024-25-WALKFORWARD-ISO-v1,8be61f9f4442b75fbacd335b0997d4ea8e5b412930fea99d98c12040deaa1086,2026-10-02T00:55:44.964837+00:00,41.39533232955506,17.499131191796593,RB,3,61,92.0,5.411764705882353,23.529411764705884,16794,PASS,,LOW_THRESHOLD_10_30_CALIBRATION_CAUTION
2026_04_ATL_NO,00-0037746,20,0.7678571428571429,0.8892692516323697,NFL-RUSH-RIDGE-NORMALSD-ISO-v1,2024-25-WALKFORWARD-ISO-v1,8be61f9f4442b75fbacd335b0997d4ea8e5b412930fea99d98c12040deaa1086,2026-10-02T00:55:44.964837+00:00,41.39533232955506,17.499131191796593,RB,3,61,92.0,5.411764705882353,23.529411764705884,16794,PASS,,LOW_THRESHOLD_10_30_CALIBRATION_CAUTION
2026_04_ATL_NO,00-0037746,15,0.8320926385442513,0.9342712981616604,NFL-RUSH-RIDGE-NORMALSD-ISO-v1,2024-25-WALKFORWARD-ISO-v1,8be61f9f4442b75fbacd335b0997d4ea8e5b412930fea99d98c12040deaa1086,2026-10-02T00:55:44.964837+00:00,41.39533232955506,17.499131191796593,RB,3,61,92.0,5.411764705882353,23.529411764705884,16794,PASS,,LOW_THRESHOLD_10_30_CALIBRATION_CAUTION
2026_04_KC_LV,00-0033873,60,0.0289297658862876,0.004888029985363964,NFL-RUSH-RIDGE-NORMALSD-ISO-v1,2024-25-WALKFORWARD-ISO-v1,8be61f9f4442b75fbacd335b0997d4ea8e5b412930fea99d98c12040deaa1086,2026-10-02T00:55:44.964837+00:00,14.788348311265672,17.499131191796593,QB,3,66,64.0,4.571428571428571,30.142857142857142,16794,PASS,,
2026_04_KC_LV,00-0033873,50,0.0450062508681761,0.022099730617278077,NFL-RUSH-RIDGE-NORMALSD-ISO-v1,2024-25-WALKFORWARD-ISO-v1,8be61f9f4442b75fbacd335b0997d4ea8e5b412930fea99d98c12040deaa1086,2026-10-02T00:55:44.964837+00:00,14.788348311265672,17.499131191796593,QB,3,66,64.0,4.571428571428571,30.142857142857142,16794,PASS,,
2026_04_KC_LV,00-0033873,40,0.0694607268464243,0.07482945110441375,NFL-RUSH-RIDGE-NORMALSD-ISO-v1,2024-25-WALKFORWARD-ISO-v1,8be61f9f4442b75fbacd335b0997d4ea8e5b412930fea99d98c12040deaa1086,2026-10-02T00:55:44.964837+00:00,14.788348311265672,17.499131191796593,QB,3,66,64.0,4.571428571428571,30.142857142857142,16794,PASS,,
2026_04_KC_LV,00-0033873,30,0.1097112117780294,0.19234689148692555,NFL-RUSH-RIDGE-NORMALSD-ISO-v1,2024-25-WALKFORWARD-ISO-v1,8be61f9f4442b75fbacd335b0997d4ea8e5b412930fea99d98c12040deaa1086,2026-10-02T00:55:44.964837+00:00,14.788348311265672,17.499131191796593,QB,3,66,64.0,4.571428571428571,30.142857142857142,16794,PASS,,LOW_THRESHOLD_10_30_CALIBRATION_CAUTION
2026_04_KC_LV,00-0033873,25,0.1097112117780294,0.27976090640922524,NFL-RUSH-RIDGE-NORMALSD-ISO-v1,2024-25-WALKFORWARD-ISO-v1,8be61f9f4442b75fbacd335b0997d4ea8e5b412930fea99d98c12040deaa1086,2026-10-02T00:55:44.964837+00:00,14.788348311265672,17.499131191796593,QB,3,66,64.0,4.571428571428571,30.142857142857142,16794,PASS,,LOW_THRESHOLD_10_30_CALIBRATION_CAUTION
2026_04_KC_LV,00-0033873,20,0.2697095435684647,0.3829189564585781,NFL-RUSH-RIDGE-NORMALSD-ISO-v1,2024-25-WALKFORWARD-ISO-v1,8be61f9f4442b75fbacd335b0997d4ea8e5b412930fea99d98c12040deaa1086,2026-10-02T00:55:44.964837+00:00,14.788348311265672,17.499131191796593,QB,3,66,64.0,4.571428571428571,30.142857142857142,16794,PASS,,LOW_THRESHOLD_10_30_CALIBRATION_CAUTION
2026_04_KC_LV,00-0033873,15,0.4098939929328622,0.49517491766969735,NFL-RUSH-RIDGE-NORMALSD-ISO-v1,2024-25-WALKFORWARD-ISO-v1,8be61f9f4442b75fbacd335b0997d4ea8e5b412930fea99d98c12040deaa1086,2026-10-02T00:55:44.964837+00:00,14.788348311265672,17.499131191796593,QB,3,66,64.0,4.571428571428571,30.142857142857142,16794,PASS,,LOW_THRESHOLD_10_30_CALIBRATION_CAUTION
2026_04_KC_LV,00-0033873,10,0.518590998043053,0.6078168520660242,NFL-RUSH-RIDGE-NORMALSD-ISO-v1,2024-25-WALKFORWARD-ISO-v1,8be61f9f4442b75fbacd335b0997d4ea8e5b412930fea99d98c12040deaa1086,2026-10-02T00:55:44.964837+00:00,14.788348311265672,17.499131191796593,QB,3,66,64.0,4.571428571428571,30.142857142857142,16794,PASS,,LOW_THRESHOLD_10_30_CALIBRATION_CAUTION
2026_04_KC_LV,00-0041013,60,0.0336448598130841,0.0164436964333334,NFL-RUSH-RIDGE-NORMALSD-ISO-v1,2024-25-WALKFORWARD-ISO-v1,8be61f9f4442b75fbacd335b0997d4ea8e5b412930fea99d98c12040deaa1086,2026-10-02T00:55:44.964837+00:00,22.666385403179824,17.499131191796593,RB,3,3,0.0,0.0,0.0,16794,PASS,,
2026_04_KC_LV,00-0041013,50,0.0577342047930283,0.05914418508752628,NFL-RUSH-RIDGE-NORMALSD-ISO-v1,2024-25-WALKFORWARD-ISO-v1,8be61f9f4442b75fbacd335b0997d4ea8e5b412930fea99d98c12040deaa1086,2026-10-02T00:55:44.964837+00:00,22.666385403179824,17.499131191796593,RB,3,3,0.0,0.0,0.0,16794,PASS,,
2026_04_KC_LV,00-0041013,40,0.0963364993215739,0.16095477244012962,NFL-RUSH-RIDGE-NORMALSD-ISO-v1,2024-25-WALKFORWARD-ISO-v1,8be61f9f4442b75fbacd335b0997d4ea8e5b412930fea99d98c12040deaa1086,2026-10-02T00:55:44.964837+00:00,22.666385403179824,17.499131191796593,RB,3,3,0.0,0.0,0.0,16794,PASS,,
2026_04_KC_LV,00-0041013,30,0.2024793388429752,0.3375771901020917,NFL-RUSH-RIDGE-NORMALSD-ISO-v1,2024-25-WALKFORWARD-ISO-v1,8be61f9f4442b75fbacd335b0997d4ea8e5b412930fea99d98c12040deaa1086,2026-10-02T00:55:44.964837+00:00,22.666385403179824,17.499131191796593,RB,3,3,0.0,0.0,0.0,16794,PASS,,LOW_THRESHOLD_10_30_CALIBRATION_CAUTION
2026_04_KC_LV,00-0041013,25,0.3560767590618336,0.44695591038144306,NFL-RUSH-RIDGE-NORMALSD-ISO-v1,2024-25-WALKFORWARD-ISO-v1,8be61f9f4442b75fbacd335b0997d4ea8e5b412930fea99d98c12040deaa1086,2026-10-02T00:55:44.964837+00:00,22.666385403179824,17.499131191796593,RB,3,3,0.0,0.0,0.0,16794,PASS,,LOW_THRESHOLD_10_30_CALIBRATION_CAUTION
2026_04_KC_LV,00-0041013,20,0.4553571428571428,0.5605534054615428,NFL-RUSH-RIDGE-NORMALSD-ISO-v1,2024-25-WALKFORWARD-ISO-v1,8be61f9f4442b75fbacd335b0997d4ea8e5b412930fea99d98c12040deaa1086,2026-10-02T00:55:44.964837+00:00,22.666385403179824,17.499131191796593,RB,3,3,0.0,0.0,0.0,16794,PASS,,LOW_THRESHOLD_10_30_CALIBRATION_CAUTION
2026_04_KC_LV,00-0041013,15,0.5792682926829267,0.6693434347578635,NFL-RUSH-RIDGE-NORMALSD-ISO-v1,2024-25-WALKFORWARD-ISO-v1,8be61f9f4442b75fbacd335b0997d4ea8e5b412930fea99d98c12040deaa1086,2026-10-02T00:55:44.964837+00:00,22.666385403179824,17.499131191796593,RB,3,3,0.0,0.0,0.0,16794,PASS,,LOW_THRESHOLD_10_30_CALIBRATION_CAUTION
2026_04_KC_LV,00-0041013,10,0.614247311827957,0.7654147572638323,NFL-RUSH-RIDGE-NORMALSD-ISO-v1,2024-25-WALKFORWARD-ISO-v1,8be61f9f4442b75fbacd335b0997d4ea8e5b412930fea99d98c12040deaa1086,2026-10-02T00:55:44.964837+00:00,22.666385403179824,17.499131191796593,RB,3,3,0.0,0.0,0.0,16794,PASS,,LOW_THRESHOLD_10_30_CALIBRATION_CAUTION
2026_04_KC_LV,00-0029604,25,0.0748091603053435,0.14499039520299636,NFL-RUSH-RIDGE-NORMALSD-ISO-v1,2024-25-WALKFORWARD-ISO-v1,8be61f9f4442b75fbacd335b0997d4ea8e5b412930fea99d98c12040deaa1086,2026-10-02T00:55:44.964837+00:00,6.483053554761122,17.499131191796593,QB,3,52,14.0,1.4,0.7,16794,PASS,,LOW_THRESHOLD_10_30_CALIBRATION_CAUTION
2026_04_KC_LV,00-0029604,20,0.1097112117780294,0.2199283301403805,NFL-RUSH-RIDGE-NORMALSD-ISO-v1,2024-25-WALKFORWARD-ISO-v1,8be61f9f4442b75fbacd335b0997d4ea8e5b412930fea99d98c12040deaa1086,2026-10-02T00:55:44.964837+00:00,6.483053554761122,17.499131191796593,QB,3,52,14.0,1.4,0.7,16794,PASS,,LOW_THRESHOLD_10_30_CALIBRATION_CAUTION
2026_04_KC_LV,00-0029604,15,0.15,0.3132330567384488,NFL-RUSH-RIDGE-NORMALSD-ISO-v1,2024-25-WALKFORWARD-ISO-v1,8be61f9f4442b75fbacd335b0997d4ea8e5b412930fea99d98c12040deaa1086,2026-10-02T00:55:44.964837+00:00,6.483053554761122,17.499131191796593,QB,3,52,14.0,1.4,0.7,16794,PASS,,LOW_THRESHOLD_10_30_CALIBRATION_CAUTION
2026_04_KC_LV,00-0029604,10,0.3003533568904594,0.42035775295119315,NFL-RUSH-RIDGE-NORMALSD-ISO-v1,2024-25-WALKFORWARD-ISO-v1,8be61f9f4442b75fbacd335b0997d4ea8e5b412930fea99d98c12040deaa1086,2026-10-02T00:55:44.964837+00:00,6.483053554761122,17.499131191796593,QB,3,52,14.0,1.4,0.7,16794,PASS,,LOW_THRESHOLD_10_30_CALIBRATION_CAUTION
2026_04_MIA_MIN,00-0035228,60,0.0289297658862876,0.0075406535408920495,NFL-RUSH-RIDGE-NORMALSD-ISO-v1,2024-25-WALKFORWARD-ISO-v1,8be61f9f4442b75fbacd335b0997d4ea8e5b412930fea99d98c12040deaa1086,2026-10-02T00:55:44.964837+00:00,17.46974981275962,17.499131191796593,QB,2,43,29.0,5.8,34.6,16794,PASS,,
2026_04_MIA_MIN,00-0035228,50,0.0450062508681761,0.03151613982749469,NFL-RUSH-RIDGE-NORMALSD-ISO-v1,2024-25-WALKFORWARD-ISO-v1,8be61f9f4442b75fbacd335b0997d4ea8e5b412930fea99d98c12040deaa1086,2026-10-02T00:55:44.964837+00:00,17.46974981275962,17.499131191796593,QB,2,43,29.0,5.8,34.6,16794,PASS,,
2026_04_MIA_MIN,00-0035228,40,0.0694607268464243,0.09895885265408641,NFL-RUSH-RIDGE-NORMALSD-ISO-v1,2024-25-WALKFORWARD-ISO-v1,8be61f9f4442b75fbacd335b0997d4ea8e5b412930fea99d98c12040deaa1086,2026-10-02T00:55:44.964837+00:00,17.46974981275962,17.499131191796593,QB,2,43,29.0,5.8,34.6,16794,PASS,,
2026_04_MIA_MIN,00-0035228,30,0.1097112117780294,0.23698028558038237,NFL-RUSH-RIDGE-NORMALSD-ISO-v1,2024-25-WALKFORWARD-ISO-v1,8be61f9f4442b75fbacd335b0997d4ea8e5b412930fea99d98c12040deaa1086,2026-10-02T00:55:44.964837+00:00,17.46974981275962,17.499131191796593,QB,2,43,29.0,5.8,34.6,16794,PASS,,LOW_THRESHOLD_10_30_CALIBRATION_CAUTION
2026_04_MIA_MIN,00-0035228,25,0.2024793388429752,0.3334809403922969,NFL-RUSH-RIDGE-NORMALSD-ISO-v1,2024-25-WALKFORWARD-ISO-v1,8be61f9f4442b75fbacd335b0997d4ea8e5b412930fea99d98c12040deaa1086,2026-10-02T00:55:44.964837+00:00,17.46974981275962,17.499131191796593,QB,2,43,29.0,5.8,34.6,16794,PASS,,LOW_THRESHOLD_10_30_CALIBRATION_CAUTION
2026_04_MIA_MIN,00-0035228,20,0.3560767590618336,0.4425161502800715,NFL-RUSH-RIDGE-NORMALSD-ISO-v1,2024-25-WALKFORWARD-ISO-v1,8be61f9f4442b75fbacd335b0997d4ea8e5b412930fea99d98c12040deaa1086,2026-10-02T00:55:44.964837+00:00,17.46974981275962,17.499131191796593,QB,2,43,29.0,5.8,34.6,16794,PASS,,LOW_THRESHOLD_10_30_CALIBRATION_CAUTION
2026_04_MIA_MIN,00-0035228,15,0.4553571428571428,0.5561185769975635,NFL-RUSH-RIDGE-NORMALSD-ISO-v1,2024-25-WALKFORWARD-ISO-v1,8be61f9f4442b75fbacd335b0997d4ea8e5b412930fea99d98c12040deaa1086,2026-10-02T00:55:44.964837+00:00,17.46974981275962,17.499131191796593,QB,2,43,29.0,5.8,34.6,16794,PASS,,LOW_THRESHOLD_10_30_CALIBRATION_CAUTION
2026_04_MIA_MIN,00-0035228,10,0.5792682926829267,0.6652608201004977,NFL-RUSH-RIDGE-NORMALSD-ISO-v1,2024-25-WALKFORWARD-ISO-v1,8be61f9f4442b75fbacd335b0997d4ea8e5b412930fea99d98c12040deaa1086,2026-10-02T00:55:44.964837+00:00,17.46974981275962,17.499131191796593,QB,2,43,29.0,5.8,34.6,16794,PASS,,LOW_THRESHOLD_10_30_CALIBRATION_CAUTION
2026_04_MIA_MIN,00-0038128,80,0.019949281487743,0.002139608047813976,NFL-RUSH-RIDGE-NORMALSD-ISO-v1,2024-25-WALKFORWARD-ISO-v1,8be61f9f4442b75fbacd335b0997d4ea8e5b412930fea99d98c12040deaa1086,2026-10-02T00:55:44.964837+00:00,30.008303147771528,17.499131191796593,QB,3,22,22.0,5.5,30.75,16794,PASS,,
2026_04_MIA_MIN,00-0038128,70,0.0289297658862876,0.011146060593465368,NFL-RUSH-RIDGE-NORMALSD-ISO-v1,2024-25-WALKFORWARD-ISO-v1,8be61f9f4442b75fbacd335b0997d4ea8e5b412930fea99d98c12040deaa1086,2026-10-02T00:55:44.964837+00:00,30.008303147771528,17.499131191796593,QB,3,22,22.0,5.5,30.75,16794,PASS,,
2026_04_MIA_MIN,00-0038128,60,0.0450062508681761,0.043273882949350265,NFL-RUSH-RIDGE-NORMALSD-ISO-v1,2024-25-WALKFORWARD-ISO-v1,8be61f9f4442b75fbacd335b0997d4ea8e5b412930fea99d98c12040deaa1086,2026-10-02T00:55:44.964837+00:00,30.008303147771528,17.499131191796593,QB,3,22,22.0,5.5,30.75,16794,PASS,,
2026_04_MIA_MIN,00-0038128,50,0.0694607268464243,0.1266357119772163,NFL-RUSH-RIDGE-NORMALSD-ISO-v1,2024-25-WALKFORWARD-ISO-v1,8be61f9f4442b75fbacd335b0997d4ea8e5b412930fea99d98c12040deaa1086,2026-10-02T00:55:44.964837+00:00,30.008303147771528,17.499131191796593,QB,3,22,22.0,5.5,30.75,16794,PASS,,
2026_04_MIA_MIN,00-0038128,40,0.1097112117780294,0.28400576869194016,NFL-RUSH-RIDGE-NORMALSD-ISO-v1,2024-25-WALKFORWARD-ISO-v1,8be61f9f4442b75fbacd335b0997d4ea8e5b412930fea99d98c12040deaa1086,2026-10-02T00:55:44.964837+00:00,30.008303147771528,17.499131191796593,QB,3,22,22.0,5.5,30.75,16794,PASS,,
2026_04_MIA_MIN,00-0038128,30,0.4098939929328622,0.5001892937738384,NFL-RUSH-RIDGE-NORMALSD-ISO-v1,2024-25-WALKFORWARD-ISO-v1,8be61f9f4442b75fbacd335b0997d4ea8e5b412930fea99d98c12040deaa1086,2026-10-02T00:55:44.964837+00:00,30.008303147771528,17.499131191796593,QB,3,22,22.0,5.5,30.75,16794,PASS,,LOW_THRESHOLD_10_30_CALIBRATION_CAUTION
2026_04_MIA_MIN,00-0038128,25,0.518590998043053,0.6126386616822036,NFL-RUSH-RIDGE-NORMALSD-ISO-v1,2024-25-WALKFORWARD-ISO-v1,8be61f9f4442b75fbacd335b0997d4ea8e5b412930fea99d98c12040deaa1086,2026-10-02T00:55:44.964837+00:00,30.008303147771528,17.499131191796593,QB,3,22,22.0,5.5,30.75,16794,PASS,,LOW_THRESHOLD_10_30_CALIBRATION_CAUTION
2026_04_MIA_MIN,00-0038128,20,0.5889175257731958,0.7163157854204315,NFL-RUSH-RIDGE-NORMALSD-ISO-v1,2024-25-WALKFORWARD-ISO-v1,8be61f9f4442b75fbacd335b0997d4ea8e5b412930fea99d98c12040deaa1086,2026-10-02T00:55:44.964837+00:00,30.008303147771528,17.499131191796593,QB,3,22,22.0,5.5,30.75,16794,PASS,,LOW_THRESHOLD_10_30_CALIBRATION_CAUTION
2026_04_MIA_MIN,00-0038128,15,0.7077720207253886,0.8044598562681451,NFL-RUSH-RIDGE-NORMALSD-ISO-v1,2024-25-WALKFORWARD-ISO-v1,8be61f9f4442b75fbacd335b0997d4ea8e5b412930fea99d98c12040deaa1086,2026-10-02T00:55:44.964837+00:00,30.008303147771528,17.499131191796593,QB,3,22,22.0,5.5,30.75,16794,PASS,,LOW_THRESHOLD_10_30_CALIBRATION_CAUTION
2026_04_ARI_NYG,00-0033119,40,0.0577342047930283,0.05640476006816282,NFL-RUSH-RIDGE-NORMALSD-ISO-v1,2024-25-WALKFORWARD-ISO-v1,8be61f9f4442b75fbacd335b0997d4ea8e5b412930fea99d98c12040deaa1086,2026-10-02T00:55:44.964837+00:00,12.2517927458555,17.499131191796593,QB,3,40,38.0,2.7142857142857144,12.0,16794,PASS,,
2026_04_ARI_NYG,00-0033119,30,0.0963364993215739,0.15523564383340555,NFL-RUSH-RIDGE-NORMALSD-ISO-v1,2024-25-WALKFORWARD-ISO-v1,8be61f9f4442b75fbacd335b0997d4ea8e5b412930fea99d98c12040deaa1086,2026-10-02T00:55:44.964837+00:00,12.2517927458555,17.499131191796593,QB,3,40,38.0,2.7142857142857144,12.0,16794,PASS,,LOW_THRESHOLD_10_30_CALIBRATION_CAUTION
2026_04_ARI_NYG,00-0033119,25,0.1097112117780294,0.23315220757518149,NFL-RUSH-RIDGE-NORMALSD-ISO-v1,2024-25-WALKFORWARD-ISO-v1,8be61f9f4442b75fbacd335b0997d4ea8e5b412930fea99d98c12040deaa1086,2026-10-02T00:55:44.964837+00:00,12.2517927458555,17.499131191796593,QB,3,40,38.0,2.7142857142857144,12.0,16794,PASS,,LOW_THRESHOLD_10_30_CALIBRATION_CAUTION
2026_04_ARI_NYG,00-0033119,20,0.1881533101045296,0.32896363539415213,NFL-RUSH-RIDGE-NORMALSD-ISO-v1,2024-25-WALKFORWARD-ISO-v1,8be61f9f4442b75fbacd335b0997d4ea8e5b412930fea99d98c12040deaa1086,2026-10-02T00:55:44.964837+00:00,12.2517927458555,17.499131191796593,QB,3,40,38.0,2.7142857142857144,12.0,16794,PASS,,LOW_THRESHOLD_10_30_CALIBRATION_CAUTION
2026_04_ARI_NYG,00-0033119,15,0.3560767590618336,0.4376034261593038,NFL-RUSH-RIDGE-NORMALSD-ISO-v1,2024-25-WALKFORWARD-ISO-v1,8be61f9f4442b75fbacd335b0997d4ea8e5b412930fea99d98c12040deaa1086,2026-10-02T00:55:44.964837+00:00,12.2517927458555,17.499131191796593,QB,3,40,38.0,2.7142857142857144,12.0,16794,PASS,,LOW_THRESHOLD_10_30_CALIBRATION_CAUTION
2026_04_ARI_NYG,00-0033119,10,0.4553571428571428,0.5511946719870964,NFL-RUSH-RIDGE-NORMALSD-ISO-v1,2024-25-WALKFORWARD-ISO-v1,8be61f9f4442b75fbacd335b0997d4ea8e5b412930fea99d98c12040deaa1086,2026-10-02T00:55:44.964837+00:00,12.2517927458555,17.499131191796593,QB,3,40,38.0,2.7142857142857144,12.0,16794,PASS,,LOW_THRESHOLD_10_30_CALIBRATION_CAUTION
2026_04_ARI_NYG,00-0037263,70,0.0289297658862876,0.008827474343187239,NFL-RUSH-RIDGE-NORMALSD-ISO-v1,2024-25-WALKFORWARD-ISO-v1,8be61f9f4442b75fbacd335b0997d4ea8e5b412930fea99d98c12040deaa1086,2026-10-02T00:55:44.964837+00:00,28.478474685625926,17.499131191796593,RB,3,70,143.0,8.411764705882353,30.235294117647058,16794,PASS,,
2026_04_ARI_NYG,00-0037263,60,0.0450062508681761,0.03582627223003894,NFL-RUSH-RIDGE-NORMALSD-ISO-v1,2024-25-WALKFORWARD-ISO-v1,8be61f9f4442b75fbacd335b0997d4ea8e5b412930fea99d98c12040deaa1086,2026-10-02T00:55:44.964837+00:00,28.478474685625926,17.499131191796593,RB,3,70,143.0,8.411764705882353,30.235294117647058,16794,PASS,,
2026_04_ARI_NYG,00-0037263,50,0.0694607268464243,0.10937429862732992,NFL-RUSH-RIDGE-NORMALSD-ISO-v1,2024-25-WALKFORWARD-ISO-v1,8be61f9f4442b75fbacd335b0997d4ea8e5b412930fea99d98c12040deaa1086,2026-10-02T00:55:44.964837+00:00,28.478474685625926,17.499131191796593,RB,3,70,143.0,8.411764705882353,30.235294117647058,16794,PASS,,
2026_04_ARI_NYG,00-0037263,40,0.1097112117780294,0.25513878103666726,NFL-RUSH-RIDGE-NORMALSD-ISO-v1,2024-25-WALKFORWARD-ISO-v1,8be61f9f4442b75fbacd335b0997d4ea8e5b412930fea99d98c12040deaa1086,2026-10-02T00:55:44.964837+00:00,28.478474685625926,17.499131191796593,RB,3,70,143.0,8.411764705882353,30.235294117647058,16794,PASS,,
2026_04_ARI_NYG,00-0037263,30,0.3585657370517928,0.46535617619014336,NFL-RUSH-RIDGE-NORMALSD-ISO-v1,2024-25-WALKFORWARD-ISO-v1,8be61f9f4442b75fbacd335b0997d4ea8e5b412930fea99d98c12040deaa1086,2026-10-02T00:55:44.964837+00:00,28.478474685625926,17.499131191796593,RB,3,70,143.0,8.411764705882353,30.235294117647058,16794,PASS,,LOW_THRESHOLD_10_30_CALIBRATION_CAUTION
2026_04_ARI_NYG,00-0037263,25,0.4553571428571428,0.5787825208650915,NFL-RUSH-RIDGE-NORMALSD-ISO-v1,2024-25-WALKFORWARD-ISO-v1,8be61f9f4442b75fbacd335b0997d4ea8e5b412930fea99d98c12040deaa1086,2026-10-02T00:55:44.964837+00:00,28.478474685625926,17.499131191796593,RB,3,70,143.0,8.411764705882353,30.235294117647058,16794,PASS,,LOW_THRESHOLD_10_30_CALIBRATION_CAUTION
2026_04_ARI_NYG,00-0037263,20,0.5889175257731958,0.6859874200557191,NFL-RUSH-RIDGE-NORMALSD-ISO-v1,2024-25-WALKFORWARD-ISO-v1,8be61f9f4442b75fbacd335b0997d4ea8e5b412930fea99d98c12040deaa1086,2026-10-02T00:55:44.964837+00:00,28.478474685625926,17.499131191796593,RB,3,70,143.0,8.411764705882353,30.235294117647058,16794,PASS,,LOW_THRESHOLD_10_30_CALIBRATION_CAUTION
2026_04_ARI_NYG,00-0037263,15,0.614247311827957,0.7794202787513218,NFL-RUSH-RIDGE-NORMALSD-ISO-v1,2024-25-WALKFORWARD-ISO-v1,8be61f9f4442b75fbacd335b0997d4ea8e5b412930fea99d98c12040deaa1086,2026-10-02T00:55:44.964837+00:00,28.478474685625926,17.499131191796593,RB,3,70,143.0,8.411764705882353,30.235294117647058,16794,PASS,,LOW_THRESHOLD_10_30_CALIBRATION_CAUTION
2026_04_ARI_NYG,00-0037263,10,0.7077720207253886,0.8545079574881693,NFL-RUSH-RIDGE-NORMALSD-ISO-v1,2024-25-WALKFORWARD-ISO-v1,8be61f9f4442b75fbacd335b0997d4ea8e5b412930fea99d98c12040deaa1086,2026-10-02T00:55:44.964837+00:00,28.478474685625926,17.499131191796593,RB,3,70,143.0,8.411764705882353,30.235294117647058,16794,PASS,,LOW_THRESHOLD_10_30_CALIBRATION_CAUTION
2026_04_ARI_NYG,00-0031503,30,0.0694607268464243,0.10284672936621177,NFL-RUSH-RIDGE-NORMALSD-ISO-v1,2024-25-WALKFORWARD-ISO-v1,8be61f9f4442b75fbacd335b0997d4ea8e5b412930fea99d98c12040deaa1086,2026-10-02T00:55:44.964837+00:00,7.854913482507428,17.499131191796593,QB,2,25,7.0,2.3333333333333335,7.666666666666667,16794,PASS,,LOW_THRESHOLD_10_30_CALIBRATION_CAUTION
2026_04_ARI_NYG,00-0031503,25,0.0963364993215739,0.1636003574088794,NFL-RUSH-RIDGE-NORMALSD-ISO-v1,2024-25-WALKFORWARD-ISO-v1,8be61f9f4442b75fbacd335b0997d4ea8e5b412930fea99d98c12040deaa1086,2026-10-02T00:55:44.964837+00:00,7.854913482507428,17.499131191796593,QB,2,25,7.0,2.3333333333333335,7.666666666666667,16794,PASS,,LOW_THRESHOLD_10_30_CALIBRATION_CAUTION
2026_04_ARI_NYG,00-0031503,20,0.1097112117780294,0.24382875018337752,NFL-RUSH-RIDGE-NORMALSD-ISO-v1,2024-25-WALKFORWARD-ISO-v1,8be61f9f4442b75fbacd335b0997d4ea8e5b412930fea99d98c12040deaa1086,2026-10-02T00:55:44.964837+00:00,7.854913482507428,17.499131191796593,QB,2,25,7.0,2.3333333333333335,7.666666666666667,16794,PASS,,LOW_THRESHOLD_10_30_CALIBRATION_CAUTION
2026_04_ARI_NYG,00-0031503,15,0.2024793388429752,0.34152270822996356,NFL-RUSH-RIDGE-NORMALSD-ISO-v1,2024-25-WALKFORWARD-ISO-v1,8be61f9f4442b75fbacd335b0997d4ea8e5b412930fea99d98c12040deaa1086,2026-10-02T00:55:44.964837+00:00,7.854913482507428,17.499131191796593,QB,2,25,7.0,2.3333333333333335,7.666666666666667,16794,PASS,,LOW_THRESHOLD_10_30_CALIBRATION_CAUTION
2026_04_ARI_NYG,00-0031503,10,0.3560767590618336,0.45121887300677865,NFL-RUSH-RIDGE-NORMALSD-ISO-v1,2024-25-WALKFORWARD-ISO-v1,8be61f9f4442b75fbacd335b0997d4ea8e5b412930fea99d98c12040deaa1086,2026-10-02T00:55:44.964837+00:00,7.854913482507428,17.499131191796593,QB,2,25,7.0,2.3333333333333335,7.666666666666667,16794,PASS,,LOW_THRESHOLD_10_30_CALIBRATION_CAUTION
2026_04_ARI_NYG,00-0036893,70,0.0450062508681761,0.024457412925543046,NFL-RUSH-RIDGE-NORMALSD-ISO-v1,2024-25-WALKFORWARD-ISO-v1,8be61f9f4442b75fbacd335b0997d4ea8e5b412930fea99d98c12040deaa1086,2026-10-02T00:55:44.964837+00:00,35.53837764721448,17.499131191796593,RB,2,56,15.0,5.0,20.333333333333332,16794,PASS,,
2026_04_ARI_NYG,00-0036893,60,0.0694607268464243,0.08107509474413549,NFL-RUSH-RIDGE-NORMALSD-ISO-v1,2024-25-WALKFORWARD-ISO-v1,8be61f9f4442b75fbacd335b0997d4ea8e5b412930fea99d98c12040deaa1086,2026-10-02T00:55:44.964837+00:00,35.53837764721448,17.499131191796593,RB,2,56,15.0,5.0,20.333333333333332,16794,PASS,,
2026_04_ARI_NYG,00-0036893,50,0.1097112117780294,0.20428309729834515,NFL-RUSH-RIDGE-NORMALSD-ISO-v1,2024-25-WALKFORWARD-ISO-v1,8be61f9f4442b75fbacd335b0997d4ea8e5b412930fea99d98c12040deaa1086,2026-10-02T00:55:44.964837+00:00,35.53837764721448,17.499131191796593,RB,2,56,15.0,5.0,20.333333333333332,16794,PASS,,
2026_04_ARI_NYG,00-0036893,40,0.3003533568904594,0.39937602887793655,NFL-RUSH-RIDGE-NORMALSD-ISO-v1,2024-25-WALKFORWARD-ISO-v1,8be61f9f4442b75fbacd335b0997d4ea8e5b412930fea99d98c12040deaa1086,2026-10-02T00:55:44.964837+00:00,35.53837764721448,17.499131191796593,RB,2,56,15.0,5.0,20.333333333333332,16794,PASS,,
2026_04_ARI_NYG,00-0036893,30,0.518590998043053,0.624186375924185,NFL-RUSH-RIDGE-NORMALSD-ISO-v1,2024-25-WALKFORWARD-ISO-v1,8be61f9f4442b75fbacd335b0997d4ea8e5b412930fea99d98c12040deaa1086,2026-10-02T00:55:44.964837+00:00,35.53837764721448,17.499131191796593,RB,2,56,15.0,5.0,20.333333333333332,16794,PASS,,LOW_THRESHOLD_10_30_CALIBRATION_CAUTION
2026_04_ARI_NYG,00-0036893,25,0.5889175257731958,0.7264871150192717,NFL-RUSH-RIDGE-NORMALSD-ISO-v1,2024-25-WALKFORWARD-ISO-v1,8be61f9f4442b75fbacd335b0997d4ea8e5b412930fea99d98c12040deaa1086,2026-10-02T00:55:44.964837+00:00,35.53837764721448,17.499131191796593,RB,2,56,15.0,5.0,20.333333333333332,16794,PASS,,LOW_THRESHOLD_10_30_CALIBRATION_CAUTION
2026_04_ARI_NYG,00-0036893,20,0.7077720207253886,0.8127165467949456,NFL-RUSH-RIDGE-NORMALSD-ISO-v1,2024-25-WALKFORWARD-ISO-v1,8be61f9f4442b75fbacd335b0997d4ea8e5b412930fea99d98c12040deaa1086,2026-10-02T00:55:44.964837+00:00,35.53837764721448,17.499131191796593,RB,2,56,15.0,5.0,20.333333333333332,16794,PASS,,LOW_THRESHOLD_10_30_CALIBRATION_CAUTION
2026_04_ARI_NYG,00-0036893,15,0.7083333333333334,0.8797383576212885,NFL-RUSH-RIDGE-NORMALSD-ISO-v1,2024-25-WALKFORWARD-ISO-v1,8be61f9f4442b75fbacd335b0997d4ea8e5b412930fea99d98c12040deaa1086,2026-10-02T00:55:44.964837+00:00,35.53837764721448,17.499131191796593,RB,2,56,15.0,5.0,20.333333333333332,16794,PASS,,LOW_THRESHOLD_10_30_CALIBRATION_CAUTION
2026_04_ARI_NYG,00-0036893,10,0.8320926385442513,0.9277736212383457,NFL-RUSH-RIDGE-NORMALSD-ISO-v1,2024-25-WALKFORWARD-ISO-v1,8be61f9f4442b75fbacd335b0997d4ea8e5b412930fea99d98c12040deaa1086,2026-10-02T00:55:44.964837+00:00,35.53837764721448,17.499131191796593,RB,2,56,15.0,5.0,20.333333333333332,16794,PASS,,LOW_THRESHOLD_10_30_CALIBRATION_CAUTION
2026_04_NE_BUF,00-0034857,80,0.0289297658862876,0.004602472498742393,NFL-RUSH-RIDGE-NORMALSD-ISO-v1,2024-25-WALKFORWARD-ISO-v1,8be61f9f4442b75fbacd335b0997d4ea8e5b412930fea99d98c12040deaa1086,2026-10-02T00:55:44.964837+00:00,34.42618632290835,17.499131191796593,QB,3,68,112.0,7.0,36.1875,16794,PASS,,
2026_04_NE_BUF,00-0034857,70,0.0450062508681761,0.021031804725765803,NFL-RUSH-RIDGE-NORMALSD-ISO-v1,2024-25-WALKFORWARD-ISO-v1,8be61f9f4442b75fbacd335b0997d4ea8e5b412930fea99d98c12040deaa1086,2026-10-02T00:55:44.964837+00:00,34.42618632290835,17.499131191796593,QB,3,68,112.0,7.0,36.1875,16794,PASS,,
2026_04_NE_BUF,00-0034857,60,0.0694607268464243,0.07194827888874017,NFL-RUSH-RIDGE-NORMALSD-ISO-v1,2024-25-WALKFORWARD-ISO-v1,8be61f9f4442b75fbacd335b0997d4ea8e5b412930fea99d98c12040deaa1086,2026-10-02T00:55:44.964837+00:00,34.42618632290835,17.499131191796593,QB,3,68,112.0,7.0,36.1875,16794,PASS,,
2026_04_NE_BUF,00-0034857,50,0.1097112117780294,0.18673928076773788,NFL-RUSH-RIDGE-NORMALSD-ISO-v1,2024-25-WALKFORWARD-ISO-v1,8be61f9f4442b75fbacd335b0997d4ea8e5b412930fea99d98c12040deaa1086,2026-10-02T00:55:44.964837+00:00,34.42618632290835,17.499131191796593,QB,3,68,112.0,7.0,36.1875,16794,PASS,,
2026_04_NE_BUF,00-0034857,40,0.222509702457956,0.3750454709278687,NFL-RUSH-RIDGE-NORMALSD-ISO-v1,2024-25-WALKFORWARD-ISO-v1,8be61f9f4442b75fbacd335b0997d4ea8e5b412930fea99d98c12040deaa1086,2026-10-02T00:55:44.964837+00:00,34.42618632290835,17.499131191796593,QB,3,68,112.0,7.0,36.1875,16794,PASS,,
2026_04_NE_BUF,00-0034857,30,0.4804804804804805,0.5998417408621185,NFL-RUSH-RIDGE-NORMALSD-ISO-v1,2024-25-WALKFORWARD-ISO-v1,8be61f9f4442b75fbacd335b0997d4ea8e5b412930fea99d98c12040deaa1086,2026-10-02T00:55:44.964837+00:00,34.42618632290835,17.499131191796593,QB,3,68,112.0,7.0,36.1875,16794,PASS,,LOW_THRESHOLD_10_30_CALIBRATION_CAUTION
2026_04_NE_BUF,00-0034857,25,0.5889175257731958,0.7049413175868114,NFL-RUSH-RIDGE-NORMALSD-ISO-v1,2024-25-WALKFORWARD-ISO-v1,8be61f9f4442b75fbacd335b0997d4ea8e5b412930fea99d98c12040deaa1086,2026-10-02T00:55:44.964837+00:00,34.42618632290835,17.499131191796593,QB,3,68,112.0,7.0,36.1875,16794,PASS,,LOW_THRESHOLD_10_30_CALIBRATION_CAUTION
2026_04_NE_BUF,00-0034857,20,0.614247311827957,0.7951422612725021,NFL-RUSH-RIDGE-NORMALSD-ISO-v1,2024-25-WALKFORWARD-ISO-v1,8be61f9f4442b75fbacd335b0997d4ea8e5b412930fea99d98c12040deaa1086,2026-10-02T00:55:44.964837+00:00,34.42618632290835,17.499131191796593,QB,3,68,112.0,7.0,36.1875,16794,PASS,,LOW_THRESHOLD_10_30_CALIBRATION_CAUTION
2026_04_NE_BUF,00-0034857,15,0.7077720207253886,0.8665269654583152,NFL-RUSH-RIDGE-NORMALSD-ISO-v1,2024-25-WALKFORWARD-ISO-v1,8be61f9f4442b75fbacd335b0997d4ea8e5b412930fea99d98c12040deaa1086,2026-10-02T00:55:44.964837+00:00,34.42618632290835,17.499131191796593,QB,3,68,112.0,7.0,36.1875,16794,PASS,,LOW_THRESHOLD_10_30_CALIBRATION_CAUTION
2026_04_NYJ_CHI,00-0039794,90,0.011334363730036,5.9641947070286215e-05,NFL-RUSH-RIDGE-NORMALSD-ISO-v1,2024-25-WALKFORWARD-ISO-v1,8be61f9f4442b75fbacd335b0997d4ea8e5b412930fea99d98c12040deaa1086,2026-10-02T00:55:44.964837+00:00,22.670461436186365,17.499131191796593,RB,3,24,18.0,4.5,19.0,16794,PASS,,
2026_04_NYJ_CHI,00-0039794,80,0.014933628318584,0.0005261888343209154,NFL-RUSH-RIDGE-NORMALSD-ISO-v1,2024-25-WALKFORWARD-ISO-v1,8be61f9f4442b75fbacd335b0997d4ea8e5b412930fea99d98c12040deaa1086,2026-10-02T00:55:44.964837+00:00,22.670461436186365,17.499131191796593,RB,3,24,18.0,4.5,19.0,16794,PASS,,
2026_04_NYJ_CHI,00-0039794,70,0.0239520958083832,0.0034185176534911824,NFL-RUSH-RIDGE-NORMALSD-ISO-v1,2024-25-WALKFORWARD-ISO-v1,8be61f9f4442b75fbacd335b0997d4ea8e5b412930fea99d98c12040deaa1086,2026-10-02T00:55:44.964837+00:00,22.670461436186365,17.499131191796593,RB,3,24,18.0,4.5,19.0,16794,PASS,,
2026_04_NYJ_CHI,00-0039794,60,0.0336448598130841,0.01645324338960335,NFL-RUSH-RIDGE-NORMALSD-ISO-v1,2024-25-WALKFORWARD-ISO-v1,8be61f9f4442b75fbacd335b0997d4ea8e5b412930fea99d98c12040deaa1086,2026-10-02T00:55:44.964837+00:00,22.670461436186365,17.499131191796593,RB,3,24,18.0,4.5,19.0,16794,PASS,,
2026_04_NYJ_CHI,00-0039794,50,0.0577342047930283,0.05917162646954015,NFL-RUSH-RIDGE-NORMALSD-ISO-v1,2024-25-WALKFORWARD-ISO-v1,8be61f9f4442b75fbacd335b0997d4ea8e5b412930fea99d98c12040deaa1086,2026-10-02T00:55:44.964837+00:00,22.670461436186365,17.499131191796593,RB,3,24,18.0,4.5,19.0,16794,PASS,,
2026_04_NYJ_CHI,00-0039794,40,0.0963364993215739,0.1610116737811781,NFL-RUSH-RIDGE-NORMALSD-ISO-v1,2024-25-WALKFORWARD-ISO-v1,8be61f9f4442b75fbacd335b0997d4ea8e5b412930fea99d98c12040deaa1086,2026-10-02T00:55:44.964837+00:00,22.670461436186365,17.499131191796593,RB,3,24,18.0,4.5,19.0,16794,PASS,,
2026_04_NYJ_CHI,00-0039794,30,0.2024793388429752,0.3376623067477009,NFL-RUSH-RIDGE-NORMALSD-ISO-v1,2024-25-WALKFORWARD-ISO-v1,8be61f9f4442b75fbacd335b0997d4ea8e5b412930fea99d98c12040deaa1086,2026-10-02T00:55:44.964837+00:00,22.670461436186365,17.499131191796593,RB,3,24,18.0,4.5,19.0,16794,PASS,,LOW_THRESHOLD_10_30_CALIBRATION_CAUTION
2026_04_NYJ_CHI,00-0039794,120,0.0025059351094697,1.3337762787638618e-08,NFL-RUSH-RIDGE-NORMALSD-ISO-v1,2024-25-WALKFORWARD-ISO-v1,8be61f9f4442b75fbacd335b0997d4ea8e5b412930fea99d98c12040deaa1086,2026-10-02T00:55:44.964837+00:00,22.670461436186365,17.499131191796593,RB,3,24,18.0,4.5,19.0,16794,PASS,,
2026_04_NYJ_CHI,00-0039794,110,0.0038745156855393,3.0110492495814327e-07,NFL-RUSH-RIDGE-NORMALSD-ISO-v1,2024-25-WALKFORWARD-ISO-v1,8be61f9f4442b75fbacd335b0997d4ea8e5b412930fea99d98c12040deaa1086,2026-10-02T00:55:44.964837+00:00,22.670461436186365,17.499131191796593,RB,3,24,18.0,4.5,19.0,16794,PASS,,
2026_04_NYJ_CHI,00-0039794,100,0.0073696145124716,4.956781842480844e-06,NFL-RUSH-RIDGE-NORMALSD-ISO-v1,2024-25-WALKFORWARD-ISO-v1,8be61f9f4442b75fbacd335b0997d4ea8e5b412930fea99d98c12040deaa1086,2026-10-02T00:55:44.964837+00:00,22.670461436186365,17.499131191796593,RB,3,24,18.0,4.5,19.0,16794,PASS,,
2026_04_NYJ_CHI,00-0040236,90,0.0289297658862876,0.007479236545544123,NFL-RUSH-RIDGE-NORMALSD-ISO-v1,2024-25-WALKFORWARD-ISO-v1,8be61f9f4442b75fbacd335b0997d4ea8e5b412930fea99d98c12040deaa1086,2026-10-02T00:55:44.964837+00:00,47.41791342177638,17.499131191796593,RB,3,20,169.0,9.941176470588236,46.05882352941177,16794,PASS,,
2026_04_NYJ_CHI,00-0040236,80,0.0450062508681761,0.03130676389914907,NFL-RUSH-RIDGE-NORMALSD-ISO-v1,2024-25-WALKFORWARD-ISO-v1,8be61f9f4442b75fbacd335b0997d4ea8e5b412930fea99d98c12040deaa1086,2026-10-02T00:55:44.964837+00:00,47.41791342177638,17.499131191796593,RB,3,20,169.0,9.941176470588236,46.05882352941177,16794,PASS,,
2026_04_NYJ_CHI,00-0040236,70,0.0694607268464243,0.09844393176213428,NFL-RUSH-RIDGE-NORMALSD-ISO-v1,2024-25-WALKFORWARD-ISO-v1,8be61f9f4442b75fbacd335b0997d4ea8e5b412930fea99d98c12040deaa1086,2026-10-02T00:55:44.964837+00:00,47.41791342177638,17.499131191796593,RB,3,20,169.0,9.941176470588236,46.05882352941177,16794,PASS,,
2026_04_NYJ_CHI,00-0040236,60,0.1097112117780294,0.23606674077040077,NFL-RUSH-RIDGE-NORMALSD-ISO-v1,2024-25-WALKFORWARD-ISO-v1,8be61f9f4442b75fbacd335b0997d4ea8e5b412930fea99d98c12040deaa1086,2026-10-02T00:55:44.964837+00:00,47.41791342177638,17.499131191796593,RB,3,20,169.0,9.941176470588236,46.05882352941177,16794,PASS,,
2026_04_NYJ_CHI,00-0040236,50,0.3560767590618336,0.4413469342113306,NFL-RUSH-RIDGE-NORMALSD-ISO-v1,2024-25-WALKFORWARD-ISO-v1,8be61f9f4442b75fbacd335b0997d4ea8e5b412930fea99d98c12040deaa1086,2026-10-02T00:55:44.964837+00:00,47.41791342177638,17.499131191796593,RB,3,20,169.0,9.941176470588236,46.05882352941177,16794,PASS,,
2026_04_NYJ_CHI,00-0040236,40,0.5792682926829267,0.664181288710872,NFL-RUSH-RIDGE-NORMALSD-ISO-v1,2024-25-WALKFORWARD-ISO-v1,8be61f9f4442b75fbacd335b0997d4ea8e5b412930fea99d98c12040deaa1086,2026-10-02T00:55:44.964837+00:00,47.41791342177638,17.499131191796593,RB,3,20,169.0,9.941176470588236,46.05882352941177,16794,PASS,,
2026_04_NYJ_CHI,00-0040236,30,0.7077720207253886,0.8402190942915306,NFL-RUSH-RIDGE-NORMALSD-ISO-v1,2024-25-WALKFORWARD-ISO-v1,8be61f9f4442b75fbacd335b0997d4ea8e5b412930fea99d98c12040deaa1086,2026-10-02T00:55:44.964837+00:00,47.41791342177638,17.499131191796593,RB,3,20,169.0,9.941176470588236,46.05882352941177,16794,PASS,,LOW_THRESHOLD_10_30_CALIBRATION_CAUTION
2026_04_NYJ_CHI,00-0040236,25,0.7678571428571429,0.8999184847941977,NFL-RUSH-RIDGE-NORMALSD-ISO-v1,2024-25-WALKFORWARD-ISO-v1,8be61f9f4442b75fbacd335b0997d4ea8e5b412930fea99d98c12040deaa1086,2026-10-02T00:55:44.964837+00:00,47.41791342177638,17.499131191796593,RB,3,20,169.0,9.941176470588236,46.05882352941177,16794,PASS,,LOW_THRESHOLD_10_30_CALIBRATION_CAUTION
2026_04_NYJ_CHI,00-0040236,20,0.8320926385442513,0.9414211112847584,NFL-RUSH-RIDGE-NORMALSD-ISO-v1,2024-25-WALKFORWARD-ISO-v1,8be61f9f4442b75fbacd335b0997d4ea8e5b412930fea99d98c12040deaa1086,2026-10-02T00:55:44.964837+00:00,47.41791342177638,17.499131191796593,RB,3,20,169.0,9.941176470588236,46.05882352941177,16794,PASS,,LOW_THRESHOLD_10_30_CALIBRATION_CAUTION
2026_04_NYJ_CHI,00-0040236,100,0.019949281487743,0.0013286036421603408,NFL-RUSH-RIDGE-NORMALSD-ISO-v1,2024-25-WALKFORWARD-ISO-v1,8be61f9f4442b75fbacd335b0997d4ea8e5b412930fea99d98c12040deaa1086,2026-10-02T00:55:44.964837+00:00,47.41791342177638,17.499131191796593,RB,3,20,169.0,9.941176470588236,46.05882352941177,16794,PASS,,
2026_04_NYJ_CHI,00-0036275,90,0.0694607268464243,0.12877580426280827,NFL-RUSH-RIDGE-NORMALSD-ISO-v1,2024-25-WALKFORWARD-ISO-v1,8be61f9f4442b75fbacd335b0997d4ea8e5b412930fea99d98c12040deaa1086,2026-10-02T00:55:44.964837+00:00,70.18753563855401,17.499131191796593,RB,3,66,223.0,13.9375,67.9375,16794,PASS,,
2026_04_NYJ_CHI,00-0036275,80,0.1097112117780294,0.2874873673312999,NFL-RUSH-RIDGE-NORMALSD-ISO-v1,2024-25-WALKFORWARD-ISO-v1,8be61f9f4442b75fbacd335b0997d4ea8e5b412930fea99d98c12040deaa1086,2026-10-02T00:55:44.964837+00:00,70.18753563855401,17.499131191796593,RB,3,66,223.0,13.9375,67.9375,16794,PASS,,
2026_04_NYJ_CHI,00-0036275,70,0.4098939929328622,0.5042753244371387,NFL-RUSH-RIDGE-NORMALSD-ISO-v1,2024-25-WALKFORWARD-ISO-v1,8be61f9f4442b75fbacd335b0997d4ea8e5b412930fea99d98c12040deaa1086,2026-10-02T00:55:44.964837+00:00,70.18753563855401,17.499131191796593,RB,3,66,223.0,13.9375,67.9375,16794,PASS,,
2026_04_NYJ_CHI,00-0036275,60,0.5889175257731958,0.7197751891871536,NFL-RUSH-RIDGE-NORMALSD-ISO-v1,2024-25-WALKFORWARD-ISO-v1,8be61f9f4442b75fbacd335b0997d4ea8e5b412930fea99d98c12040deaa1086,2026-10-02T00:55:44.964837+00:00,70.18753563855401,17.499131191796593,RB,3,66,223.0,13.9375,67.9375,16794,PASS,,
2026_04_NYJ_CHI,00-0036275,50,0.7077720207253886,0.8756742046632393,NFL-RUSH-RIDGE-NORMALSD-ISO-v1,2024-25-WALKFORWARD-ISO-v1,8be61f9f4442b75fbacd335b0997d4ea8e5b412930fea99d98c12040deaa1086,2026-10-02T00:55:44.964837+00:00,70.18753563855401,17.499131191796593,RB,3,66,223.0,13.9375,67.9375,16794,PASS,,
2026_04_NYJ_CHI,00-0036275,40,0.8320926385442513,0.9577441638225853,NFL-RUSH-RIDGE-NORMALSD-ISO-v1,2024-25-WALKFORWARD-ISO-v1,8be61f9f4442b75fbacd335b0997d4ea8e5b412930fea99d98c12040deaa1086,2026-10-02T00:55:44.964837+00:00,70.18753563855401,17.499131191796593,RB,3,66,223.0,13.9375,67.9375,16794,PASS,,
2026_04_NYJ_CHI,00-0036275,140,0.0080273270708795,3.3108908097413315e-05,NFL-RUSH-RIDGE-NORMALSD-ISO-v1,2024-25-WALKFORWARD-ISO-v1,8be61f9f4442b75fbacd335b0997d4ea8e5b412930fea99d98c12040deaa1086,2026-10-02T00:55:44.964837+00:00,70.18753563855401,17.499131191796593,RB,3,66,223.0,13.9375,67.9375,16794,PASS,,
2026_04_NYJ_CHI,00-0036275,130,0.0128061469505362,0.0003153867976318027,NFL-RUSH-RIDGE-NORMALSD-ISO-v1,2024-25-WALKFORWARD-ISO-v1,8be61f9f4442b75fbacd335b0997d4ea8e5b412930fea99d98c12040deaa1086,2026-10-02T00:55:44.964837+00:00,70.18753563855401,17.499131191796593,RB,3,66,223.0,13.9375,67.9375,16794,PASS,,
2026_04_NYJ_CHI,00-0036275,120,0.019949281487743,0.002209665475031095,NFL-RUSH-RIDGE-NORMALSD-ISO-v1,2024-25-WALKFORWARD-ISO-v1,8be61f9f4442b75fbacd335b0997d4ea8e5b412930fea99d98c12040deaa1086,2026-10-02T00:55:44.964837+00:00,70.18753563855401,17.499131191796593,RB,3,66,223.0,13.9375,67.9375,16794,PASS,,
2026_04_NYJ_CHI,00-0036275,110,0.0289297658862876,0.011449638555868726,NFL-RUSH-RIDGE-NORMALSD-ISO-v1,2024-25-WALKFORWARD-ISO-v1,8be61f9f4442b75fbacd335b0997d4ea8e5b412930fea99d98c12040deaa1086,2026-10-02T00:55:44.964837+00:00,70.18753563855401,17.499131191796593,RB,3,66,223.0,13.9375,67.9375,16794,PASS,,
2026_04_NYJ_CHI,00-0036275,100,0.0450062508681761,0.044222875960512324,NFL-RUSH-RIDGE-NORMALSD-ISO-v1,2024-25-WALKFORWARD-ISO-v1,8be61f9f4442b75fbacd335b0997d4ea8e5b412930fea99d98c12040deaa1086,2026-10-02T00:55:44.964837+00:00,70.18753563855401,17.499131191796593,RB,3,66,223.0,13.9375,67.9375,16794,PASS,,
2026_04_ARI_NYG,00-0041027,130,0.0080273270708795,2.1779911549343846e-05,NFL-RUSH-RIDGE-NORMALSD-ISO-v1,2024-25-WALKFORWARD-ISO-v1,8be61f9f4442b75fbacd335b0997d4ea8e5b412930fea99d98c12040deaa1086,2026-10-02T00:55:44.964837+00:00,58.46812276342636,17.499131191796593,RB,3,3,0.0,0.0,0.0,16794,PASS,,
2026_04_ARI_NYG,00-0041027,120,0.0128061469505362,0.000218818074662079,NFL-RUSH-RIDGE-NORMALSD-ISO-v1,2024-25-WALKFORWARD-ISO-v1,8be61f9f4442b75fbacd335b0997d4ea8e5b412930fea99d98c12040deaa1086,2026-10-02T00:55:44.964837+00:00,58.46812276342636,17.499131191796593,RB,3,3,0.0,0.0,0.0,16794,PASS,,
2026_04_ARI_NYG,00-0041027,110,0.019949281487743,0.0016156874030568299,NFL-RUSH-RIDGE-NORMALSD-ISO-v1,2024-25-WALKFORWARD-ISO-v1,8be61f9f4442b75fbacd335b0997d4ea8e5b412930fea99d98c12040deaa1086,2026-10-02T00:55:44.964837+00:00,58.46812276342636,17.499131191796593,RB,3,3,0.0,0.0,0.0,16794,PASS,,
2026_04_ARI_NYG,00-0041027,100,0.0289297658862876,0.008813347142950043,NFL-RUSH-RIDGE-NORMALSD-ISO-v1,2024-25-WALKFORWARD-ISO-v1,8be61f9f4442b75fbacd335b0997d4ea8e5b412930fea99d98c12040deaa1086,2026-10-02T00:55:44.964837+00:00,58.46812276342636,17.499131191796593,RB,3,3,0.0,0.0,0.0,16794,PASS,,
2026_04_ARI_NYG,00-0041027,90,0.0450062508681761,0.035779703511120926,NFL-RUSH-RIDGE-NORMALSD-ISO-v1,2024-25-WALKFORWARD-ISO-v1,8be61f9f4442b75fbacd335b0997d4ea8e5b412930fea99d98c12040deaa1086,2026-10-02T00:55:44.964837+00:00,58.46812276342636,17.499131191796593,RB,3,3,0.0,0.0,0.0,16794,PASS,,
2026_04_ARI_NYG,00-0041027,80,0.0694607268464243,0.10926355774989799,NFL-RUSH-RIDGE-NORMALSD-ISO-v1,2024-25-WALKFORWARD-ISO-v1,8be61f9f4442b75fbacd335b0997d4ea8e5b412930fea99d98c12040deaa1086,2026-10-02T00:55:44.964837+00:00,58.46812276342636,17.499131191796593,RB,3,3,0.0,0.0,0.0,16794,PASS,,
2026_04_ARI_NYG,00-0041027,70,0.1097112117780294,0.25494880574983075,NFL-RUSH-RIDGE-NORMALSD-ISO-v1,2024-25-WALKFORWARD-ISO-v1,8be61f9f4442b75fbacd335b0997d4ea8e5b412930fea99d98c12040deaa1086,2026-10-02T00:55:44.964837+00:00,58.46812276342636,17.499131191796593,RB,3,3,0.0,0.0,0.0,16794,PASS,,
2026_04_ARI_NYG,00-0041027,60,0.3585657370517928,0.4651210712597051,NFL-RUSH-RIDGE-NORMALSD-ISO-v1,2024-25-WALKFORWARD-ISO-v1,8be61f9f4442b75fbacd335b0997d4ea8e5b412930fea99d98c12040deaa1086,2026-10-02T00:55:44.964837+00:00,58.46812276342636,17.499131191796593,RB,3,3,0.0,0.0,0.0,16794,PASS,,
2026_04_ARI_NYG,00-0041027,50,0.5889175257731958,0.6857775251760407,NFL-RUSH-RIDGE-NORMALSD-ISO-v1,2024-25-WALKFORWARD-ISO-v1,8be61f9f4442b75fbacd335b0997d4ea8e5b412930fea99d98c12040deaa1086,2026-10-02T00:55:44.964837+00:00,58.46812276342636,17.499131191796593,RB,3,3,0.0,0.0,0.0,16794,PASS,,
2026_04_ARI_NYG,00-0041027,40,0.7077720207253886,0.8543727759353394,NFL-RUSH-RIDGE-NORMALSD-ISO-v1,2024-25-WALKFORWARD-ISO-v1,8be61f9f4442b75fbacd335b0997d4ea8e5b412930fea99d98c12040deaa1086,2026-10-02T00:55:44.964837+00:00,58.46812276342636,17.499131191796593,RB,3,3,0.0,0.0,0.0,16794,PASS,,
2026_04_ARI_NYG,00-0041027,30,0.8320926385442513,0.948113463688365,NFL-RUSH-RIDGE-NORMALSD-ISO-v1,2024-25-WALKFORWARD-ISO-v1,8be61f9f4442b75fbacd335b0997d4ea8e5b412930fea99d98c12040deaa1086,2026-10-02T00:55:44.964837+00:00,58.46812276342636,17.499131191796593,RB,3,3,0.0,0.0,0.0,16794,PASS,,LOW_THRESHOLD_10_30_CALIBRATION_CAUTION
2026_04_ARI_NYG,00-0040715,90,0.0450062508681761,0.044596397610889627,NFL-RUSH-RIDGE-NORMALSD-ISO-v1,2024-25-WALKFORWARD-ISO-v1,8be61f9f4442b75fbacd335b0997d4ea8e5b412930fea99d98c12040deaa1086,2026-10-02T00:55:44.964837+00:00,60.25723122239516,17.499131191796593,RB,3,11,101.0,12.625,51.25,16794,PASS,,
2026_04_ARI_NYG,00-0040715,80,0.0694607268464243,0.12961472839029523,NFL-RUSH-RIDGE-NORMALSD-ISO-v1,2024-25-WALKFORWARD-ISO-v1,8be61f9f4442b75fbacd335b0997d4ea8e5b412930fea99d98c12040deaa1086,2026-10-02T00:55:44.964837+00:00,60.25723122239516,17.499131191796593,RB,3,11,101.0,12.625,51.25,16794,PASS,,
2026_04_ARI_NYG,00-0040715,70,0.1097112117780294,0.28884663583150033,NFL-RUSH-RIDGE-NORMALSD-ISO-v1,2024-25-WALKFORWARD-ISO-v1,8be61f9f4442b75fbacd335b0997d4ea8e5b412930fea99d98c12040deaa1086,2026-10-02T00:55:44.964837+00:00,60.25723122239516,17.499131191796593,RB,3,11,101.0,12.625,51.25,16794,PASS,,
2026_04_ARI_NYG,00-0040715,60,0.4098939929328622,0.5058641034086975,NFL-RUSH-RIDGE-NORMALSD-ISO-v1,2024-25-WALKFORWARD-ISO-v1,8be61f9f4442b75fbacd335b0997d4ea8e5b412930fea99d98c12040deaa1086,2026-10-02T00:55:44.964837+00:00,60.25723122239516,17.499131191796593,RB,3,11,101.0,12.625,51.25,16794,PASS,,
2026_04_ARI_NYG,00-0040715,50,0.5889175257731958,0.7211148577806306,NFL-RUSH-RIDGE-NORMALSD-ISO-v1,2024-25-WALKFORWARD-ISO-v1,8be61f9f4442b75fbacd335b0997d4ea8e5b412930fea99d98c12040deaa1086,2026-10-02T00:55:44.964837+00:00,60.25723122239516,17.499131191796593,RB,3,11,101.0,12.625,51.25,16794,PASS,,
2026_04_ARI_NYG,00-0040715,40,0.7077720207253886,0.8764891095681622,NFL-RUSH-RIDGE-NORMALSD-ISO-v1,2024-25-WALKFORWARD-ISO-v1,8be61f9f4442b75fbacd335b0997d4ea8e5b412930fea99d98c12040deaa1086,2026-10-02T00:55:44.964837+00:00,60.25723122239516,17.499131191796593,RB,3,11,101.0,12.625,51.25,16794,PASS,,
2026_04_ARI_NYG,00-0040715,140,0.0038745156855393,2.5950160307411628e-06,NFL-RUSH-RIDGE-NORMALSD-ISO-v1,2024-25-WALKFORWARD-ISO-v1,8be61f9f4442b75fbacd335b0997d4ea8e5b412930fea99d98c12040deaa1086,2026-10-02T00:55:44.964837+00:00,60.25723122239516,17.499131191796593,RB,3,11,101.0,12.625,51.25,16794,PASS,,
2026_04_ARI_NYG,00-0040715,130,0.0080273270708795,3.366923927276844e-05,NFL-RUSH-RIDGE-NORMALSD-ISO-v1,2024-25-WALKFORWARD-ISO-v1,8be61f9f4442b75fbacd335b0997d4ea8e5b412930fea99d98c12040deaa1086,2026-10-02T00:55:44.964837+00:00,60.25723122239516,17.499131191796593,RB,3,11,101.0,12.625,51.25,16794,PASS,,
2026_04_ARI_NYG,00-0040715,120,0.0128061469505362,0.0003200335447746057,NFL-RUSH-RIDGE-NORMALSD-ISO-v1,2024-25-WALKFORWARD-ISO-v1,8be61f9f4442b75fbacd335b0997d4ea8e5b412930fea99d98c12040deaa1086,2026-10-02T00:55:44.964837+00:00,60.25723122239516,17.499131191796593,RB,3,11,101.0,12.625,51.25,16794,PASS,,
2026_04_ARI_NYG,00-0040715,110,0.019949281487743,0.00223746446121316,NFL-RUSH-RIDGE-NORMALSD-ISO-v1,2024-25-WALKFORWARD-ISO-v1,8be61f9f4442b75fbacd335b0997d4ea8e5b412930fea99d98c12040deaa1086,2026-10-02T00:55:44.964837+00:00,60.25723122239516,17.499131191796593,RB,3,11,101.0,12.625,51.25,16794,PASS,,
2026_04_ARI_NYG,00-0040715,100,0.0289297658862876,0.011569611837259929,NFL-RUSH-RIDGE-NORMALSD-ISO-v1,2024-25-WALKFORWARD-ISO-v1,8be61f9f4442b75fbacd335b0997d4ea8e5b412930fea99d98c12040deaa1086,2026-10-02T00:55:44.964837+00:00,60.25723122239516,17.499131191796593,RB,3,11,101.0,12.625,51.25,16794,PASS,,
2026_04_GB_TB,00-0039811,70,0.0289297658862876,0.005361444352756847,NFL-RUSH-RIDGE-NORMALSD-ISO-v1,2024-25-WALKFORWARD-ISO-v1,8be61f9f4442b75fbacd335b0997d4ea8e5b412930fea99d98c12040deaa1086,2026-10-02T00:55:44.964837+00:00,25.349179303112827,17.499131191796593,RB,3,4,0.0,0.0,0.0,16794,PASS,,
2026_04_GB_TB,00-0039811,60,0.0450062508681761,0.023843607518773974,NFL-RUSH-RIDGE-NORMALSD-ISO-v1,2024-25-WALKFORWARD-ISO-v1,8be61f9f4442b75fbacd335b0997d4ea8e5b412930fea99d98c12040deaa1086,2026-10-02T00:55:44.964837+00:00,25.349179303112827,17.499131191796593,RB,3,4,0.0,0.0,0.0,16794,PASS,,
2026_04_GB_TB,00-0039811,50,0.0694607268464243,0.07946368370834182,NFL-RUSH-RIDGE-NORMALSD-ISO-v1,2024-25-WALKFORWARD-ISO-v1,8be61f9f4442b75fbacd335b0997d4ea8e5b412930fea99d98c12040deaa1086,2026-10-02T00:55:44.964837+00:00,25.349179303112827,17.499131191796593,RB,3,4,0.0,0.0,0.0,16794,PASS,,
2026_04_GB_TB,00-0039811,40,0.1097112117780294,0.20123127800489515,NFL-RUSH-RIDGE-NORMALSD-ISO-v1,2024-25-WALKFORWARD-ISO-v1,8be61f9f4442b75fbacd335b0997d4ea8e5b412930fea99d98c12040deaa1086,2026-10-02T00:55:44.964837+00:00,25.349179303112827,17.499131191796593,RB,3,4,0.0,0.0,0.0,16794,PASS,,
2026_04_GB_TB,00-0039811,30,0.3003533568904594,0.39520648880915865,NFL-RUSH-RIDGE-NORMALSD-ISO-v1,2024-25-WALKFORWARD-ISO-v1,8be61f9f4442b75fbacd335b0997d4ea8e5b412930fea99d98c12040deaa1086,2026-10-02T00:55:44.964837+00:00,25.349179303112827,17.499131191796593,RB,3,4,0.0,0.0,0.0,16794,PASS,,LOW_THRESHOLD_10_30_CALIBRATION_CAUTION
2026_04_GB_TB,00-0039811,25,0.4098939929328622,0.5079600033987882,NFL-RUSH-RIDGE-NORMALSD-ISO-v1,2024-25-WALKFORWARD-ISO-v1,8be61f9f4442b75fbacd335b0997d4ea8e5b412930fea99d98c12040deaa1086,2026-10-02T00:55:44.964837+00:00,25.349179303112827,17.499131191796593,RB,3,4,0.0,0.0,0.0,16794,PASS,,LOW_THRESHOLD_10_30_CALIBRATION_CAUTION
2026_04_GB_TB,00-0039811,20,0.518590998043053,0.6200768251945926,NFL-RUSH-RIDGE-NORMALSD-ISO-v1,2024-25-WALKFORWARD-ISO-v1,8be61f9f4442b75fbacd335b0997d4ea8e5b412930fea99d98c12040deaa1086,2026-10-02T00:55:44.964837+00:00,25.349179303112827,17.499131191796593,RB,3,4,0.0,0.0,0.0,16794,PASS,,LOW_THRESHOLD_10_30_CALIBRATION_CAUTION
2026_04_GB_TB,00-0039811,15,0.5889175257731958,0.7228774760694205,NFL-RUSH-RIDGE-NORMALSD-ISO-v1,2024-25-WALKFORWARD-ISO-v1,8be61f9f4442b75fbacd335b0997d4ea8e5b412930fea99d98c12040deaa1086,2026-10-02T00:55:44.964837+00:00,25.349179303112827,17.499131191796593,RB,3,4,0.0,0.0,0.0,16794,PASS,,LOW_THRESHOLD_10_30_CALIBRATION_CAUTION
2026_04_GB_TB,00-0039811,10,0.7077720207253886,0.8097945657332418,NFL-RUSH-RIDGE-NORMALSD-ISO-v1,2024-25-WALKFORWARD-ISO-v1,8be61f9f4442b75fbacd335b0997d4ea8e5b412930fea99d98c12040deaa1086,2026-10-02T00:55:44.964837+00:00,25.349179303112827,17.499131191796593,RB,3,4,0.0,0.0,0.0,16794,PASS,,LOW_THRESHOLD_10_30_CALIBRATION_CAUTION
2026_04_TEN_BAL,00-0039032,50,0.0450062508681761,0.04630749801955185,NFL-RUSH-RIDGE-NORMALSD-ISO-v1,2024-25-WALKFORWARD-ISO-v1,8be61f9f4442b75fbacd335b0997d4ea8e5b412930fea99d98c12040deaa1086,2026-10-02T00:55:44.964837+00:00,20.570625763017404,17.499131191796593,RB,3,45,72.0,5.538461538461538,21.76923076923077,16794,PASS,,
2026_04_TEN_BAL,00-0039032,40,0.0694607268464243,0.13343379265291422,NFL-RUSH-RIDGE-NORMALSD-ISO-v1,2024-25-WALKFORWARD-ISO-v1,8be61f9f4442b75fbacd335b0997d4ea8e5b412930fea99d98c12040deaa1086,2026-10-02T00:55:44.964837+00:00,20.570625763017404,17.499131191796593,RB,3,45,72.0,5.538461538461538,21.76923076923077,16794,PASS,,
2026_04_TEN_BAL,00-0039032,30,0.1097112117780294,0.29499582287151715,NFL-RUSH-RIDGE-NORMALSD-ISO-v1,2024-25-WALKFORWARD-ISO-v1,8be61f9f4442b75fbacd335b0997d4ea8e5b412930fea99d98c12040deaa1086,2026-10-02T00:55:44.964837+00:00,20.570625763017404,17.499131191796593,RB,3,45,72.0,5.538461538461538,21.76923076923077,16794,PASS,,LOW_THRESHOLD_10_30_CALIBRATION_CAUTION
2026_04_TEN_BAL,00-0039032,25,0.3003533568904594,0.40008787129316037,NFL-RUSH-RIDGE-NORMALSD-ISO-v1,2024-25-WALKFORWARD-ISO-v1,8be61f9f4442b75fbacd335b0997d4ea8e5b412930fea99d98c12040deaa1086,2026-10-02T00:55:44.964837+00:00,20.570625763017404,17.499131191796593,RB,3,45,72.0,5.538461538461538,21.76923076923077,16794,PASS,,LOW_THRESHOLD_10_30_CALIBRATION_CAUTION
2026_04_TEN_BAL,00-0039032,20,0.4098939929328622,0.5130067260482423,NFL-RUSH-RIDGE-NORMALSD-ISO-v1,2024-25-WALKFORWARD-ISO-v1,8be61f9f4442b75fbacd335b0997d4ea8e5b412930fea99d98c12040deaa1086,2026-10-02T00:55:44.964837+00:00,20.570625763017404,17.499131191796593,RB,3,45,72.0,5.538461538461538,21.76923076923077,16794,PASS,,LOW_THRESHOLD_10_30_CALIBRATION_CAUTION
2026_04_TEN_BAL,00-0039032,15,0.518590998043053,0.6248854443224502,NFL-RUSH-RIDGE-NORMALSD-ISO-v1,2024-25-WALKFORWARD-ISO-v1,8be61f9f4442b75fbacd335b0997d4ea8e5b412930fea99d98c12040deaa1086,2026-10-02T00:55:44.964837+00:00,20.570625763017404,17.499131191796593,RB,3,45,72.0,5.538461538461538,21.76923076923077,16794,PASS,,LOW_THRESHOLD_10_30_CALIBRATION_CAUTION
2026_04_TEN_BAL,00-0039032,10,0.5889175257731958,0.7271000344540203,NFL-RUSH-RIDGE-NORMALSD-ISO-v1,2024-25-WALKFORWARD-ISO-v1,8be61f9f4442b75fbacd335b0997d4ea8e5b412930fea99d98c12040deaa1086,2026-10-02T00:55:44.964837+00:00,20.570625763017404,17.499131191796593,RB,3,45,72.0,5.538461538461538,21.76923076923077,16794,PASS,,LOW_THRESHOLD_10_30_CALIBRATION_CAUTION
2026_04_TEN_BAL,00-0035261,90,0.0450062508681761,0.03510527349908482,NFL-RUSH-RIDGE-NORMALSD-ISO-v1,2024-25-WALKFORWARD-ISO-v1,8be61f9f4442b75fbacd335b0997d4ea8e5b412930fea99d98c12040deaa1086,2026-10-02T00:55:44.964837+00:00,58.31694904486945,17.499131191796593,RB,3,69,242.0,14.235294117647058,63.64705882352941,16794,PASS,,
2026_04_TEN_BAL,00-0035261,80,0.0694607268464243,0.10765552963990108,NFL-RUSH-RIDGE-NORMALSD-ISO-v1,2024-25-WALKFORWARD-ISO-v1,8be61f9f4442b75fbacd335b0997d4ea8e5b412930fea99d98c12040deaa1086,2026-10-02T00:55:44.964837+00:00,58.31694904486945,17.499131191796593,RB,3,69,242.0,14.235294117647058,63.64705882352941,16794,PASS,,
2026_04_TEN_BAL,00-0035261,70,0.1097112117780294,0.2521829677319909,NFL-RUSH-RIDGE-NORMALSD-ISO-v1,2024-25-WALKFORWARD-ISO-v1,8be61f9f4442b75fbacd335b0997d4ea8e5b412930fea99d98c12040deaa1086,2026-10-02T00:55:44.964837+00:00,58.31694904486945,17.499131191796593,RB,3,69,242.0,14.235294117647058,63.64705882352941,16794,PASS,,
2026_04_TEN_BAL,00-0035261,60,0.3585657370517928,0.4616891587744594,NFL-RUSH-RIDGE-NORMALSD-ISO-v1,2024-25-WALKFORWARD-ISO-v1,8be61f9f4442b75fbacd335b0997d4ea8e5b412930fea99d98c12040deaa1086,2026-10-02T00:55:44.964837+00:00,58.31694904486945,17.499131191796593,RB,3,69,242.0,14.235294117647058,63.64705882352941,16794,PASS,,
2026_04_TEN_BAL,00-0035261,50,0.5889175257731958,0.6827055194230682,NFL-RUSH-RIDGE-NORMALSD-ISO-v1,2024-25-WALKFORWARD-ISO-v1,8be61f9f4442b75fbacd335b0997d4ea8e5b412930fea99d98c12040deaa1086,2026-10-02T00:55:44.964837+00:00,58.31694904486945,17.499131191796593,RB,3,69,242.0,14.235294117647058,63.64705882352941,16794,PASS,,
2026_04_TEN_BAL,00-0035261,40,0.7077720207253886,0.8523890384412861,NFL-RUSH-RIDGE-NORMALSD-ISO-v1,2024-25-WALKFORWARD-ISO-v1,8be61f9f4442b75fbacd335b0997d4ea8e5b412930fea99d98c12040deaa1086,2026-10-02T00:55:44.964837+00:00,58.31694904486945,17.499131191796593,RB,3,69,242.0,14.235294117647058,63.64705882352941,16794,PASS,,
2026_04_TEN_BAL,00-0035261,30,0.8320926385442513,0.9471893556748235,NFL-RUSH-RIDGE-NORMALSD-ISO-v1,2024-25-WALKFORWARD-ISO-v1,8be61f9f4442b75fbacd335b0997d4ea8e5b412930fea99d98c12040deaa1086,2026-10-02T00:55:44.964837+00:00,58.31694904486945,17.499131191796593,RB,3,69,242.0,14.235294117647058,63.64705882352941,16794,PASS,,LOW_THRESHOLD_10_30_CALIBRATION_CAUTION
2026_04_TEN_BAL,00-0035261,25,0.8320926385442513,0.9715397098899341,NFL-RUSH-RIDGE-NORMALSD-ISO-v1,2024-25-WALKFORWARD-ISO-v1,8be61f9f4442b75fbacd335b0997d4ea8e5b412930fea99d98c12040deaa1086,2026-10-02T00:55:44.964837+00:00,58.31694904486945,17.499131191796593,RB,3,69,242.0,14.235294117647058,63.64705882352941,16794,PASS,,LOW_THRESHOLD_10_30_CALIBRATION_CAUTION
2026_04_TEN_BAL,00-0035261,110,0.019949281487743,0.0015711471722604285,NFL-RUSH-RIDGE-NORMALSD-ISO-v1,2024-25-WALKFORWARD-ISO-v1,8be61f9f4442b75fbacd335b0997d4ea8e5b412930fea99d98c12040deaa1086,2026-10-02T00:55:44.964837+00:00,58.31694904486945,17.499131191796593,RB,3,69,242.0,14.235294117647058,63.64705882352941,16794,PASS,,
2026_04_TEN_BAL,00-0035261,100,0.0289297658862876,0.008609287793864082,NFL-RUSH-RIDGE-NORMALSD-ISO-v1,2024-25-WALKFORWARD-ISO-v1,8be61f9f4442b75fbacd335b0997d4ea8e5b412930fea99d98c12040deaa1086,2026-10-02T00:55:44.964837+00:00,58.31694904486945,17.499131191796593,RB,3,69,242.0,14.235294117647058,63.64705882352941,16794,PASS,,
2026_04_TEN_BAL,00-0040676,40,0.0450062508681761,0.04374193311300239,NFL-RUSH-RIDGE-NORMALSD-ISO-v1,2024-25-WALKFORWARD-ISO-v1,8be61f9f4442b75fbacd335b0997d4ea8e5b412930fea99d98c12040deaa1086,2026-10-02T00:55:44.964837+00:00,10.097093968574718,17.499131191796593,QB,3,20,39.0,2.2941176470588234,9.352941176470589,16794,PASS,,
2026_04_TEN_BAL,00-0040676,30,0.0694607268464243,0.1276927863876004,NFL-RUSH-RIDGE-NORMALSD-ISO-v1,2024-25-WALKFORWARD-ISO-v1,8be61f9f4442b75fbacd335b0997d4ea8e5b412930fea99d98c12040deaa1086,2026-10-02T00:55:44.964837+00:00,10.097093968574718,17.499131191796593,QB,3,20,39.0,2.2941176470588234,9.352941176470589,16794,PASS,,LOW_THRESHOLD_10_30_CALIBRATION_CAUTION
2026_04_TEN_BAL,00-0040676,25,0.1097112117780294,0.19720782325482747,NFL-RUSH-RIDGE-NORMALSD-ISO-v1,2024-25-WALKFORWARD-ISO-v1,8be61f9f4442b75fbacd335b0997d4ea8e5b412930fea99d98c12040deaa1086,2026-10-02T00:55:44.964837+00:00,10.097093968574718,17.499131191796593,QB,3,20,39.0,2.2941176470588234,9.352941176470589,16794,PASS,,LOW_THRESHOLD_10_30_CALIBRATION_CAUTION
2026_04_TEN_BAL,00-0040676,20,0.1097112117780294,0.28572801196527187,NFL-RUSH-RIDGE-NORMALSD-ISO-v1,2024-25-WALKFORWARD-ISO-v1,8be61f9f4442b75fbacd335b0997d4ea8e5b412930fea99d98c12040deaa1086,2026-10-02T00:55:44.964837+00:00,10.097093968574718,17.499131191796593,QB,3,20,39.0,2.2941176470588234,9.352941176470589,16794,PASS,,LOW_THRESHOLD_10_30_CALIBRATION_CAUTION
2026_04_TEN_BAL,00-0040676,15,0.3003533568904594,0.389669717018143,NFL-RUSH-RIDGE-NORMALSD-ISO-v1,2024-25-WALKFORWARD-ISO-v1,8be61f9f4442b75fbacd335b0997d4ea8e5b412930fea99d98c12040deaa1086,2026-10-02T00:55:44.964837+00:00,10.097093968574718,17.499131191796593,QB,3,20,39.0,2.2941176470588234,9.352941176470589,16794,PASS,,LOW_THRESHOLD_10_30_CALIBRATION_CAUTION
2026_04_TEN_BAL,00-0040676,10,0.4098939929328622,0.5022135207779673,NFL-RUSH-RIDGE-NORMALSD-ISO-v1,2024-25-WALKFORWARD-ISO-v1,8be61f9f4442b75fbacd335b0997d4ea8e5b412930fea99d98c12040deaa1086,2026-10-02T00:55:44.964837+00:00,10.097093968574718,17.499131191796593,QB,3,20,39.0,2.2941176470588234,9.352941176470589,16794,PASS,,LOW_THRESHOLD_10_30_CALIBRATION_CAUTION
2026_04_TEN_BAL,00-0034796,80,0.0239520958083832,0.0033909870385312258,NFL-RUSH-RIDGE-NORMALSD-ISO-v1,2024-25-WALKFORWARD-ISO-v1,8be61f9f4442b75fbacd335b0997d4ea8e5b412930fea99d98c12040deaa1086,2026-10-02T00:55:44.964837+00:00,32.62347266713672,17.499131191796593,QB,3,61,67.0,5.153846153846154,26.846153846153847,16794,PASS,,
2026_04_TEN_BAL,00-0034796,70,0.0336448598130841,0.01634347294359658,NFL-RUSH-RIDGE-NORMALSD-ISO-v1,2024-25-WALKFORWARD-ISO-v1,8be61f9f4442b75fbacd335b0997d4ea8e5b412930fea99d98c12040deaa1086,2026-10-02T00:55:44.964837+00:00,32.62347266713672,17.499131191796593,QB,3,61,67.0,5.153846153846154,26.846153846153847,16794,PASS,,
2026_04_TEN_BAL,00-0034796,60,0.0577342047930283,0.058855885814590954,NFL-RUSH-RIDGE-NORMALSD-ISO-v1,2024-25-WALKFORWARD-ISO-v1,8be61f9f4442b75fbacd335b0997d4ea8e5b412930fea99d98c12040deaa1086,2026-10-02T00:55:44.964837+00:00,32.62347266713672,17.499131191796593,QB,3,61,67.0,5.153846153846154,26.846153846153847,16794,PASS,,
2026_04_TEN_BAL,00-0034796,50,0.0963364993215739,0.1603565080963178,NFL-RUSH-RIDGE-NORMALSD-ISO-v1,2024-25-WALKFORWARD-ISO-v1,8be61f9f4442b75fbacd335b0997d4ea8e5b412930fea99d98c12040deaa1086,2026-10-02T00:55:44.964837+00:00,32.62347266713672,17.499131191796593,QB,3,61,67.0,5.153846153846154,26.846153846153847,16794,PASS,,
2026_04_TEN_BAL,00-0034796,40,0.2024793388429752,0.33668158153554356,NFL-RUSH-RIDGE-NORMALSD-ISO-v1,2024-25-WALKFORWARD-ISO-v1,8be61f9f4442b75fbacd335b0997d4ea8e5b412930fea99d98c12040deaa1086,2026-10-02T00:55:44.964837+00:00,32.62347266713672,17.499131191796593,QB,3,61,67.0,5.153846153846154,26.846153846153847,16794,PASS,,
2026_04_TEN_BAL,00-0034796,30,0.4553571428571428,0.5595861996345625,NFL-RUSH-RIDGE-NORMALSD-ISO-v1,2024-25-WALKFORWARD-ISO-v1,8be61f9f4442b75fbacd335b0997d4ea8e5b412930fea99d98c12040deaa1086,2026-10-02T00:55:44.964837+00:00,32.62347266713672,17.499131191796593,QB,3,61,67.0,5.153846153846154,26.846153846153847,16794,PASS,,LOW_THRESHOLD_10_30_CALIBRATION_CAUTION
2026_04_TEN_BAL,00-0034796,25,0.5792682926829267,0.6684541618392084,NFL-RUSH-RIDGE-NORMALSD-ISO-v1,2024-25-WALKFORWARD-ISO-v1,8be61f9f4442b75fbacd335b0997d4ea8e5b412930fea99d98c12040deaa1086,2026-10-02T00:55:44.964837+00:00,32.62347266713672,17.499131191796593,QB,3,61,67.0,5.153846153846154,26.846153846153847,16794,PASS,,LOW_THRESHOLD_10_30_CALIBRATION_CAUTION
2026_04_TEN_BAL,00-0034796,20,0.614247311827957,0.7646612366878475,NFL-RUSH-RIDGE-NORMALSD-ISO-v1,2024-25-WALKFORWARD-ISO-v1,8be61f9f4442b75fbacd335b0997d4ea8e5b412930fea99d98c12040deaa1086,2026-10-02T00:55:44.964837+00:00,32.62347266713672,17.499131191796593,QB,3,61,67.0,5.153846153846154,26.846153846153847,16794,PASS,,LOW_THRESHOLD_10_30_CALIBRATION_CAUTION
2026_04_TEN_BAL,00-0034796,15,0.7077720207253886,0.8430579799808389,NFL-RUSH-RIDGE-NORMALSD-ISO-v1,2024-25-WALKFORWARD-ISO-v1,8be61f9f4442b75fbacd335b0997d4ea8e5b412930fea99d98c12040deaa1086,2026-10-02T00:55:44.964837+00:00,32.62347266713672,17.499131191796593,QB,3,61,67.0,5.153846153846154,26.846153846153847,16794,PASS,,LOW_THRESHOLD_10_30_CALIBRATION_CAUTION
2026_04_TEN_BAL,00-0032764,90,0.518590998043053,0.6320362673529911,NFL-RUSH-RIDGE-NORMALSD-ISO-v1,2024-25-WALKFORWARD-ISO-v1,8be61f9f4442b75fbacd335b0997d4ea8e5b412930fea99d98c12040deaa1086,2026-10-02T00:55:44.964837+00:00,95.90160481240244,17.499131191796593,RB,3,70,307.0,18.058823529411764,93.82352941176471,16794,PASS,,
2026_04_TEN_BAL,00-0032764,80,0.7077720207253886,0.818247924851364,NFL-RUSH-RIDGE-NORMALSD-ISO-v1,2024-25-WALKFORWARD-ISO-v1,8be61f9f4442b75fbacd335b0997d4ea8e5b412930fea99d98c12040deaa1086,2026-10-02T00:55:44.964837+00:00,95.90160481240244,17.499131191796593,RB,3,70,307.0,18.058823529411764,93.82352941176471,16794,PASS,,
2026_04_TEN_BAL,00-0032764,70,0.8320926385442513,0.9305854158990983,NFL-RUSH-RIDGE-NORMALSD-ISO-v1,2024-25-WALKFORWARD-ISO-v1,8be61f9f4442b75fbacd335b0997d4ea8e5b412930fea99d98c12040deaa1086,2026-10-02T00:55:44.964837+00:00,95.90160481240244,17.499131191796593,RB,3,70,307.0,18.058823529411764,93.82352941176471,16794,PASS,,
2026_04_TEN_BAL,00-0032764,60,0.9149940968122786,0.9798968001159667,NFL-RUSH-RIDGE-NORMALSD-ISO-v1,2024-25-WALKFORWARD-ISO-v1,8be61f9f4442b75fbacd335b0997d4ea8e5b412930fea99d98c12040deaa1086,2026-10-02T00:55:44.964837+00:00,95.90160481240244,17.499131191796593,RB,3,70,307.0,18.058823529411764,93.82352941176471,16794,PASS,,
2026_04_TEN_BAL,00-0032764,180,0.0038745156855393,7.704339758105976e-07,NFL-RUSH-RIDGE-NORMALSD-ISO-v1,2024-25-WALKFORWARD-ISO-v1,8be61f9f4442b75fbacd335b0997d4ea8e5b412930fea99d98c12040deaa1086,2026-10-02T00:55:44.964837+00:00,95.90160481240244,17.499131191796593,RB,3,70,307.0,18.058823529411764,93.82352941176471,16794,WARN,THRESHOLD_OUTSIDE_VALIDATED_10_150_RANGE,
2026_04_TEN_BAL,00-0032764,170,0.0080273270708795,1.1457920716777265e-05,NFL-RUSH-RIDGE-NORMALSD-ISO-v1,2024-25-WALKFORWARD-ISO-v1,8be61f9f4442b75fbacd335b0997d4ea8e5b412930fea99d98c12040deaa1086,2026-10-02T00:55:44.964837+00:00,95.90160481240244,17.499131191796593,RB,3,70,307.0,18.058823529411764,93.82352941176471,16794,WARN,THRESHOLD_OUTSIDE_VALIDATED_10_150_RANGE,
2026_04_TEN_BAL,00-0032764,160,0.0128061469505362,0.0001246649290830531,NFL-RUSH-RIDGE-NORMALSD-ISO-v1,2024-25-WALKFORWARD-ISO-v1,8be61f9f4442b75fbacd335b0997d4ea8e5b412930fea99d98c12040deaa1086,2026-10-02T00:55:44.964837+00:00,95.90160481240244,17.499131191796593,RB,3,70,307.0,18.058823529411764,93.82352941176471,16794,WARN,THRESHOLD_OUTSIDE_VALIDATED_10_150_RANGE,
2026_04_TEN_BAL,00-0032764,150,0.019949281487743,0.0009957722823199292,NFL-RUSH-RIDGE-NORMALSD-ISO-v1,2024-25-WALKFORWARD-ISO-v1,8be61f9f4442b75fbacd335b0997d4ea8e5b412930fea99d98c12040deaa1086,2026-10-02T00:55:44.964837+00:00,95.90160481240244,17.499131191796593,RB,3,70,307.0,18.058823529411764,93.82352941176471,16794,PASS,,
2026_04_TEN_BAL,00-0032764,140,0.0289297658862876,0.005867184849483468,NFL-RUSH-RIDGE-NORMALSD-ISO-v1,2024-25-WALKFORWARD-ISO-v1,8be61f9f4442b75fbacd335b0997d4ea8e5b412930fea99d98c12040deaa1086,2026-10-02T00:55:44.964837+00:00,95.90160481240244,17.499131191796593,RB,3,70,307.0,18.058823529411764,93.82352941176471,16794,PASS,,
2026_04_TEN_BAL,00-0032764,130,0.0450062508681761,0.025673012535005226,NFL-RUSH-RIDGE-NORMALSD-ISO-v1,2024-25-WALKFORWARD-ISO-v1,8be61f9f4442b75fbacd335b0997d4ea8e5b412930fea99d98c12040deaa1086,2026-10-02T00:55:44.964837+00:00,95.90160481240244,17.499131191796593,RB,3,70,307.0,18.058823529411764,93.82352941176471,16794,PASS,,
2026_04_TEN_BAL,00-0032764,120,0.0694607268464243,0.08423764893444759,NFL-RUSH-RIDGE-NORMALSD-ISO-v1,2024-25-WALKFORWARD-ISO-v1,8be61f9f4442b75fbacd335b0997d4ea8e5b412930fea99d98c12040deaa1086,2026-10-02T00:55:44.964837+00:00,95.90160481240244,17.499131191796593,RB,3,70,307.0,18.058823529411764,93.82352941176471,16794,PASS,,
2026_04_TEN_BAL,00-0032764,110,0.1097112117780294,0.21021871562163777,NFL-RUSH-RIDGE-NORMALSD-ISO-v1,2024-25-WALKFORWARD-ISO-v1,8be61f9f4442b75fbacd335b0997d4ea8e5b412930fea99d98c12040deaa1086,2026-10-02T00:55:44.964837+00:00,95.90160481240244,17.499131191796593,RB,3,70,307.0,18.058823529411764,93.82352941176471,16794,PASS,,
2026_04_TEN_BAL,00-0032764,100,0.3003533568904594,0.40741266906797,NFL-RUSH-RIDGE-NORMALSD-ISO-v1,2024-25-WALKFORWARD-ISO-v1,8be61f9f4442b75fbacd335b0997d4ea8e5b412930fea99d98c12040deaa1086,2026-10-02T00:55:44.964837+00:00,95.90160481240244,17.499131191796593,RB,3,70,307.0,18.058823529411764,93.82352941176471,16794,PASS,,
2026_04_GB_TB,00-0041251,90,0.0038745156855393,1.3361712327396055e-06,NFL-RUSH-RIDGE-NORMALSD-ISO-v1,2024-25-WALKFORWARD-ISO-v1,8be61f9f4442b75fbacd335b0997d4ea8e5b412930fea99d98c12040deaa1086,2026-10-02T00:55:44.964837+00:00,7.849989087017908,17.499131191796593,QB,1,1,0.0,0.0,0.0,16794,WARN,INSUFFICIENT_CAREER_HISTORY,
2026_04_GB_TB,00-0041251,80,0.0080273270708795,1.869341329552254e-05,NFL-RUSH-RIDGE-NORMALSD-ISO-v1,2024-25-WALKFORWARD-ISO-v1,8be61f9f4442b75fbacd335b0997d4ea8e5b412930fea99d98c12040deaa1086,2026-10-02T00:55:44.964837+00:00,7.849989087017908,17.499131191796593,QB,1,1,0.0,0.0,0.0,16794,WARN,INSUFFICIENT_CAREER_HISTORY,
2026_04_GB_TB,00-0041251,70,0.0128061469505362,0.00019144421647841956,NFL-RUSH-RIDGE-NORMALSD-ISO-v1,2024-25-WALKFORWARD-ISO-v1,8be61f9f4442b75fbacd335b0997d4ea8e5b412930fea99d98c12040deaa1086,2026-10-02T00:55:44.964837+00:00,7.849989087017908,17.499131191796593,QB,1,1,0.0,0.0,0.0,16794,WARN,INSUFFICIENT_CAREER_HISTORY,
2026_04_GB_TB,00-0041251,60,0.019949281487743,0.0014405430254781396,NFL-RUSH-RIDGE-NORMALSD-ISO-v1,2024-25-WALKFORWARD-ISO-v1,8be61f9f4442b75fbacd335b0997d4ea8e5b412930fea99d98c12040deaa1086,2026-10-02T00:55:44.964837+00:00,7.849989087017908,17.499131191796593,QB,1,1,0.0,0.0,0.0,16794,WARN,INSUFFICIENT_CAREER_HISTORY,
2026_04_GB_TB,00-0041251,50,0.0289297658862876,0.008004909362502345,NFL-RUSH-RIDGE-NORMALSD-ISO-v1,2024-25-WALKFORWARD-ISO-v1,8be61f9f4442b75fbacd335b0997d4ea8e5b412930fea99d98c12040deaa1086,2026-10-02T00:55:44.964837+00:00,7.849989087017908,17.499131191796593,QB,1,1,0.0,0.0,0.0,16794,WARN,INSUFFICIENT_CAREER_HISTORY,
2026_04_GB_TB,00-0041251,40,0.0450062508681761,0.03308762812041306,NFL-RUSH-RIDGE-NORMALSD-ISO-v1,2024-25-WALKFORWARD-ISO-v1,8be61f9f4442b75fbacd335b0997d4ea8e5b412930fea99d98c12040deaa1086,2026-10-02T00:55:44.964837+00:00,7.849989087017908,17.499131191796593,QB,1,1,0.0,0.0,0.0,16794,WARN,INSUFFICIENT_CAREER_HISTORY,
2026_04_GB_TB,00-0041251,30,0.0694607268464243,0.10279633151842353,NFL-RUSH-RIDGE-NORMALSD-ISO-v1,2024-25-WALKFORWARD-ISO-v1,8be61f9f4442b75fbacd335b0997d4ea8e5b412930fea99d98c12040deaa1086,2026-10-02T00:55:44.964837+00:00,7.849989087017908,17.499131191796593,QB,1,1,0.0,0.0,0.0,16794,WARN,INSUFFICIENT_CAREER_HISTORY,LOW_THRESHOLD_10_30_CALIBRATION_CAUTION
2026_04_GB_TB,00-0041251,25,0.0963364993215739,0.1635308970212441,NFL-RUSH-RIDGE-NORMALSD-ISO-v1,2024-25-WALKFORWARD-ISO-v1,8be61f9f4442b75fbacd335b0997d4ea8e5b412930fea99d98c12040deaa1086,2026-10-02T00:55:44.964837+00:00,7.849989087017908,17.499131191796593,QB,1,1,0.0,0.0,0.0,16794,WARN,INSUFFICIENT_CAREER_HISTORY,LOW_THRESHOLD_10_30_CALIBRATION_CAUTION
2026_04_GB_TB,00-0041251,20,0.1097112117780294,0.243740522214004,NFL-RUSH-RIDGE-NORMALSD-ISO-v1,2024-25-WALKFORWARD-ISO-v1,8be61f9f4442b75fbacd335b0997d4ea8e5b412930fea99d98c12040deaa1086,2026-10-02T00:55:44.964837+00:00,7.849989087017908,17.499131191796593,QB,1,1,0.0,0.0,0.0,16794,WARN,INSUFFICIENT_CAREER_HISTORY,LOW_THRESHOLD_10_30_CALIBRATION_CAUTION
2026_04_GB_TB,00-0041251,15,0.2024793388429752,0.34141942751542037,NFL-RUSH-RIDGE-NORMALSD-ISO-v1,2024-25-WALKFORWARD-ISO-v1,8be61f9f4442b75fbacd335b0997d4ea8e5b412930fea99d98c12040deaa1086,2026-10-02T00:55:44.964837+00:00,7.849989087017908,17.499131191796593,QB,1,1,0.0,0.0,0.0,16794,WARN,INSUFFICIENT_CAREER_HISTORY,LOW_THRESHOLD_10_30_CALIBRATION_CAUTION
2026_04_GB_TB,00-0039361,90,0.0450062508681761,0.03698031863427739,NFL-RUSH-RIDGE-NORMALSD-ISO-v1,2024-25-WALKFORWARD-ISO-v1,8be61f9f4442b75fbacd335b0997d4ea8e5b412930fea99d98c12040deaa1086,2026-10-02T00:55:44.964837+00:00,58.731558546616974,17.499131191796593,RB,3,30,173.0,17.3,58.8,16794,PASS,,
2026_04_GB_TB,00-0039361,80,0.0694607268464243,0.1121068123065593,NFL-RUSH-RIDGE-NORMALSD-ISO-v1,2024-25-WALKFORWARD-ISO-v1,8be61f9f4442b75fbacd335b0997d4ea8e5b412930fea99d98c12040deaa1086,2026-10-02T00:55:44.964837+00:00,58.731558546616974,17.499131191796593,RB,3,30,173.0,17.3,58.8,16794,PASS,,
2026_04_GB_TB,00-0039361,70,0.1097112117780294,0.2598062277081351,NFL-RUSH-RIDGE-NORMALSD-ISO-v1,2024-25-WALKFORWARD-ISO-v1,8be61f9f4442b75fbacd335b0997d4ea8e5b412930fea99d98c12040deaa1086,2026-10-02T00:55:44.964837+00:00,58.731558546616974,17.499131191796593,RB,3,30,173.0,17.3,58.8,16794,PASS,,
2026_04_GB_TB,00-0039361,60,0.3585657370517928,0.4711075862356362,NFL-RUSH-RIDGE-NORMALSD-ISO-v1,2024-25-WALKFORWARD-ISO-v1,8be61f9f4442b75fbacd335b0997d4ea8e5b412930fea99d98c12040deaa1086,2026-10-02T00:55:44.964837+00:00,58.731558546616974,17.499131191796593,RB,3,30,173.0,17.3,58.8,16794,PASS,,
2026_04_GB_TB,00-0039361,50,0.5889175257731958,0.6911000839824005,NFL-RUSH-RIDGE-NORMALSD-ISO-v1,2024-25-WALKFORWARD-ISO-v1,8be61f9f4442b75fbacd335b0997d4ea8e5b412930fea99d98c12040deaa1086,2026-10-02T00:55:44.964837+00:00,58.731558546616974,17.499131191796593,RB,3,30,173.0,17.3,58.8,16794,PASS,,
2026_04_GB_TB,00-0039361,40,0.7077720207253886,0.8577866305130883,NFL-RUSH-RIDGE-NORMALSD-ISO-v1,2024-25-WALKFORWARD-ISO-v1,8be61f9f4442b75fbacd335b0997d4ea8e5b412930fea99d98c12040deaa1086,2026-10-02T00:55:44.964837+00:00,58.731558546616974,17.499131191796593,RB,3,30,173.0,17.3,58.8,16794,PASS,,
2026_04_GB_TB,00-0039361,120,0.0128061469505362,0.00023156005490743975,NFL-RUSH-RIDGE-NORMALSD-ISO-v1,2024-25-WALKFORWARD-ISO-v1,8be61f9f4442b75fbacd335b0997d4ea8e5b412930fea99d98c12040deaa1086,2026-10-02T00:55:44.964837+00:00,58.731558546616974,17.499131191796593,RB,3,30,173.0,17.3,58.8,16794,PASS,,
2026_04_GB_TB,00-0039361,110,0.019949281487743,0.0016960611844626338,NFL-RUSH-RIDGE-NORMALSD-ISO-v1,2024-25-WALKFORWARD-ISO-v1,8be61f9f4442b75fbacd335b0997d4ea8e5b412930fea99d98c12040deaa1086,2026-10-02T00:55:44.964837+00:00,58.731558546616974,17.499131191796593,RB,3,30,173.0,17.3,58.8,16794,PASS,,
2026_04_GB_TB,00-0039361,100,0.0289297658862876,0.009179085094986784,NFL-RUSH-RIDGE-NORMALSD-ISO-v1,2024-25-WALKFORWARD-ISO-v1,8be61f9f4442b75fbacd335b0997d4ea8e5b412930fea99d98c12040deaa1086,2026-10-02T00:55:44.964837+00:00,58.731558546616974,17.499131191796593,RB,3,30,173.0,17.3,58.8,16794,PASS,,
2026_04_GB_TB,00-0040142,80,0.0128061469505362,0.00010741304738922064,NFL-RUSH-RIDGE-NORMALSD-ISO-v1,2024-25-WALKFORWARD-ISO-v1,8be61f9f4442b75fbacd335b0997d4ea8e5b412930fea99d98c12040deaa1086,2026-10-02T00:55:44.964837+00:00,15.237257886735753,17.499131191796593,RB,3,13,28.0,2.8,6.9,16794,PASS,,
2026_04_GB_TB,00-0040142,70,0.019949281487743,0.0008756547272563524,NFL-RUSH-RIDGE-NORMALSD-ISO-v1,2024-25-WALKFORWARD-ISO-v1,8be61f9f4442b75fbacd335b0997d4ea8e5b412930fea99d98c12040deaa1086,2026-10-02T00:55:44.964837+00:00,15.237257886735753,17.499131191796593,RB,3,13,28.0,2.8,6.9,16794,PASS,,
2026_04_GB_TB,00-0040142,60,0.0289297658862876,0.005263835299594409,NFL-RUSH-RIDGE-NORMALSD-ISO-v1,2024-25-WALKFORWARD-ISO-v1,8be61f9f4442b75fbacd335b0997d4ea8e5b412930fea99d98c12040deaa1086,2026-10-02T00:55:44.964837+00:00,15.237257886735753,17.499131191796593,RB,3,13,28.0,2.8,6.9,16794,PASS,,
2026_04_GB_TB,00-0040142,50,0.0450062508681761,0.02348664080529388,NFL-RUSH-RIDGE-NORMALSD-ISO-v1,2024-25-WALKFORWARD-ISO-v1,8be61f9f4442b75fbacd335b0997d4ea8e5b412930fea99d98c12040deaa1086,2026-10-02T00:55:44.964837+00:00,15.237257886735753,17.499131191796593,RB,3,13,28.0,2.8,6.9,16794,PASS,,
2026_04_GB_TB,00-0040142,40,0.0694607268464243,0.07852192141012816,NFL-RUSH-RIDGE-NORMALSD-ISO-v1,2024-25-WALKFORWARD-ISO-v1,8be61f9f4442b75fbacd335b0997d4ea8e5b412930fea99d98c12040deaa1086,2026-10-02T00:55:44.964837+00:00,15.237257886735753,17.499131191796593,RB,3,13,28.0,2.8,6.9,16794,PASS,,
2026_04_GB_TB,00-0040142,30,0.1097112117780294,0.19943889491338163,NFL-RUSH-RIDGE-NORMALSD-ISO-v1,2024-25-WALKFORWARD-ISO-v1,8be61f9f4442b75fbacd335b0997d4ea8e5b412930fea99d98c12040deaa1086,2026-10-02T00:55:44.964837+00:00,15.237257886735753,17.499131191796593,RB,3,13,28.0,2.8,6.9,16794,PASS,,LOW_THRESHOLD_10_30_CALIBRATION_CAUTION
2026_04_GB_TB,00-0040142,25,0.1097112117780294,0.28845678803288655,NFL-RUSH-RIDGE-NORMALSD-ISO-v1,2024-25-WALKFORWARD-ISO-v1,8be61f9f4442b75fbacd335b0997d4ea8e5b412930fea99d98c12040deaa1086,2026-10-02T00:55:44.964837+00:00,15.237257886735753,17.499131191796593,RB,3,13,28.0,2.8,6.9,16794,PASS,,LOW_THRESHOLD_10_30_CALIBRATION_CAUTION
2026_04_GB_TB,00-0040142,20,0.3003533568904594,0.39274557538647453,NFL-RUSH-RIDGE-NORMALSD-ISO-v1,2024-25-WALKFORWARD-ISO-v1,8be61f9f4442b75fbacd335b0997d4ea8e5b412930fea99d98c12040deaa1086,2026-10-02T00:55:44.964837+00:00,15.237257886735753,17.499131191796593,RB,3,13,28.0,2.8,6.9,16794,PASS,,LOW_THRESHOLD_10_30_CALIBRATION_CAUTION
2026_04_GB_TB,00-0040142,15,0.4098939929328622,0.5054088000991681,NFL-RUSH-RIDGE-NORMALSD-ISO-v1,2024-25-WALKFORWARD-ISO-v1,8be61f9f4442b75fbacd335b0997d4ea8e5b412930fea99d98c12040deaa1086,2026-10-02T00:55:44.964837+00:00,15.237257886735753,17.499131191796593,RB,3,13,28.0,2.8,6.9,16794,PASS,,LOW_THRESHOLD_10_30_CALIBRATION_CAUTION
2026_04_GB_TB,00-0036264,5,0.4098939929328622,0.4968427837147685,NFL-RUSH-RIDGE-NORMALSD-ISO-v1,2024-25-WALKFORWARD-ISO-v1,8be61f9f4442b75fbacd335b0997d4ea8e5b412930fea99d98c12040deaa1086,2026-10-02T00:55:44.964837+00:00,4.861510996919096,17.499131191796593,QB,3,54,47.0,3.1333333333333333,13.266666666666667,16794,WARN,THRESHOLD_OUTSIDE_VALIDATED_10_150_RANGE,LOW_THRESHOLD_10_30_CALIBRATION_CAUTION
2026_04_GB_TB,00-0036264,30,0.0694607268464243,0.07542203912081341,NFL-RUSH-RIDGE-NORMALSD-ISO-v1,2024-25-WALKFORWARD-ISO-v1,8be61f9f4442b75fbacd335b0997d4ea8e5b412930fea99d98c12040deaa1086,2026-10-02T00:55:44.964837+00:00,4.861510996919096,17.499131191796593,QB,3,54,47.0,3.1333333333333333,13.266666666666667,16794,PASS,,LOW_THRESHOLD_10_30_CALIBRATION_CAUTION
2026_04_GB_TB,00-0036264,25,0.0694607268464243,0.12490151508120437,NFL-RUSH-RIDGE-NORMALSD-ISO-v1,2024-25-WALKFORWARD-ISO-v1,8be61f9f4442b75fbacd335b0997d4ea8e5b412930fea99d98c12040deaa1086,2026-10-02T00:55:44.964837+00:00,4.861510996919096,17.499131191796593,QB,3,54,47.0,3.1333333333333333,13.266666666666667,16794,PASS,,LOW_THRESHOLD_10_30_CALIBRATION_CAUTION
2026_04_GB_TB,00-0036264,20,0.1097112117780294,0.19349209962200337,NFL-RUSH-RIDGE-NORMALSD-ISO-v1,2024-25-WALKFORWARD-ISO-v1,8be61f9f4442b75fbacd335b0997d4ea8e5b412930fea99d98c12040deaa1086,2026-10-02T00:55:44.964837+00:00,4.861510996919096,17.499131191796593,QB,3,54,47.0,3.1333333333333333,13.266666666666667,16794,PASS,,LOW_THRESHOLD_10_30_CALIBRATION_CAUTION
2026_04_GB_TB,00-0036264,15,0.1097112117780294,0.2811694363558553,NFL-RUSH-RIDGE-NORMALSD-ISO-v1,2024-25-WALKFORWARD-ISO-v1,8be61f9f4442b75fbacd335b0997d4ea8e5b412930fea99d98c12040deaa1086,2026-10-02T00:55:44.964837+00:00,4.861510996919096,17.499131191796593,QB,3,54,47.0,3.1333333333333333,13.266666666666667,16794,PASS,,LOW_THRESHOLD_10_30_CALIBRATION_CAUTION
2026_04_GB_TB,00-0036264,10,0.2697095435684647,0.3845155400657738,NFL-RUSH-RIDGE-NORMALSD-ISO-v1,2024-25-WALKFORWARD-ISO-v1,8be61f9f4442b75fbacd335b0997d4ea8e5b412930fea99d98c12040deaa1086,2026-10-02T00:55:44.964837+00:00,4.861510996919096,17.499131191796593,QB,3,54,47.0,3.1333333333333333,13.266666666666667,16794,PASS,,LOW_THRESHOLD_10_30_CALIBRATION_CAUTION
2026_04_LAC_SEA,00-0041512,90,0.019949281487743,0.0013465095423672731,NFL-RUSH-RIDGE-NORMALSD-ISO-v1,2024-25-WALKFORWARD-ISO-v1,8be61f9f4442b75fbacd335b0997d4ea8e5b412930fea99d98c12040deaa1086,2026-10-02T00:55:44.964837+00:00,37.489211622554876,17.499131191796593,RB,3,3,0.0,0.0,0.0,16794,PASS,,
2026_04_LAC_SEA,00-0041512,80,0.0289297658862876,0.007563826797220933,NFL-RUSH-RIDGE-NORMALSD-ISO-v1,2024-25-WALKFORWARD-ISO-v1,8be61f9f4442b75fbacd335b0997d4ea8e5b412930fea99d98c12040deaa1086,2026-10-02T00:55:44.964837+00:00,37.489211622554876,17.499131191796593,RB,3,3,0.0,0.0,0.0,16794,PASS,,
2026_04_LAC_SEA,00-0041512,70,0.0450062508681761,0.031595047637918976,NFL-RUSH-RIDGE-NORMALSD-ISO-v1,2024-25-WALKFORWARD-ISO-v1,8be61f9f4442b75fbacd335b0997d4ea8e5b412930fea99d98c12040deaa1086,2026-10-02T00:55:44.964837+00:00,37.489211622554876,17.499131191796593,RB,3,3,0.0,0.0,0.0,16794,PASS,,
2026_04_LAC_SEA,00-0041512,60,0.0694607268464243,0.0991526859628384,NFL-RUSH-RIDGE-NORMALSD-ISO-v1,2024-25-WALKFORWARD-ISO-v1,8be61f9f4442b75fbacd335b0997d4ea8e5b412930fea99d98c12040deaa1086,2026-10-02T00:55:44.964837+00:00,37.489211622554876,17.499131191796593,RB,3,3,0.0,0.0,0.0,16794,PASS,,
2026_04_LAC_SEA,00-0041512,50,0.1097112117780294,0.2373237741708418,NFL-RUSH-RIDGE-NORMALSD-ISO-v1,2024-25-WALKFORWARD-ISO-v1,8be61f9f4442b75fbacd335b0997d4ea8e5b412930fea99d98c12040deaa1086,2026-10-02T00:55:44.964837+00:00,37.489211622554876,17.499131191796593,RB,3,3,0.0,0.0,0.0,16794,PASS,,
2026_04_LAC_SEA,00-0041512,40,0.3560767590618336,0.44295525864680163,NFL-RUSH-RIDGE-NORMALSD-ISO-v1,2024-25-WALKFORWARD-ISO-v1,8be61f9f4442b75fbacd335b0997d4ea8e5b412930fea99d98c12040deaa1086,2026-10-02T00:55:44.964837+00:00,37.489211622554876,17.499131191796593,RB,3,3,0.0,0.0,0.0,16794,PASS,,
2026_04_LAC_SEA,00-0041512,30,0.5792682926829267,0.6656657749445622,NFL-RUSH-RIDGE-NORMALSD-ISO-v1,2024-25-WALKFORWARD-ISO-v1,8be61f9f4442b75fbacd335b0997d4ea8e5b412930fea99d98c12040deaa1086,2026-10-02T00:55:44.964837+00:00,37.489211622554876,17.499131191796593,RB,3,3,0.0,0.0,0.0,16794,PASS,,LOW_THRESHOLD_10_30_CALIBRATION_CAUTION
2026_04_LAC_SEA,00-0041512,25,0.614247311827957,0.7622950904333495,NFL-RUSH-RIDGE-NORMALSD-ISO-v1,2024-25-WALKFORWARD-ISO-v1,8be61f9f4442b75fbacd335b0997d4ea8e5b412930fea99d98c12040deaa1086,2026-10-02T00:55:44.964837+00:00,37.489211622554876,17.499131191796593,RB,3,3,0.0,0.0,0.0,16794,PASS,,LOW_THRESHOLD_10_30_CALIBRATION_CAUTION
2026_04_LAC_SEA,00-0041512,20,0.7077720207253886,0.8412075435050368,NFL-RUSH-RIDGE-NORMALSD-ISO-v1,2024-25-WALKFORWARD-ISO-v1,8be61f9f4442b75fbacd335b0997d4ea8e5b412930fea99d98c12040deaa1086,2026-10-02T00:55:44.964837+00:00,37.489211622554876,17.499131191796593,RB,3,3,0.0,0.0,0.0,16794,PASS,,LOW_THRESHOLD_10_30_CALIBRATION_CAUTION
2026_04_LAC_SEA,00-0041512,110,0.0080273270708795,1.708887798462324e-05,NFL-RUSH-RIDGE-NORMALSD-ISO-v1,2024-25-WALKFORWARD-ISO-v1,8be61f9f4442b75fbacd335b0997d4ea8e5b412930fea99d98c12040deaa1086,2026-10-02T00:55:44.964837+00:00,37.489211622554876,17.499131191796593,RB,3,3,0.0,0.0,0.0,16794,PASS,,
2026_04_LAC_SEA,00-0041512,100,0.0128061469505362,0.00017698230654711002,NFL-RUSH-RIDGE-NORMALSD-ISO-v1,2024-25-WALKFORWARD-ISO-v1,8be61f9f4442b75fbacd335b0997d4ea8e5b412930fea99d98c12040deaa1086,2026-10-02T00:55:44.964837+00:00,37.489211622554876,17.499131191796593,RB,3,3,0.0,0.0,0.0,16794,PASS,,
2026_04_LAC_SEA,00-0038797,90,0.019949281487743,0.0011433079374413677,NFL-RUSH-RIDGE-NORMALSD-ISO-v1,2024-25-WALKFORWARD-ISO-v1,8be61f9f4442b75fbacd335b0997d4ea8e5b412930fea99d98c12040deaa1086,2026-10-02T00:55:44.964837+00:00,36.6235195495267,17.499131191796593,RB,3,42,125.0,7.352941176470588,29.176470588235293,16794,PASS,,
2026_04_LAC_SEA,00-0038797,80,0.0289297658862876,0.006591646464854286,NFL-RUSH-RIDGE-NORMALSD-ISO-v1,2024-25-WALKFORWARD-ISO-v1,8be61f9f4442b75fbacd335b0997d4ea8e5b412930fea99d98c12040deaa1086,2026-10-02T00:55:44.964837+00:00,36.6235195495267,17.499131191796593,RB,3,42,125.0,7.352941176470588,29.176470588235293,16794,PASS,,
2026_04_LAC_SEA,00-0038797,70,0.0450062508681761,0.028239442090705936,NFL-RUSH-RIDGE-NORMALSD-ISO-v1,2024-25-WALKFORWARD-ISO-v1,8be61f9f4442b75fbacd335b0997d4ea8e5b412930fea99d98c12040deaa1086,2026-10-02T00:55:44.964837+00:00,36.6235195495267,17.499131191796593,RB,3,42,125.0,7.352941176470588,29.176470588235293,16794,PASS,,
2026_04_LAC_SEA,00-0038797,60,0.0694607268464243,0.09079666807624642,NFL-RUSH-RIDGE-NORMALSD-ISO-v1,2024-25-WALKFORWARD-ISO-v1,8be61f9f4442b75fbacd335b0997d4ea8e5b412930fea99d98c12040deaa1086,2026-10-02T00:55:44.964837+00:00,36.6235195495267,17.499131191796593,RB,3,42,125.0,7.352941176470588,29.176470588235293,16794,PASS,,
2026_04_LAC_SEA,00-0038797,50,0.1097112117780294,0.22231199354801567,NFL-RUSH-RIDGE-NORMALSD-ISO-v1,2024-25-WALKFORWARD-ISO-v1,8be61f9f4442b75fbacd335b0997d4ea8e5b412930fea99d98c12040deaa1086,2026-10-02T00:55:44.964837+00:00,36.6235195495267,17.499131191796593,RB,3,42,125.0,7.352941176470588,29.176470588235293,16794,PASS,,
2026_04_LAC_SEA,00-0038797,40,0.3003533568904594,0.4234985465592354,NFL-RUSH-RIDGE-NORMALSD-ISO-v1,2024-25-WALKFORWARD-ISO-v1,8be61f9f4442b75fbacd335b0997d4ea8e5b412930fea99d98c12040deaa1086,2026-10-02T00:55:44.964837+00:00,36.6235195495267,17.499131191796593,RB,3,42,125.0,7.352941176470588,29.176470588235293,16794,PASS,,
2026_04_LAC_SEA,00-0038797,30,0.5652173913043478,0.6474724912104013,NFL-RUSH-RIDGE-NORMALSD-ISO-v1,2024-25-WALKFORWARD-ISO-v1,8be61f9f4442b75fbacd335b0997d4ea8e5b412930fea99d98c12040deaa1086,2026-10-02T00:55:44.964837+00:00,36.6235195495267,17.499131191796593,RB,3,42,125.0,7.352941176470588,29.176470588235293,16794,PASS,,LOW_THRESHOLD_10_30_CALIBRATION_CAUTION
2026_04_LAC_SEA,00-0038797,25,0.614247311827957,0.7467297522284388,NFL-RUSH-RIDGE-NORMALSD-ISO-v1,2024-25-WALKFORWARD-ISO-v1,8be61f9f4442b75fbacd335b0997d4ea8e5b412930fea99d98c12040deaa1086,2026-10-02T00:55:44.964837+00:00,36.6235195495267,17.499131191796593,RB,3,42,125.0,7.352941176470588,29.176470588235293,16794,PASS,,LOW_THRESHOLD_10_30_CALIBRATION_CAUTION
2026_04_LAC_SEA,00-0038797,20,0.7077720207253886,0.8289343627823661,NFL-RUSH-RIDGE-NORMALSD-ISO-v1,2024-25-WALKFORWARD-ISO-v1,8be61f9f4442b75fbacd335b0997d4ea8e5b412930fea99d98c12040deaa1086,2026-10-02T00:55:44.964837+00:00,36.6235195495267,17.499131191796593,RB,3,42,125.0,7.352941176470588,29.176470588235293,16794,PASS,,LOW_THRESHOLD_10_30_CALIBRATION_CAUTION
2026_04_LAC_SEA,00-0038797,110,0.0080273270708795,1.3755375215948275e-05,NFL-RUSH-RIDGE-NORMALSD-ISO-v1,2024-25-WALKFORWARD-ISO-v1,8be61f9f4442b75fbacd335b0997d4ea8e5b412930fea99d98c12040deaa1086,2026-10-02T00:55:44.964837+00:00,36.6235195495267,17.499131191796593,RB,3,42,125.0,7.352941176470588,29.176470588235293,16794,PASS,,
2026_04_LAC_SEA,00-0038797,100,0.0128061469505362,0.00014634068097844856,NFL-RUSH-RIDGE-NORMALSD-ISO-v1,2024-25-WALKFORWARD-ISO-v1,8be61f9f4442b75fbacd335b0997d4ea8e5b412930fea99d98c12040deaa1086,2026-10-02T00:55:44.964837+00:00,36.6235195495267,17.499131191796593,RB,3,42,125.0,7.352941176470588,29.176470588235293,16794,PASS,,
2026_04_LAC_SEA,00-0040666,90,0.0577342047930283,0.06154930570031096,NFL-RUSH-RIDGE-NORMALSD-ISO-v1,2024-25-WALKFORWARD-ISO-v1,8be61f9f4442b75fbacd335b0997d4ea8e5b412930fea99d98c12040deaa1086,2026-10-02T00:55:44.964837+00:00,63.01814112672501,17.499131191796593,RB,3,12,124.0,13.777777777777779,60.55555555555556,16794,PASS,,
2026_04_LAC_SEA,00-0040666,80,0.0963364993215739,0.1659135808327152,NFL-RUSH-RIDGE-NORMALSD-ISO-v1,2024-25-WALKFORWARD-ISO-v1,8be61f9f4442b75fbacd335b0997d4ea8e5b412930fea99d98c12040deaa1086,2026-10-02T00:55:44.964837+00:00,63.01814112672501,17.499131191796593,RB,3,12,124.0,13.777777777777779,60.55555555555556,16794,PASS,,
2026_04_LAC_SEA,00-0040666,70,0.2024793388429752,0.34495280181361,NFL-RUSH-RIDGE-NORMALSD-ISO-v1,2024-25-WALKFORWARD-ISO-v1,8be61f9f4442b75fbacd335b0997d4ea8e5b412930fea99d98c12040deaa1086,2026-10-02T00:55:44.964837+00:00,63.01814112672501,17.499131191796593,RB,3,12,124.0,13.777777777777779,60.55555555555556,16794,PASS,,
2026_04_LAC_SEA,00-0040666,60,0.4553571428571428,0.5684674595396076,NFL-RUSH-RIDGE-NORMALSD-ISO-v1,2024-25-WALKFORWARD-ISO-v1,8be61f9f4442b75fbacd335b0997d4ea8e5b412930fea99d98c12040deaa1086,2026-10-02T00:55:44.964837+00:00,63.01814112672501,17.499131191796593,RB,3,12,124.0,13.777777777777779,60.55555555555556,16794,PASS,,
2026_04_LAC_SEA,00-0040666,50,0.614247311827957,0.7715408029662087,NFL-RUSH-RIDGE-NORMALSD-ISO-v1,2024-25-WALKFORWARD-ISO-v1,8be61f9f4442b75fbacd335b0997d4ea8e5b412930fea99d98c12040deaa1086,2026-10-02T00:55:44.964837+00:00,63.01814112672501,17.499131191796593,RB,3,12,124.0,13.777777777777779,60.55555555555556,16794,PASS,,
2026_04_LAC_SEA,00-0040666,40,0.7785467128027682,0.9058101736936682,NFL-RUSH-RIDGE-NORMALSD-ISO-v1,2024-25-WALKFORWARD-ISO-v1,8be61f9f4442b75fbacd335b0997d4ea8e5b412930fea99d98c12040deaa1086,2026-10-02T00:55:44.964837+00:00,63.01814112672501,17.499131191796593,RB,3,12,124.0,13.777777777777779,60.55555555555556,16794,PASS,,
2026_04_LAC_SEA,00-0040666,30,0.8320926385442513,0.9704093845749037,NFL-RUSH-RIDGE-NORMALSD-ISO-v1,2024-25-WALKFORWARD-ISO-v1,8be61f9f4442b75fbacd335b0997d4ea8e5b412930fea99d98c12040deaa1086,2026-10-02T00:55:44.964837+00:00,63.01814112672501,17.499131191796593,RB,3,12,124.0,13.777777777777779,60.55555555555556,16794,PASS,,LOW_THRESHOLD_10_30_CALIBRATION_CAUTION
2026_04_LAC_SEA,00-0040666,25,0.9149940968122786,0.9850937676084771,NFL-RUSH-RIDGE-NORMALSD-ISO-v1,2024-25-WALKFORWARD-ISO-v1,8be61f9f4442b75fbacd335b0997d4ea8e5b412930fea99d98c12040deaa1086,2026-10-02T00:55:44.964837+00:00,63.01814112672501,17.499131191796593,RB,3,12,124.0,13.777777777777779,60.55555555555556,16794,PASS,,LOW_THRESHOLD_10_30_CALIBRATION_CAUTION
2026_04_LAC_SEA,00-0040666,110,0.0239520958083832,0.0036285422066811373,NFL-RUSH-RIDGE-NORMALSD-ISO-v1,2024-25-WALKFORWARD-ISO-v1,8be61f9f4442b75fbacd335b0997d4ea8e5b412930fea99d98c12040deaa1086,2026-10-02T00:55:44.964837+00:00,63.01814112672501,17.499131191796593,RB,3,12,124.0,13.777777777777779,60.55555555555556,16794,PASS,,
2026_04_LAC_SEA,00-0040666,100,0.0336448598130841,0.017285240076219538,NFL-RUSH-RIDGE-NORMALSD-ISO-v1,2024-25-WALKFORWARD-ISO-v1,8be61f9f4442b75fbacd335b0997d4ea8e5b412930fea99d98c12040deaa1086,2026-10-02T00:55:44.964837+00:00,63.01814112672501,17.499131191796593,RB,3,12,124.0,13.777777777777779,60.55555555555556,16794,PASS,,
2026_04_DAL_HOU,00-0040583,80,0.0239520958083832,0.002985068403274674,NFL-RUSH-RIDGE-NORMALSD-ISO-v1,2024-25-WALKFORWARD-ISO-v1,8be61f9f4442b75fbacd335b0997d4ea8e5b412930fea99d98c12040deaa1086,2026-10-02T00:55:44.964837+00:00,31.887590004608157,17.499131191796593,RB,3,19,196.0,12.25,43.9375,16794,PASS,,
2026_04_DAL_HOU,00-0040583,70,0.0336448598130841,0.014704502699164923,NFL-RUSH-RIDGE-NORMALSD-ISO-v1,2024-25-WALKFORWARD-ISO-v1,8be61f9f4442b75fbacd335b0997d4ea8e5b412930fea99d98c12040deaa1086,2026-10-02T00:55:44.964837+00:00,31.887590004608157,17.499131191796593,RB,3,19,196.0,12.25,43.9375,16794,PASS,,
2026_04_DAL_HOU,00-0040583,60,0.0577342047930283,0.05408169784659722,NFL-RUSH-RIDGE-NORMALSD-ISO-v1,2024-25-WALKFORWARD-ISO-v1,8be61f9f4442b75fbacd335b0997d4ea8e5b412930fea99d98c12040deaa1086,2026-10-02T00:55:44.964837+00:00,31.887590004608157,17.499131191796593,RB,3,19,196.0,12.25,43.9375,16794,PASS,,
2026_04_DAL_HOU,00-0040583,50,0.0748091603053435,0.15032365788299953,NFL-RUSH-RIDGE-NORMALSD-ISO-v1,2024-25-WALKFORWARD-ISO-v1,8be61f9f4442b75fbacd335b0997d4ea8e5b412930fea99d98c12040deaa1086,2026-10-02T00:55:44.964837+00:00,31.887590004608157,17.499131191796593,RB,3,19,196.0,12.25,43.9375,16794,PASS,,
2026_04_DAL_HOU,00-0040583,40,0.1623616236162361,0.32147101061761263,NFL-RUSH-RIDGE-NORMALSD-ISO-v1,2024-25-WALKFORWARD-ISO-v1,8be61f9f4442b75fbacd335b0997d4ea8e5b412930fea99d98c12040deaa1086,2026-10-02T00:55:44.964837+00:00,31.887590004608157,17.499131191796593,RB,3,19,196.0,12.25,43.9375,16794,PASS,,
2026_04_DAL_HOU,00-0040583,30,0.4553571428571428,0.5429496570497778,NFL-RUSH-RIDGE-NORMALSD-ISO-v1,2024-25-WALKFORWARD-ISO-v1,8be61f9f4442b75fbacd335b0997d4ea8e5b412930fea99d98c12040deaa1086,2026-10-02T00:55:44.964837+00:00,31.887590004608157,17.499131191796593,RB,3,19,196.0,12.25,43.9375,16794,PASS,,LOW_THRESHOLD_10_30_CALIBRATION_CAUTION
2026_04_DAL_HOU,00-0040583,25,0.5652173913043478,0.6530603739992757,NFL-RUSH-RIDGE-NORMALSD-ISO-v1,2024-25-WALKFORWARD-ISO-v1,8be61f9f4442b75fbacd335b0997d4ea8e5b412930fea99d98c12040deaa1086,2026-10-02T00:55:44.964837+00:00,31.887590004608157,17.499131191796593,RB,3,19,196.0,12.25,43.9375,16794,PASS,,LOW_THRESHOLD_10_30_CALIBRATION_CAUTION
2026_04_DAL_HOU,00-0040583,20,0.614247311827957,0.7515338883067173,NFL-RUSH-RIDGE-NORMALSD-ISO-v1,2024-25-WALKFORWARD-ISO-v1,8be61f9f4442b75fbacd335b0997d4ea8e5b412930fea99d98c12040deaa1086,2026-10-02T00:55:44.964837+00:00,31.887590004608157,17.499131191796593,RB,3,19,196.0,12.25,43.9375,16794,PASS,,LOW_THRESHOLD_10_30_CALIBRATION_CAUTION
2026_04_DAL_HOU,00-0040583,15,0.7077720207253886,0.8327408804916822,NFL-RUSH-RIDGE-NORMALSD-ISO-v1,2024-25-WALKFORWARD-ISO-v1,8be61f9f4442b75fbacd335b0997d4ea8e5b412930fea99d98c12040deaa1086,2026-10-02T00:55:44.964837+00:00,31.887590004608157,17.499131191796593,RB,3,19,196.0,12.25,43.9375,16794,PASS,,LOW_THRESHOLD_10_30_CALIBRATION_CAUTION
2026_04_DAL_HOU,00-0035685,90,0.0239520958083832,0.0035586568051607812,NFL-RUSH-RIDGE-NORMALSD-ISO-v1,2024-25-WALKFORWARD-ISO-v1,8be61f9f4442b75fbacd335b0997d4ea8e5b412930fea99d98c12040deaa1086,2026-10-02T00:55:44.964837+00:00,42.904504271705875,17.499131191796593,RB,3,64,158.0,9.294117647058824,42.11764705882353,16794,PASS,,
2026_04_DAL_HOU,00-0035685,80,0.0336448598130841,0.017009439027818225,NFL-RUSH-RIDGE-NORMALSD-ISO-v1,2024-25-WALKFORWARD-ISO-v1,8be61f9f4442b75fbacd335b0997d4ea8e5b412930fea99d98c12040deaa1086,2026-10-02T00:55:44.964837+00:00,42.904504271705875,17.499131191796593,RB,3,64,158.0,9.294117647058824,42.11764705882353,16794,PASS,,
2026_04_DAL_HOU,00-0035685,70,0.0577342047930283,0.06076410381387365,NFL-RUSH-RIDGE-NORMALSD-ISO-v1,2024-25-WALKFORWARD-ISO-v1,8be61f9f4442b75fbacd335b0997d4ea8e5b412930fea99d98c12040deaa1086,2026-10-02T00:55:44.964837+00:00,42.904504271705875,17.499131191796593,RB,3,64,158.0,9.294117647058824,42.11764705882353,16794,PASS,,
2026_04_DAL_HOU,00-0035685,60,0.0963364993215739,0.16430092114636724,NFL-RUSH-RIDGE-NORMALSD-ISO-v1,2024-25-WALKFORWARD-ISO-v1,8be61f9f4442b75fbacd335b0997d4ea8e5b412930fea99d98c12040deaa1086,2026-10-02T00:55:44.964837+00:00,42.904504271705875,17.499131191796593,RB,3,64,158.0,9.294117647058824,42.11764705882353,16794,PASS,,
2026_04_DAL_HOU,00-0035685,50,0.2024793388429752,0.34256345001500144,NFL-RUSH-RIDGE-NORMALSD-ISO-v1,2024-25-WALKFORWARD-ISO-v1,8be61f9f4442b75fbacd335b0997d4ea8e5b412930fea99d98c12040deaa1086,2026-10-02T00:55:44.964837+00:00,42.904504271705875,17.499131191796593,RB,3,64,158.0,9.294117647058824,42.11764705882353,16794,PASS,,
2026_04_DAL_HOU,00-0035685,40,0.4553571428571428,0.5659136209763477,NFL-RUSH-RIDGE-NORMALSD-ISO-v1,2024-25-WALKFORWARD-ISO-v1,8be61f9f4442b75fbacd335b0997d4ea8e5b412930fea99d98c12040deaa1086,2026-10-02T00:55:44.964837+00:00,42.904504271705875,17.499131191796593,RB,3,64,158.0,9.294117647058824,42.11764705882353,16794,PASS,,
2026_04_DAL_HOU,00-0035685,30,0.614247311827957,0.769571635025838,NFL-RUSH-RIDGE-NORMALSD-ISO-v1,2024-25-WALKFORWARD-ISO-v1,8be61f9f4442b75fbacd335b0997d4ea8e5b412930fea99d98c12040deaa1086,2026-10-02T00:55:44.964837+00:00,42.904504271705875,17.499131191796593,RB,3,64,158.0,9.294117647058824,42.11764705882353,16794,PASS,,LOW_THRESHOLD_10_30_CALIBRATION_CAUTION
2026_04_DAL_HOU,00-0035685,120,0.0073696145124716,5.272733570598176e-06,NFL-RUSH-RIDGE-NORMALSD-ISO-v1,2024-25-WALKFORWARD-ISO-v1,8be61f9f4442b75fbacd335b0997d4ea8e5b412930fea99d98c12040deaa1086,2026-10-02T00:55:44.964837+00:00,42.904504271705875,17.499131191796593,RB,3,64,158.0,9.294117647058824,42.11764705882353,16794,PASS,,
2026_04_DAL_HOU,00-0035685,110,0.011334363730036,6.298202086749653e-05,NFL-RUSH-RIDGE-NORMALSD-ISO-v1,2024-25-WALKFORWARD-ISO-v1,8be61f9f4442b75fbacd335b0997d4ea8e5b412930fea99d98c12040deaa1086,2026-10-02T00:55:44.964837+00:00,42.904504271705875,17.499131191796593,RB,3,64,158.0,9.294117647058824,42.11764705882353,16794,PASS,,
2026_04_DAL_HOU,00-0035685,100,0.014933628318584,0.0005516611822848332,NFL-RUSH-RIDGE-NORMALSD-ISO-v1,2024-25-WALKFORWARD-ISO-v1,8be61f9f4442b75fbacd335b0997d4ea8e5b412930fea99d98c12040deaa1086,2026-10-02T00:55:44.964837+00:00,42.904504271705875,17.499131191796593,RB,3,64,158.0,9.294117647058824,42.11764705882353,16794,PASS,,
2026_04_DAL_HOU,00-0039163,50,0.0450062508681761,0.01832706551334643,NFL-RUSH-RIDGE-NORMALSD-ISO-v1,2024-25-WALKFORWARD-ISO-v1,8be61f9f4442b75fbacd335b0997d4ea8e5b412930fea99d98c12040deaa1086,2026-10-02T00:55:44.964837+00:00,13.433890297388086,17.499131191796593,QB,3,49,48.0,3.4285714285714284,14.928571428571429,16794,PASS,,
2026_04_DAL_HOU,00-0039163,40,0.0694607268464243,0.06448970820110782,NFL-RUSH-RIDGE-NORMALSD-ISO-v1,2024-25-WALKFORWARD-ISO-v1,8be61f9f4442b75fbacd335b0997d4ea8e5b412930fea99d98c12040deaa1086,2026-10-02T00:55:44.964837+00:00,13.433890297388086,17.499131191796593,QB,3,49,48.0,3.4285714285714284,14.928571428571429,16794,PASS,,
2026_04_DAL_HOU,00-0039163,30,0.1097112117780294,0.171900463622851,NFL-RUSH-RIDGE-NORMALSD-ISO-v1,2024-25-WALKFORWARD-ISO-v1,8be61f9f4442b75fbacd335b0997d4ea8e5b412930fea99d98c12040deaa1086,2026-10-02T00:55:44.964837+00:00,13.433890297388086,17.499131191796593,QB,3,49,48.0,3.4285714285714284,14.928571428571429,16794,PASS,,LOW_THRESHOLD_10_30_CALIBRATION_CAUTION
2026_04_DAL_HOU,00-0039163,25,0.1097112117780294,0.25432110957547743,NFL-RUSH-RIDGE-NORMALSD-ISO-v1,2024-25-WALKFORWARD-ISO-v1,8be61f9f4442b75fbacd335b0997d4ea8e5b412930fea99d98c12040deaa1086,2026-10-02T00:55:44.964837+00:00,13.433890297388086,17.499131191796593,QB,3,49,48.0,3.4285714285714284,14.928571428571429,16794,PASS,,LOW_THRESHOLD_10_30_CALIBRATION_CAUTION
2026_04_DAL_HOU,00-0039163,20,0.222509702457956,0.3537466076832434,NFL-RUSH-RIDGE-NORMALSD-ISO-v1,2024-25-WALKFORWARD-ISO-v1,8be61f9f4442b75fbacd335b0997d4ea8e5b412930fea99d98c12040deaa1086,2026-10-02T00:55:44.964837+00:00,13.433890297388086,17.499131191796593,QB,3,49,48.0,3.4285714285714284,14.928571428571429,16794,PASS,,LOW_THRESHOLD_10_30_CALIBRATION_CAUTION
2026_04_DAL_HOU,00-0039163,15,0.3585657370517928,0.46434369684862886,NFL-RUSH-RIDGE-NORMALSD-ISO-v1,2024-25-WALKFORWARD-ISO-v1,8be61f9f4442b75fbacd335b0997d4ea8e5b412930fea99d98c12040deaa1086,2026-10-02T00:55:44.964837+00:00,13.433890297388086,17.499131191796593,QB,3,49,48.0,3.4285714285714284,14.928571428571429,16794,PASS,,LOW_THRESHOLD_10_30_CALIBRATION_CAUTION
2026_04_DAL_HOU,00-0039163,10,0.4553571428571428,0.5777857262848366,NFL-RUSH-RIDGE-NORMALSD-ISO-v1,2024-25-WALKFORWARD-ISO-v1,8be61f9f4442b75fbacd335b0997d4ea8e5b412930fea99d98c12040deaa1086,2026-10-02T00:55:44.964837+00:00,13.433890297388086,17.499131191796593,QB,3,49,48.0,3.4285714285714284,14.928571428571429,16794,PASS,,LOW_THRESHOLD_10_30_CALIBRATION_CAUTION
2026_04_DAL_HOU,00-0036997,90,0.0450062508681761,0.030562680849517743,NFL-RUSH-RIDGE-NORMALSD-ISO-v1,2024-25-WALKFORWARD-ISO-v1,8be61f9f4442b75fbacd335b0997d4ea8e5b412930fea99d98c12040deaa1086,2026-10-02T00:55:44.964837+00:00,57.23134477378162,17.499131191796593,RB,3,56,252.0,15.75,75.0625,16794,PASS,,
2026_04_DAL_HOU,00-0036997,80,0.0694607268464243,0.09660687605505117,NFL-RUSH-RIDGE-NORMALSD-ISO-v1,2024-25-WALKFORWARD-ISO-v1,8be61f9f4442b75fbacd335b0997d4ea8e5b412930fea99d98c12040deaa1086,2026-10-02T00:55:44.964837+00:00,57.23134477378162,17.499131191796593,RB,3,56,252.0,15.75,75.0625,16794,PASS,,
2026_04_DAL_HOU,00-0036997,70,0.1097112117780294,0.23279484048616295,NFL-RUSH-RIDGE-NORMALSD-ISO-v1,2024-25-WALKFORWARD-ISO-v1,8be61f9f4442b75fbacd335b0997d4ea8e5b412930fea99d98c12040deaa1086,2026-10-02T00:55:44.964837+00:00,57.23134477378162,17.499131191796593,RB,3,56,252.0,15.75,75.0625,16794,PASS,,
2026_04_DAL_HOU,00-0036997,60,0.3560767590618336,0.43714301257964705,NFL-RUSH-RIDGE-NORMALSD-ISO-v1,2024-25-WALKFORWARD-ISO-v1,8be61f9f4442b75fbacd335b0997d4ea8e5b412930fea99d98c12040deaa1086,2026-10-02T00:55:44.964837+00:00,57.23134477378162,17.499131191796593,RB,3,56,252.0,15.75,75.0625,16794,PASS,,
2026_04_DAL_HOU,00-0036997,50,0.5792682926829267,0.6602846873127601,NFL-RUSH-RIDGE-NORMALSD-ISO-v1,2024-25-WALKFORWARD-ISO-v1,8be61f9f4442b75fbacd335b0997d4ea8e5b412930fea99d98c12040deaa1086,2026-10-02T00:55:44.964837+00:00,57.23134477378162,17.499131191796593,RB,3,56,252.0,15.75,75.0625,16794,PASS,,
2026_04_DAL_HOU,00-0036997,40,0.7077720207253886,0.8376135757311547,NFL-RUSH-RIDGE-NORMALSD-ISO-v1,2024-25-WALKFORWARD-ISO-v1,8be61f9f4442b75fbacd335b0997d4ea8e5b412930fea99d98c12040deaa1086,2026-10-02T00:55:44.964837+00:00,57.23134477378162,17.499131191796593,RB,3,56,252.0,15.75,75.0625,16794,PASS,,
2026_04_DAL_HOU,00-0036997,130,0.0080273270708795,1.6023149317061193e-05,NFL-RUSH-RIDGE-NORMALSD-ISO-v1,2024-25-WALKFORWARD-ISO-v1,8be61f9f4442b75fbacd335b0997d4ea8e5b412930fea99d98c12040deaa1086,2026-10-02T00:55:44.964837+00:00,57.23134477378162,17.499131191796593,RB,3,56,252.0,15.75,75.0625,16794,PASS,,
2026_04_DAL_HOU,00-0036997,120,0.0128061469505362,0.00016727885078180886,NFL-RUSH-RIDGE-NORMALSD-ISO-v1,2024-25-WALKFORWARD-ISO-v1,8be61f9f4442b75fbacd335b0997d4ea8e5b412930fea99d98c12040deaa1086,2026-10-02T00:55:44.964837+00:00,57.23134477378162,17.499131191796593,RB,3,56,252.0,15.75,75.0625,16794,PASS,,
2026_04_DAL_HOU,00-0036997,110,0.019949281487743,0.0012827736231363549,NFL-RUSH-RIDGE-NORMALSD-ISO-v1,2024-25-WALKFORWARD-ISO-v1,8be61f9f4442b75fbacd335b0997d4ea8e5b412930fea99d98c12040deaa1086,2026-10-02T00:55:44.964837+00:00,57.23134477378162,17.499131191796593,RB,3,56,252.0,15.75,75.0625,16794,PASS,,
2026_04_DAL_HOU,00-0036997,100,0.0289297658862876,0.007261817635039936,NFL-RUSH-RIDGE-NORMALSD-ISO-v1,2024-25-WALKFORWARD-ISO-v1,8be61f9f4442b75fbacd335b0997d4ea8e5b412930fea99d98c12040deaa1086,2026-10-02T00:55:44.964837+00:00,57.23134477378162,17.499131191796593,RB,3,56,252.0,15.75,75.0625,16794,PASS,,
2026_04_DAL_HOU,00-0033077,40,0.0694607268464243,0.07938458722573237,NFL-RUSH-RIDGE-NORMALSD-ISO-v1,2024-25-WALKFORWARD-ISO-v1,8be61f9f4442b75fbacd335b0997d4ea8e5b412930fea99d98c12040deaa1086,2026-10-02T00:55:44.964837+00:00,15.33981803259535,17.499131191796593,QB,3,57,53.0,3.1176470588235294,10.411764705882353,16794,PASS,,
2026_04_DAL_HOU,00-0033077,30,0.1097112117780294,0.2010809913638253,NFL-RUSH-RIDGE-NORMALSD-ISO-v1,2024-25-WALKFORWARD-ISO-v1,8be61f9f4442b75fbacd335b0997d4ea8e5b412930fea99d98c12040deaa1086,2026-10-02T00:55:44.964837+00:00,15.33981803259535,17.499131191796593,QB,3,57,53.0,3.1176470588235294,10.411764705882353,16794,PASS,,LOW_THRESHOLD_10_30_CALIBRATION_CAUTION
2026_04_DAL_HOU,00-0033077,25,0.1097112117780294,0.29046122615765474,NFL-RUSH-RIDGE-NORMALSD-ISO-v1,2024-25-WALKFORWARD-ISO-v1,8be61f9f4442b75fbacd335b0997d4ea8e5b412930fea99d98c12040deaa1086,2026-10-02T00:55:44.964837+00:00,15.33981803259535,17.499131191796593,QB,3,57,53.0,3.1176470588235294,10.411764705882353,16794,PASS,,LOW_THRESHOLD_10_30_CALIBRATION_CAUTION
2026_04_DAL_HOU,00-0033077,20,0.3003533568904594,0.39500049267815757,NFL-RUSH-RIDGE-NORMALSD-ISO-v1,2024-25-WALKFORWARD-ISO-v1,8be61f9f4442b75fbacd335b0997d4ea8e5b412930fea99d98c12040deaa1086,2026-10-02T00:55:44.964837+00:00,15.33981803259535,17.499131191796593,QB,3,57,53.0,3.1176470588235294,10.411764705882353,16794,PASS,,LOW_THRESHOLD_10_30_CALIBRATION_CAUTION
2026_04_DAL_HOU,00-0033077,15,0.4098939929328622,0.5077466280663202,NFL-RUSH-RIDGE-NORMALSD-ISO-v1,2024-25-WALKFORWARD-ISO-v1,8be61f9f4442b75fbacd335b0997d4ea8e5b412930fea99d98c12040deaa1086,2026-10-02T00:55:44.964837+00:00,15.33981803259535,17.499131191796593,QB,3,57,53.0,3.1176470588235294,10.411764705882353,16794,PASS,,LOW_THRESHOLD_10_30_CALIBRATION_CAUTION
2026_04_DAL_HOU,00-0033077,10,0.518590998043053,0.6198731335438827,NFL-RUSH-RIDGE-NORMALSD-ISO-v1,2024-25-WALKFORWARD-ISO-v1,8be61f9f4442b75fbacd335b0997d4ea8e5b412930fea99d98c12040deaa1086,2026-10-02T00:55:44.964837+00:00,15.33981803259535,17.499131191796593,QB,3,57,53.0,3.1176470588235294,10.411764705882353,16794,PASS,,LOW_THRESHOLD_10_30_CALIBRATION_CAUTION
2026_04_DET_CAR,00-0039139,90,0.222509702457956,0.372755451535549,NFL-RUSH-RIDGE-NORMALSD-ISO-v1,2024-25-WALKFORWARD-ISO-v1,8be61f9f4442b75fbacd335b0997d4ea8e5b412930fea99d98c12040deaa1086,2026-10-02T00:55:44.964837+00:00,84.32040795934546,17.499131191796593,RB,3,52,243.0,14.294117647058824,71.94117647058823,16794,PASS,,
2026_04_DET_CAR,00-0039139,80,0.4804804804804805,0.5975043716645805,NFL-RUSH-RIDGE-NORMALSD-ISO-v1,2024-25-WALKFORWARD-ISO-v1,8be61f9f4442b75fbacd335b0997d4ea8e5b412930fea99d98c12040deaa1086,2026-10-02T00:55:44.964837+00:00,84.32040795934546,17.499131191796593,RB,3,52,243.0,14.294117647058824,71.94117647058823,16794,PASS,,
2026_04_DET_CAR,00-0039139,70,0.614247311827957,0.7934212196248791,NFL-RUSH-RIDGE-NORMALSD-ISO-v1,2024-25-WALKFORWARD-ISO-v1,8be61f9f4442b75fbacd335b0997d4ea8e5b412930fea99d98c12040deaa1086,2026-10-02T00:55:44.964837+00:00,84.32040795934546,17.499131191796593,RB,3,52,243.0,14.294117647058824,71.94117647058823,16794,PASS,,
2026_04_DET_CAR,00-0039139,60,0.7785467128027682,0.9177061927318966,NFL-RUSH-RIDGE-NORMALSD-ISO-v1,2024-25-WALKFORWARD-ISO-v1,8be61f9f4442b75fbacd335b0997d4ea8e5b412930fea99d98c12040deaa1086,2026-10-02T00:55:44.964837+00:00,84.32040795934546,17.499131191796593,RB,3,52,243.0,14.294117647058824,71.94117647058823,16794,PASS,,
2026_04_DET_CAR,00-0039139,190,0.0015069318866787,7.747193505353286e-10,NFL-RUSH-RIDGE-NORMALSD-ISO-v1,2024-25-WALKFORWARD-ISO-v1,8be61f9f4442b75fbacd335b0997d4ea8e5b412930fea99d98c12040deaa1086,2026-10-02T00:55:44.964837+00:00,84.32040795934546,17.499131191796593,RB,3,52,243.0,14.294117647058824,71.94117647058823,16794,WARN,THRESHOLD_OUTSIDE_VALIDATED_10_150_RANGE,
2026_04_DET_CAR,00-0039139,180,0.0025059351094697,2.2798627522295892e-08,NFL-RUSH-RIDGE-NORMALSD-ISO-v1,2024-25-WALKFORWARD-ISO-v1,8be61f9f4442b75fbacd335b0997d4ea8e5b412930fea99d98c12040deaa1086,2026-10-02T00:55:44.964837+00:00,84.32040795934546,17.499131191796593,RB,3,52,243.0,14.294117647058824,71.94117647058823,16794,WARN,THRESHOLD_OUTSIDE_VALIDATED_10_150_RANGE,
2026_04_DET_CAR,00-0039139,170,0.0038745156855393,4.884890149483792e-07,NFL-RUSH-RIDGE-NORMALSD-ISO-v1,2024-25-WALKFORWARD-ISO-v1,8be61f9f4442b75fbacd335b0997d4ea8e5b412930fea99d98c12040deaa1086,2026-10-02T00:55:44.964837+00:00,84.32040795934546,17.499131191796593,RB,3,52,243.0,14.294117647058824,71.94117647058823,16794,WARN,THRESHOLD_OUTSIDE_VALIDATED_10_150_RANGE,
2026_04_DET_CAR,00-0039139,160,0.0073696145124716,7.63480282408015e-06,NFL-RUSH-RIDGE-NORMALSD-ISO-v1,2024-25-WALKFORWARD-ISO-v1,8be61f9f4442b75fbacd335b0997d4ea8e5b412930fea99d98c12040deaa1086,2026-10-02T00:55:44.964837+00:00,84.32040795934546,17.499131191796593,RB,3,52,243.0,14.294117647058824,71.94117647058823,16794,WARN,THRESHOLD_OUTSIDE_VALIDATED_10_150_RANGE,
2026_04_DET_CAR,00-0039139,150,0.011334363730036,8.7258842900018e-05,NFL-RUSH-RIDGE-NORMALSD-ISO-v1,2024-25-WALKFORWARD-ISO-v1,8be61f9f4442b75fbacd335b0997d4ea8e5b412930fea99d98c12040deaa1086,2026-10-02T00:55:44.964837+00:00,84.32040795934546,17.499131191796593,RB,3,52,243.0,14.294117647058824,71.94117647058823,16794,PASS,,
2026_04_DET_CAR,00-0039139,140,0.014933628318584,0.0007316906147513734,NFL-RUSH-RIDGE-NORMALSD-ISO-v1,2024-25-WALKFORWARD-ISO-v1,8be61f9f4442b75fbacd335b0997d4ea8e5b412930fea99d98c12040deaa1086,2026-10-02T00:55:44.964837+00:00,84.32040795934546,17.499131191796593,RB,3,52,243.0,14.294117647058824,71.94117647058823,16794,PASS,,
2026_04_DET_CAR,00-0039139,130,0.0289297658862876,0.004521926197028929,NFL-RUSH-RIDGE-NORMALSD-ISO-v1,2024-25-WALKFORWARD-ISO-v1,8be61f9f4442b75fbacd335b0997d4ea8e5b412930fea99d98c12040deaa1086,2026-10-02T00:55:44.964837+00:00,84.32040795934546,17.499131191796593,RB,3,52,243.0,14.294117647058824,71.94117647058823,16794,PASS,,
2026_04_DET_CAR,00-0039139,120,0.0450062508681761,0.020728254798681192,NFL-RUSH-RIDGE-NORMALSD-ISO-v1,2024-25-WALKFORWARD-ISO-v1,8be61f9f4442b75fbacd335b0997d4ea8e5b412930fea99d98c12040deaa1086,2026-10-02T00:55:44.964837+00:00,84.32040795934546,17.499131191796593,RB,3,52,243.0,14.294117647058824,71.94117647058823,16794,PASS,,
2026_04_DET_CAR,00-0039139,110,0.0694607268464243,0.07112301932068313,NFL-RUSH-RIDGE-NORMALSD-ISO-v1,2024-25-WALKFORWARD-ISO-v1,8be61f9f4442b75fbacd335b0997d4ea8e5b412930fea99d98c12040deaa1086,2026-10-02T00:55:44.964837+00:00,84.32040795934546,17.499131191796593,RB,3,52,243.0,14.294117647058824,71.94117647058823,16794,PASS,,
2026_04_DET_CAR,00-0039139,100,0.1097112117780294,0.18512072782158367,NFL-RUSH-RIDGE-NORMALSD-ISO-v1,2024-25-WALKFORWARD-ISO-v1,8be61f9f4442b75fbacd335b0997d4ea8e5b412930fea99d98c12040deaa1086,2026-10-02T00:55:44.964837+00:00,84.32040795934546,17.499131191796593,RB,3,52,243.0,14.294117647058824,71.94117647058823,16794,PASS,,
2026_04_DET_CAR,00-0036555,90,0.0450062508681761,0.023768305150575354,NFL-RUSH-RIDGE-NORMALSD-ISO-v1,2024-25-WALKFORWARD-ISO-v1,8be61f9f4442b75fbacd335b0997d4ea8e5b412930fea99d98c12040deaa1086,2026-10-02T00:55:44.964837+00:00,55.32568723740161,17.499131191796593,RB,3,64,134.0,8.933333333333334,34.06666666666667,16794,PASS,,
2026_04_DET_CAR,00-0036555,80,0.0694607268464243,0.07926530433476069,NFL-RUSH-RIDGE-NORMALSD-ISO-v1,2024-25-WALKFORWARD-ISO-v1,8be61f9f4442b75fbacd335b0997d4ea8e5b412930fea99d98c12040deaa1086,2026-10-02T00:55:44.964837+00:00,55.32568723740161,17.499131191796593,RB,3,64,134.0,8.933333333333334,34.06666666666667,16794,PASS,,
2026_04_DET_CAR,00-0036555,70,0.1097112117780294,0.20085426190976907,NFL-RUSH-RIDGE-NORMALSD-ISO-v1,2024-25-WALKFORWARD-ISO-v1,8be61f9f4442b75fbacd335b0997d4ea8e5b412930fea99d98c12040deaa1086,2026-10-02T00:55:44.964837+00:00,55.32568723740161,17.499131191796593,RB,3,64,134.0,8.933333333333334,34.06666666666667,16794,PASS,,
2026_04_DET_CAR,00-0036555,60,0.3003533568904594,0.39468959805491644,NFL-RUSH-RIDGE-NORMALSD-ISO-v1,2024-25-WALKFORWARD-ISO-v1,8be61f9f4442b75fbacd335b0997d4ea8e5b412930fea99d98c12040deaa1086,2026-10-02T00:55:44.964837+00:00,55.32568723740161,17.499131191796593,RB,3,64,134.0,8.933333333333334,34.06666666666667,16794,PASS,,
2026_04_DET_CAR,00-0036555,50,0.518590998043053,0.6195655989589534,NFL-RUSH-RIDGE-NORMALSD-ISO-v1,2024-25-WALKFORWARD-ISO-v1,8be61f9f4442b75fbacd335b0997d4ea8e5b412930fea99d98c12040deaa1086,2026-10-02T00:55:44.964837+00:00,55.32568723740161,17.499131191796593,RB,3,64,134.0,8.933333333333334,34.06666666666667,16794,PASS,,
2026_04_DET_CAR,00-0036555,40,0.7077720207253886,0.8094298092673635,NFL-RUSH-RIDGE-NORMALSD-ISO-v1,2024-25-WALKFORWARD-ISO-v1,8be61f9f4442b75fbacd335b0997d4ea8e5b412930fea99d98c12040deaa1086,2026-10-02T00:55:44.964837+00:00,55.32568723740161,17.499131191796593,RB,3,64,134.0,8.933333333333334,34.06666666666667,16794,PASS,,
2026_04_DET_CAR,00-0036555,140,0.0038745156855393,6.532177977089972e-07,NFL-RUSH-RIDGE-NORMALSD-ISO-v1,2024-25-WALKFORWARD-ISO-v1,8be61f9f4442b75fbacd335b0997d4ea8e5b412930fea99d98c12040deaa1086,2026-10-02T00:55:44.964837+00:00,55.32568723740161,17.499131191796593,RB,3,64,134.0,8.933333333333334,34.06666666666667,16794,PASS,,
2026_04_DET_CAR,00-0036555,130,0.0080273270708795,9.8919661213439e-06,NFL-RUSH-RIDGE-NORMALSD-ISO-v1,2024-25-WALKFORWARD-ISO-v1,8be61f9f4442b75fbacd335b0997d4ea8e5b412930fea99d98c12040deaa1086,2026-10-02T00:55:44.964837+00:00,55.32568723740161,17.499131191796593,RB,3,64,134.0,8.933333333333334,34.06666666666667,16794,PASS,,
2026_04_DET_CAR,00-0036555,120,0.0128061469505362,0.00010957250368029538,NFL-RUSH-RIDGE-NORMALSD-ISO-v1,2024-25-WALKFORWARD-ISO-v1,8be61f9f4442b75fbacd335b0997d4ea8e5b412930fea99d98c12040deaa1086,2026-10-02T00:55:44.964837+00:00,55.32568723740161,17.499131191796593,RB,3,64,134.0,8.933333333333334,34.06666666666667,16794,PASS,,
2026_04_DET_CAR,00-0036555,110,0.019949281487743,0.0008908356368295343,NFL-RUSH-RIDGE-NORMALSD-ISO-v1,2024-25-WALKFORWARD-ISO-v1,8be61f9f4442b75fbacd335b0997d4ea8e5b412930fea99d98c12040deaa1086,2026-10-02T00:55:44.964837+00:00,55.32568723740161,17.499131191796593,RB,3,64,134.0,8.933333333333334,34.06666666666667,16794,PASS,,
2026_04_DET_CAR,00-0036555,100,0.0289297658862876,0.005340823992375016,NFL-RUSH-RIDGE-NORMALSD-ISO-v1,2024-25-WALKFORWARD-ISO-v1,8be61f9f4442b75fbacd335b0997d4ea8e5b412930fea99d98c12040deaa1086,2026-10-02T00:55:44.964837+00:00,55.32568723740161,17.499131191796593,RB,3,64,134.0,8.933333333333334,34.06666666666667,16794,PASS,,
2026_04_DET_CAR,00-0039150,50,0.0289297658862876,0.008360443253133183,NFL-RUSH-RIDGE-NORMALSD-ISO-v1,2024-25-WALKFORWARD-ISO-v1,8be61f9f4442b75fbacd335b0997d4ea8e5b412930fea99d98c12040deaa1086,2026-10-02T00:55:44.964837+00:00,8.12828390351007,17.499131191796593,QB,3,49,54.0,3.375,13.5,16794,PASS,,
2026_04_DET_CAR,00-0039150,40,0.0450062508681761,0.034278252457483595,NFL-RUSH-RIDGE-NORMALSD-ISO-v1,2024-25-WALKFORWARD-ISO-v1,8be61f9f4442b75fbacd335b0997d4ea8e5b412930fea99d98c12040deaa1086,2026-10-02T00:55:44.964837+00:00,8.12828390351007,17.499131191796593,QB,3,49,54.0,3.375,13.5,16794,PASS,,
2026_04_DET_CAR,00-0039150,30,0.0694607268464243,0.10567271621768677,NFL-RUSH-RIDGE-NORMALSD-ISO-v1,2024-25-WALKFORWARD-ISO-v1,8be61f9f4442b75fbacd335b0997d4ea8e5b412930fea99d98c12040deaa1086,2026-10-02T00:55:44.964837+00:00,8.12828390351007,17.499131191796593,QB,3,49,54.0,3.375,13.5,16794,PASS,,LOW_THRESHOLD_10_30_CALIBRATION_CAUTION
2026_04_DET_CAR,00-0039150,25,0.1097112117780294,0.16748638438225133,NFL-RUSH-RIDGE-NORMALSD-ISO-v1,2024-25-WALKFORWARD-ISO-v1,8be61f9f4442b75fbacd335b0997d4ea8e5b412930fea99d98c12040deaa1086,2026-10-02T00:55:44.964837+00:00,8.12828390351007,17.499131191796593,QB,3,49,54.0,3.375,13.5,16794,PASS,,LOW_THRESHOLD_10_30_CALIBRATION_CAUTION
2026_04_DET_CAR,00-0039150,20,0.1097112117780294,0.2487535215660261,NFL-RUSH-RIDGE-NORMALSD-ISO-v1,2024-25-WALKFORWARD-ISO-v1,8be61f9f4442b75fbacd335b0997d4ea8e5b412930fea99d98c12040deaa1086,2026-10-02T00:55:44.964837+00:00,8.12828390351007,17.499131191796593,QB,3,49,54.0,3.375,13.5,16794,PASS,,LOW_THRESHOLD_10_30_CALIBRATION_CAUTION
2026_04_DET_CAR,00-0039150,15,0.2024793388429752,0.3472746029474211,NFL-RUSH-RIDGE-NORMALSD-ISO-v1,2024-25-WALKFORWARD-ISO-v1,8be61f9f4442b75fbacd335b0997d4ea8e5b412930fea99d98c12040deaa1086,2026-10-02T00:55:44.964837+00:00,8.12828390351007,17.499131191796593,QB,3,49,54.0,3.375,13.5,16794,PASS,,LOW_THRESHOLD_10_30_CALIBRATION_CAUTION
2026_04_DET_CAR,00-0039150,10,0.3585657370517928,0.4574101519551182,NFL-RUSH-RIDGE-NORMALSD-ISO-v1,2024-25-WALKFORWARD-ISO-v1,8be61f9f4442b75fbacd335b0997d4ea8e5b412930fea99d98c12040deaa1086,2026-10-02T00:55:44.964837+00:00,8.12828390351007,17.499131191796593,QB,3,49,54.0,3.375,13.5,16794,PASS,,LOW_THRESHOLD_10_30_CALIBRATION_CAUTION
2026_04_NE_BUF,00-0036875,90,0.0239520958083832,0.0033203325921135696,NFL-RUSH-RIDGE-NORMALSD-ISO-v1,2024-25-WALKFORWARD-ISO-v1,8be61f9f4442b75fbacd335b0997d4ea8e5b412930fea99d98c12040deaa1086,2026-10-02T00:55:44.964837+00:00,42.50129313094806,17.499131191796593,RB,3,61,130.0,9.285714285714286,43.07142857142857,16794,PASS,,
2026_04_NE_BUF,00-0036875,80,0.0336448598130841,0.016060980691492654,NFL-RUSH-RIDGE-NORMALSD-ISO-v1,2024-25-WALKFORWARD-ISO-v1,8be61f9f4442b75fbacd335b0997d4ea8e5b412930fea99d98c12040deaa1086,2026-10-02T00:55:44.964837+00:00,42.50129313094806,17.499131191796593,RB,3,61,130.0,9.285714285714286,43.07142857142857,16794,PASS,,
2026_04_NE_BUF,00-0036875,70,0.0577342047930283,0.05804108841325736,NFL-RUSH-RIDGE-NORMALSD-ISO-v1,2024-25-WALKFORWARD-ISO-v1,8be61f9f4442b75fbacd335b0997d4ea8e5b412930fea99d98c12040deaa1086,2026-10-02T00:55:44.964837+00:00,42.50129313094806,17.499131191796593,RB,3,61,130.0,9.285714285714286,43.07142857142857,16794,PASS,,
2026_04_NE_BUF,00-0036875,60,0.0963364993215739,0.1586611213614258,NFL-RUSH-RIDGE-NORMALSD-ISO-v1,2024-25-WALKFORWARD-ISO-v1,8be61f9f4442b75fbacd335b0997d4ea8e5b412930fea99d98c12040deaa1086,2026-10-02T00:55:44.964837+00:00,42.50129313094806,17.499131191796593,RB,3,61,130.0,9.285714285714286,43.07142857142857,16794,PASS,,
2026_04_NE_BUF,00-0036875,50,0.2024793388429752,0.3341367210539604,NFL-RUSH-RIDGE-NORMALSD-ISO-v1,2024-25-WALKFORWARD-ISO-v1,8be61f9f4442b75fbacd335b0997d4ea8e5b412930fea99d98c12040deaa1086,2026-10-02T00:55:44.964837+00:00,42.50129313094806,17.499131191796593,RB,3,61,130.0,9.285714285714286,43.07142857142857,16794,PASS,,
2026_04_NE_BUF,00-0036875,40,0.4553571428571428,0.5568304787601206,NFL-RUSH-RIDGE-NORMALSD-ISO-v1,2024-25-WALKFORWARD-ISO-v1,8be61f9f4442b75fbacd335b0997d4ea8e5b412930fea99d98c12040deaa1086,2026-10-02T00:55:44.964837+00:00,42.50129313094806,17.499131191796593,RB,3,61,130.0,9.285714285714286,43.07142857142857,16794,PASS,,
2026_04_NE_BUF,00-0036875,30,0.614247311827957,0.7625085415713856,NFL-RUSH-RIDGE-NORMALSD-ISO-v1,2024-25-WALKFORWARD-ISO-v1,8be61f9f4442b75fbacd335b0997d4ea8e5b412930fea99d98c12040deaa1086,2026-10-02T00:55:44.964837+00:00,42.50129313094806,17.499131191796593,RB,3,61,130.0,9.285714285714286,43.07142857142857,16794,PASS,,LOW_THRESHOLD_10_30_CALIBRATION_CAUTION
2026_04_NE_BUF,00-0036875,25,0.7077720207253886,0.8413746386193319,NFL-RUSH-RIDGE-NORMALSD-ISO-v1,2024-25-WALKFORWARD-ISO-v1,8be61f9f4442b75fbacd335b0997d4ea8e5b412930fea99d98c12040deaa1086,2026-10-02T00:55:44.964837+00:00,42.50129313094806,17.499131191796593,RB,3,61,130.0,9.285714285714286,43.07142857142857,16794,PASS,,LOW_THRESHOLD_10_30_CALIBRATION_CAUTION
2026_04_NE_BUF,00-0036875,20,0.7678571428571429,0.9007526437470833,NFL-RUSH-RIDGE-NORMALSD-ISO-v1,2024-25-WALKFORWARD-ISO-v1,8be61f9f4442b75fbacd335b0997d4ea8e5b412930fea99d98c12040deaa1086,2026-10-02T00:55:44.964837+00:00,42.50129313094806,17.499131191796593,RB,3,61,130.0,9.285714285714286,43.07142857142857,16794,PASS,,LOW_THRESHOLD_10_30_CALIBRATION_CAUTION
2026_04_NE_BUF,00-0036875,15,0.8320926385442513,0.9419760626913661,NFL-RUSH-RIDGE-NORMALSD-ISO-v1,2024-25-WALKFORWARD-ISO-v1,8be61f9f4442b75fbacd335b0997d4ea8e5b412930fea99d98c12040deaa1086,2026-10-02T00:55:44.964837+00:00,42.50129313094806,17.499131191796593,RB,3,61,130.0,9.285714285714286,43.07142857142857,16794,PASS,,LOW_THRESHOLD_10_30_CALIBRATION_CAUTION
2026_04_NE_BUF,00-0040734,100,0.019949281487743,0.0012611561787732814,NFL-RUSH-RIDGE-NORMALSD-ISO-v1,2024-25-WALKFORWARD-ISO-v1,8be61f9f4442b75fbacd335b0997d4ea8e5b412930fea99d98c12040deaa1086,2026-10-02T00:55:44.964837+00:00,47.141217811936635,17.499131191796593,RB,2,19,180.0,10.588235294117647,53.588235294117645,16794,PASS,,
2026_04_NE_BUF,00-0040734,90,0.0289297658862876,0.007158798323215589,NFL-RUSH-RIDGE-NORMALSD-ISO-v1,2024-25-WALKFORWARD-ISO-v1,8be61f9f4442b75fbacd335b0997d4ea8e5b412930fea99d98c12040deaa1086,2026-10-02T00:55:44.964837+00:00,47.141217811936635,17.499131191796593,RB,2,19,180.0,10.588235294117647,53.588235294117645,16794,PASS,,
2026_04_NE_BUF,00-0040734,80,0.0450062508681761,0.030208513331744503,NFL-RUSH-RIDGE-NORMALSD-ISO-v1,2024-25-WALKFORWARD-ISO-v1,8be61f9f4442b75fbacd335b0997d4ea8e5b412930fea99d98c12040deaa1086,2026-10-02T00:55:44.964837+00:00,47.141217811936635,17.499131191796593,RB,2,19,180.0,10.588235294117647,53.588235294117645,16794,PASS,,
2026_04_NE_BUF,00-0040734,70,0.0694607268464243,0.09572851190984455,NFL-RUSH-RIDGE-NORMALSD-ISO-v1,2024-25-WALKFORWARD-ISO-v1,8be61f9f4442b75fbacd335b0997d4ea8e5b412930fea99d98c12040deaa1086,2026-10-02T00:55:44.964837+00:00,47.141217811936635,17.499131191796593,RB,2,19,180.0,10.588235294117647,53.588235294117645,16794,PASS,,
2026_04_NE_BUF,00-0040734,60,0.1097112117780294,0.23122333370202325,NFL-RUSH-RIDGE-NORMALSD-ISO-v1,2024-25-WALKFORWARD-ISO-v1,8be61f9f4442b75fbacd335b0997d4ea8e5b412930fea99d98c12040deaa1086,2026-10-02T00:55:44.964837+00:00,47.141217811936635,17.499131191796593,RB,2,19,180.0,10.588235294117647,53.588235294117645,16794,PASS,,
2026_04_NE_BUF,00-0040734,50,0.3560767590618336,0.4351147054861564,NFL-RUSH-RIDGE-NORMALSD-ISO-v1,2024-25-WALKFORWARD-ISO-v1,8be61f9f4442b75fbacd335b0997d4ea8e5b412930fea99d98c12040deaa1086,2026-10-02T00:55:44.964837+00:00,47.141217811936635,17.499131191796593,RB,2,19,180.0,10.588235294117647,53.588235294117645,16794,PASS,,
2026_04_NE_BUF,00-0040734,40,0.5792682926829267,0.6583961440091679,NFL-RUSH-RIDGE-NORMALSD-ISO-v1,2024-25-WALKFORWARD-ISO-v1,8be61f9f4442b75fbacd335b0997d4ea8e5b412930fea99d98c12040deaa1086,2026-10-02T00:55:44.964837+00:00,47.141217811936635,17.499131191796593,RB,2,19,180.0,10.588235294117647,53.588235294117645,16794,PASS,,
2026_04_NE_BUF,00-0040734,30,0.7077720207253886,0.8363450596588479,NFL-RUSH-RIDGE-NORMALSD-ISO-v1,2024-25-WALKFORWARD-ISO-v1,8be61f9f4442b75fbacd335b0997d4ea8e5b412930fea99d98c12040deaa1086,2026-10-02T00:55:44.964837+00:00,47.141217811936635,17.499131191796593,RB,2,19,180.0,10.588235294117647,53.588235294117645,16794,PASS,,LOW_THRESHOLD_10_30_CALIBRATION_CAUTION
2026_04_NE_BUF,00-0040734,25,0.7678571428571429,0.8971136644656013,NFL-RUSH-RIDGE-NORMALSD-ISO-v1,2024-25-WALKFORWARD-ISO-v1,8be61f9f4442b75fbacd335b0997d4ea8e5b412930fea99d98c12040deaa1086,2026-10-02T00:55:44.964837+00:00,47.141217811936635,17.499131191796593,RB,2,19,180.0,10.588235294117647,53.588235294117645,16794,PASS,,LOW_THRESHOLD_10_30_CALIBRATION_CAUTION
2026_04_NE_BUF,00-0040734,20,0.8320926385442513,0.9395496053809667,NFL-RUSH-RIDGE-NORMALSD-ISO-v1,2024-25-WALKFORWARD-ISO-v1,8be61f9f4442b75fbacd335b0997d4ea8e5b412930fea99d98c12040deaa1086,2026-10-02T00:55:44.964837+00:00,47.141217811936635,17.499131191796593,RB,2,19,180.0,10.588235294117647,53.588235294117645,16794,PASS,,LOW_THRESHOLD_10_30_CALIBRATION_CAUTION
2026_04_DEN_SF,00-0039732,60,0.0289297658862876,0.005883625681919085,NFL-RUSH-RIDGE-NORMALSD-ISO-v1,2024-25-WALKFORWARD-ISO-v1,8be61f9f4442b75fbacd335b0997d4ea8e5b412930fea99d98c12040deaa1086,2026-10-02T00:55:44.964837+00:00,15.91884331405897,17.499131191796593,QB,3,37,83.0,4.882352941176471,20.941176470588236,16794,PASS,,
2026_04_DEN_SF,00-0039732,50,0.0450062508681761,0.025731939306569286,NFL-RUSH-RIDGE-NORMALSD-ISO-v1,2024-25-WALKFORWARD-ISO-v1,8be61f9f4442b75fbacd335b0997d4ea8e5b412930fea99d98c12040deaa1086,2026-10-02T00:55:44.964837+00:00,15.91884331405897,17.499131191796593,QB,3,37,83.0,4.882352941176471,20.941176470588236,16794,PASS,,
2026_04_DEN_SF,00-0039732,40,0.0694607268464243,0.08439001104483428,NFL-RUSH-RIDGE-NORMALSD-ISO-v1,2024-25-WALKFORWARD-ISO-v1,8be61f9f4442b75fbacd335b0997d4ea8e5b412930fea99d98c12040deaa1086,2026-10-02T00:55:44.964837+00:00,15.91884331405897,17.499131191796593,QB,3,37,83.0,4.882352941176471,20.941176470588236,16794,PASS,,
2026_04_DEN_SF,00-0039732,30,0.1097112117780294,0.21050291086037703,NFL-RUSH-RIDGE-NORMALSD-ISO-v1,2024-25-WALKFORWARD-ISO-v1,8be61f9f4442b75fbacd335b0997d4ea8e5b412930fea99d98c12040deaa1086,2026-10-02T00:55:44.964837+00:00,15.91884331405897,17.499131191796593,QB,3,37,83.0,4.882352941176471,20.941176470588236,16794,PASS,,LOW_THRESHOLD_10_30_CALIBRATION_CAUTION
2026_04_DEN_SF,00-0039732,25,0.1097112117780294,0.3018981521565562,NFL-RUSH-RIDGE-NORMALSD-ISO-v1,2024-25-WALKFORWARD-ISO-v1,8be61f9f4442b75fbacd335b0997d4ea8e5b412930fea99d98c12040deaa1086,2026-10-02T00:55:44.964837+00:00,15.91884331405897,17.499131191796593,QB,3,37,83.0,4.882352941176471,20.941176470588236,16794,PASS,,LOW_THRESHOLD_10_30_CALIBRATION_CAUTION
2026_04_DEN_SF,00-0039732,20,0.3003533568904594,0.40779508158809613,NFL-RUSH-RIDGE-NORMALSD-ISO-v1,2024-25-WALKFORWARD-ISO-v1,8be61f9f4442b75fbacd335b0997d4ea8e5b412930fea99d98c12040deaa1086,2026-10-02T00:55:44.964837+00:00,15.91884331405897,17.499131191796593,QB,3,37,83.0,4.882352941176471,20.941176470588236,16794,PASS,,LOW_THRESHOLD_10_30_CALIBRATION_CAUTION
2026_04_DEN_SF,00-0039732,15,0.4098939929328622,0.520938015192332,NFL-RUSH-RIDGE-NORMALSD-ISO-v1,2024-25-WALKFORWARD-ISO-v1,8be61f9f4442b75fbacd335b0997d4ea8e5b412930fea99d98c12040deaa1086,2026-10-02T00:55:44.964837+00:00,15.91884331405897,17.499131191796593,QB,3,37,83.0,4.882352941176471,20.941176470588236,16794,PASS,,LOW_THRESHOLD_10_30_CALIBRATION_CAUTION
2026_04_DEN_SF,00-0039732,10,0.518590998043053,0.6324074801112192,NFL-RUSH-RIDGE-NORMALSD-ISO-v1,2024-25-WALKFORWARD-ISO-v1,8be61f9f4442b75fbacd335b0997d4ea8e5b412930fea99d98c12040deaa1086,2026-10-02T00:55:44.964837+00:00,15.91884331405897,17.499131191796593,QB,3,37,83.0,4.882352941176471,20.941176470588236,16794,PASS,,LOW_THRESHOLD_10_30_CALIBRATION_CAUTION
2026_04_DEN_SF,00-0036158,140,0.0038745156855393,3.825549132502717e-07,NFL-RUSH-RIDGE-NORMALSD-ISO-v1,2024-25-WALKFORWARD-ISO-v1,8be61f9f4442b75fbacd335b0997d4ea8e5b412930fea99d98c12040deaa1086,2026-10-02T00:55:44.964837+00:00,53.48319394839878,17.499131191796593,RB,3,35,153.0,15.3,77.2,16794,PASS,,
2026_04_DEN_SF,00-0036158,130,0.0073696145124716,6.138608691938687e-06,NFL-RUSH-RIDGE-NORMALSD-ISO-v1,2024-25-WALKFORWARD-ISO-v1,8be61f9f4442b75fbacd335b0997d4ea8e5b412930fea99d98c12040deaa1086,2026-10-02T00:55:44.964837+00:00,53.48319394839878,17.499131191796593,RB,3,35,153.0,15.3,77.2,16794,PASS,,
2026_04_DEN_SF,00-0036158,120,0.011334363730036,7.201331127047312e-05,NFL-RUSH-RIDGE-NORMALSD-ISO-v1,2024-25-WALKFORWARD-ISO-v1,8be61f9f4442b75fbacd335b0997d4ea8e5b412930fea99d98c12040deaa1086,2026-10-02T00:55:44.964837+00:00,53.48319394839878,17.499131191796593,RB,3,35,153.0,15.3,77.2,16794,PASS,,
2026_04_DEN_SF,00-0036158,110,0.014933628318584,0.000619617954460239,NFL-RUSH-RIDGE-NORMALSD-ISO-v1,2024-25-WALKFORWARD-ISO-v1,8be61f9f4442b75fbacd335b0997d4ea8e5b412930fea99d98c12040deaa1086,2026-10-02T00:55:44.964837+00:00,53.48319394839878,17.499131191796593,RB,3,35,153.0,15.3,77.2,16794,PASS,,
2026_04_DEN_SF,00-0036158,100,0.0285714285714285,0.0039275529102148835,NFL-RUSH-RIDGE-NORMALSD-ISO-v1,2024-25-WALKFORWARD-ISO-v1,8be61f9f4442b75fbacd335b0997d4ea8e5b412930fea99d98c12040deaa1086,2026-10-02T00:55:44.964837+00:00,53.48319394839878,17.499131191796593,RB,3,35,153.0,15.3,77.2,16794,PASS,,
2026_04_DEN_SF,00-0036158,90,0.0450062508681761,0.018454092852476685,NFL-RUSH-RIDGE-NORMALSD-ISO-v1,2024-25-WALKFORWARD-ISO-v1,8be61f9f4442b75fbacd335b0997d4ea8e5b412930fea99d98c12040deaa1086,2026-10-02T00:55:44.964837+00:00,53.48319394839878,17.499131191796593,RB,3,35,153.0,15.3,77.2,16794,PASS,,
2026_04_DEN_SF,00-0036158,80,0.0694607268464243,0.06484552965717427,NFL-RUSH-RIDGE-NORMALSD-ISO-v1,2024-25-WALKFORWARD-ISO-v1,8be61f9f4442b75fbacd335b0997d4ea8e5b412930fea99d98c12040deaa1086,2026-10-02T00:55:44.964837+00:00,53.48319394839878,17.499131191796593,RB,3,35,153.0,15.3,77.2,16794,PASS,,
2026_04_DEN_SF,00-0036158,70,0.1097112117780294,0.17261948637517488,NFL-RUSH-RIDGE-NORMALSD-ISO-v1,2024-25-WALKFORWARD-ISO-v1,8be61f9f4442b75fbacd335b0997d4ea8e5b412930fea99d98c12040deaa1086,2026-10-02T00:55:44.964837+00:00,53.48319394839878,17.499131191796593,RB,3,35,153.0,15.3,77.2,16794,PASS,,
2026_04_DEN_SF,00-0036158,60,0.222509702457956,0.3547947703880114,NFL-RUSH-RIDGE-NORMALSD-ISO-v1,2024-25-WALKFORWARD-ISO-v1,8be61f9f4442b75fbacd335b0997d4ea8e5b412930fea99d98c12040deaa1086,2026-10-02T00:55:44.964837+00:00,53.48319394839878,17.499131191796593,RB,3,35,153.0,15.3,77.2,16794,PASS,,
2026_04_DEN_SF,00-0036158,50,0.4553571428571428,0.5788880022590648,NFL-RUSH-RIDGE-NORMALSD-ISO-v1,2024-25-WALKFORWARD-ISO-v1,8be61f9f4442b75fbacd335b0997d4ea8e5b412930fea99d98c12040deaa1086,2026-10-02T00:55:44.964837+00:00,53.48319394839878,17.499131191796593,RB,3,35,153.0,15.3,77.2,16794,PASS,,
2026_04_DEN_SF,00-0036158,40,0.614247311827957,0.7795002431786833,NFL-RUSH-RIDGE-NORMALSD-ISO-v1,2024-25-WALKFORWARD-ISO-v1,8be61f9f4442b75fbacd335b0997d4ea8e5b412930fea99d98c12040deaa1086,2026-10-02T00:55:44.964837+00:00,53.48319394839878,17.499131191796593,RB,3,35,153.0,15.3,77.2,16794,PASS,,
2026_04_KC_LV,00-0040122,90,0.0694607268464243,0.13212765177972913,NFL-RUSH-RIDGE-NORMALSD-ISO-v1,2024-25-WALKFORWARD-ISO-v1,8be61f9f4442b75fbacd335b0997d4ea8e5b412930fea99d98c12040deaa1086,2026-10-02T00:55:44.964837+00:00,70.4641478507422,17.499131191796593,RB,3,20,266.0,15.647058823529411,57.35294117647059,16794,PASS,,
2026_04_KC_LV,00-0040122,80,0.1097112117780294,0.292899836956969,NFL-RUSH-RIDGE-NORMALSD-ISO-v1,2024-25-WALKFORWARD-ISO-v1,8be61f9f4442b75fbacd335b0997d4ea8e5b412930fea99d98c12040deaa1086,2026-10-02T00:55:44.964837+00:00,70.4641478507422,17.499131191796593,RB,3,20,266.0,15.647058823529411,57.35294117647059,16794,PASS,,
2026_04_KC_LV,00-0040122,70,0.4098939929328622,0.5105803248474522,NFL-RUSH-RIDGE-NORMALSD-ISO-v1,2024-25-WALKFORWARD-ISO-v1,8be61f9f4442b75fbacd335b0997d4ea8e5b412930fea99d98c12040deaa1086,2026-10-02T00:55:44.964837+00:00,70.4641478507422,17.499131191796593,RB,3,20,266.0,15.647058823529411,57.35294117647059,16794,PASS,,
2026_04_KC_LV,00-0040122,60,0.5889175257731958,0.7250736923079759,NFL-RUSH-RIDGE-NORMALSD-ISO-v1,2024-25-WALKFORWARD-ISO-v1,8be61f9f4442b75fbacd335b0997d4ea8e5b412930fea99d98c12040deaa1086,2026-10-02T00:55:44.964837+00:00,70.4641478507422,17.499131191796593,RB,3,20,266.0,15.647058823529411,57.35294117647059,16794,PASS,,
2026_04_KC_LV,00-0040122,50,0.7083333333333334,0.8788863833637546,NFL-RUSH-RIDGE-NORMALSD-ISO-v1,2024-25-WALKFORWARD-ISO-v1,8be61f9f4442b75fbacd335b0997d4ea8e5b412930fea99d98c12040deaa1086,2026-10-02T00:55:44.964837+00:00,70.4641478507422,17.499131191796593,RB,3,20,266.0,15.647058823529411,57.35294117647059,16794,PASS,,
2026_04_KC_LV,00-0040122,40,0.8320926385442513,0.9591489965942214,NFL-RUSH-RIDGE-NORMALSD-ISO-v1,2024-25-WALKFORWARD-ISO-v1,8be61f9f4442b75fbacd335b0997d4ea8e5b412930fea99d98c12040deaa1086,2026-10-02T00:55:44.964837+00:00,70.4641478507422,17.499131191796593,RB,3,20,266.0,15.647058823529411,57.35294117647059,16794,PASS,,
2026_04_KC_LV,00-0040122,30,0.9149940968122786,0.9896208484070063,NFL-RUSH-RIDGE-NORMALSD-ISO-v1,2024-25-WALKFORWARD-ISO-v1,8be61f9f4442b75fbacd335b0997d4ea8e5b412930fea99d98c12040deaa1086,2026-10-02T00:55:44.964837+00:00,70.4641478507422,17.499131191796593,RB,3,20,266.0,15.647058823529411,57.35294117647059,16794,PASS,,LOW_THRESHOLD_10_30_CALIBRATION_CAUTION
2026_04_KC_LV,00-0040122,130,0.0128061469505362,0.00033420697273672047,NFL-RUSH-RIDGE-NORMALSD-ISO-v1,2024-25-WALKFORWARD-ISO-v1,8be61f9f4442b75fbacd335b0997d4ea8e5b412930fea99d98c12040deaa1086,2026-10-02T00:55:44.964837+00:00,70.4641478507422,17.499131191796593,RB,3,20,266.0,15.647058823529411,57.35294117647059,16794,PASS,,
2026_04_KC_LV,00-0040122,120,0.019949281487743,0.0023218727889617735,NFL-RUSH-RIDGE-NORMALSD-ISO-v1,2024-25-WALKFORWARD-ISO-v1,8be61f9f4442b75fbacd335b0997d4ea8e5b412930fea99d98c12040deaa1086,2026-10-02T00:55:44.964837+00:00,70.4641478507422,17.499131191796593,RB,3,20,266.0,15.647058823529411,57.35294117647059,16794,PASS,,
2026_04_KC_LV,00-0040122,110,0.0289297658862876,0.011932249426997018,NFL-RUSH-RIDGE-NORMALSD-ISO-v1,2024-25-WALKFORWARD-ISO-v1,8be61f9f4442b75fbacd335b0997d4ea8e5b412930fea99d98c12040deaa1086,2026-10-02T00:55:44.964837+00:00,70.4641478507422,17.499131191796593,RB,3,20,266.0,15.647058823529411,57.35294117647059,16794,PASS,,
2026_04_KC_LV,00-0040122,100,0.0450062508681761,0.04572032296993091,NFL-RUSH-RIDGE-NORMALSD-ISO-v1,2024-25-WALKFORWARD-ISO-v1,8be61f9f4442b75fbacd335b0997d4ea8e5b412930fea99d98c12040deaa1086,2026-10-02T00:55:44.964837+00:00,70.4641478507422,17.499131191796593,RB,3,20,266.0,15.647058823529411,57.35294117647059,16794,PASS,,
2026_04_KC_LV,00-0038134,90,0.3003533568904594,0.4030762092135174,NFL-RUSH-RIDGE-NORMALSD-ISO-v1,2024-25-WALKFORWARD-ISO-v1,8be61f9f4442b75fbacd335b0997d4ea8e5b412930fea99d98c12040deaa1086,2026-10-02T00:55:44.964837+00:00,85.7058417994966,17.499131191796593,RB,3,61,221.0,13.0,60.411764705882355,16794,PASS,,
2026_04_KC_LV,00-0038134,80,0.518590998043053,0.6278121431297066,NFL-RUSH-RIDGE-NORMALSD-ISO-v1,2024-25-WALKFORWARD-ISO-v1,8be61f9f4442b75fbacd335b0997d4ea8e5b412930fea99d98c12040deaa1086,2026-10-02T00:55:44.964837+00:00,85.7058417994966,17.499131191796593,RB,3,61,221.0,13.0,60.411764705882355,16794,PASS,,
2026_04_KC_LV,00-0038134,70,0.7077720207253886,0.8152795756751294,NFL-RUSH-RIDGE-NORMALSD-ISO-v1,2024-25-WALKFORWARD-ISO-v1,8be61f9f4442b75fbacd335b0997d4ea8e5b412930fea99d98c12040deaa1086,2026-10-02T00:55:44.964837+00:00,85.7058417994966,17.499131191796593,RB,3,61,221.0,13.0,60.411764705882355,16794,PASS,,
2026_04_KC_LV,00-0038134,60,0.8320926385442513,0.9290806454742938,NFL-RUSH-RIDGE-NORMALSD-ISO-v1,2024-25-WALKFORWARD-ISO-v1,8be61f9f4442b75fbacd335b0997d4ea8e5b412930fea99d98c12040deaa1086,2026-10-02T00:55:44.964837+00:00,85.7058417994966,17.499131191796593,RB,3,61,221.0,13.0,60.411764705882355,16794,PASS,,
2026_04_KC_LV,00-0038134,50,0.9149940968122786,0.979346496380293,NFL-RUSH-RIDGE-NORMALSD-ISO-v1,2024-25-WALKFORWARD-ISO-v1,8be61f9f4442b75fbacd335b0997d4ea8e5b412930fea99d98c12040deaa1086,2026-10-02T00:55:44.964837+00:00,85.7058417994966,17.499131191796593,RB,3,61,221.0,13.0,60.411764705882355,16794,PASS,,
2026_04_KC_LV,00-0038134,180,0.0025059351094697,3.5523067643139165e-08,NFL-RUSH-RIDGE-NORMALSD-ISO-v1,2024-25-WALKFORWARD-ISO-v1,8be61f9f4442b75fbacd335b0997d4ea8e5b412930fea99d98c12040deaa1086,2026-10-02T00:55:44.964837+00:00,85.7058417994966,17.499131191796593,RB,3,61,221.0,13.0,60.411764705882355,16794,WARN,THRESHOLD_OUTSIDE_VALIDATED_10_150_RANGE,
2026_04_KC_LV,00-0038134,170,0.0038745156855393,7.284875585322451e-07,NFL-RUSH-RIDGE-NORMALSD-ISO-v1,2024-25-WALKFORWARD-ISO-v1,8be61f9f4442b75fbacd335b0997d4ea8e5b412930fea99d98c12040deaa1086,2026-10-02T00:55:44.964837+00:00,85.7058417994966,17.499131191796593,RB,3,61,221.0,13.0,60.411764705882355,16794,WARN,THRESHOLD_OUTSIDE_VALIDATED_10_150_RANGE,
2026_04_KC_LV,00-0038134,160,0.0080273270708795,1.0900888145474896e-05,NFL-RUSH-RIDGE-NORMALSD-ISO-v1,2024-25-WALKFORWARD-ISO-v1,8be61f9f4442b75fbacd335b0997d4ea8e5b412930fea99d98c12040deaa1086,2026-10-02T00:55:44.964837+00:00,85.7058417994966,17.499131191796593,RB,3,61,221.0,13.0,60.411764705882355,16794,WARN,THRESHOLD_OUTSIDE_VALIDATED_10_150_RANGE,
2026_04_KC_LV,00-0038134,150,0.0128061469505362,0.00011932859191479117,NFL-RUSH-RIDGE-NORMALSD-ISO-v1,2024-25-WALKFORWARD-ISO-v1,8be61f9f4442b75fbacd335b0997d4ea8e5b412930fea99d98c12040deaa1086,2026-10-02T00:55:44.964837+00:00,85.7058417994966,17.499131191796593,RB,3,61,221.0,13.0,60.411764705882355,16794,PASS,,
2026_04_KC_LV,00-0038134,140,0.019949281487743,0.0009588929637558339,NFL-RUSH-RIDGE-NORMALSD-ISO-v1,2024-25-WALKFORWARD-ISO-v1,8be61f9f4442b75fbacd335b0997d4ea8e5b412930fea99d98c12040deaa1086,2026-10-02T00:55:44.964837+00:00,85.7058417994966,17.499131191796593,RB,3,61,221.0,13.0,60.411764705882355,16794,PASS,,
2026_04_KC_LV,00-0038134,130,0.0289297658862876,0.005683319679417161,NFL-RUSH-RIDGE-NORMALSD-ISO-v1,2024-25-WALKFORWARD-ISO-v1,8be61f9f4442b75fbacd335b0997d4ea8e5b412930fea99d98c12040deaa1086,2026-10-02T00:55:44.964837+00:00,85.7058417994966,17.499131191796593,RB,3,61,221.0,13.0,60.411764705882355,16794,PASS,,
2026_04_KC_LV,00-0038134,120,0.0450062508681761,0.025011720941324207,NFL-RUSH-RIDGE-NORMALSD-ISO-v1,2024-25-WALKFORWARD-ISO-v1,8be61f9f4442b75fbacd335b0997d4ea8e5b412930fea99d98c12040deaa1086,2026-10-02T00:55:44.964837+00:00,85.7058417994966,17.499131191796593,RB,3,61,221.0,13.0,60.411764705882355,16794,PASS,,
2026_04_KC_LV,00-0038134,110,0.0694607268464243,0.08252186147033055,NFL-RUSH-RIDGE-NORMALSD-ISO-v1,2024-25-WALKFORWARD-ISO-v1,8be61f9f4442b75fbacd335b0997d4ea8e5b412930fea99d98c12040deaa1086,2026-10-02T00:55:44.964837+00:00,85.7058417994966,17.499131191796593,RB,3,61,221.0,13.0,60.411764705882355,16794,PASS,,
2026_04_KC_LV,00-0038134,100,0.1097112117780294,0.20700719338676107,NFL-RUSH-RIDGE-NORMALSD-ISO-v1,2024-25-WALKFORWARD-ISO-v1,8be61f9f4442b75fbacd335b0997d4ea8e5b412930fea99d98c12040deaa1086,2026-10-02T00:55:44.964837+00:00,85.7058417994966,17.499131191796593,RB,3,61,221.0,13.0,60.411764705882355,16794,PASS,,
2026_04_LA_PHI,00-0034844,90,0.0694607268464243,0.06263063177665694,NFL-RUSH-RIDGE-NORMALSD-ISO-v1,2024-25-WALKFORWARD-ISO-v1,8be61f9f4442b75fbacd335b0997d4ea8e5b412930fea99d98c12040deaa1086,2026-10-02T00:55:44.964837+00:00,63.172795531292685,17.499131191796593,RB,3,65,280.0,17.5,71.25,16794,PASS,,
2026_04_LA_PHI,00-0034844,80,0.1097112117780294,0.16812471264868423,NFL-RUSH-RIDGE-NORMALSD-ISO-v1,2024-25-WALKFORWARD-ISO-v1,8be61f9f4442b75fbacd335b0997d4ea8e5b412930fea99d98c12040deaa1086,2026-10-02T00:55:44.964837+00:00,63.172795531292685,17.499131191796593,RB,3,65,280.0,17.5,71.25,16794,PASS,,
2026_04_LA_PHI,00-0034844,70,0.222509702457956,0.34821453918428,NFL-RUSH-RIDGE-NORMALSD-ISO-v1,2024-25-WALKFORWARD-ISO-v1,8be61f9f4442b75fbacd335b0997d4ea8e5b412930fea99d98c12040deaa1086,2026-10-02T00:55:44.964837+00:00,63.172795531292685,17.499131191796593,RB,3,65,280.0,17.5,71.25,16794,PASS,,
2026_04_LA_PHI,00-0034844,60,0.4553571428571428,0.5719385005396279,NFL-RUSH-RIDGE-NORMALSD-ISO-v1,2024-25-WALKFORWARD-ISO-v1,8be61f9f4442b75fbacd335b0997d4ea8e5b412930fea99d98c12040deaa1086,2026-10-02T00:55:44.964837+00:00,63.172795531292685,17.499131191796593,RB,3,65,280.0,17.5,71.25,16794,PASS,,
2026_04_LA_PHI,00-0034844,50,0.614247311827957,0.7742054942172991,NFL-RUSH-RIDGE-NORMALSD-ISO-v1,2024-25-WALKFORWARD-ISO-v1,8be61f9f4442b75fbacd335b0997d4ea8e5b412930fea99d98c12040deaa1086,2026-10-02T00:55:44.964837+00:00,63.172795531292685,17.499131191796593,RB,3,65,280.0,17.5,71.25,16794,PASS,,
2026_04_LA_PHI,00-0034844,160,0.0025059351094697,1.5716845033649053e-08,NFL-RUSH-RIDGE-NORMALSD-ISO-v1,2024-25-WALKFORWARD-ISO-v1,8be61f9f4442b75fbacd335b0997d4ea8e5b412930fea99d98c12040deaa1086,2026-10-02T00:55:44.964837+00:00,63.172795531292685,17.499131191796593,RB,3,65,280.0,17.5,71.25,16794,WARN,THRESHOLD_OUTSIDE_VALIDATED_10_150_RANGE,
2026_04_LA_PHI,00-0034844,150,0.0038745156855393,3.4921288532458347e-07,NFL-RUSH-RIDGE-NORMALSD-ISO-v1,2024-25-WALKFORWARD-ISO-v1,8be61f9f4442b75fbacd335b0997d4ea8e5b412930fea99d98c12040deaa1086,2026-10-02T00:55:44.964837+00:00,63.172795531292685,17.499131191796593,RB,3,65,280.0,17.5,71.25,16794,PASS,,
2026_04_LA_PHI,00-0034844,140,0.0073696145124716,5.658575820199652e-06,NFL-RUSH-RIDGE-NORMALSD-ISO-v1,2024-25-WALKFORWARD-ISO-v1,8be61f9f4442b75fbacd335b0997d4ea8e5b412930fea99d98c12040deaa1086,2026-10-02T00:55:44.964837+00:00,63.172795531292685,17.499131191796593,RB,3,65,280.0,17.5,71.25,16794,PASS,,
2026_04_LA_PHI,00-0034844,130,0.011334363730036,6.702757688497139e-05,NFL-RUSH-RIDGE-NORMALSD-ISO-v1,2024-25-WALKFORWARD-ISO-v1,8be61f9f4442b75fbacd335b0997d4ea8e5b412930fea99d98c12040deaa1086,2026-10-02T00:55:44.964837+00:00,63.172795531292685,17.499131191796593,RB,3,65,280.0,17.5,71.25,16794,PASS,,
2026_04_LA_PHI,00-0034844,120,0.014933628318584,0.0005822614277276608,NFL-RUSH-RIDGE-NORMALSD-ISO-v1,2024-25-WALKFORWARD-ISO-v1,8be61f9f4442b75fbacd335b0997d4ea8e5b412930fea99d98c12040deaa1086,2026-10-02T00:55:44.964837+00:00,63.172795531292685,17.499131191796593,RB,3,65,280.0,17.5,71.25,16794,PASS,,
2026_04_LA_PHI,00-0034844,110,0.0239520958083832,0.0037256311906209475,NFL-RUSH-RIDGE-NORMALSD-ISO-v1,2024-25-WALKFORWARD-ISO-v1,8be61f9f4442b75fbacd335b0997d4ea8e5b412930fea99d98c12040deaa1086,2026-10-02T00:55:44.964837+00:00,63.172795531292685,17.499131191796593,RB,3,65,280.0,17.5,71.25,16794,PASS,,
2026_04_LA_PHI,00-0034844,100,0.0357142857142857,0.017666723012727627,NFL-RUSH-RIDGE-NORMALSD-ISO-v1,2024-25-WALKFORWARD-ISO-v1,8be61f9f4442b75fbacd335b0997d4ea8e5b412930fea99d98c12040deaa1086,2026-10-02T00:55:44.964837+00:00,63.172795531292685,17.499131191796593,RB,3,65,280.0,17.5,71.25,16794,PASS,,
2026_04_LA_PHI,00-0036389,70,0.0289297658862876,0.00595352805570829,NFL-RUSH-RIDGE-NORMALSD-ISO-v1,2024-25-WALKFORWARD-ISO-v1,8be61f9f4442b75fbacd335b0997d4ea8e5b412930fea99d98c12040deaa1086,2026-10-02T00:55:44.964837+00:00,25.9916635037173,17.499131191796593,QB,3,66,105.0,6.5625,26.3125,16794,PASS,,
2026_04_LA_PHI,00-0036389,60,0.0450062508681761,0.025982112854733324,NFL-RUSH-RIDGE-NORMALSD-ISO-v1,2024-25-WALKFORWARD-ISO-v1,8be61f9f4442b75fbacd335b0997d4ea8e5b412930fea99d98c12040deaa1086,2026-10-02T00:55:44.964837+00:00,25.9916635037173,17.499131191796593,QB,3,66,105.0,6.5625,26.3125,16794,PASS,,
2026_04_LA_PHI,00-0036389,50,0.0694607268464243,0.0850359129001611,NFL-RUSH-RIDGE-NORMALSD-ISO-v1,2024-25-WALKFORWARD-ISO-v1,8be61f9f4442b75fbacd335b0997d4ea8e5b412930fea99d98c12040deaa1086,2026-10-02T00:55:44.964837+00:00,25.9916635037173,17.499131191796593,QB,3,66,105.0,6.5625,26.3125,16794,PASS,,
2026_04_LA_PHI,00-0036389,40,0.1097112117780294,0.21170591564826502,NFL-RUSH-RIDGE-NORMALSD-ISO-v1,2024-25-WALKFORWARD-ISO-v1,8be61f9f4442b75fbacd335b0997d4ea8e5b412930fea99d98c12040deaa1086,2026-10-02T00:55:44.964837+00:00,25.9916635037173,17.499131191796593,QB,3,66,105.0,6.5625,26.3125,16794,PASS,,
2026_04_LA_PHI,00-0036389,30,0.3003533568904594,0.40941146304444004,NFL-RUSH-RIDGE-NORMALSD-ISO-v1,2024-25-WALKFORWARD-ISO-v1,8be61f9f4442b75fbacd335b0997d4ea8e5b412930fea99d98c12040deaa1086,2026-10-02T00:55:44.964837+00:00,25.9916635037173,17.499131191796593,QB,3,66,105.0,6.5625,26.3125,16794,PASS,,LOW_THRESHOLD_10_30_CALIBRATION_CAUTION
2026_04_LA_PHI,00-0036389,25,0.4098939929328622,0.5225956848616676,NFL-RUSH-RIDGE-NORMALSD-ISO-v1,2024-25-WALKFORWARD-ISO-v1,8be61f9f4442b75fbacd335b0997d4ea8e5b412930fea99d98c12040deaa1086,2026-10-02T00:55:44.964837+00:00,25.9916635037173,17.499131191796593,QB,3,66,105.0,6.5625,26.3125,16794,PASS,,LOW_THRESHOLD_10_30_CALIBRATION_CAUTION
2026_04_LA_PHI,00-0036389,20,0.518590998043053,0.6339742169058553,NFL-RUSH-RIDGE-NORMALSD-ISO-v1,2024-25-WALKFORWARD-ISO-v1,8be61f9f4442b75fbacd335b0997d4ea8e5b412930fea99d98c12040deaa1086,2026-10-02T00:55:44.964837+00:00,25.9916635037173,17.499131191796593,QB,3,66,105.0,6.5625,26.3125,16794,PASS,,LOW_THRESHOLD_10_30_CALIBRATION_CAUTION
2026_04_LA_PHI,00-0036389,15,0.5889175257731958,0.7350393780856246,NFL-RUSH-RIDGE-NORMALSD-ISO-v1,2024-25-WALKFORWARD-ISO-v1,8be61f9f4442b75fbacd335b0997d4ea8e5b412930fea99d98c12040deaa1086,2026-10-02T00:55:44.964837+00:00,25.9916635037173,17.499131191796593,QB,3,66,105.0,6.5625,26.3125,16794,PASS,,LOW_THRESHOLD_10_30_CALIBRATION_CAUTION
2026_04_LA_PHI,00-0036389,10,0.7077720207253886,0.8196034035328918,NFL-RUSH-RIDGE-NORMALSD-ISO-v1,2024-25-WALKFORWARD-ISO-v1,8be61f9f4442b75fbacd335b0997d4ea8e5b412930fea99d98c12040deaa1086,2026-10-02T00:55:44.964837+00:00,25.9916635037173,17.499131191796593,QB,3,66,105.0,6.5625,26.3125,16794,PASS,,LOW_THRESHOLD_10_30_CALIBRATION_CAUTION
2026_04_LA_PHI,00-0037840,90,0.0577342047930283,0.06200231488427553,NFL-RUSH-RIDGE-NORMALSD-ISO-v1,2024-25-WALKFORWARD-ISO-v1,8be61f9f4442b75fbacd335b0997d4ea8e5b412930fea99d98c12040deaa1086,2026-10-02T00:55:44.964837+00:00,63.083187819856605,17.499131191796593,RB,3,56,259.0,15.235294117647058,73.6470588235294,16794,PASS,,
2026_04_LA_PHI,00-0037840,80,0.0963364993215739,0.1668412690836239,NFL-RUSH-RIDGE-NORMALSD-ISO-v1,2024-25-WALKFORWARD-ISO-v1,8be61f9f4442b75fbacd335b0997d4ea8e5b412930fea99d98c12040deaa1086,2026-10-02T00:55:44.964837+00:00,63.083187819856605,17.499131191796593,RB,3,56,259.0,15.235294117647058,73.6470588235294,16794,PASS,,
2026_04_LA_PHI,00-0037840,70,0.2024793388429752,0.346323281947446,NFL-RUSH-RIDGE-NORMALSD-ISO-v1,2024-25-WALKFORWARD-ISO-v1,8be61f9f4442b75fbacd335b0997d4ea8e5b412930fea99d98c12040deaa1086,2026-10-02T00:55:44.964837+00:00,63.083187819856605,17.499131191796593,RB,3,56,259.0,15.235294117647058,73.6470588235294,16794,PASS,,
2026_04_LA_PHI,00-0037840,60,0.4553571428571428,0.5699280184250286,NFL-RUSH-RIDGE-NORMALSD-ISO-v1,2024-25-WALKFORWARD-ISO-v1,8be61f9f4442b75fbacd335b0997d4ea8e5b412930fea99d98c12040deaa1086,2026-10-02T00:55:44.964837+00:00,63.083187819856605,17.499131191796593,RB,3,56,259.0,15.235294117647058,73.6470588235294,16794,PASS,,
2026_04_LA_PHI,00-0037840,50,0.614247311827957,0.7726637028483876,NFL-RUSH-RIDGE-NORMALSD-ISO-v1,2024-25-WALKFORWARD-ISO-v1,8be61f9f4442b75fbacd335b0997d4ea8e5b412930fea99d98c12040deaa1086,2026-10-02T00:55:44.964837+00:00,63.083187819856605,17.499131191796593,RB,3,56,259.0,15.235294117647058,73.6470588235294,16794,PASS,,
2026_04_LA_PHI,00-0037840,40,0.7785467128027682,0.906432959404941,NFL-RUSH-RIDGE-NORMALSD-ISO-v1,2024-25-WALKFORWARD-ISO-v1,8be61f9f4442b75fbacd335b0997d4ea8e5b412930fea99d98c12040deaa1086,2026-10-02T00:55:44.964837+00:00,63.083187819856605,17.499131191796593,RB,3,56,259.0,15.235294117647058,73.6470588235294,16794,PASS,,
2026_04_LA_PHI,00-0037840,30,0.8320926385442513,0.9706585638293038,NFL-RUSH-RIDGE-NORMALSD-ISO-v1,2024-25-WALKFORWARD-ISO-v1,8be61f9f4442b75fbacd335b0997d4ea8e5b412930fea99d98c12040deaa1086,2026-10-02T00:55:44.964837+00:00,63.083187819856605,17.499131191796593,RB,3,56,259.0,15.235294117647058,73.6470588235294,16794,PASS,,LOW_THRESHOLD_10_30_CALIBRATION_CAUTION
2026_04_LA_PHI,00-0037840,120,0.014933628318584,0.0005718708588940554,NFL-RUSH-RIDGE-NORMALSD-ISO-v1,2024-25-WALKFORWARD-ISO-v1,8be61f9f4442b75fbacd335b0997d4ea8e5b412930fea99d98c12040deaa1086,2026-10-02T00:55:44.964837+00:00,63.083187819856605,17.499131191796593,RB,3,56,259.0,15.235294117647058,73.6470588235294,16794,PASS,,
2026_04_LA_PHI,00-0037840,110,0.0239520958083832,0.003669097152243501,NFL-RUSH-RIDGE-NORMALSD-ISO-v1,2024-25-WALKFORWARD-ISO-v1,8be61f9f4442b75fbacd335b0997d4ea8e5b412930fea99d98c12040deaa1086,2026-10-02T00:55:44.964837+00:00,63.083187819856605,17.499131191796593,RB,3,56,259.0,15.235294117647058,73.6470588235294,16794,PASS,,
2026_04_LA_PHI,00-0037840,100,0.0336448598130841,0.01744482343278234,NFL-RUSH-RIDGE-NORMALSD-ISO-v1,2024-25-WALKFORWARD-ISO-v1,8be61f9f4442b75fbacd335b0997d4ea8e5b412930fea99d98c12040deaa1086,2026-10-02T00:55:44.964837+00:00,63.083187819856605,17.499131191796593,RB,3,56,259.0,15.235294117647058,73.6470588235294,16794,PASS,,
2026_04_LA_PHI,00-0039738,90,0.019949281487743,0.0016857533016850224,NFL-RUSH-RIDGE-NORMALSD-ISO-v1,2024-25-WALKFORWARD-ISO-v1,8be61f9f4442b75fbacd335b0997d4ea8e5b412930fea99d98c12040deaa1086,2026-10-02T00:55:44.964837+00:00,38.698416750866414,17.499131191796593,RB,3,35,145.0,8.529411764705882,43.88235294117647,16794,PASS,,
2026_04_LA_PHI,00-0039738,80,0.0289297658862876,0.009132354182306185,NFL-RUSH-RIDGE-NORMALSD-ISO-v1,2024-25-WALKFORWARD-ISO-v1,8be61f9f4442b75fbacd335b0997d4ea8e5b412930fea99d98c12040deaa1086,2026-10-02T00:55:44.964837+00:00,38.698416750866414,17.499131191796593,RB,3,35,145.0,8.529411764705882,43.88235294117647,16794,PASS,,
2026_04_LA_PHI,00-0039738,70,0.0450062508681761,0.03682748653704031,NFL-RUSH-RIDGE-NORMALSD-ISO-v1,2024-25-WALKFORWARD-ISO-v1,8be61f9f4442b75fbacd335b0997d4ea8e5b412930fea99d98c12040deaa1086,2026-10-02T00:55:44.964837+00:00,38.698416750866414,17.499131191796593,RB,3,35,145.0,8.529411764705882,43.88235294117647,16794,PASS,,
2026_04_LA_PHI,00-0039738,60,0.0694607268464243,0.1117462333314578,NFL-RUSH-RIDGE-NORMALSD-ISO-v1,2024-25-WALKFORWARD-ISO-v1,8be61f9f4442b75fbacd335b0997d4ea8e5b412930fea99d98c12040deaa1086,2026-10-02T00:55:44.964837+00:00,38.698416750866414,17.499131191796593,RB,3,35,145.0,8.529411764705882,43.88235294117647,16794,PASS,,
2026_04_LA_PHI,00-0039738,50,0.1097112117780294,0.2591925197643915,NFL-RUSH-RIDGE-NORMALSD-ISO-v1,2024-25-WALKFORWARD-ISO-v1,8be61f9f4442b75fbacd335b0997d4ea8e5b412930fea99d98c12040deaa1086,2026-10-02T00:55:44.964837+00:00,38.698416750866414,17.499131191796593,RB,3,35,145.0,8.529411764705882,43.88235294117647,16794,PASS,,
2026_04_LA_PHI,00-0039738,40,0.3585657370517928,0.4703540596021067,NFL-RUSH-RIDGE-NORMALSD-ISO-v1,2024-25-WALKFORWARD-ISO-v1,8be61f9f4442b75fbacd335b0997d4ea8e5b412930fea99d98c12040deaa1086,2026-10-02T00:55:44.964837+00:00,38.698416750866414,17.499131191796593,RB,3,35,145.0,8.529411764705882,43.88235294117647,16794,PASS,,
2026_04_LA_PHI,00-0039738,30,0.5889175257731958,0.6904326458934373,NFL-RUSH-RIDGE-NORMALSD-ISO-v1,2024-25-WALKFORWARD-ISO-v1,8be61f9f4442b75fbacd335b0997d4ea8e5b412930fea99d98c12040deaa1086,2026-10-02T00:55:44.964837+00:00,38.698416750866414,17.499131191796593,RB,3,35,145.0,8.529411764705882,43.88235294117647,16794,PASS,,LOW_THRESHOLD_10_30_CALIBRATION_CAUTION
2026_04_LA_PHI,00-0039738,25,0.614247311827957,0.7831293415618503,NFL-RUSH-RIDGE-NORMALSD-ISO-v1,2024-25-WALKFORWARD-ISO-v1,8be61f9f4442b75fbacd335b0997d4ea8e5b412930fea99d98c12040deaa1086,2026-10-02T00:55:44.964837+00:00,38.698416750866414,17.499131191796593,RB,3,35,145.0,8.529411764705882,43.88235294117647,16794,PASS,,LOW_THRESHOLD_10_30_CALIBRATION_CAUTION
2026_04_LA_PHI,00-0039738,20,0.7077720207253886,0.8573601503018575,NFL-RUSH-RIDGE-NORMALSD-ISO-v1,2024-25-WALKFORWARD-ISO-v1,8be61f9f4442b75fbacd335b0997d4ea8e5b412930fea99d98c12040deaa1086,2026-10-02T00:55:44.964837+00:00,38.698416750866414,17.499131191796593,RB,3,35,145.0,8.529411764705882,43.88235294117647,16794,PASS,,LOW_THRESHOLD_10_30_CALIBRATION_CAUTION
2026_04_LA_PHI,00-0039738,100,0.0128061469505362,0.00022991980434033357,NFL-RUSH-RIDGE-NORMALSD-ISO-v1,2024-25-WALKFORWARD-ISO-v1,8be61f9f4442b75fbacd335b0997d4ea8e5b412930fea99d98c12040deaa1086,2026-10-02T00:55:44.964837+00:00,38.698416750866414,17.499131191796593,RB,3,35,145.0,8.529411764705882,43.88235294117647,16794,PASS,,
2026_04_DEN_SF,00-0041052,70,0.0450062508681761,0.019331582199735582,NFL-RUSH-RIDGE-NORMALSD-ISO-v1,2024-25-WALKFORWARD-ISO-v1,8be61f9f4442b75fbacd335b0997d4ea8e5b412930fea99d98c12040deaa1086,2026-10-02T00:55:44.964837+00:00,33.816102068789675,17.499131191796593,RB,3,3,0.0,0.0,0.0,16794,PASS,,
2026_04_DEN_SF,00-0041052,60,0.0694607268464243,0.06728813510091096,NFL-RUSH-RIDGE-NORMALSD-ISO-v1,2024-25-WALKFORWARD-ISO-v1,8be61f9f4442b75fbacd335b0997d4ea8e5b412930fea99d98c12040deaa1086,2026-10-02T00:55:44.964837+00:00,33.816102068789675,17.499131191796593,RB,3,3,0.0,0.0,0.0,16794,PASS,,
2026_04_DEN_SF,00-0041052,50,0.1097112117780294,0.17752454882325508,NFL-RUSH-RIDGE-NORMALSD-ISO-v1,2024-25-WALKFORWARD-ISO-v1,8be61f9f4442b75fbacd335b0997d4ea8e5b412930fea99d98c12040deaa1086,2026-10-02T00:55:44.964837+00:00,33.816102068789675,17.499131191796593,RB,3,3,0.0,0.0,0.0,16794,PASS,,
2026_04_DEN_SF,00-0041052,40,0.222509702457956,0.3619006118489484,NFL-RUSH-RIDGE-NORMALSD-ISO-v1,2024-25-WALKFORWARD-ISO-v1,8be61f9f4442b75fbacd335b0997d4ea8e5b412930fea99d98c12040deaa1086,2026-10-02T00:55:44.964837+00:00,33.816102068789675,17.499131191796593,RB,3,3,0.0,0.0,0.0,16794,PASS,,
2026_04_DEN_SF,00-0041052,30,0.4804804804804805,0.5863141953800275,NFL-RUSH-RIDGE-NORMALSD-ISO-v1,2024-25-WALKFORWARD-ISO-v1,8be61f9f4442b75fbacd335b0997d4ea8e5b412930fea99d98c12040deaa1086,2026-10-02T00:55:44.964837+00:00,33.816102068789675,17.499131191796593,RB,3,3,0.0,0.0,0.0,16794,PASS,,LOW_THRESHOLD_10_30_CALIBRATION_CAUTION
2026_04_DEN_SF,00-0041052,25,0.5889175257731958,0.692799834845177,NFL-RUSH-RIDGE-NORMALSD-ISO-v1,2024-25-WALKFORWARD-ISO-v1,8be61f9f4442b75fbacd335b0997d4ea8e5b412930fea99d98c12040deaa1086,2026-10-02T00:55:44.964837+00:00,33.816102068789675,17.499131191796593,RB,3,3,0.0,0.0,0.0,16794,PASS,,LOW_THRESHOLD_10_30_CALIBRATION_CAUTION
2026_04_DEN_SF,00-0041052,20,0.614247311827957,0.7850990659072905,NFL-RUSH-RIDGE-NORMALSD-ISO-v1,2024-25-WALKFORWARD-ISO-v1,8be61f9f4442b75fbacd335b0997d4ea8e5b412930fea99d98c12040deaa1086,2026-10-02T00:55:44.964837+00:00,33.816102068789675,17.499131191796593,RB,3,3,0.0,0.0,0.0,16794,PASS,,LOW_THRESHOLD_10_30_CALIBRATION_CAUTION
2026_04_DEN_SF,00-0041052,15,0.7077720207253886,0.8588706546602685,NFL-RUSH-RIDGE-NORMALSD-ISO-v1,2024-25-WALKFORWARD-ISO-v1,8be61f9f4442b75fbacd335b0997d4ea8e5b412930fea99d98c12040deaa1086,2026-10-02T00:55:44.964837+00:00,33.816102068789675,17.499131191796593,RB,3,3,0.0,0.0,0.0,16794,PASS,,LOW_THRESHOLD_10_30_CALIBRATION_CAUTION
2026_04_DEN_SF,00-0041052,10,0.7785467128027682,0.9132412095349738,NFL-RUSH-RIDGE-NORMALSD-ISO-v1,2024-25-WALKFORWARD-ISO-v1,8be61f9f4442b75fbacd335b0997d4ea8e5b412930fea99d98c12040deaa1086,2026-10-02T00:55:44.964837+00:00,33.816102068789675,17.499131191796593,RB,3,3,0.0,0.0,0.0,16794,PASS,,LOW_THRESHOLD_10_30_CALIBRATION_CAUTION
2026_04_DEN_SF,00-0033280,90,0.0450062508681761,0.0360214571742174,NFL-RUSH-RIDGE-NORMALSD-ISO-v1,2024-25-WALKFORWARD-ISO-v1,8be61f9f4442b75fbacd335b0997d4ea8e5b412930fea99d98c12040deaa1086,2026-10-02T00:55:44.964837+00:00,58.52174345458794,17.499131191796593,RB,3,57,311.0,18.294117647058822,70.70588235294117,16794,PASS,,
2026_04_DEN_SF,00-0033280,80,0.0694607268464243,0.1098380439765237,NFL-RUSH-RIDGE-NORMALSD-ISO-v1,2024-25-WALKFORWARD-ISO-v1,8be61f9f4442b75fbacd335b0997d4ea8e5b412930fea99d98c12040deaa1086,2026-10-02T00:55:44.964837+00:00,58.52174345458794,17.499131191796593,RB,3,57,311.0,18.294117647058822,70.70588235294117,16794,PASS,,
2026_04_DEN_SF,00-0033280,70,0.1097112117780294,0.25593363687224135,NFL-RUSH-RIDGE-NORMALSD-ISO-v1,2024-25-WALKFORWARD-ISO-v1,8be61f9f4442b75fbacd335b0997d4ea8e5b412930fea99d98c12040deaa1086,2026-10-02T00:55:44.964837+00:00,58.52174345458794,17.499131191796593,RB,3,57,311.0,18.294117647058822,70.70588235294117,16794,PASS,,
2026_04_DEN_SF,00-0033280,60,0.3585657370517928,0.46633899331314305,NFL-RUSH-RIDGE-NORMALSD-ISO-v1,2024-25-WALKFORWARD-ISO-v1,8be61f9f4442b75fbacd335b0997d4ea8e5b412930fea99d98c12040deaa1086,2026-10-02T00:55:44.964837+00:00,58.52174345458794,17.499131191796593,RB,3,57,311.0,18.294117647058822,70.70588235294117,16794,PASS,,
2026_04_DEN_SF,00-0033280,50,0.5889175257731958,0.6868640829178708,NFL-RUSH-RIDGE-NORMALSD-ISO-v1,2024-25-WALKFORWARD-ISO-v1,8be61f9f4442b75fbacd335b0997d4ea8e5b412930fea99d98c12040deaa1086,2026-10-02T00:55:44.964837+00:00,58.52174345458794,17.499131191796593,RB,3,57,311.0,18.294117647058822,70.70588235294117,16794,PASS,,
2026_04_DEN_SF,00-0033280,40,0.7077720207253886,0.8550720730120198,NFL-RUSH-RIDGE-NORMALSD-ISO-v1,2024-25-WALKFORWARD-ISO-v1,8be61f9f4442b75fbacd335b0997d4ea8e5b412930fea99d98c12040deaa1086,2026-10-02T00:55:44.964837+00:00,58.52174345458794,17.499131191796593,RB,3,57,311.0,18.294117647058822,70.70588235294117,16794,PASS,,
2026_04_DEN_SF,00-0033280,140,0.0038745156855393,1.6110306472881075e-06,NFL-RUSH-RIDGE-NORMALSD-ISO-v1,2024-25-WALKFORWARD-ISO-v1,8be61f9f4442b75fbacd335b0997d4ea8e5b412930fea99d98c12040deaa1086,2026-10-02T00:55:44.964837+00:00,58.52174345458794,17.499131191796593,RB,3,57,311.0,18.294117647058822,70.70588235294117,16794,PASS,,
2026_04_DEN_SF,00-0033280,130,0.0080273270708795,2.206931432664266e-05,NFL-RUSH-RIDGE-NORMALSD-ISO-v1,2024-25-WALKFORWARD-ISO-v1,8be61f9f4442b75fbacd335b0997d4ea8e5b412930fea99d98c12040deaa1086,2026-10-02T00:55:44.964837+00:00,58.52174345458794,17.499131191796593,RB,3,57,311.0,18.294117647058822,70.70588235294117,16794,PASS,,
2026_04_DEN_SF,00-0033280,120,0.0128061469505362,0.00022135733311899402,NFL-RUSH-RIDGE-NORMALSD-ISO-v1,2024-25-WALKFORWARD-ISO-v1,8be61f9f4442b75fbacd335b0997d4ea8e5b412930fea99d98c12040deaa1086,2026-10-02T00:55:44.964837+00:00,58.52174345458794,17.499131191796593,RB,3,57,311.0,18.294117647058822,70.70588235294117,16794,PASS,,
2026_04_DEN_SF,00-0033280,110,0.019949281487743,0.0016317600241559512,NFL-RUSH-RIDGE-NORMALSD-ISO-v1,2024-25-WALKFORWARD-ISO-v1,8be61f9f4442b75fbacd335b0997d4ea8e5b412930fea99d98c12040deaa1086,2026-10-02T00:55:44.964837+00:00,58.52174345458794,17.499131191796593,RB,3,57,311.0,18.294117647058822,70.70588235294117,16794,PASS,,
2026_04_DEN_SF,00-0033280,100,0.0289297658862876,0.008886738022395823,NFL-RUSH-RIDGE-NORMALSD-ISO-v1,2024-25-WALKFORWARD-ISO-v1,8be61f9f4442b75fbacd335b0997d4ea8e5b412930fea99d98c12040deaa1086,2026-10-02T00:55:44.964837+00:00,58.52174345458794,17.499131191796593,RB,3,57,311.0,18.294117647058822,70.70588235294117,16794,PASS,,
2026_04_DEN_SF,00-0037834,50,0.0450062508681761,0.03969673232650692,NFL-RUSH-RIDGE-NORMALSD-ISO-v1,2024-25-WALKFORWARD-ISO-v1,8be61f9f4442b75fbacd335b0997d4ea8e5b412930fea99d98c12040deaa1086,2026-10-02T00:55:44.964837+00:00,19.302740196095876,17.499131191796593,QB,3,52,33.0,3.6666666666666665,16.333333333333332,16794,PASS,,
2026_04_DEN_SF,00-0037834,40,0.0694607268464243,0.11845228151208975,NFL-RUSH-RIDGE-NORMALSD-ISO-v1,2024-25-WALKFORWARD-ISO-v1,8be61f9f4442b75fbacd335b0997d4ea8e5b412930fea99d98c12040deaa1086,2026-10-02T00:55:44.964837+00:00,19.302740196095876,17.499131191796593,QB,3,52,33.0,3.6666666666666665,16.333333333333332,16794,PASS,,
2026_04_DEN_SF,00-0037834,30,0.1097112117780294,0.27049972185958543,NFL-RUSH-RIDGE-NORMALSD-ISO-v1,2024-25-WALKFORWARD-ISO-v1,8be61f9f4442b75fbacd335b0997d4ea8e5b412930fea99d98c12040deaa1086,2026-10-02T00:55:44.964837+00:00,19.302740196095876,17.499131191796593,QB,3,52,33.0,3.6666666666666665,16.333333333333332,16794,PASS,,LOW_THRESHOLD_10_30_CALIBRATION_CAUTION
2026_04_DEN_SF,00-0037834,25,0.222509702457956,0.3723733936137374,NFL-RUSH-RIDGE-NORMALSD-ISO-v1,2024-25-WALKFORWARD-ISO-v1,8be61f9f4442b75fbacd335b0997d4ea8e5b412930fea99d98c12040deaa1086,2026-10-02T00:55:44.964837+00:00,19.302740196095876,17.499131191796593,QB,3,52,33.0,3.6666666666666665,16.333333333333332,16794,PASS,,LOW_THRESHOLD_10_30_CALIBRATION_CAUTION
2026_04_DEN_SF,00-0037834,20,0.4098939929328622,0.48410819227134266,NFL-RUSH-RIDGE-NORMALSD-ISO-v1,2024-25-WALKFORWARD-ISO-v1,8be61f9f4442b75fbacd335b0997d4ea8e5b412930fea99d98c12040deaa1086,2026-10-02T00:55:44.964837+00:00,19.302740196095876,17.499131191796593,QB,3,52,33.0,3.6666666666666665,16.333333333333332,16794,PASS,,LOW_THRESHOLD_10_30_CALIBRATION_CAUTION
2026_04_DEN_SF,00-0037834,15,0.4804804804804805,0.5971136272524025,NFL-RUSH-RIDGE-NORMALSD-ISO-v1,2024-25-WALKFORWARD-ISO-v1,8be61f9f4442b75fbacd335b0997d4ea8e5b412930fea99d98c12040deaa1086,2026-10-02T00:55:44.964837+00:00,19.302740196095876,17.499131191796593,QB,3,52,33.0,3.6666666666666665,16.333333333333332,16794,PASS,,LOW_THRESHOLD_10_30_CALIBRATION_CAUTION
2026_04_DEN_SF,00-0037834,10,0.5889175257731958,0.7025024670145512,NFL-RUSH-RIDGE-NORMALSD-ISO-v1,2024-25-WALKFORWARD-ISO-v1,8be61f9f4442b75fbacd335b0997d4ea8e5b412930fea99d98c12040deaa1086,2026-10-02T00:55:44.964837+00:00,19.302740196095876,17.499131191796593,QB,3,52,33.0,3.6666666666666665,16.333333333333332,16794,PASS,,LOW_THRESHOLD_10_30_CALIBRATION_CAUTION
2026_04_IND_WAS,00-0032268,70,0.019949281487743,0.0009309010055035084,NFL-RUSH-RIDGE-NORMALSD-ISO-v1,2024-25-WALKFORWARD-ISO-v1,8be61f9f4442b75fbacd335b0997d4ea8e5b412930fea99d98c12040deaa1086,2026-10-02T00:55:44.964837+00:00,15.552583645603823,17.499131191796593,QB,2,30,50.0,5.0,29.7,16794,PASS,,
2026_04_IND_WAS,00-0032268,60,0.0289297658862876,0.0055429647562743895,NFL-RUSH-RIDGE-NORMALSD-ISO-v1,2024-25-WALKFORWARD-ISO-v1,8be61f9f4442b75fbacd335b0997d4ea8e5b412930fea99d98c12040deaa1086,2026-10-02T00:55:44.964837+00:00,15.552583645603823,17.499131191796593,QB,2,30,50.0,5.0,29.7,16794,PASS,,
2026_04_IND_WAS,00-0032268,50,0.0450062508681761,0.02450403118423899,NFL-RUSH-RIDGE-NORMALSD-ISO-v1,2024-25-WALKFORWARD-ISO-v1,8be61f9f4442b75fbacd335b0997d4ea8e5b412930fea99d98c12040deaa1086,2026-10-02T00:55:44.964837+00:00,15.552583645603823,17.499131191796593,QB,2,30,50.0,5.0,29.7,16794,PASS,,
2026_04_IND_WAS,00-0032268,40,0.0694607268464243,0.08119707606891176,NFL-RUSH-RIDGE-NORMALSD-ISO-v1,2024-25-WALKFORWARD-ISO-v1,8be61f9f4442b75fbacd335b0997d4ea8e5b412930fea99d98c12040deaa1086,2026-10-02T00:55:44.964837+00:00,15.552583645603823,17.499131191796593,QB,2,30,50.0,5.0,29.7,16794,PASS,,
2026_04_IND_WAS,00-0032268,30,0.1097112117780294,0.2045133507380906,NFL-RUSH-RIDGE-NORMALSD-ISO-v1,2024-25-WALKFORWARD-ISO-v1,8be61f9f4442b75fbacd335b0997d4ea8e5b412930fea99d98c12040deaa1086,2026-10-02T00:55:44.964837+00:00,15.552583645603823,17.499131191796593,QB,2,30,50.0,5.0,29.7,16794,PASS,,LOW_THRESHOLD_10_30_CALIBRATION_CAUTION
2026_04_IND_WAS,00-0032268,25,0.1097112117780294,0.2946401832967236,NFL-RUSH-RIDGE-NORMALSD-ISO-v1,2024-25-WALKFORWARD-ISO-v1,8be61f9f4442b75fbacd335b0997d4ea8e5b412930fea99d98c12040deaa1086,2026-10-02T00:55:44.964837+00:00,15.552583645603823,17.499131191796593,QB,2,30,50.0,5.0,29.7,16794,PASS,,LOW_THRESHOLD_10_30_CALIBRATION_CAUTION
2026_04_IND_WAS,00-0032268,20,0.3003533568904594,0.3996895699153253,NFL-RUSH-RIDGE-NORMALSD-ISO-v1,2024-25-WALKFORWARD-ISO-v1,8be61f9f4442b75fbacd335b0997d4ea8e5b412930fea99d98c12040deaa1086,2026-10-02T00:55:44.964837+00:00,15.552583645603823,17.499131191796593,QB,2,30,50.0,5.0,29.7,16794,PASS,,LOW_THRESHOLD_10_30_CALIBRATION_CAUTION
2026_04_IND_WAS,00-0032268,15,0.4098939929328622,0.5125956166481426,NFL-RUSH-RIDGE-NORMALSD-ISO-v1,2024-25-WALKFORWARD-ISO-v1,8be61f9f4442b75fbacd335b0997d4ea8e5b412930fea99d98c12040deaa1086,2026-10-02T00:55:44.964837+00:00,15.552583645603823,17.499131191796593,QB,2,30,50.0,5.0,29.7,16794,PASS,,LOW_THRESHOLD_10_30_CALIBRATION_CAUTION
2026_04_IND_WAS,00-0032268,10,0.518590998043053,0.624494381187531,NFL-RUSH-RIDGE-NORMALSD-ISO-v1,2024-25-WALKFORWARD-ISO-v1,8be61f9f4442b75fbacd335b0997d4ea8e5b412930fea99d98c12040deaa1086,2026-10-02T00:55:44.964837+00:00,15.552583645603823,17.499131191796593,QB,2,30,50.0,5.0,29.7,16794,PASS,,LOW_THRESHOLD_10_30_CALIBRATION_CAUTION
2026_04_IND_WAS,00-0040242,90,0.0450062508681761,0.02440906337040698,NFL-RUSH-RIDGE-NORMALSD-ISO-v1,2024-25-WALKFORWARD-ISO-v1,8be61f9f4442b75fbacd335b0997d4ea8e5b412930fea99d98c12040deaa1086,2026-10-02T00:55:44.964837+00:00,55.52362003838006,17.499131191796593,RB,3,20,175.0,10.294117647058824,47.35294117647059,16794,PASS,,
2026_04_IND_WAS,00-0040242,80,0.0694607268464243,0.08094852346581996,NFL-RUSH-RIDGE-NORMALSD-ISO-v1,2024-25-WALKFORWARD-ISO-v1,8be61f9f4442b75fbacd335b0997d4ea8e5b412930fea99d98c12040deaa1086,2026-10-02T00:55:44.964837+00:00,55.52362003838006,17.499131191796593,RB,3,20,175.0,10.294117647058824,47.35294117647059,16794,PASS,,
2026_04_IND_WAS,00-0040242,70,0.1097112117780294,0.20404406679075632,NFL-RUSH-RIDGE-NORMALSD-ISO-v1,2024-25-WALKFORWARD-ISO-v1,8be61f9f4442b75fbacd335b0997d4ea8e5b412930fea99d98c12040deaa1086,2026-10-02T00:55:44.964837+00:00,55.52362003838006,17.499131191796593,RB,3,20,175.0,10.294117647058824,47.35294117647059,16794,PASS,,
2026_04_IND_WAS,00-0040242,60,0.3003533568904594,0.39905038195059866,NFL-RUSH-RIDGE-NORMALSD-ISO-v1,2024-25-WALKFORWARD-ISO-v1,8be61f9f4442b75fbacd335b0997d4ea8e5b412930fea99d98c12040deaa1086,2026-10-02T00:55:44.964837+00:00,55.52362003838006,17.499131191796593,RB,3,20,175.0,10.294117647058824,47.35294117647059,16794,PASS,,
2026_04_IND_WAS,00-0040242,50,0.518590998043053,0.6238663271859934,NFL-RUSH-RIDGE-NORMALSD-ISO-v1,2024-25-WALKFORWARD-ISO-v1,8be61f9f4442b75fbacd335b0997d4ea8e5b412930fea99d98c12040deaa1086,2026-10-02T00:55:44.964837+00:00,55.52362003838006,17.499131191796593,RB,3,20,175.0,10.294117647058824,47.35294117647059,16794,PASS,,
2026_04_IND_WAS,00-0040242,40,0.7077720207253886,0.8124896330844328,NFL-RUSH-RIDGE-NORMALSD-ISO-v1,2024-25-WALKFORWARD-ISO-v1,8be61f9f4442b75fbacd335b0997d4ea8e5b412930fea99d98c12040deaa1086,2026-10-02T00:55:44.964837+00:00,55.52362003838006,17.499131191796593,RB,3,20,175.0,10.294117647058824,47.35294117647059,16794,PASS,,
2026_04_IND_WAS,00-0040242,30,0.8320926385442513,0.9276575616998552,NFL-RUSH-RIDGE-NORMALSD-ISO-v1,2024-25-WALKFORWARD-ISO-v1,8be61f9f4442b75fbacd335b0997d4ea8e5b412930fea99d98c12040deaa1086,2026-10-02T00:55:44.964837+00:00,55.52362003838006,17.499131191796593,RB,3,20,175.0,10.294117647058824,47.35294117647059,16794,PASS,,LOW_THRESHOLD_10_30_CALIBRATION_CAUTION
2026_04_IND_WAS,00-0040242,130,0.0080273270708795,1.0405628984560946e-05,NFL-RUSH-RIDGE-NORMALSD-ISO-v1,2024-25-WALKFORWARD-ISO-v1,8be61f9f4442b75fbacd335b0997d4ea8e5b412930fea99d98c12040deaa1086,2026-10-02T00:55:44.964837+00:00,55.52362003838006,17.499131191796593,RB,3,20,175.0,10.294117647058824,47.35294117647059,16794,PASS,,
2026_04_IND_WAS,00-0040242,120,0.0128061469505362,0.00011455465245390803,NFL-RUSH-RIDGE-NORMALSD-ISO-v1,2024-25-WALKFORWARD-ISO-v1,8be61f9f4442b75fbacd335b0997d4ea8e5b412930fea99d98c12040deaa1086,2026-10-02T00:55:44.964837+00:00,55.52362003838006,17.499131191796593,RB,3,20,175.0,10.294117647058824,47.35294117647059,16794,PASS,,
2026_04_IND_WAS,00-0040242,110,0.019949281487743,0.0009256960237329346,NFL-RUSH-RIDGE-NORMALSD-ISO-v1,2024-25-WALKFORWARD-ISO-v1,8be61f9f4442b75fbacd335b0997d4ea8e5b412930fea99d98c12040deaa1086,2026-10-02T00:55:44.964837+00:00,55.52362003838006,17.499131191796593,RB,3,20,175.0,10.294117647058824,47.35294117647059,16794,PASS,,
2026_04_IND_WAS,00-0040242,100,0.0289297658862876,0.00551678834696415,NFL-RUSH-RIDGE-NORMALSD-ISO-v1,2024-25-WALKFORWARD-ISO-v1,8be61f9f4442b75fbacd335b0997d4ea8e5b412930fea99d98c12040deaa1086,2026-10-02T00:55:44.964837+00:00,55.52362003838006,17.499131191796593,RB,3,20,175.0,10.294117647058824,47.35294117647059,16794,PASS,,
2026_04_IND_WAS,00-0036223,90,0.2024793388429752,0.3429173087429857,NFL-RUSH-RIDGE-NORMALSD-ISO-v1,2024-25-WALKFORWARD-ISO-v1,8be61f9f4442b75fbacd335b0997d4ea8e5b412930fea99d98c12040deaa1086,2026-10-02T00:55:44.964837+00:00,82.92135245794768,17.499131191796593,RB,3,55,323.0,19.0,93.23529411764706,16794,PASS,,
2026_04_IND_WAS,00-0036223,80,0.4553571428571428,0.5662924381888446,NFL-RUSH-RIDGE-NORMALSD-ISO-v1,2024-25-WALKFORWARD-ISO-v1,8be61f9f4442b75fbacd335b0997d4ea8e5b412930fea99d98c12040deaa1086,2026-10-02T00:55:44.964837+00:00,82.92135245794768,17.499131191796593,RB,3,55,323.0,19.0,93.23529411764706,16794,PASS,,
2026_04_IND_WAS,00-0036223,70,0.614247311827957,0.7698641883129419,NFL-RUSH-RIDGE-NORMALSD-ISO-v1,2024-25-WALKFORWARD-ISO-v1,8be61f9f4442b75fbacd335b0997d4ea8e5b412930fea99d98c12040deaa1086,2026-10-02T00:55:44.964837+00:00,82.92135245794768,17.499131191796593,RB,3,55,323.0,19.0,93.23529411764706,16794,PASS,,
2026_04_IND_WAS,00-0036223,60,0.7678571428571429,0.9048778240112638,NFL-RUSH-RIDGE-NORMALSD-ISO-v1,2024-25-WALKFORWARD-ISO-v1,8be61f9f4442b75fbacd335b0997d4ea8e5b412930fea99d98c12040deaa1086,2026-10-02T00:55:44.964837+00:00,82.92135245794768,17.499131191796593,RB,3,55,323.0,19.0,93.23529411764706,16794,PASS,,
2026_04_IND_WAS,00-0036223,50,0.8320926385442513,0.970035359917586,NFL-RUSH-RIDGE-NORMALSD-ISO-v1,2024-25-WALKFORWARD-ISO-v1,8be61f9f4442b75fbacd335b0997d4ea8e5b412930fea99d98c12040deaa1086,2026-10-02T00:55:44.964837+00:00,82.92135245794768,17.499131191796593,RB,3,55,323.0,19.0,93.23529411764706,16794,PASS,,
2026_04_IND_WAS,00-0036223,180,0.0025059351094697,1.4478664944781427e-08,NFL-RUSH-RIDGE-NORMALSD-ISO-v1,2024-25-WALKFORWARD-ISO-v1,8be61f9f4442b75fbacd335b0997d4ea8e5b412930fea99d98c12040deaa1086,2026-10-02T00:55:44.964837+00:00,82.92135245794768,17.499131191796593,RB,3,55,323.0,19.0,93.23529411764706,16794,WARN,THRESHOLD_OUTSIDE_VALIDATED_10_150_RANGE,
2026_04_IND_WAS,00-0036223,170,0.0038745156855393,3.242738653047253e-07,NFL-RUSH-RIDGE-NORMALSD-ISO-v1,2024-25-WALKFORWARD-ISO-v1,8be61f9f4442b75fbacd335b0997d4ea8e5b412930fea99d98c12040deaa1086,2026-10-02T00:55:44.964837+00:00,82.92135245794768,17.499131191796593,RB,3,55,323.0,19.0,93.23529411764706,16794,WARN,THRESHOLD_OUTSIDE_VALIDATED_10_150_RANGE,
2026_04_IND_WAS,00-0036223,160,0.0073696145124716,5.296205294070486e-06,NFL-RUSH-RIDGE-NORMALSD-ISO-v1,2024-25-WALKFORWARD-ISO-v1,8be61f9f4442b75fbacd335b0997d4ea8e5b412930fea99d98c12040deaa1086,2026-10-02T00:55:44.964837+00:00,82.92135245794768,17.499131191796593,RB,3,55,323.0,19.0,93.23529411764706,16794,WARN,THRESHOLD_OUTSIDE_VALIDATED_10_150_RANGE,
2026_04_IND_WAS,00-0036223,150,0.011334363730036,6.322914568919657e-05,NFL-RUSH-RIDGE-NORMALSD-ISO-v1,2024-25-WALKFORWARD-ISO-v1,8be61f9f4442b75fbacd335b0997d4ea8e5b412930fea99d98c12040deaa1086,2026-10-02T00:55:44.964837+00:00,82.92135245794768,17.499131191796593,RB,3,55,323.0,19.0,93.23529411764706,16794,PASS,,
2026_04_IND_WAS,00-0036223,140,0.014933628318584,0.0005535381778397497,NFL-RUSH-RIDGE-NORMALSD-ISO-v1,2024-25-WALKFORWARD-ISO-v1,8be61f9f4442b75fbacd335b0997d4ea8e5b412930fea99d98c12040deaa1086,2026-10-02T00:55:44.964837+00:00,82.92135245794768,17.499131191796593,RB,3,55,323.0,19.0,93.23529411764706,16794,PASS,,
2026_04_IND_WAS,00-0036223,130,0.0239520958083832,0.003568941362537701,NFL-RUSH-RIDGE-NORMALSD-ISO-v1,2024-25-WALKFORWARD-ISO-v1,8be61f9f4442b75fbacd335b0997d4ea8e5b412930fea99d98c12040deaa1086,2026-10-02T00:55:44.964837+00:00,82.92135245794768,17.499131191796593,RB,3,55,323.0,19.0,93.23529411764706,16794,PASS,,
2026_04_IND_WAS,00-0036223,120,0.0336448598130841,0.017050091171590842,NFL-RUSH-RIDGE-NORMALSD-ISO-v1,2024-25-WALKFORWARD-ISO-v1,8be61f9f4442b75fbacd335b0997d4ea8e5b412930fea99d98c12040deaa1086,2026-10-02T00:55:44.964837+00:00,82.92135245794768,17.499131191796593,RB,3,55,323.0,19.0,93.23529411764706,16794,PASS,,
2026_04_IND_WAS,00-0036223,110,0.0577342047930283,0.06088002339053911,NFL-RUSH-RIDGE-NORMALSD-ISO-v1,2024-25-WALKFORWARD-ISO-v1,8be61f9f4442b75fbacd335b0997d4ea8e5b412930fea99d98c12040deaa1086,2026-10-02T00:55:44.964837+00:00,82.92135245794768,17.499131191796593,RB,3,55,323.0,19.0,93.23529411764706,16794,PASS,,
2026_04_IND_WAS,00-0036223,100,0.0963364993215739,0.1645393756922196,NFL-RUSH-RIDGE-NORMALSD-ISO-v1,2024-25-WALKFORWARD-ISO-v1,8be61f9f4442b75fbacd335b0997d4ea8e5b412930fea99d98c12040deaa1086,2026-10-02T00:55:44.964837+00:00,82.92135245794768,17.499131191796593,RB,3,55,323.0,19.0,93.23529411764706,16794,PASS,,
2026_04_IND_WAS,00-0035710,50,0.0336448598130841,0.016572464271870906,NFL-RUSH-RIDGE-NORMALSD-ISO-v1,2024-25-WALKFORWARD-ISO-v1,8be61f9f4442b75fbacd335b0997d4ea8e5b412930fea99d98c12040deaa1086,2026-10-02T00:55:44.964837+00:00,12.721192526533514,17.499131191796593,QB,3,48,45.0,3.4615384615384617,12.615384615384615,16794,PASS,,
2026_04_IND_WAS,00-0035710,40,0.0577342047930283,0.05951400333323689,NFL-RUSH-RIDGE-NORMALSD-ISO-v1,2024-25-WALKFORWARD-ISO-v1,8be61f9f4442b75fbacd335b0997d4ea8e5b412930fea99d98c12040deaa1086,2026-10-02T00:55:44.964837+00:00,12.721192526533514,17.499131191796593,QB,3,48,45.0,3.4615384615384617,12.615384615384615,16794,PASS,,
2026_04_IND_WAS,00-0035710,30,0.0963364993215739,0.16172097721403403,NFL-RUSH-RIDGE-NORMALSD-ISO-v1,2024-25-WALKFORWARD-ISO-v1,8be61f9f4442b75fbacd335b0997d4ea8e5b412930fea99d98c12040deaa1086,2026-10-02T00:55:44.964837+00:00,12.721192526533514,17.499131191796593,QB,3,48,45.0,3.4615384615384617,12.615384615384615,16794,PASS,,LOW_THRESHOLD_10_30_CALIBRATION_CAUTION
2026_04_IND_WAS,00-0035710,25,0.1097112117780294,0.24143906944618918,NFL-RUSH-RIDGE-NORMALSD-ISO-v1,2024-25-WALKFORWARD-ISO-v1,8be61f9f4442b75fbacd335b0997d4ea8e5b412930fea99d98c12040deaa1086,2026-10-02T00:55:44.964837+00:00,12.721192526533514,17.499131191796593,QB,3,48,45.0,3.4615384615384617,12.615384615384615,16794,PASS,,LOW_THRESHOLD_10_30_CALIBRATION_CAUTION
2026_04_IND_WAS,00-0035710,20,0.2024793388429752,0.33872237856503057,NFL-RUSH-RIDGE-NORMALSD-ISO-v1,2024-25-WALKFORWARD-ISO-v1,8be61f9f4442b75fbacd335b0997d4ea8e5b412930fea99d98c12040deaa1086,2026-10-02T00:55:44.964837+00:00,12.721192526533514,17.499131191796593,QB,3,48,45.0,3.4615384615384617,12.615384615384615,16794,PASS,,LOW_THRESHOLD_10_30_CALIBRATION_CAUTION
2026_04_IND_WAS,00-0035710,15,0.3560767590618336,0.44819458964170195,NFL-RUSH-RIDGE-NORMALSD-ISO-v1,2024-25-WALKFORWARD-ISO-v1,8be61f9f4442b75fbacd335b0997d4ea8e5b412930fea99d98c12040deaa1086,2026-10-02T00:55:44.964837+00:00,12.721192526533514,17.499131191796593,QB,3,48,45.0,3.4615384615384617,12.615384615384615,16794,PASS,,LOW_THRESHOLD_10_30_CALIBRATION_CAUTION
2026_04_IND_WAS,00-0035710,10,0.4553571428571428,0.5617881714711597,NFL-RUSH-RIDGE-NORMALSD-ISO-v1,2024-25-WALKFORWARD-ISO-v1,8be61f9f4442b75fbacd335b0997d4ea8e5b412930fea99d98c12040deaa1086,2026-10-02T00:55:44.964837+00:00,12.721192526533514,17.499131191796593,QB,3,48,45.0,3.4615384615384617,12.615384615384615,16794,PASS,,LOW_THRESHOLD_10_30_CALIBRATION_CAUTION
