captured_at,season,week,game_id,game,kickoff_utc,market_ticker,event_ticker,series_ticker,prop_family,player_key,player_name,snapshot_label,target_time_utc,quote_time_utc,quote_age_seconds,yes_bid,yes_ask,no_bid,no_ask,source,qc_status,qc_reason
2026-09-07T12:03:37.314325+00:00,2026,1,2026_01_DEN_KC,DEN@KC,2026-09-15T00:15:00+00:00,KXNFLRECYDS-26SEP14DENKC-KCXWORTHY1-90,KXNFLRECYDS-26SEP14DENKC,KXNFLRECYDS,receiving_yards,football_player,Xavier Worthy: 90+ receiving yards,FIRST_OBSERVED,2026-09-07T12:03:37.314325+00:00,2026-09-07T12:03:37.314325+00:00,0,0.02,0.09,0.91,0.98,market_object,PASS,
2026-09-07T12:03:37.314325+00:00,2026,1,2026_01_DEN_KC,DEN@KC,2026-09-15T00:15:00+00:00,KXNFLRECYDS-26SEP14DENKC-KCXWORTHY1-80,KXNFLRECYDS-26SEP14DENKC,KXNFLRECYDS,receiving_yards,football_player,Xavier Worthy: 80+ receiving yards,FIRST_OBSERVED,2026-09-07T12:03:37.314325+00:00,2026-09-07T12:03:37.314325+00:00,0,0.02,0.13,0.87,0.98,market_object,PASS,
2026-09-07T12:03:37.314325+00:00,2026,1,2026_01_DEN_KC,DEN@KC,2026-09-15T00:15:00+00:00,KXNFLRECYDS-26SEP14DENKC-KCXWORTHY1-70,KXNFLRECYDS-26SEP14DENKC,KXNFLRECYDS,receiving_yards,football_player,Xavier Worthy: 70+ receiving yards,FIRST_OBSERVED,2026-09-07T12:03:37.314325+00:00,2026-09-07T12:03:37.314325+00:00,0,0.02,0.18,0.8200000000000001,0.98,market_object,PASS,
2026-09-07T12:03:37.314325+00:00,2026,1,2026_01_DEN_KC,DEN@KC,2026-09-15T00:15:00+00:00,KXNFLRECYDS-26SEP14DENKC-KCXWORTHY1-60,KXNFLRECYDS-26SEP14DENKC,KXNFLRECYDS,receiving_yards,football_player,Xavier Worthy: 60+ receiving yards,FIRST_OBSERVED,2026-09-07T12:03:37.314325+00:00,2026-09-07T12:03:37.314325+00:00,0,0.02,0.25,0.75,0.98,market_object,PASS,
2026-09-07T12:03:37.314325+00:00,2026,1,2026_01_DEN_KC,DEN@KC,2026-09-15T00:15:00+00:00,KXNFLRECYDS-26SEP14DENKC-KCXWORTHY1-50,KXNFLRECYDS-26SEP14DENKC,KXNFLRECYDS,receiving_yards,football_player,Xavier Worthy: 50+ receiving yards,FIRST_OBSERVED,2026-09-07T12:03:37.314325+00:00,2026-09-07T12:03:37.314325+00:00,0,0.02,0.36,0.64,0.98,market_object,PASS,
2026-09-07T12:03:37.314325+00:00,2026,1,2026_01_DEN_KC,DEN@KC,2026-09-15T00:15:00+00:00,KXNFLRECYDS-26SEP14DENKC-KCXWORTHY1-40,KXNFLRECYDS-26SEP14DENKC,KXNFLRECYDS,receiving_yards,football_player,Xavier Worthy: 40+ receiving yards,FIRST_OBSERVED,2026-09-07T12:03:37.314325+00:00,2026-09-07T12:03:37.314325+00:00,0,0.02,0.48,0.52,0.98,market_object,PASS,
2026-09-07T12:03:37.314325+00:00,2026,1,2026_01_DEN_KC,DEN@KC,2026-09-15T00:15:00+00:00,KXNFLRECYDS-26SEP14DENKC-KCXWORTHY1-35,KXNFLRECYDS-26SEP14DENKC,KXNFLRECYDS,receiving_yards,football_player,Xavier Worthy: 35+ receiving yards,FIRST_OBSERVED,2026-09-07T12:03:37.314325+00:00,2026-09-07T12:03:37.314325+00:00,0,0.02,0.97,0.030000000000000027,0.98,market_object,PASS,
2026-09-07T12:03:37.314325+00:00,2026,1,2026_01_DEN_KC,DEN@KC,2026-09-15T00:15:00+00:00,KXNFLRECYDS-26SEP14DENKC-KCXWORTHY1-25,KXNFLRECYDS-26SEP14DENKC,KXNFLRECYDS,receiving_yards,football_player,Xavier Worthy: 25+ receiving yards,FIRST_OBSERVED,2026-09-07T12:03:37.314325+00:00,2026-09-07T12:03:37.314325+00:00,0,0.02,0.71,0.29000000000000004,0.98,market_object,PASS,
2026-09-07T12:03:37.314325+00:00,2026,1,2026_01_DEN_KC,DEN@KC,2026-09-15T00:15:00+00:00,KXNFLRECYDS-26SEP14DENKC-KCXWORTHY1-15,KXNFLRECYDS-26SEP14DENKC,KXNFLRECYDS,receiving_yards,football_player,Xavier Worthy: 15+ receiving yards,FIRST_OBSERVED,2026-09-07T12:03:37.314325+00:00,2026-09-07T12:03:37.314325+00:00,0,0.18,0.86,0.14,0.8200000000000001,market_object,PASS,
2026-09-07T12:03:37.314325+00:00,2026,1,2026_01_DEN_KC,DEN@KC,2026-09-15T00:15:00+00:00,KXNFLRECYDS-26SEP14DENKC-KCXWORTHY1-100,KXNFLRECYDS-26SEP14DENKC,KXNFLRECYDS,receiving_yards,football_player,Xavier Worthy: 100+ receiving yards,FIRST_OBSERVED,2026-09-07T12:03:37.314325+00:00,2026-09-07T12:03:37.314325+00:00,0,0.02,0.06,0.94,0.98,market_object,PASS,
2026-09-07T12:03:37.314325+00:00,2026,1,2026_01_DEN_KC,DEN@KC,2026-09-15T00:15:00+00:00,KXNFLRECYDS-26SEP14DENKC-KCTKELCE87-90,KXNFLRECYDS-26SEP14DENKC,KXNFLRECYDS,receiving_yards,football_player,Travis Kelce: 90+ receiving yards,FIRST_OBSERVED,2026-09-07T12:03:37.314325+00:00,2026-09-07T12:03:37.314325+00:00,0,0.02,0.11,0.89,0.98,market_object,PASS,
2026-09-07T12:03:37.314325+00:00,2026,1,2026_01_DEN_KC,DEN@KC,2026-09-15T00:15:00+00:00,KXNFLRECYDS-26SEP14DENKC-KCTKELCE87-80,KXNFLRECYDS-26SEP14DENKC,KXNFLRECYDS,receiving_yards,football_player,Travis Kelce: 80+ receiving yards,FIRST_OBSERVED,2026-09-07T12:03:37.314325+00:00,2026-09-07T12:03:37.314325+00:00,0,0.02,0.16,0.84,0.98,market_object,PASS,
2026-09-07T12:03:37.314325+00:00,2026,1,2026_01_DEN_KC,DEN@KC,2026-09-15T00:15:00+00:00,KXNFLRECYDS-26SEP14DENKC-KCTKELCE87-70,KXNFLRECYDS-26SEP14DENKC,KXNFLRECYDS,receiving_yards,football_player,Travis Kelce: 70+ receiving yards,FIRST_OBSERVED,2026-09-07T12:03:37.314325+00:00,2026-09-07T12:03:37.314325+00:00,0,0.02,0.23,0.77,0.98,market_object,PASS,
2026-09-07T12:03:37.314325+00:00,2026,1,2026_01_DEN_KC,DEN@KC,2026-09-15T00:15:00+00:00,KXNFLRECYDS-26SEP14DENKC-KCTKELCE87-60,KXNFLRECYDS-26SEP14DENKC,KXNFLRECYDS,receiving_yards,football_player,Travis Kelce: 60+ receiving yards,FIRST_OBSERVED,2026-09-07T12:03:37.314325+00:00,2026-09-07T12:03:37.314325+00:00,0,0.02,0.32,0.6799999999999999,0.98,market_object,PASS,
2026-09-07T12:03:37.314325+00:00,2026,1,2026_01_DEN_KC,DEN@KC,2026-09-15T00:15:00+00:00,KXNFLRECYDS-26SEP14DENKC-KCTKELCE87-50,KXNFLRECYDS-26SEP14DENKC,KXNFLRECYDS,receiving_yards,football_player,Travis Kelce: 50+ receiving yards,FIRST_OBSERVED,2026-09-07T12:03:37.314325+00:00,2026-09-07T12:03:37.314325+00:00,0,0.02,0.42,0.5800000000000001,0.98,market_object,PASS,
2026-09-07T12:03:37.314325+00:00,2026,1,2026_01_DEN_KC,DEN@KC,2026-09-15T00:15:00+00:00,KXNFLRECYDS-26SEP14DENKC-KCTKELCE87-40,KXNFLRECYDS-26SEP14DENKC,KXNFLRECYDS,receiving_yards,football_player,Travis Kelce: 40+ receiving yards,FIRST_OBSERVED,2026-09-07T12:03:37.314325+00:00,2026-09-07T12:03:37.314325+00:00,0,0.02,0.55,0.44999999999999996,0.98,market_object,PASS,
2026-09-07T12:03:37.314325+00:00,2026,1,2026_01_DEN_KC,DEN@KC,2026-09-15T00:15:00+00:00,KXNFLRECYDS-26SEP14DENKC-KCTKELCE87-25,KXNFLRECYDS-26SEP14DENKC,KXNFLRECYDS,receiving_yards,football_player,Travis Kelce: 25+ receiving yards,FIRST_OBSERVED,2026-09-07T12:03:37.314325+00:00,2026-09-07T12:03:37.314325+00:00,0,0.02,0.77,0.22999999999999998,0.98,market_object,PASS,
2026-09-07T12:03:37.314325+00:00,2026,1,2026_01_DEN_KC,DEN@KC,2026-09-15T00:15:00+00:00,KXNFLRECYDS-26SEP14DENKC-KCTKELCE87-15,KXNFLRECYDS-26SEP14DENKC,KXNFLRECYDS,receiving_yards,football_player,Travis Kelce: 15+ receiving yards,FIRST_OBSERVED,2026-09-07T12:03:37.314325+00:00,2026-09-07T12:03:37.314325+00:00,0,0.18,0.9,0.09999999999999998,0.8200000000000001,market_object,PASS,
2026-09-07T12:03:37.314325+00:00,2026,1,2026_01_DEN_KC,DEN@KC,2026-09-15T00:15:00+00:00,KXNFLRECYDS-26SEP14DENKC-KCTKELCE87-110,KXNFLRECYDS-26SEP14DENKC,KXNFLRECYDS,receiving_yards,football_player,Travis Kelce: 110+ receiving yards,FIRST_OBSERVED,2026-09-07T12:03:37.314325+00:00,2026-09-07T12:03:37.314325+00:00,0,0.02,0.06,0.94,0.98,market_object,PASS,
2026-09-07T12:03:37.314325+00:00,2026,1,2026_01_DEN_KC,DEN@KC,2026-09-15T00:15:00+00:00,KXNFLRECYDS-26SEP14DENKC-KCTKELCE87-100,KXNFLRECYDS-26SEP14DENKC,KXNFLRECYDS,receiving_yards,football_player,Travis Kelce: 100+ receiving yards,FIRST_OBSERVED,2026-09-07T12:03:37.314325+00:00,2026-09-07T12:03:37.314325+00:00,0,0.02,0.08,0.92,0.98,market_object,PASS,
2026-09-07T12:03:37.314325+00:00,2026,1,2026_01_DEN_KC,DEN@KC,2026-09-15T00:15:00+00:00,KXNFLRECYDS-26SEP14DENKC-KCRRICE4-90,KXNFLRECYDS-26SEP14DENKC,KXNFLRECYDS,receiving_yards,football_player,Rashee Rice: 90+ receiving yards,FIRST_OBSERVED,2026-09-07T12:03:37.314325+00:00,2026-09-07T12:03:37.314325+00:00,0,0.02,0.25,0.75,0.98,market_object,PASS,
2026-09-07T12:03:37.314325+00:00,2026,1,2026_01_DEN_KC,DEN@KC,2026-09-15T00:15:00+00:00,KXNFLRECYDS-26SEP14DENKC-KCRRICE4-80,KXNFLRECYDS-26SEP14DENKC,KXNFLRECYDS,receiving_yards,football_player,Rashee Rice: 80+ receiving yards,FIRST_OBSERVED,2026-09-07T12:03:37.314325+00:00,2026-09-07T12:03:37.314325+00:00,0,0.02,0.34,0.6599999999999999,0.98,market_object,PASS,
2026-09-07T12:03:37.314325+00:00,2026,1,2026_01_DEN_KC,DEN@KC,2026-09-15T00:15:00+00:00,KXNFLRECYDS-26SEP14DENKC-KCRRICE4-70,KXNFLRECYDS-26SEP14DENKC,KXNFLRECYDS,receiving_yards,football_player,Rashee Rice: 70+ receiving yards,FIRST_OBSERVED,2026-09-07T12:03:37.314325+00:00,2026-09-07T12:03:37.314325+00:00,0,0.02,0.43,0.5700000000000001,0.98,market_object,PASS,
2026-09-07T12:03:37.314325+00:00,2026,1,2026_01_DEN_KC,DEN@KC,2026-09-15T00:15:00+00:00,KXNFLRECYDS-26SEP14DENKC-KCRRICE4-60,KXNFLRECYDS-26SEP14DENKC,KXNFLRECYDS,receiving_yards,football_player,Rashee Rice: 60+ receiving yards,FIRST_OBSERVED,2026-09-07T12:03:37.314325+00:00,2026-09-07T12:03:37.314325+00:00,0,0.47,0.53,0.47,0.53,market_object,PASS,
2026-09-07T12:03:37.314325+00:00,2026,1,2026_01_DEN_KC,DEN@KC,2026-09-15T00:15:00+00:00,KXNFLRECYDS-26SEP14DENKC-KCRRICE4-50,KXNFLRECYDS-26SEP14DENKC,KXNFLRECYDS,receiving_yards,football_player,Rashee Rice: 50+ receiving yards,FIRST_OBSERVED,2026-09-07T12:03:37.314325+00:00,2026-09-07T12:03:37.314325+00:00,0,0.02,0.66,0.33999999999999997,0.98,market_object,PASS,
2026-09-07T12:03:37.314325+00:00,2026,1,2026_01_DEN_KC,DEN@KC,2026-09-15T00:15:00+00:00,KXNFLRECYDS-26SEP14DENKC-KCRRICE4-40,KXNFLRECYDS-26SEP14DENKC,KXNFLRECYDS,receiving_yards,football_player,Rashee Rice: 40+ receiving yards,FIRST_OBSERVED,2026-09-07T12:03:37.314325+00:00,2026-09-07T12:03:37.314325+00:00,0,0.02,0.77,0.22999999999999998,0.98,market_object,PASS,
2026-09-07T12:03:37.314325+00:00,2026,1,2026_01_DEN_KC,DEN@KC,2026-09-15T00:15:00+00:00,KXNFLRECYDS-26SEP14DENKC-KCRRICE4-140,KXNFLRECYDS-26SEP14DENKC,KXNFLRECYDS,receiving_yards,football_player,Rashee Rice: 140+ receiving yards,FIRST_OBSERVED,2026-09-07T12:03:37.314325+00:00,2026-09-07T12:03:37.314325+00:00,0,0.02,0.06,0.94,0.98,market_object,PASS,
2026-09-07T12:03:37.314325+00:00,2026,1,2026_01_DEN_KC,DEN@KC,2026-09-15T00:15:00+00:00,KXNFLRECYDS-26SEP14DENKC-KCRRICE4-130,KXNFLRECYDS-26SEP14DENKC,KXNFLRECYDS,receiving_yards,football_player,Rashee Rice: 130+ receiving yards,FIRST_OBSERVED,2026-09-07T12:03:37.314325+00:00,2026-09-07T12:03:37.314325+00:00,0,0.02,0.08,0.92,0.98,market_object,PASS,
2026-09-07T12:03:37.314325+00:00,2026,1,2026_01_DEN_KC,DEN@KC,2026-09-15T00:15:00+00:00,KXNFLRECYDS-26SEP14DENKC-KCRRICE4-120,KXNFLRECYDS-26SEP14DENKC,KXNFLRECYDS,receiving_yards,football_player,Rashee Rice: 120+ receiving yards,FIRST_OBSERVED,2026-09-07T12:03:37.314325+00:00,2026-09-07T12:03:37.314325+00:00,0,0.02,0.11,0.89,0.98,market_object,PASS,
2026-09-07T12:03:37.314325+00:00,2026,1,2026_01_DEN_KC,DEN@KC,2026-09-15T00:15:00+00:00,KXNFLRECYDS-26SEP14DENKC-KCRRICE4-110,KXNFLRECYDS-26SEP14DENKC,KXNFLRECYDS,receiving_yards,football_player,Rashee Rice: 110+ receiving yards,FIRST_OBSERVED,2026-09-07T12:03:37.314325+00:00,2026-09-07T12:03:37.314325+00:00,0,0.02,0.14,0.86,0.98,market_object,PASS,
2026-09-07T12:03:37.314325+00:00,2026,1,2026_01_DEN_KC,DEN@KC,2026-09-15T00:15:00+00:00,KXNFLRECYDS-26SEP14DENKC-KCRRICE4-100,KXNFLRECYDS-26SEP14DENKC,KXNFLRECYDS,receiving_yards,football_player,Rashee Rice: 100+ receiving yards,FIRST_OBSERVED,2026-09-07T12:03:37.314325+00:00,2026-09-07T12:03:37.314325+00:00,0,0.02,0.2,0.8,0.98,market_object,PASS,
2026-09-07T12:03:37.314325+00:00,2026,1,2026_01_DEN_KC,DEN@KC,2026-09-15T00:15:00+00:00,KXNFLRECYDS-26SEP14DENKC-KCKWALKER9-60,KXNFLRECYDS-26SEP14DENKC,KXNFLRECYDS,receiving_yards,football_player,Kenneth Walker III: 60+ receiving yards,FIRST_OBSERVED,2026-09-07T12:03:37.314325+00:00,2026-09-07T12:03:37.314325+00:00,0,0.02,0.07,0.9299999999999999,0.98,market_object,PASS,
2026-09-07T12:03:37.314325+00:00,2026,1,2026_01_DEN_KC,DEN@KC,2026-09-15T00:15:00+00:00,KXNFLRECYDS-26SEP14DENKC-KCKWALKER9-50,KXNFLRECYDS-26SEP14DENKC,KXNFLRECYDS,receiving_yards,football_player,Kenneth Walker III: 50+ receiving yards,FIRST_OBSERVED,2026-09-07T12:03:37.314325+00:00,2026-09-07T12:03:37.314325+00:00,0,0.02,0.1,0.9,0.98,market_object,PASS,
2026-09-07T12:03:37.314325+00:00,2026,1,2026_01_DEN_KC,DEN@KC,2026-09-15T00:15:00+00:00,KXNFLRECYDS-26SEP14DENKC-KCKWALKER9-40,KXNFLRECYDS-26SEP14DENKC,KXNFLRECYDS,receiving_yards,football_player,Kenneth Walker III: 40+ receiving yards,FIRST_OBSERVED,2026-09-07T12:03:37.314325+00:00,2026-09-07T12:03:37.314325+00:00,0,0.02,0.16,0.84,0.98,market_object,PASS,
2026-09-07T12:03:37.314325+00:00,2026,1,2026_01_DEN_KC,DEN@KC,2026-09-15T00:15:00+00:00,KXNFLRECYDS-26SEP14DENKC-KCKWALKER9-25,KXNFLRECYDS-26SEP14DENKC,KXNFLRECYDS,receiving_yards,football_player,Kenneth Walker III: 25+ receiving yards,FIRST_OBSERVED,2026-09-07T12:03:37.314325+00:00,2026-09-07T12:03:37.314325+00:00,0,0.02,0.34,0.6599999999999999,0.98,market_object,PASS,
2026-09-07T12:03:37.314325+00:00,2026,1,2026_01_DEN_KC,DEN@KC,2026-09-15T00:15:00+00:00,KXNFLRECYDS-26SEP14DENKC-KCKWALKER9-15,KXNFLRECYDS-26SEP14DENKC,KXNFLRECYDS,receiving_yards,football_player,Kenneth Walker III: 15+ receiving yards,FIRST_OBSERVED,2026-09-07T12:03:37.314325+00:00,2026-09-07T12:03:37.314325+00:00,0,0.51,0.54,0.45999999999999996,0.49,market_object,PASS,
2026-09-07T12:03:37.314325+00:00,2026,1,2026_01_DEN_KC,DEN@KC,2026-09-15T00:15:00+00:00,KXNFLRECYDS-26SEP14DENKC-DENJWADDLE17-90,KXNFLRECYDS-26SEP14DENKC,KXNFLRECYDS,receiving_yards,football_player,Jaylen Waddle: 90+ receiving yards,FIRST_OBSERVED,2026-09-07T12:03:37.314325+00:00,2026-09-07T12:03:37.314325+00:00,0,0.02,0.22,0.78,0.98,market_object,PASS,
2026-09-07T12:03:37.314325+00:00,2026,1,2026_01_DEN_KC,DEN@KC,2026-09-15T00:15:00+00:00,KXNFLRECYDS-26SEP14DENKC-DENJWADDLE17-80,KXNFLRECYDS-26SEP14DENKC,KXNFLRECYDS,receiving_yards,football_player,Jaylen Waddle: 80+ receiving yards,FIRST_OBSERVED,2026-09-07T12:03:37.314325+00:00,2026-09-07T12:03:37.314325+00:00,0,0.02,0.28,0.72,0.98,market_object,PASS,
2026-09-07T12:03:37.314325+00:00,2026,1,2026_01_DEN_KC,DEN@KC,2026-09-15T00:15:00+00:00,KXNFLRECYDS-26SEP14DENKC-DENJWADDLE17-70,KXNFLRECYDS-26SEP14DENKC,KXNFLRECYDS,receiving_yards,football_player,Jaylen Waddle: 70+ receiving yards,FIRST_OBSERVED,2026-09-07T12:03:37.314325+00:00,2026-09-07T12:03:37.314325+00:00,0,0.02,0.36,0.64,0.98,market_object,PASS,
2026-09-07T12:03:37.314325+00:00,2026,1,2026_01_DEN_KC,DEN@KC,2026-09-15T00:15:00+00:00,KXNFLRECYDS-26SEP14DENKC-DENJWADDLE17-60,KXNFLRECYDS-26SEP14DENKC,KXNFLRECYDS,receiving_yards,football_player,Jaylen Waddle: 60+ receiving yards,FIRST_OBSERVED,2026-09-07T12:03:37.314325+00:00,2026-09-07T12:03:37.314325+00:00,0,0.4,0.47,0.53,0.6,market_object,PASS,
2026-09-07T12:03:37.314325+00:00,2026,1,2026_01_DEN_KC,DEN@KC,2026-09-15T00:15:00+00:00,KXNFLRECYDS-26SEP14DENKC-DENJWADDLE17-50,KXNFLRECYDS-26SEP14DENKC,KXNFLRECYDS,receiving_yards,football_player,Jaylen Waddle: 50+ receiving yards,FIRST_OBSERVED,2026-09-07T12:03:37.314325+00:00,2026-09-07T12:03:37.314325+00:00,0,0.02,0.59,0.41000000000000003,0.98,market_object,PASS,
2026-09-07T12:03:37.314325+00:00,2026,1,2026_01_DEN_KC,DEN@KC,2026-09-15T00:15:00+00:00,KXNFLRECYDS-26SEP14DENKC-DENJWADDLE17-40,KXNFLRECYDS-26SEP14DENKC,KXNFLRECYDS,receiving_yards,football_player,Jaylen Waddle: 40+ receiving yards,FIRST_OBSERVED,2026-09-07T12:03:37.314325+00:00,2026-09-07T12:03:37.314325+00:00,0,0.02,0.71,0.29000000000000004,0.98,market_object,PASS,
2026-09-07T12:03:37.314325+00:00,2026,1,2026_01_DEN_KC,DEN@KC,2026-09-15T00:15:00+00:00,KXNFLRECYDS-26SEP14DENKC-DENJWADDLE17-25,KXNFLRECYDS-26SEP14DENKC,KXNFLRECYDS,receiving_yards,football_player,Jaylen Waddle: 25+ receiving yards,FIRST_OBSERVED,2026-09-07T12:03:37.314325+00:00,2026-09-07T12:03:37.314325+00:00,0,0.18,0.87,0.13,0.8200000000000001,market_object,PASS,
2026-09-07T12:03:37.314325+00:00,2026,1,2026_01_DEN_KC,DEN@KC,2026-09-15T00:15:00+00:00,KXNFLRECYDS-26SEP14DENKC-DENJWADDLE17-130,KXNFLRECYDS-26SEP14DENKC,KXNFLRECYDS,receiving_yards,football_player,Jaylen Waddle: 130+ receiving yards,FIRST_OBSERVED,2026-09-07T12:03:37.314325+00:00,2026-09-07T12:03:37.314325+00:00,0,0.02,0.06,0.94,0.98,market_object,PASS,
2026-09-07T12:03:37.314325+00:00,2026,1,2026_01_DEN_KC,DEN@KC,2026-09-15T00:15:00+00:00,KXNFLRECYDS-26SEP14DENKC-DENJWADDLE17-120,KXNFLRECYDS-26SEP14DENKC,KXNFLRECYDS,receiving_yards,football_player,Jaylen Waddle: 120+ receiving yards,FIRST_OBSERVED,2026-09-07T12:03:37.314325+00:00,2026-09-07T12:03:37.314325+00:00,0,0.02,0.08,0.92,0.98,market_object,PASS,
2026-09-07T12:03:37.314325+00:00,2026,1,2026_01_DEN_KC,DEN@KC,2026-09-15T00:15:00+00:00,KXNFLRECYDS-26SEP14DENKC-DENJWADDLE17-110,KXNFLRECYDS-26SEP14DENKC,KXNFLRECYDS,receiving_yards,football_player,Jaylen Waddle: 110+ receiving yards,FIRST_OBSERVED,2026-09-07T12:03:37.314325+00:00,2026-09-07T12:03:37.314325+00:00,0,0.02,0.12,0.88,0.98,market_object,PASS,
2026-09-07T12:03:37.314325+00:00,2026,1,2026_01_DEN_KC,DEN@KC,2026-09-15T00:15:00+00:00,KXNFLRECYDS-26SEP14DENKC-DENJWADDLE17-100,KXNFLRECYDS-26SEP14DENKC,KXNFLRECYDS,receiving_yards,football_player,Jaylen Waddle: 100+ receiving yards,FIRST_OBSERVED,2026-09-07T12:03:37.314325+00:00,2026-09-07T12:03:37.314325+00:00,0,0.02,0.16,0.84,0.98,market_object,PASS,
2026-09-07T12:03:37.314325+00:00,2026,1,2026_01_DEN_KC,DEN@KC,2026-09-15T00:15:00+00:00,KXNFLRECYDS-26SEP14DENKC-DENCSUTTON14-90,KXNFLRECYDS-26SEP14DENKC,KXNFLRECYDS,receiving_yards,football_player,Courtland Sutton: 90+ receiving yards,FIRST_OBSERVED,2026-09-07T12:03:37.314325+00:00,2026-09-07T12:03:37.314325+00:00,0,0.02,0.12,0.88,0.98,market_object,PASS,
2026-09-07T12:03:37.314325+00:00,2026,1,2026_01_DEN_KC,DEN@KC,2026-09-15T00:15:00+00:00,KXNFLRECYDS-26SEP14DENKC-DENCSUTTON14-80,KXNFLRECYDS-26SEP14DENKC,KXNFLRECYDS,receiving_yards,football_player,Courtland Sutton: 80+ receiving yards,FIRST_OBSERVED,2026-09-07T12:03:37.314325+00:00,2026-09-07T12:03:37.314325+00:00,0,0.02,0.18,0.8200000000000001,0.98,market_object,PASS,
2026-09-07T12:03:37.314325+00:00,2026,1,2026_01_DEN_KC,DEN@KC,2026-09-15T00:15:00+00:00,KXNFLRECYDS-26SEP14DENKC-DENCSUTTON14-70,KXNFLRECYDS-26SEP14DENKC,KXNFLRECYDS,receiving_yards,football_player,Courtland Sutton: 70+ receiving yards,FIRST_OBSERVED,2026-09-07T12:03:37.314325+00:00,2026-09-07T12:03:37.314325+00:00,0,0.02,0.24,0.76,0.98,market_object,PASS,
2026-09-07T12:03:37.314325+00:00,2026,1,2026_01_DEN_KC,DEN@KC,2026-09-15T00:15:00+00:00,KXNFLRECYDS-26SEP14DENKC-DENCSUTTON14-60,KXNFLRECYDS-26SEP14DENKC,KXNFLRECYDS,receiving_yards,football_player,Courtland Sutton: 60+ receiving yards,FIRST_OBSERVED,2026-09-07T12:03:37.314325+00:00,2026-09-07T12:03:37.314325+00:00,0,0.02,0.33,0.6699999999999999,0.98,market_object,PASS,
2026-09-07T12:03:37.314325+00:00,2026,1,2026_01_DEN_KC,DEN@KC,2026-09-15T00:15:00+00:00,KXNFLRECYDS-26SEP14DENKC-DENCSUTTON14-50,KXNFLRECYDS-26SEP14DENKC,KXNFLRECYDS,receiving_yards,football_player,Courtland Sutton: 50+ receiving yards,FIRST_OBSERVED,2026-09-07T12:03:37.314325+00:00,2026-09-07T12:03:37.314325+00:00,0,0.02,0.44,0.56,0.98,market_object,PASS,
2026-09-07T12:03:37.314325+00:00,2026,1,2026_01_DEN_KC,DEN@KC,2026-09-15T00:15:00+00:00,KXNFLRECYDS-26SEP14DENKC-DENCSUTTON14-40,KXNFLRECYDS-26SEP14DENKC,KXNFLRECYDS,receiving_yards,football_player,Courtland Sutton: 40+ receiving yards,FIRST_OBSERVED,2026-09-07T12:03:37.314325+00:00,2026-09-07T12:03:37.314325+00:00,0,0.02,0.57,0.43000000000000005,0.98,market_object,PASS,
2026-09-07T12:03:37.314325+00:00,2026,1,2026_01_DEN_KC,DEN@KC,2026-09-15T00:15:00+00:00,KXNFLRECYDS-26SEP14DENKC-DENCSUTTON14-25,KXNFLRECYDS-26SEP14DENKC,KXNFLRECYDS,receiving_yards,football_player,Courtland Sutton: 25+ receiving yards,FIRST_OBSERVED,2026-09-07T12:03:37.314325+00:00,2026-09-07T12:03:37.314325+00:00,0,0.02,0.79,0.20999999999999996,0.98,market_object,PASS,
2026-09-07T12:03:37.314325+00:00,2026,1,2026_01_DEN_KC,DEN@KC,2026-09-15T00:15:00+00:00,KXNFLRECYDS-26SEP14DENKC-DENCSUTTON14-15,KXNFLRECYDS-26SEP14DENKC,KXNFLRECYDS,receiving_yards,football_player,Courtland Sutton: 15+ receiving yards,FIRST_OBSERVED,2026-09-07T12:03:37.314325+00:00,2026-09-07T12:03:37.314325+00:00,0,0.18,0.91,0.08999999999999997,0.8200000000000001,market_object,PASS,
2026-09-07T12:03:37.314325+00:00,2026,1,2026_01_DEN_KC,DEN@KC,2026-09-15T00:15:00+00:00,KXNFLRECYDS-26SEP14DENKC-DENCSUTTON14-110,KXNFLRECYDS-26SEP14DENKC,KXNFLRECYDS,receiving_yards,football_player,Courtland Sutton: 110+ receiving yards,FIRST_OBSERVED,2026-09-07T12:03:37.314325+00:00,2026-09-07T12:03:37.314325+00:00,0,0.02,0.06,0.94,0.98,market_object,PASS,
2026-09-07T12:03:37.314325+00:00,2026,1,2026_01_DEN_KC,DEN@KC,2026-09-15T00:15:00+00:00,KXNFLRECYDS-26SEP14DENKC-DENCSUTTON14-100,KXNFLRECYDS-26SEP14DENKC,KXNFLRECYDS,receiving_yards,football_player,Courtland Sutton: 100+ receiving yards,FIRST_OBSERVED,2026-09-07T12:03:37.314325+00:00,2026-09-07T12:03:37.314325+00:00,0,0.02,0.09,0.91,0.98,market_object,PASS,
2026-09-07T12:03:37.314325+00:00,2026,1,2026_01_DAL_NYG,DAL@NYG,2026-09-14T00:20:00+00:00,KXNFLRECYDS-26SEP13DALNYG-DALGPICKENS3-90,KXNFLRECYDS-26SEP13DALNYG,KXNFLRECYDS,receiving_yards,football_player,George Pickens: 90+ receiving yards,FIRST_OBSERVED,2026-09-07T12:03:37.314325+00:00,2026-09-07T12:03:37.314325+00:00,0,0.02,0.32,0.6799999999999999,0.98,market_object,PASS,
2026-09-07T12:03:37.314325+00:00,2026,1,2026_01_DAL_NYG,DAL@NYG,2026-09-14T00:20:00+00:00,KXNFLRECYDS-26SEP13DALNYG-DALGPICKENS3-80,KXNFLRECYDS-26SEP13DALNYG,KXNFLRECYDS,receiving_yards,football_player,George Pickens: 80+ receiving yards,FIRST_OBSERVED,2026-09-07T12:03:37.314325+00:00,2026-09-07T12:03:37.314325+00:00,0,0.02,0.42,0.5800000000000001,0.98,market_object,PASS,
2026-09-07T12:03:37.314325+00:00,2026,1,2026_01_DAL_NYG,DAL@NYG,2026-09-14T00:20:00+00:00,KXNFLRECYDS-26SEP13DALNYG-DALGPICKENS3-70,KXNFLRECYDS-26SEP13DALNYG,KXNFLRECYDS,receiving_yards,football_player,George Pickens: 70+ receiving yards,FIRST_OBSERVED,2026-09-07T12:03:37.314325+00:00,2026-09-07T12:03:37.314325+00:00,0,0.47,0.5,0.5,0.53,market_object,PASS,
2026-09-07T12:03:37.314325+00:00,2026,1,2026_01_DAL_NYG,DAL@NYG,2026-09-14T00:20:00+00:00,KXNFLRECYDS-26SEP13DALNYG-DALGPICKENS3-60,KXNFLRECYDS-26SEP13DALNYG,KXNFLRECYDS,receiving_yards,football_player,George Pickens: 60+ receiving yards,FIRST_OBSERVED,2026-09-07T12:03:37.314325+00:00,2026-09-07T12:03:37.314325+00:00,0,0.34,0.62,0.38,0.6599999999999999,market_object,PASS,
2026-09-07T12:03:37.314325+00:00,2026,1,2026_01_DAL_NYG,DAL@NYG,2026-09-14T00:20:00+00:00,KXNFLRECYDS-26SEP13DALNYG-DALGPICKENS3-50,KXNFLRECYDS-26SEP13DALNYG,KXNFLRECYDS,receiving_yards,football_player,George Pickens: 50+ receiving yards,FIRST_OBSERVED,2026-09-07T12:03:37.314325+00:00,2026-09-07T12:03:37.314325+00:00,0,0.34,0.71,0.29000000000000004,0.6599999999999999,market_object,PASS,
2026-09-07T12:03:37.314325+00:00,2026,1,2026_01_DAL_NYG,DAL@NYG,2026-09-14T00:20:00+00:00,KXNFLRECYDS-26SEP13DALNYG-DALGPICKENS3-40,KXNFLRECYDS-26SEP13DALNYG,KXNFLRECYDS,receiving_yards,football_player,George Pickens: 40+ receiving yards,FIRST_OBSERVED,2026-09-07T12:03:37.314325+00:00,2026-09-07T12:03:37.314325+00:00,0,0.34,0.81,0.18999999999999995,0.6599999999999999,market_object,PASS,
2026-09-07T12:03:37.314325+00:00,2026,1,2026_01_DAL_NYG,DAL@NYG,2026-09-14T00:20:00+00:00,KXNFLRECYDS-26SEP13DALNYG-DALGPICKENS3-150,KXNFLRECYDS-26SEP13DALNYG,KXNFLRECYDS,receiving_yards,football_player,George Pickens: 150+ receiving yards,FIRST_OBSERVED,2026-09-07T12:03:37.314325+00:00,2026-09-07T12:03:37.314325+00:00,0,0.02,0.06,0.94,0.98,market_object,PASS,
2026-09-07T12:03:37.314325+00:00,2026,1,2026_01_DAL_NYG,DAL@NYG,2026-09-14T00:20:00+00:00,KXNFLRECYDS-26SEP13DALNYG-DALGPICKENS3-140,KXNFLRECYDS-26SEP13DALNYG,KXNFLRECYDS,receiving_yards,football_player,George Pickens: 140+ receiving yards,FIRST_OBSERVED,2026-09-07T12:03:37.314325+00:00,2026-09-07T12:03:37.314325+00:00,0,0.02,0.08,0.92,0.98,market_object,PASS,
2026-09-07T12:03:37.314325+00:00,2026,1,2026_01_DAL_NYG,DAL@NYG,2026-09-14T00:20:00+00:00,KXNFLRECYDS-26SEP13DALNYG-DALGPICKENS3-130,KXNFLRECYDS-26SEP13DALNYG,KXNFLRECYDS,receiving_yards,football_player,George Pickens: 130+ receiving yards,FIRST_OBSERVED,2026-09-07T12:03:37.314325+00:00,2026-09-07T12:03:37.314325+00:00,0,0.02,0.11,0.89,0.98,market_object,PASS,
2026-09-07T12:03:37.314325+00:00,2026,1,2026_01_DAL_NYG,DAL@NYG,2026-09-14T00:20:00+00:00,KXNFLRECYDS-26SEP13DALNYG-DALGPICKENS3-120,KXNFLRECYDS-26SEP13DALNYG,KXNFLRECYDS,receiving_yards,football_player,George Pickens: 120+ receiving yards,FIRST_OBSERVED,2026-09-07T12:03:37.314325+00:00,2026-09-07T12:03:37.314325+00:00,0,0.02,0.15,0.85,0.98,market_object,PASS,
2026-09-07T12:03:37.314325+00:00,2026,1,2026_01_DAL_NYG,DAL@NYG,2026-09-14T00:20:00+00:00,KXNFLRECYDS-26SEP13DALNYG-DALGPICKENS3-110,KXNFLRECYDS-26SEP13DALNYG,KXNFLRECYDS,receiving_yards,football_player,George Pickens: 110+ receiving yards,FIRST_OBSERVED,2026-09-07T12:03:37.314325+00:00,2026-09-07T12:03:37.314325+00:00,0,0.02,0.18,0.8200000000000001,0.98,market_object,PASS,
2026-09-07T12:03:37.314325+00:00,2026,1,2026_01_DAL_NYG,DAL@NYG,2026-09-14T00:20:00+00:00,KXNFLRECYDS-26SEP13DALNYG-DALGPICKENS3-100,KXNFLRECYDS-26SEP13DALNYG,KXNFLRECYDS,receiving_yards,football_player,George Pickens: 100+ receiving yards,FIRST_OBSERVED,2026-09-07T12:03:37.314325+00:00,2026-09-07T12:03:37.314325+00:00,0,0.02,0.26,0.74,0.98,market_object,PASS,
2026-09-07T12:03:37.314325+00:00,2026,1,2026_01_DAL_NYG,DAL@NYG,2026-09-14T00:20:00+00:00,KXNFLRECYDS-26SEP13DALNYG-DALCLAMB88-90,KXNFLRECYDS-26SEP13DALNYG,KXNFLRECYDS,receiving_yards,football_player,CeeDee Lamb: 90+ receiving yards,FIRST_OBSERVED,2026-09-07T12:03:37.314325+00:00,2026-09-07T12:03:37.314325+00:00,0,0.02,0.4,0.6,0.98,market_object,PASS,
2026-09-07T12:03:37.314325+00:00,2026,1,2026_01_DAL_NYG,DAL@NYG,2026-09-14T00:20:00+00:00,KXNFLRECYDS-26SEP13DALNYG-DALCLAMB88-80,KXNFLRECYDS-26SEP13DALNYG,KXNFLRECYDS,receiving_yards,football_player,CeeDee Lamb: 80+ receiving yards,FIRST_OBSERVED,2026-09-07T12:03:37.314325+00:00,2026-09-07T12:03:37.314325+00:00,0,0.44,0.49,0.51,0.56,market_object,PASS,
2026-09-07T12:03:37.314325+00:00,2026,1,2026_01_DAL_NYG,DAL@NYG,2026-09-14T00:20:00+00:00,KXNFLRECYDS-26SEP13DALNYG-DALCLAMB88-70,KXNFLRECYDS-26SEP13DALNYG,KXNFLRECYDS,receiving_yards,football_player,CeeDee Lamb: 70+ receiving yards,FIRST_OBSERVED,2026-09-07T12:03:37.314325+00:00,2026-09-07T12:03:37.314325+00:00,0,0.31,0.59,0.41000000000000003,0.69,market_object,PASS,
2026-09-07T12:03:37.314325+00:00,2026,1,2026_01_DAL_NYG,DAL@NYG,2026-09-14T00:20:00+00:00,KXNFLRECYDS-26SEP13DALNYG-DALCLAMB88-60,KXNFLRECYDS-26SEP13DALNYG,KXNFLRECYDS,receiving_yards,football_player,CeeDee Lamb: 60+ receiving yards,FIRST_OBSERVED,2026-09-07T12:03:37.314325+00:00,2026-09-07T12:03:37.314325+00:00,0,0.31,0.68,0.31999999999999995,0.69,market_object,PASS,
2026-09-07T12:03:37.314325+00:00,2026,1,2026_01_DAL_NYG,DAL@NYG,2026-09-14T00:20:00+00:00,KXNFLRECYDS-26SEP13DALNYG-DALCLAMB88-50,KXNFLRECYDS-26SEP13DALNYG,KXNFLRECYDS,receiving_yards,football_player,CeeDee Lamb: 50+ receiving yards,FIRST_OBSERVED,2026-09-07T12:03:37.314325+00:00,2026-09-07T12:03:37.314325+00:00,0,0.31,0.79,0.20999999999999996,0.69,market_object,PASS,
2026-09-07T12:03:37.314325+00:00,2026,1,2026_01_DAL_NYG,DAL@NYG,2026-09-14T00:20:00+00:00,KXNFLRECYDS-26SEP13DALNYG-DALCLAMB88-40,KXNFLRECYDS-26SEP13DALNYG,KXNFLRECYDS,receiving_yards,football_player,CeeDee Lamb: 40+ receiving yards,FIRST_OBSERVED,2026-09-07T12:03:37.314325+00:00,2026-09-07T12:03:37.314325+00:00,0,0.31,0.87,0.13,0.69,market_object,PASS,
2026-09-07T12:03:37.314325+00:00,2026,1,2026_01_DAL_NYG,DAL@NYG,2026-09-14T00:20:00+00:00,KXNFLRECYDS-26SEP13DALNYG-DALCLAMB88-160,KXNFLRECYDS-26SEP13DALNYG,KXNFLRECYDS,receiving_yards,football_player,CeeDee Lamb: 160+ receiving yards,FIRST_OBSERVED,2026-09-07T12:03:37.314325+00:00,2026-09-07T12:03:37.314325+00:00,0,0.02,0.07,0.9299999999999999,0.98,market_object,PASS,
2026-09-07T12:03:37.314325+00:00,2026,1,2026_01_DAL_NYG,DAL@NYG,2026-09-14T00:20:00+00:00,KXNFLRECYDS-26SEP13DALNYG-DALCLAMB88-150,KXNFLRECYDS-26SEP13DALNYG,KXNFLRECYDS,receiving_yards,football_player,CeeDee Lamb: 150+ receiving yards,FIRST_OBSERVED,2026-09-07T12:03:37.314325+00:00,2026-09-07T12:03:37.314325+00:00,0,0.02,0.09,0.91,0.98,market_object,PASS,
2026-09-07T12:03:37.314325+00:00,2026,1,2026_01_DAL_NYG,DAL@NYG,2026-09-14T00:20:00+00:00,KXNFLRECYDS-26SEP13DALNYG-DALCLAMB88-140,KXNFLRECYDS-26SEP13DALNYG,KXNFLRECYDS,receiving_yards,football_player,CeeDee Lamb: 140+ receiving yards,FIRST_OBSERVED,2026-09-07T12:03:37.314325+00:00,2026-09-07T12:03:37.314325+00:00,0,0.02,0.1,0.9,0.98,market_object,PASS,
2026-09-07T12:03:37.314325+00:00,2026,1,2026_01_DAL_NYG,DAL@NYG,2026-09-14T00:20:00+00:00,KXNFLRECYDS-26SEP13DALNYG-DALCLAMB88-130,KXNFLRECYDS-26SEP13DALNYG,KXNFLRECYDS,receiving_yards,football_player,CeeDee Lamb: 130+ receiving yards,FIRST_OBSERVED,2026-09-07T12:03:37.314325+00:00,2026-09-07T12:03:37.314325+00:00,0,0.02,0.15,0.85,0.98,market_object,PASS,
2026-09-07T12:03:37.314325+00:00,2026,1,2026_01_DAL_NYG,DAL@NYG,2026-09-14T00:20:00+00:00,KXNFLRECYDS-26SEP13DALNYG-DALCLAMB88-120,KXNFLRECYDS-26SEP13DALNYG,KXNFLRECYDS,receiving_yards,football_player,CeeDee Lamb: 120+ receiving yards,FIRST_OBSERVED,2026-09-07T12:03:37.314325+00:00,2026-09-07T12:03:37.314325+00:00,0,0.02,0.19,0.81,0.98,market_object,PASS,
2026-09-07T12:03:37.314325+00:00,2026,1,2026_01_DAL_NYG,DAL@NYG,2026-09-14T00:20:00+00:00,KXNFLRECYDS-26SEP13DALNYG-DALCLAMB88-110,KXNFLRECYDS-26SEP13DALNYG,KXNFLRECYDS,receiving_yards,football_player,CeeDee Lamb: 110+ receiving yards,FIRST_OBSERVED,2026-09-07T12:03:37.314325+00:00,2026-09-07T12:03:37.314325+00:00,0,0.02,0.25,0.75,0.98,market_object,PASS,
2026-09-07T12:03:37.314325+00:00,2026,1,2026_01_DAL_NYG,DAL@NYG,2026-09-14T00:20:00+00:00,KXNFLRECYDS-26SEP13DALNYG-DALCLAMB88-100,KXNFLRECYDS-26SEP13DALNYG,KXNFLRECYDS,receiving_yards,football_player,CeeDee Lamb: 100+ receiving yards,FIRST_OBSERVED,2026-09-07T12:03:37.314325+00:00,2026-09-07T12:03:37.314325+00:00,0,0.02,0.32,0.6799999999999999,0.98,market_object,PASS,
2026-09-07T12:03:37.314325+00:00,2026,1,2026_01_WAS_PHI,WAS@PHI,2026-09-13T20:25:00+00:00,KXNFLRECYDS-26SEP13WASPHI-WASSDIGGS3-90,KXNFLRECYDS-26SEP13WASPHI,KXNFLRECYDS,receiving_yards,football_player,Stefon Diggs: 90+ receiving yards,FIRST_OBSERVED,2026-09-07T12:03:37.314325+00:00,2026-09-07T12:03:37.314325+00:00,0,0.02,0.1,0.9,0.98,market_object,PASS,
2026-09-07T12:03:37.314325+00:00,2026,1,2026_01_WAS_PHI,WAS@PHI,2026-09-13T20:25:00+00:00,KXNFLRECYDS-26SEP13WASPHI-WASSDIGGS3-80,KXNFLRECYDS-26SEP13WASPHI,KXNFLRECYDS,receiving_yards,football_player,Stefon Diggs: 80+ receiving yards,FIRST_OBSERVED,2026-09-07T12:03:37.314325+00:00,2026-09-07T12:03:37.314325+00:00,0,0.02,0.14,0.86,0.98,market_object,PASS,
2026-09-07T12:03:37.314325+00:00,2026,1,2026_01_WAS_PHI,WAS@PHI,2026-09-13T20:25:00+00:00,KXNFLRECYDS-26SEP13WASPHI-WASSDIGGS3-70,KXNFLRECYDS-26SEP13WASPHI,KXNFLRECYDS,receiving_yards,football_player,Stefon Diggs: 70+ receiving yards,FIRST_OBSERVED,2026-09-07T12:03:37.314325+00:00,2026-09-07T12:03:37.314325+00:00,0,0.02,0.21,0.79,0.98,market_object,PASS,
2026-09-07T12:03:37.314325+00:00,2026,1,2026_01_WAS_PHI,WAS@PHI,2026-09-13T20:25:00+00:00,KXNFLRECYDS-26SEP13WASPHI-WASSDIGGS3-60,KXNFLRECYDS-26SEP13WASPHI,KXNFLRECYDS,receiving_yards,football_player,Stefon Diggs: 60+ receiving yards,FIRST_OBSERVED,2026-09-07T12:03:37.314325+00:00,2026-09-07T12:03:37.314325+00:00,0,0.02,0.27,0.73,0.98,market_object,PASS,
2026-09-07T12:03:37.314325+00:00,2026,1,2026_01_WAS_PHI,WAS@PHI,2026-09-13T20:25:00+00:00,KXNFLRECYDS-26SEP13WASPHI-WASSDIGGS3-50,KXNFLRECYDS-26SEP13WASPHI,KXNFLRECYDS,receiving_yards,football_player,Stefon Diggs: 50+ receiving yards,FIRST_OBSERVED,2026-09-07T12:03:37.314325+00:00,2026-09-07T12:03:37.314325+00:00,0,0.02,0.39,0.61,0.98,market_object,PASS,
2026-09-07T12:03:37.314325+00:00,2026,1,2026_01_WAS_PHI,WAS@PHI,2026-09-13T20:25:00+00:00,KXNFLRECYDS-26SEP13WASPHI-WASSDIGGS3-40,KXNFLRECYDS-26SEP13WASPHI,KXNFLRECYDS,receiving_yards,football_player,Stefon Diggs: 40+ receiving yards,FIRST_OBSERVED,2026-09-07T12:03:37.314325+00:00,2026-09-07T12:03:37.314325+00:00,0,0.47,0.54,0.45999999999999996,0.53,market_object,PASS,
2026-09-07T12:03:37.314325+00:00,2026,1,2026_01_WAS_PHI,WAS@PHI,2026-09-13T20:25:00+00:00,KXNFLRECYDS-26SEP13WASPHI-WASSDIGGS3-25,KXNFLRECYDS-26SEP13WASPHI,KXNFLRECYDS,receiving_yards,football_player,Stefon Diggs: 25+ receiving yards,FIRST_OBSERVED,2026-09-07T12:03:37.314325+00:00,2026-09-07T12:03:37.314325+00:00,0,0.34,0.75,0.25,0.6599999999999999,market_object,PASS,
2026-09-07T12:03:37.314325+00:00,2026,1,2026_01_WAS_PHI,WAS@PHI,2026-09-13T20:25:00+00:00,KXNFLRECYDS-26SEP13WASPHI-WASSDIGGS3-15,KXNFLRECYDS-26SEP13WASPHI,KXNFLRECYDS,receiving_yards,football_player,Stefon Diggs: 15+ receiving yards,FIRST_OBSERVED,2026-09-07T12:03:37.314325+00:00,2026-09-07T12:03:37.314325+00:00,0,0.34,0.88,0.12,0.6599999999999999,market_object,PASS,
2026-09-07T12:03:37.314325+00:00,2026,1,2026_01_WAS_PHI,WAS@PHI,2026-09-13T20:25:00+00:00,KXNFLRECYDS-26SEP13WASPHI-WASSDIGGS3-100,KXNFLRECYDS-26SEP13WASPHI,KXNFLRECYDS,receiving_yards,football_player,Stefon Diggs: 100+ receiving yards,FIRST_OBSERVED,2026-09-07T12:03:37.314325+00:00,2026-09-07T12:03:37.314325+00:00,0,0.02,0.07,0.9299999999999999,0.98,market_object,PASS,
2026-09-07T12:03:37.314325+00:00,2026,1,2026_01_WAS_PHI,WAS@PHI,2026-09-13T20:25:00+00:00,KXNFLRECYDS-26SEP13WASPHI-PHISBARKLEY26-70,KXNFLRECYDS-26SEP13WASPHI,KXNFLRECYDS,receiving_yards,football_player,Saquon Barkley: 70+ receiving yards,FIRST_OBSERVED,2026-09-07T12:03:37.314325+00:00,2026-09-07T12:03:37.314325+00:00,0,0.02,0.05,0.95,0.98,market_object,PASS,
2026-09-07T12:03:37.314325+00:00,2026,1,2026_01_WAS_PHI,WAS@PHI,2026-09-13T20:25:00+00:00,KXNFLRECYDS-26SEP13WASPHI-PHISBARKLEY26-60,KXNFLRECYDS-26SEP13WASPHI,KXNFLRECYDS,receiving_yards,football_player,Saquon Barkley: 60+ receiving yards,FIRST_OBSERVED,2026-09-07T12:03:37.314325+00:00,2026-09-07T12:03:37.314325+00:00,0,0.02,0.06,0.94,0.98,market_object,PASS,
2026-09-07T12:03:37.314325+00:00,2026,1,2026_01_WAS_PHI,WAS@PHI,2026-09-13T20:25:00+00:00,KXNFLRECYDS-26SEP13WASPHI-PHISBARKLEY26-50,KXNFLRECYDS-26SEP13WASPHI,KXNFLRECYDS,receiving_yards,football_player,Saquon Barkley: 50+ receiving yards,FIRST_OBSERVED,2026-09-07T12:03:37.314325+00:00,2026-09-07T12:03:37.314325+00:00,0,0.02,0.08,0.92,0.98,market_object,PASS,
2026-09-07T12:03:37.314325+00:00,2026,1,2026_01_WAS_PHI,WAS@PHI,2026-09-13T20:25:00+00:00,KXNFLRECYDS-26SEP13WASPHI-PHISBARKLEY26-40,KXNFLRECYDS-26SEP13WASPHI,KXNFLRECYDS,receiving_yards,football_player,Saquon Barkley: 40+ receiving yards,FIRST_OBSERVED,2026-09-07T12:03:37.314325+00:00,2026-09-07T12:03:37.314325+00:00,0,0.02,0.16,0.84,0.98,market_object,PASS,
2026-09-07T12:03:37.314325+00:00,2026,1,2026_01_WAS_PHI,WAS@PHI,2026-09-13T20:25:00+00:00,KXNFLRECYDS-26SEP13WASPHI-PHISBARKLEY26-25,KXNFLRECYDS-26SEP13WASPHI,KXNFLRECYDS,receiving_yards,football_player,Saquon Barkley: 25+ receiving yards,FIRST_OBSERVED,2026-09-07T12:03:37.314325+00:00,2026-09-07T12:03:37.314325+00:00,0,0.02,0.36,0.64,0.98,market_object,PASS,
2026-09-07T12:03:37.314325+00:00,2026,1,2026_01_WAS_PHI,WAS@PHI,2026-09-13T20:25:00+00:00,KXNFLRECYDS-26SEP13WASPHI-PHISBARKLEY26-15,KXNFLRECYDS-26SEP13WASPHI,KXNFLRECYDS,receiving_yards,football_player,Saquon Barkley: 15+ receiving yards,FIRST_OBSERVED,2026-09-07T12:03:37.314325+00:00,2026-09-07T12:03:37.314325+00:00,0,0.02,0.56,0.43999999999999995,0.98,market_object,PASS,
2026-09-07T12:03:37.314325+00:00,2026,1,2026_01_WAS_PHI,WAS@PHI,2026-09-13T20:25:00+00:00,KXNFLRECYDS-26SEP13WASPHI-PHIDSMITH6-90,KXNFLRECYDS-26SEP13WASPHI,KXNFLRECYDS,receiving_yards,football_player,DeVonta Smith: 90+ receiving yards,FIRST_OBSERVED,2026-09-07T12:03:37.314325+00:00,2026-09-07T12:03:37.314325+00:00,0,0.02,0.31,0.69,0.98,market_object,PASS,
2026-09-07T12:03:37.314325+00:00,2026,1,2026_01_WAS_PHI,WAS@PHI,2026-09-13T20:25:00+00:00,KXNFLRECYDS-26SEP13WASPHI-PHIDSMITH6-80,KXNFLRECYDS-26SEP13WASPHI,KXNFLRECYDS,receiving_yards,football_player,DeVonta Smith: 80+ receiving yards,FIRST_OBSERVED,2026-09-07T12:03:37.314325+00:00,2026-09-07T12:03:37.314325+00:00,0,0.02,0.4,0.6,0.98,market_object,PASS,
2026-09-07T12:03:37.314325+00:00,2026,1,2026_01_WAS_PHI,WAS@PHI,2026-09-13T20:25:00+00:00,KXNFLRECYDS-26SEP13WASPHI-PHIDSMITH6-70,KXNFLRECYDS-26SEP13WASPHI,KXNFLRECYDS,receiving_yards,football_player,DeVonta Smith: 70+ receiving yards,FIRST_OBSERVED,2026-09-07T12:03:37.314325+00:00,2026-09-07T12:03:37.314325+00:00,0,0.2,0.48,0.52,0.8,market_object,PASS,
2026-09-07T12:03:37.314325+00:00,2026,1,2026_01_WAS_PHI,WAS@PHI,2026-09-13T20:25:00+00:00,KXNFLRECYDS-26SEP13WASPHI-PHIDSMITH6-60,KXNFLRECYDS-26SEP13WASPHI,KXNFLRECYDS,receiving_yards,football_player,DeVonta Smith: 60+ receiving yards,FIRST_OBSERVED,2026-09-07T12:03:37.314325+00:00,2026-09-07T12:03:37.314325+00:00,0,0.07,0.59,0.41000000000000003,0.9299999999999999,market_object,PASS,
2026-09-07T12:03:37.314325+00:00,2026,1,2026_01_WAS_PHI,WAS@PHI,2026-09-13T20:25:00+00:00,KXNFLRECYDS-26SEP13WASPHI-PHIDSMITH6-50,KXNFLRECYDS-26SEP13WASPHI,KXNFLRECYDS,receiving_yards,football_player,DeVonta Smith: 50+ receiving yards,FIRST_OBSERVED,2026-09-07T12:03:37.314325+00:00,2026-09-07T12:03:37.314325+00:00,0,0.07,0.7,0.30000000000000004,0.9299999999999999,market_object,PASS,
2026-09-07T12:03:37.314325+00:00,2026,1,2026_01_WAS_PHI,WAS@PHI,2026-09-13T20:25:00+00:00,KXNFLRECYDS-26SEP13WASPHI-PHIDSMITH6-40,KXNFLRECYDS-26SEP13WASPHI,KXNFLRECYDS,receiving_yards,football_player,DeVonta Smith: 40+ receiving yards,FIRST_OBSERVED,2026-09-07T12:03:37.314325+00:00,2026-09-07T12:03:37.314325+00:00,0,0.18,0.81,0.18999999999999995,0.8200000000000001,market_object,PASS,
2026-09-07T12:03:37.314325+00:00,2026,1,2026_01_WAS_PHI,WAS@PHI,2026-09-13T20:25:00+00:00,KXNFLRECYDS-26SEP13WASPHI-PHIDSMITH6-25,KXNFLRECYDS-26SEP13WASPHI,KXNFLRECYDS,receiving_yards,football_player,DeVonta Smith: 25+ receiving yards,FIRST_OBSERVED,2026-09-07T12:03:37.314325+00:00,2026-09-07T12:03:37.314325+00:00,0,0.18,0.93,0.06999999999999995,0.8200000000000001,market_object,PASS,
2026-09-07T12:03:37.314325+00:00,2026,1,2026_01_WAS_PHI,WAS@PHI,2026-09-13T20:25:00+00:00,KXNFLRECYDS-26SEP13WASPHI-PHIDSMITH6-150,KXNFLRECYDS-26SEP13WASPHI,KXNFLRECYDS,receiving_yards,football_player,DeVonta Smith: 150+ receiving yards,FIRST_OBSERVED,2026-09-07T12:03:37.314325+00:00,2026-09-07T12:03:37.314325+00:00,0,0.02,0.06,0.94,0.98,market_object,PASS,
2026-09-07T12:03:37.314325+00:00,2026,1,2026_01_WAS_PHI,WAS@PHI,2026-09-13T20:25:00+00:00,KXNFLRECYDS-26SEP13WASPHI-PHIDSMITH6-140,KXNFLRECYDS-26SEP13WASPHI,KXNFLRECYDS,receiving_yards,football_player,DeVonta Smith: 140+ receiving yards,FIRST_OBSERVED,2026-09-07T12:03:37.314325+00:00,2026-09-07T12:03:37.314325+00:00,0,0.02,0.08,0.92,0.98,market_object,PASS,
2026-09-07T12:03:37.314325+00:00,2026,1,2026_01_WAS_PHI,WAS@PHI,2026-09-13T20:25:00+00:00,KXNFLRECYDS-26SEP13WASPHI-PHIDSMITH6-130,KXNFLRECYDS-26SEP13WASPHI,KXNFLRECYDS,receiving_yards,football_player,DeVonta Smith: 130+ receiving yards,FIRST_OBSERVED,2026-09-07T12:03:37.314325+00:00,2026-09-07T12:03:37.314325+00:00,0,0.02,0.11,0.89,0.98,market_object,PASS,
2026-09-07T12:03:37.314325+00:00,2026,1,2026_01_WAS_PHI,WAS@PHI,2026-09-13T20:25:00+00:00,KXNFLRECYDS-26SEP13WASPHI-PHIDSMITH6-120,KXNFLRECYDS-26SEP13WASPHI,KXNFLRECYDS,receiving_yards,football_player,DeVonta Smith: 120+ receiving yards,FIRST_OBSERVED,2026-09-07T12:03:37.314325+00:00,2026-09-07T12:03:37.314325+00:00,0,0.02,0.17,0.83,0.98,market_object,PASS,
2026-09-07T12:03:37.314325+00:00,2026,1,2026_01_WAS_PHI,WAS@PHI,2026-09-13T20:25:00+00:00,KXNFLRECYDS-26SEP13WASPHI-PHIDSMITH6-110,KXNFLRECYDS-26SEP13WASPHI,KXNFLRECYDS,receiving_yards,football_player,DeVonta Smith: 110+ receiving yards,FIRST_OBSERVED,2026-09-07T12:03:37.314325+00:00,2026-09-07T12:03:37.314325+00:00,0,0.02,0.17,0.83,0.98,market_object,PASS,
2026-09-07T12:03:37.314325+00:00,2026,1,2026_01_WAS_PHI,WAS@PHI,2026-09-13T20:25:00+00:00,KXNFLRECYDS-26SEP13WASPHI-PHIDSMITH6-100,KXNFLRECYDS-26SEP13WASPHI,KXNFLRECYDS,receiving_yards,football_player,DeVonta Smith: 100+ receiving yards,FIRST_OBSERVED,2026-09-07T12:03:37.314325+00:00,2026-09-07T12:03:37.314325+00:00,0,0.02,0.22,0.78,0.98,market_object,PASS,
2026-09-07T12:03:37.314325+00:00,2026,1,2026_01_WAS_PHI,WAS@PHI,2026-09-13T20:25:00+00:00,KXNFLRECYDS-26SEP13WASPHI-PHIDGOEDERT88-90,KXNFLRECYDS-26SEP13WASPHI,KXNFLRECYDS,receiving_yards,football_player,Dallas Goedert: 90+ receiving yards,FIRST_OBSERVED,2026-09-07T12:03:37.314325+00:00,2026-09-07T12:03:37.314325+00:00,0,0.02,0.07,0.9299999999999999,0.98,market_object,PASS,
2026-09-07T12:03:37.314325+00:00,2026,1,2026_01_WAS_PHI,WAS@PHI,2026-09-13T20:25:00+00:00,KXNFLRECYDS-26SEP13WASPHI-PHIDGOEDERT88-80,KXNFLRECYDS-26SEP13WASPHI,KXNFLRECYDS,receiving_yards,football_player,Dallas Goedert: 80+ receiving yards,FIRST_OBSERVED,2026-09-07T12:03:37.314325+00:00,2026-09-07T12:03:37.314325+00:00,0,0.02,0.1,0.9,0.98,market_object,PASS,
2026-09-07T12:03:37.314325+00:00,2026,1,2026_01_WAS_PHI,WAS@PHI,2026-09-13T20:25:00+00:00,KXNFLRECYDS-26SEP13WASPHI-PHIDGOEDERT88-70,KXNFLRECYDS-26SEP13WASPHI,KXNFLRECYDS,receiving_yards,football_player,Dallas Goedert: 70+ receiving yards,FIRST_OBSERVED,2026-09-07T12:03:37.314325+00:00,2026-09-07T12:03:37.314325+00:00,0,0.02,0.15,0.85,0.98,market_object,PASS,
2026-09-07T12:03:37.314325+00:00,2026,1,2026_01_WAS_PHI,WAS@PHI,2026-09-13T20:25:00+00:00,KXNFLRECYDS-26SEP13WASPHI-PHIDGOEDERT88-60,KXNFLRECYDS-26SEP13WASPHI,KXNFLRECYDS,receiving_yards,football_player,Dallas Goedert: 60+ receiving yards,FIRST_OBSERVED,2026-09-07T12:03:37.314325+00:00,2026-09-07T12:03:37.314325+00:00,0,0.02,0.23,0.77,0.98,market_object,PASS,
2026-09-07T12:03:37.314325+00:00,2026,1,2026_01_WAS_PHI,WAS@PHI,2026-09-13T20:25:00+00:00,KXNFLRECYDS-26SEP13WASPHI-PHIDGOEDERT88-50,KXNFLRECYDS-26SEP13WASPHI,KXNFLRECYDS,receiving_yards,football_player,Dallas Goedert: 50+ receiving yards,FIRST_OBSERVED,2026-09-07T12:03:37.314325+00:00,2026-09-07T12:03:37.314325+00:00,0,0.02,0.32,0.6799999999999999,0.98,market_object,PASS,
2026-09-07T12:03:37.314325+00:00,2026,1,2026_01_WAS_PHI,WAS@PHI,2026-09-13T20:25:00+00:00,KXNFLRECYDS-26SEP13WASPHI-PHIDGOEDERT88-40,KXNFLRECYDS-26SEP13WASPHI,KXNFLRECYDS,receiving_yards,football_player,Dallas Goedert: 40+ receiving yards,FIRST_OBSERVED,2026-09-07T12:03:37.314325+00:00,2026-09-07T12:03:37.314325+00:00,0,0.02,0.45,0.55,0.98,market_object,PASS,
2026-09-07T12:03:37.314325+00:00,2026,1,2026_01_WAS_PHI,WAS@PHI,2026-09-13T20:25:00+00:00,KXNFLRECYDS-26SEP13WASPHI-PHIDGOEDERT88-25,KXNFLRECYDS-26SEP13WASPHI,KXNFLRECYDS,receiving_yards,football_player,Dallas Goedert: 25+ receiving yards,FIRST_OBSERVED,2026-09-07T12:03:37.314325+00:00,2026-09-07T12:03:37.314325+00:00,0,0.02,0.67,0.32999999999999996,0.98,market_object,PASS,
2026-09-07T12:03:37.314325+00:00,2026,1,2026_01_WAS_PHI,WAS@PHI,2026-09-13T20:25:00+00:00,KXNFLRECYDS-26SEP13WASPHI-PHIDGOEDERT88-15,KXNFLRECYDS-26SEP13WASPHI,KXNFLRECYDS,receiving_yards,football_player,Dallas Goedert: 15+ receiving yards,FIRST_OBSERVED,2026-09-07T12:03:37.314325+00:00,2026-09-07T12:03:37.314325+00:00,0,0.18,0.83,0.17000000000000004,0.8200000000000001,market_object,PASS,
2026-09-07T12:03:37.314325+00:00,2026,1,2026_01_WAS_PHI,WAS@PHI,2026-09-13T20:25:00+00:00,KXNFLRECYDS-26SEP13WASPHI-PHIDGOEDERT88-100,KXNFLRECYDS-26SEP13WASPHI,KXNFLRECYDS,receiving_yards,football_player,Dallas Goedert: 100+ receiving yards,FIRST_OBSERVED,2026-09-07T12:03:37.314325+00:00,2026-09-07T12:03:37.314325+00:00,0,0.02,0.05,0.95,0.98,market_object,PASS,
2026-09-07T12:03:37.314325+00:00,2026,1,2026_01_MIA_LV,MIA@LV,2026-09-13T20:25:00+00:00,KXNFLRECYDS-26SEP13MIALV-MIADACHANE28-90,KXNFLRECYDS-26SEP13MIALV,KXNFLRECYDS,receiving_yards,football_player,De'Von Achane: 90+ receiving yards,FIRST_OBSERVED,2026-09-07T12:03:37.314325+00:00,2026-09-07T12:03:37.314325+00:00,0,0.02,0.06,0.94,0.98,market_object,PASS,
2026-09-07T12:03:37.314325+00:00,2026,1,2026_01_MIA_LV,MIA@LV,2026-09-13T20:25:00+00:00,KXNFLRECYDS-26SEP13MIALV-MIADACHANE28-80,KXNFLRECYDS-26SEP13MIALV,KXNFLRECYDS,receiving_yards,football_player,De'Von Achane: 80+ receiving yards,FIRST_OBSERVED,2026-09-07T12:03:37.314325+00:00,2026-09-07T12:03:37.314325+00:00,0,0.02,0.09,0.91,0.98,market_object,PASS,
2026-09-07T12:03:37.314325+00:00,2026,1,2026_01_MIA_LV,MIA@LV,2026-09-13T20:25:00+00:00,KXNFLRECYDS-26SEP13MIALV-MIADACHANE28-70,KXNFLRECYDS-26SEP13MIALV,KXNFLRECYDS,receiving_yards,football_player,De'Von Achane: 70+ receiving yards,FIRST_OBSERVED,2026-09-07T12:03:37.314325+00:00,2026-09-07T12:03:37.314325+00:00,0,0.02,0.12,0.88,0.98,market_object,PASS,
2026-09-07T12:03:37.314325+00:00,2026,1,2026_01_MIA_LV,MIA@LV,2026-09-13T20:25:00+00:00,KXNFLRECYDS-26SEP13MIALV-MIADACHANE28-60,KXNFLRECYDS-26SEP13MIALV,KXNFLRECYDS,receiving_yards,football_player,De'Von Achane: 60+ receiving yards,FIRST_OBSERVED,2026-09-07T12:03:37.314325+00:00,2026-09-07T12:03:37.314325+00:00,0,0.02,0.16,0.84,0.98,market_object,PASS,
2026-09-07T12:03:37.314325+00:00,2026,1,2026_01_MIA_LV,MIA@LV,2026-09-13T20:25:00+00:00,KXNFLRECYDS-26SEP13MIALV-MIADACHANE28-50,KXNFLRECYDS-26SEP13MIALV,KXNFLRECYDS,receiving_yards,football_player,De'Von Achane: 50+ receiving yards,FIRST_OBSERVED,2026-09-07T12:03:37.314325+00:00,2026-09-07T12:03:37.314325+00:00,0,0.02,0.26,0.74,0.98,market_object,PASS,
2026-09-07T12:03:37.314325+00:00,2026,1,2026_01_MIA_LV,MIA@LV,2026-09-13T20:25:00+00:00,KXNFLRECYDS-26SEP13MIALV-MIADACHANE28-40,KXNFLRECYDS-26SEP13MIALV,KXNFLRECYDS,receiving_yards,football_player,De'Von Achane: 40+ receiving yards,FIRST_OBSERVED,2026-09-07T12:03:37.314325+00:00,2026-09-07T12:03:37.314325+00:00,0,0.02,0.37,0.63,0.98,market_object,PASS,
2026-09-07T12:03:37.314325+00:00,2026,1,2026_01_MIA_LV,MIA@LV,2026-09-13T20:25:00+00:00,KXNFLRECYDS-26SEP13MIALV-MIADACHANE28-25,KXNFLRECYDS-26SEP13MIALV,KXNFLRECYDS,receiving_yards,football_player,De'Von Achane: 25+ receiving yards,FIRST_OBSERVED,2026-09-07T12:03:37.314325+00:00,2026-09-07T12:03:37.314325+00:00,0,0.02,0.62,0.38,0.98,market_object,PASS,
2026-09-07T12:03:37.314325+00:00,2026,1,2026_01_MIA_LV,MIA@LV,2026-09-13T20:25:00+00:00,KXNFLRECYDS-26SEP13MIALV-MIADACHANE28-15,KXNFLRECYDS-26SEP13MIALV,KXNFLRECYDS,receiving_yards,football_player,De'Von Achane: 15+ receiving yards,FIRST_OBSERVED,2026-09-07T12:03:37.314325+00:00,2026-09-07T12:03:37.314325+00:00,0,0.02,0.81,0.18999999999999995,0.98,market_object,PASS,
2026-09-07T12:03:37.314325+00:00,2026,1,2026_01_MIA_LV,MIA@LV,2026-09-13T20:25:00+00:00,KXNFLRECYDS-26SEP13MIALV-LVBBOWERS89-90,KXNFLRECYDS-26SEP13MIALV,KXNFLRECYDS,receiving_yards,football_player,Brock Bowers: 90+ receiving yards,FIRST_OBSERVED,2026-09-07T12:03:37.314325+00:00,2026-09-07T12:03:37.314325+00:00,0,0.02,0.27,0.73,0.98,market_object,PASS,
2026-09-07T12:03:37.314325+00:00,2026,1,2026_01_MIA_LV,MIA@LV,2026-09-13T20:25:00+00:00,KXNFLRECYDS-26SEP13MIALV-LVBBOWERS89-80,KXNFLRECYDS-26SEP13MIALV,KXNFLRECYDS,receiving_yards,football_player,Brock Bowers: 80+ receiving yards,FIRST_OBSERVED,2026-09-07T12:03:37.314325+00:00,2026-09-07T12:03:37.314325+00:00,0,0.02,0.35,0.65,0.98,market_object,PASS,
2026-09-07T12:03:37.314325+00:00,2026,1,2026_01_MIA_LV,MIA@LV,2026-09-13T20:25:00+00:00,KXNFLRECYDS-26SEP13MIALV-LVBBOWERS89-70,KXNFLRECYDS-26SEP13MIALV,KXNFLRECYDS,receiving_yards,football_player,Brock Bowers: 70+ receiving yards,FIRST_OBSERVED,2026-09-07T12:03:37.314325+00:00,2026-09-07T12:03:37.314325+00:00,0,0.02,0.46,0.54,0.98,market_object,PASS,
2026-09-07T12:03:37.314325+00:00,2026,1,2026_01_MIA_LV,MIA@LV,2026-09-13T20:25:00+00:00,KXNFLRECYDS-26SEP13MIALV-LVBBOWERS89-60,KXNFLRECYDS-26SEP13MIALV,KXNFLRECYDS,receiving_yards,football_player,Brock Bowers: 60+ receiving yards,FIRST_OBSERVED,2026-09-07T12:03:37.314325+00:00,2026-09-07T12:03:37.314325+00:00,0,0.01,0.57,0.43000000000000005,0.99,market_object,PASS,
2026-09-07T12:03:37.314325+00:00,2026,1,2026_01_MIA_LV,MIA@LV,2026-09-13T20:25:00+00:00,KXNFLRECYDS-26SEP13MIALV-LVBBOWERS89-50,KXNFLRECYDS-26SEP13MIALV,KXNFLRECYDS,receiving_yards,football_player,Brock Bowers: 50+ receiving yards,FIRST_OBSERVED,2026-09-07T12:03:37.314325+00:00,2026-09-07T12:03:37.314325+00:00,0,0.02,0.7,0.30000000000000004,0.98,market_object,PASS,
2026-09-07T12:03:37.314325+00:00,2026,1,2026_01_MIA_LV,MIA@LV,2026-09-13T20:25:00+00:00,KXNFLRECYDS-26SEP13MIALV-LVBBOWERS89-40,KXNFLRECYDS-26SEP13MIALV,KXNFLRECYDS,receiving_yards,football_player,Brock Bowers: 40+ receiving yards,FIRST_OBSERVED,2026-09-07T12:03:37.314325+00:00,2026-09-07T12:03:37.314325+00:00,0,0.18,0.79,0.20999999999999996,0.8200000000000001,market_object,PASS,
2026-09-07T12:03:37.314325+00:00,2026,1,2026_01_MIA_LV,MIA@LV,2026-09-13T20:25:00+00:00,KXNFLRECYDS-26SEP13MIALV-LVBBOWERS89-25,KXNFLRECYDS-26SEP13MIALV,KXNFLRECYDS,receiving_yards,football_player,Brock Bowers: 25+ receiving yards,FIRST_OBSERVED,2026-09-07T12:03:37.314325+00:00,2026-09-07T12:03:37.314325+00:00,0,0.18,0.92,0.07999999999999996,0.8200000000000001,market_object,PASS,
2026-09-07T12:03:37.314325+00:00,2026,1,2026_01_MIA_LV,MIA@LV,2026-09-13T20:25:00+00:00,KXNFLRECYDS-26SEP13MIALV-LVBBOWERS89-140,KXNFLRECYDS-26SEP13MIALV,KXNFLRECYDS,receiving_yards,football_player,Brock Bowers: 140+ receiving yards,FIRST_OBSERVED,2026-09-07T12:03:37.314325+00:00,2026-09-07T12:03:37.314325+00:00,0,0.02,0.07,0.9299999999999999,0.98,market_object,PASS,
2026-09-07T12:03:37.314325+00:00,2026,1,2026_01_MIA_LV,MIA@LV,2026-09-13T20:25:00+00:00,KXNFLRECYDS-26SEP13MIALV-LVBBOWERS89-130,KXNFLRECYDS-26SEP13MIALV,KXNFLRECYDS,receiving_yards,football_player,Brock Bowers: 130+ receiving yards,FIRST_OBSERVED,2026-09-07T12:03:37.314325+00:00,2026-09-07T12:03:37.314325+00:00,0,0.02,0.09,0.91,0.98,market_object,PASS,
2026-09-07T12:03:37.314325+00:00,2026,1,2026_01_MIA_LV,MIA@LV,2026-09-13T20:25:00+00:00,KXNFLRECYDS-26SEP13MIALV-LVBBOWERS89-120,KXNFLRECYDS-26SEP13MIALV,KXNFLRECYDS,receiving_yards,football_player,Brock Bowers: 120+ receiving yards,FIRST_OBSERVED,2026-09-07T12:03:37.314325+00:00,2026-09-07T12:03:37.314325+00:00,0,0.02,0.13,0.87,0.98,market_object,PASS,
2026-09-07T12:03:37.314325+00:00,2026,1,2026_01_MIA_LV,MIA@LV,2026-09-13T20:25:00+00:00,KXNFLRECYDS-26SEP13MIALV-LVBBOWERS89-110,KXNFLRECYDS-26SEP13MIALV,KXNFLRECYDS,receiving_yards,football_player,Brock Bowers: 110+ receiving yards,FIRST_OBSERVED,2026-09-07T12:03:37.314325+00:00,2026-09-07T12:03:37.314325+00:00,0,0.02,0.14,0.86,0.98,market_object,PASS,
2026-09-07T12:03:37.314325+00:00,2026,1,2026_01_MIA_LV,MIA@LV,2026-09-13T20:25:00+00:00,KXNFLRECYDS-26SEP13MIALV-LVBBOWERS89-100,KXNFLRECYDS-26SEP13MIALV,KXNFLRECYDS,receiving_yards,football_player,Brock Bowers: 100+ receiving yards,FIRST_OBSERVED,2026-09-07T12:03:37.314325+00:00,2026-09-07T12:03:37.314325+00:00,0,0.02,0.21,0.79,0.98,market_object,PASS,
2026-09-07T12:03:37.314325+00:00,2026,1,2026_01_GB_MIN,GB@MIN,2026-09-13T20:25:00+00:00,KXNFLRECYDS-26SEP13GBMIN-MINTHOCKENSON87-80,KXNFLRECYDS-26SEP13GBMIN,KXNFLRECYDS,receiving_yards,football_player,T.J. Hockenson: 80+ receiving yards,FIRST_OBSERVED,2026-09-07T12:03:37.314325+00:00,2026-09-07T12:03:37.314325+00:00,0,0.02,0.05,0.95,0.98,market_object,PASS,
2026-09-07T12:03:37.314325+00:00,2026,1,2026_01_GB_MIN,GB@MIN,2026-09-13T20:25:00+00:00,KXNFLRECYDS-26SEP13GBMIN-MINTHOCKENSON87-70,KXNFLRECYDS-26SEP13GBMIN,KXNFLRECYDS,receiving_yards,football_player,T.J. Hockenson: 70+ receiving yards,FIRST_OBSERVED,2026-09-07T12:03:37.314325+00:00,2026-09-07T12:03:37.314325+00:00,0,0.02,0.06,0.94,0.98,market_object,PASS,
2026-09-07T12:03:37.314325+00:00,2026,1,2026_01_GB_MIN,GB@MIN,2026-09-13T20:25:00+00:00,KXNFLRECYDS-26SEP13GBMIN-MINTHOCKENSON87-60,KXNFLRECYDS-26SEP13GBMIN,KXNFLRECYDS,receiving_yards,football_player,T.J. Hockenson: 60+ receiving yards,FIRST_OBSERVED,2026-09-07T12:03:37.314325+00:00,2026-09-07T12:03:37.314325+00:00,0,0.02,0.11,0.89,0.98,market_object,PASS,
2026-09-07T12:03:37.314325+00:00,2026,1,2026_01_GB_MIN,GB@MIN,2026-09-13T20:25:00+00:00,KXNFLRECYDS-26SEP13GBMIN-MINTHOCKENSON87-50,KXNFLRECYDS-26SEP13GBMIN,KXNFLRECYDS,receiving_yards,football_player,T.J. Hockenson: 50+ receiving yards,FIRST_OBSERVED,2026-09-07T12:03:37.314325+00:00,2026-09-07T12:03:37.314325+00:00,0,0.02,0.19,0.81,0.98,market_object,PASS,
2026-09-07T12:03:37.314325+00:00,2026,1,2026_01_GB_MIN,GB@MIN,2026-09-13T20:25:00+00:00,KXNFLRECYDS-26SEP13GBMIN-MINTHOCKENSON87-40,KXNFLRECYDS-26SEP13GBMIN,KXNFLRECYDS,receiving_yards,football_player,T.J. Hockenson: 40+ receiving yards,FIRST_OBSERVED,2026-09-07T12:03:37.314325+00:00,2026-09-07T12:03:37.314325+00:00,0,0.02,0.32,0.6799999999999999,0.98,market_object,PASS,
2026-09-07T12:03:37.314325+00:00,2026,1,2026_01_GB_MIN,GB@MIN,2026-09-13T20:25:00+00:00,KXNFLRECYDS-26SEP13GBMIN-MINTHOCKENSON87-25,KXNFLRECYDS-26SEP13GBMIN,KXNFLRECYDS,receiving_yards,football_player,T.J. Hockenson: 25+ receiving yards,FIRST_OBSERVED,2026-09-07T12:03:37.314325+00:00,2026-09-07T12:03:37.314325+00:00,0,0.02,0.59,0.41000000000000003,0.98,market_object,PASS,
2026-09-07T12:03:37.314325+00:00,2026,1,2026_01_GB_MIN,GB@MIN,2026-09-13T20:25:00+00:00,KXNFLRECYDS-26SEP13GBMIN-MINTHOCKENSON87-15,KXNFLRECYDS-26SEP13GBMIN,KXNFLRECYDS,receiving_yards,football_player,T.J. Hockenson: 15+ receiving yards,FIRST_OBSERVED,2026-09-07T12:03:37.314325+00:00,2026-09-07T12:03:37.314325+00:00,0,0.02,0.79,0.20999999999999996,0.98,market_object,PASS,
2026-09-07T12:03:37.314325+00:00,2026,1,2026_01_GB_MIN,GB@MIN,2026-09-13T20:25:00+00:00,KXNFLRECYDS-26SEP13GBMIN-MINJJENNINGS14-80,KXNFLRECYDS-26SEP13GBMIN,KXNFLRECYDS,receiving_yards,football_player,Jauan Jennings: 80+ receiving yards,FIRST_OBSERVED,2026-09-07T12:03:37.314325+00:00,2026-09-07T12:03:37.314325+00:00,0,0.02,0.05,0.95,0.98,market_object,PASS,
2026-09-07T12:03:37.314325+00:00,2026,1,2026_01_GB_MIN,GB@MIN,2026-09-13T20:25:00+00:00,KXNFLRECYDS-26SEP13GBMIN-MINJJENNINGS14-70,KXNFLRECYDS-26SEP13GBMIN,KXNFLRECYDS,receiving_yards,football_player,Jauan Jennings: 70+ receiving yards,FIRST_OBSERVED,2026-09-07T12:03:37.314325+00:00,2026-09-07T12:03:37.314325+00:00,0,0.02,0.08,0.92,0.98,market_object,PASS,
2026-09-07T12:03:37.314325+00:00,2026,1,2026_01_GB_MIN,GB@MIN,2026-09-13T20:25:00+00:00,KXNFLRECYDS-26SEP13GBMIN-MINJJENNINGS14-60,KXNFLRECYDS-26SEP13GBMIN,KXNFLRECYDS,receiving_yards,football_player,Jauan Jennings: 60+ receiving yards,FIRST_OBSERVED,2026-09-07T12:03:37.314325+00:00,2026-09-07T12:03:37.314325+00:00,0,0.02,0.12,0.88,0.98,market_object,PASS,
2026-09-07T12:03:37.314325+00:00,2026,1,2026_01_GB_MIN,GB@MIN,2026-09-13T20:25:00+00:00,KXNFLRECYDS-26SEP13GBMIN-MINJJENNINGS14-50,KXNFLRECYDS-26SEP13GBMIN,KXNFLRECYDS,receiving_yards,football_player,Jauan Jennings: 50+ receiving yards,FIRST_OBSERVED,2026-09-07T12:03:37.314325+00:00,2026-09-07T12:03:37.314325+00:00,0,0.02,0.19,0.81,0.98,market_object,PASS,
2026-09-07T12:03:37.314325+00:00,2026,1,2026_01_GB_MIN,GB@MIN,2026-09-13T20:25:00+00:00,KXNFLRECYDS-26SEP13GBMIN-MINJJENNINGS14-40,KXNFLRECYDS-26SEP13GBMIN,KXNFLRECYDS,receiving_yards,football_player,Jauan Jennings: 40+ receiving yards,FIRST_OBSERVED,2026-09-07T12:03:37.314325+00:00,2026-09-07T12:03:37.314325+00:00,0,0.02,0.29,0.71,0.98,market_object,PASS,
2026-09-07T12:03:37.314325+00:00,2026,1,2026_01_GB_MIN,GB@MIN,2026-09-13T20:25:00+00:00,KXNFLRECYDS-26SEP13GBMIN-MINJJENNINGS14-25,KXNFLRECYDS-26SEP13GBMIN,KXNFLRECYDS,receiving_yards,football_player,Jauan Jennings: 25+ receiving yards,FIRST_OBSERVED,2026-09-07T12:03:37.314325+00:00,2026-09-07T12:03:37.314325+00:00,0,0.45,0.51,0.49,0.55,market_object,PASS,
2026-09-07T12:03:37.314325+00:00,2026,1,2026_01_GB_MIN,GB@MIN,2026-09-13T20:25:00+00:00,KXNFLRECYDS-26SEP13GBMIN-MINJJENNINGS14-15,KXNFLRECYDS-26SEP13GBMIN,KXNFLRECYDS,receiving_yards,football_player,Jauan Jennings: 15+ receiving yards,FIRST_OBSERVED,2026-09-07T12:03:37.314325+00:00,2026-09-07T12:03:37.314325+00:00,0,0.02,0.7,0.30000000000000004,0.98,market_object,PASS,
2026-09-07T12:03:37.314325+00:00,2026,1,2026_01_GB_MIN,GB@MIN,2026-09-13T20:25:00+00:00,KXNFLRECYDS-26SEP13GBMIN-MINJJEFFERSON18-90,KXNFLRECYDS-26SEP13GBMIN,KXNFLRECYDS,receiving_yards,football_player,Justin Jefferson: 90+ receiving yards,FIRST_OBSERVED,2026-09-07T12:03:37.314325+00:00,2026-09-07T12:03:37.314325+00:00,0,0.02,0.38,0.62,0.98,market_object,PASS,
2026-09-07T12:03:37.314325+00:00,2026,1,2026_01_GB_MIN,GB@MIN,2026-09-13T20:25:00+00:00,KXNFLRECYDS-26SEP13GBMIN-MINJJEFFERSON18-80,KXNFLRECYDS-26SEP13GBMIN,KXNFLRECYDS,receiving_yards,football_player,Justin Jefferson: 80+ receiving yards,FIRST_OBSERVED,2026-09-07T12:03:37.314325+00:00,2026-09-07T12:03:37.314325+00:00,0,0.02,0.47,0.53,0.98,market_object,PASS,
2026-09-07T12:03:37.314325+00:00,2026,1,2026_01_GB_MIN,GB@MIN,2026-09-13T20:25:00+00:00,KXNFLRECYDS-26SEP13GBMIN-MINJJEFFERSON18-75,KXNFLRECYDS-26SEP13GBMIN,KXNFLRECYDS,receiving_yards,football_player,Justin Jefferson: 75+ receiving yards,FIRST_OBSERVED,2026-09-07T12:03:37.314325+00:00,2026-09-07T12:03:37.314325+00:00,0,0.02,0.71,0.29000000000000004,0.98,market_object,PASS,
2026-09-07T12:03:37.314325+00:00,2026,1,2026_01_GB_MIN,GB@MIN,2026-09-13T20:25:00+00:00,KXNFLRECYDS-26SEP13GBMIN-MINJJEFFERSON18-70,KXNFLRECYDS-26SEP13GBMIN,KXNFLRECYDS,receiving_yards,football_player,Justin Jefferson: 70+ receiving yards,FIRST_OBSERVED,2026-09-07T12:03:37.314325+00:00,2026-09-07T12:03:37.314325+00:00,0,0.25,0.58,0.42000000000000004,0.75,market_object,PASS,
2026-09-07T12:03:37.314325+00:00,2026,1,2026_01_GB_MIN,GB@MIN,2026-09-13T20:25:00+00:00,KXNFLRECYDS-26SEP13GBMIN-MINJJEFFERSON18-60,KXNFLRECYDS-26SEP13GBMIN,KXNFLRECYDS,receiving_yards,football_player,Justin Jefferson: 60+ receiving yards,FIRST_OBSERVED,2026-09-07T12:03:37.314325+00:00,2026-09-07T12:03:37.314325+00:00,0,0.12,0.68,0.31999999999999995,0.88,market_object,PASS,
2026-09-07T12:03:37.314325+00:00,2026,1,2026_01_GB_MIN,GB@MIN,2026-09-13T20:25:00+00:00,KXNFLRECYDS-26SEP13GBMIN-MINJJEFFERSON18-50,KXNFLRECYDS-26SEP13GBMIN,KXNFLRECYDS,receiving_yards,football_player,Justin Jefferson: 50+ receiving yards,FIRST_OBSERVED,2026-09-07T12:03:37.314325+00:00,2026-09-07T12:03:37.314325+00:00,0,0.12,0.77,0.22999999999999998,0.88,market_object,PASS,
2026-09-07T12:03:37.314325+00:00,2026,1,2026_01_GB_MIN,GB@MIN,2026-09-13T20:25:00+00:00,KXNFLRECYDS-26SEP13GBMIN-MINJJEFFERSON18-40,KXNFLRECYDS-26SEP13GBMIN,KXNFLRECYDS,receiving_yards,football_player,Justin Jefferson: 40+ receiving yards,FIRST_OBSERVED,2026-09-07T12:03:37.314325+00:00,2026-09-07T12:03:37.314325+00:00,0,0.19,0.86,0.14,0.81,market_object,PASS,
2026-09-07T12:03:37.314325+00:00,2026,1,2026_01_GB_MIN,GB@MIN,2026-09-13T20:25:00+00:00,KXNFLRECYDS-26SEP13GBMIN-MINJJEFFERSON18-150,KXNFLRECYDS-26SEP13GBMIN,KXNFLRECYDS,receiving_yards,football_player,Justin Jefferson: 150+ receiving yards,FIRST_OBSERVED,2026-09-07T12:03:37.314325+00:00,2026-09-07T12:03:37.314325+00:00,0,0.02,0.08,0.92,0.98,market_object,PASS,
2026-09-07T12:03:37.314325+00:00,2026,1,2026_01_GB_MIN,GB@MIN,2026-09-13T20:25:00+00:00,KXNFLRECYDS-26SEP13GBMIN-MINJJEFFERSON18-140,KXNFLRECYDS-26SEP13GBMIN,KXNFLRECYDS,receiving_yards,football_player,Justin Jefferson: 140+ receiving yards,FIRST_OBSERVED,2026-09-07T12:03:37.314325+00:00,2026-09-07T12:03:37.314325+00:00,0,0.02,0.08,0.92,0.98,market_object,PASS,
2026-09-07T12:03:37.314325+00:00,2026,1,2026_01_GB_MIN,GB@MIN,2026-09-13T20:25:00+00:00,KXNFLRECYDS-26SEP13GBMIN-MINJJEFFERSON18-130,KXNFLRECYDS-26SEP13GBMIN,KXNFLRECYDS,receiving_yards,football_player,Justin Jefferson: 130+ receiving yards,FIRST_OBSERVED,2026-09-07T12:03:37.314325+00:00,2026-09-07T12:03:37.314325+00:00,0,0.02,0.13,0.87,0.98,market_object,PASS,
2026-09-07T12:03:37.314325+00:00,2026,1,2026_01_GB_MIN,GB@MIN,2026-09-13T20:25:00+00:00,KXNFLRECYDS-26SEP13GBMIN-MINJJEFFERSON18-120,KXNFLRECYDS-26SEP13GBMIN,KXNFLRECYDS,receiving_yards,football_player,Justin Jefferson: 120+ receiving yards,FIRST_OBSERVED,2026-09-07T12:03:37.314325+00:00,2026-09-07T12:03:37.314325+00:00,0,0.02,0.17,0.83,0.98,market_object,PASS,
2026-09-07T12:03:37.314325+00:00,2026,1,2026_01_GB_MIN,GB@MIN,2026-09-13T20:25:00+00:00,KXNFLRECYDS-26SEP13GBMIN-MINJJEFFERSON18-110,KXNFLRECYDS-26SEP13GBMIN,KXNFLRECYDS,receiving_yards,football_player,Justin Jefferson: 110+ receiving yards,FIRST_OBSERVED,2026-09-07T12:03:37.314325+00:00,2026-09-07T12:03:37.314325+00:00,0,0.02,0.23,0.77,0.98,market_object,PASS,
2026-09-07T12:03:37.314325+00:00,2026,1,2026_01_GB_MIN,GB@MIN,2026-09-13T20:25:00+00:00,KXNFLRECYDS-26SEP13GBMIN-MINJJEFFERSON18-100,KXNFLRECYDS-26SEP13GBMIN,KXNFLRECYDS,receiving_yards,football_player,Justin Jefferson: 100+ receiving yards,FIRST_OBSERVED,2026-09-07T12:03:37.314325+00:00,2026-09-07T12:03:37.314325+00:00,0,0.02,0.29,0.71,0.98,market_object,PASS,
2026-09-07T12:03:37.314325+00:00,2026,1,2026_01_GB_MIN,GB@MIN,2026-09-13T20:25:00+00:00,KXNFLRECYDS-26SEP13GBMIN-MINJADDISON3-90,KXNFLRECYDS-26SEP13GBMIN,KXNFLRECYDS,receiving_yards,football_player,Jordan Addison: 90+ receiving yards,FIRST_OBSERVED,2026-09-07T12:03:37.314325+00:00,2026-09-07T12:03:37.314325+00:00,0,0.02,0.11,0.89,0.98,market_object,PASS,
2026-09-07T12:03:37.314325+00:00,2026,1,2026_01_GB_MIN,GB@MIN,2026-09-13T20:25:00+00:00,KXNFLRECYDS-26SEP13GBMIN-MINJADDISON3-80,KXNFLRECYDS-26SEP13GBMIN,KXNFLRECYDS,receiving_yards,football_player,Jordan Addison: 80+ receiving yards,FIRST_OBSERVED,2026-09-07T12:03:37.314325+00:00,2026-09-07T12:03:37.314325+00:00,0,0.02,0.16,0.84,0.98,market_object,PASS,
2026-09-07T12:03:37.314325+00:00,2026,1,2026_01_GB_MIN,GB@MIN,2026-09-13T20:25:00+00:00,KXNFLRECYDS-26SEP13GBMIN-MINJADDISON3-70,KXNFLRECYDS-26SEP13GBMIN,KXNFLRECYDS,receiving_yards,football_player,Jordan Addison: 70+ receiving yards,FIRST_OBSERVED,2026-09-07T12:03:37.314325+00:00,2026-09-07T12:03:37.314325+00:00,0,0.02,0.24,0.76,0.98,market_object,PASS,
2026-09-07T12:03:37.314325+00:00,2026,1,2026_01_GB_MIN,GB@MIN,2026-09-13T20:25:00+00:00,KXNFLRECYDS-26SEP13GBMIN-MINJADDISON3-60,KXNFLRECYDS-26SEP13GBMIN,KXNFLRECYDS,receiving_yards,football_player,Jordan Addison: 60+ receiving yards,FIRST_OBSERVED,2026-09-07T12:03:37.314325+00:00,2026-09-07T12:03:37.314325+00:00,0,0.02,0.3,0.7,0.98,market_object,PASS,
2026-09-07T12:03:37.314325+00:00,2026,1,2026_01_GB_MIN,GB@MIN,2026-09-13T20:25:00+00:00,KXNFLRECYDS-26SEP13GBMIN-MINJADDISON3-50,KXNFLRECYDS-26SEP13GBMIN,KXNFLRECYDS,receiving_yards,football_player,Jordan Addison: 50+ receiving yards,FIRST_OBSERVED,2026-09-07T12:03:37.314325+00:00,2026-09-07T12:03:37.314325+00:00,0,0.02,0.42,0.5800000000000001,0.98,market_object,PASS,
2026-09-07T12:03:37.314325+00:00,2026,1,2026_01_GB_MIN,GB@MIN,2026-09-13T20:25:00+00:00,KXNFLRECYDS-26SEP13GBMIN-MINJADDISON3-40,KXNFLRECYDS-26SEP13GBMIN,KXNFLRECYDS,receiving_yards,football_player,Jordan Addison: 40+ receiving yards,FIRST_OBSERVED,2026-09-07T12:03:37.314325+00:00,2026-09-07T12:03:37.314325+00:00,0,0.02,0.57,0.43000000000000005,0.98,market_object,PASS,
2026-09-07T12:03:37.314325+00:00,2026,1,2026_01_GB_MIN,GB@MIN,2026-09-13T20:25:00+00:00,KXNFLRECYDS-26SEP13GBMIN-MINJADDISON3-25,KXNFLRECYDS-26SEP13GBMIN,KXNFLRECYDS,receiving_yards,football_player,Jordan Addison: 25+ receiving yards,FIRST_OBSERVED,2026-09-07T12:03:37.314325+00:00,2026-09-07T12:03:37.314325+00:00,0,0.02,0.76,0.24,0.98,market_object,PASS,
2026-09-07T12:03:37.314325+00:00,2026,1,2026_01_GB_MIN,GB@MIN,2026-09-13T20:25:00+00:00,KXNFLRECYDS-26SEP13GBMIN-MINJADDISON3-15,KXNFLRECYDS-26SEP13GBMIN,KXNFLRECYDS,receiving_yards,football_player,Jordan Addison: 15+ receiving yards,FIRST_OBSERVED,2026-09-07T12:03:37.314325+00:00,2026-09-07T12:03:37.314325+00:00,0,0.18,0.88,0.12,0.8200000000000001,market_object,PASS,
2026-09-07T12:03:37.314325+00:00,2026,1,2026_01_GB_MIN,GB@MIN,2026-09-13T20:25:00+00:00,KXNFLRECYDS-26SEP13GBMIN-MINJADDISON3-110,KXNFLRECYDS-26SEP13GBMIN,KXNFLRECYDS,receiving_yards,football_player,Jordan Addison: 110+ receiving yards,FIRST_OBSERVED,2026-09-07T12:03:37.314325+00:00,2026-09-07T12:03:37.314325+00:00,0,0.02,0.05,0.95,0.98,market_object,PASS,
2026-09-07T12:03:37.314325+00:00,2026,1,2026_01_GB_MIN,GB@MIN,2026-09-13T20:25:00+00:00,KXNFLRECYDS-26SEP13GBMIN-MINJADDISON3-100,KXNFLRECYDS-26SEP13GBMIN,KXNFLRECYDS,receiving_yards,football_player,Jordan Addison: 100+ receiving yards,FIRST_OBSERVED,2026-09-07T12:03:37.314325+00:00,2026-09-07T12:03:37.314325+00:00,0,0.02,0.08,0.92,0.98,market_object,PASS,
2026-09-07T12:03:37.314325+00:00,2026,1,2026_01_GB_MIN,GB@MIN,2026-09-13T20:25:00+00:00,KXNFLRECYDS-26SEP13GBMIN-GBMGOLDEN0-90,KXNFLRECYDS-26SEP13GBMIN,KXNFLRECYDS,receiving_yards,football_player,Matthew Golden: 90+ receiving yards,FIRST_OBSERVED,2026-09-07T12:03:37.314325+00:00,2026-09-07T12:03:37.314325+00:00,0,0.02,0.11,0.89,0.98,market_object,PASS,
2026-09-07T12:03:37.314325+00:00,2026,1,2026_01_GB_MIN,GB@MIN,2026-09-13T20:25:00+00:00,KXNFLRECYDS-26SEP13GBMIN-GBMGOLDEN0-80,KXNFLRECYDS-26SEP13GBMIN,KXNFLRECYDS,receiving_yards,football_player,Matthew Golden: 80+ receiving yards,FIRST_OBSERVED,2026-09-07T12:03:37.314325+00:00,2026-09-07T12:03:37.314325+00:00,0,0.02,0.16,0.84,0.98,market_object,PASS,
2026-09-07T12:03:37.314325+00:00,2026,1,2026_01_GB_MIN,GB@MIN,2026-09-13T20:25:00+00:00,KXNFLRECYDS-26SEP13GBMIN-GBMGOLDEN0-70,KXNFLRECYDS-26SEP13GBMIN,KXNFLRECYDS,receiving_yards,football_player,Matthew Golden: 70+ receiving yards,FIRST_OBSERVED,2026-09-07T12:03:37.314325+00:00,2026-09-07T12:03:37.314325+00:00,0,0.02,0.22,0.78,0.98,market_object,PASS,
2026-09-07T12:03:37.314325+00:00,2026,1,2026_01_GB_MIN,GB@MIN,2026-09-13T20:25:00+00:00,KXNFLRECYDS-26SEP13GBMIN-GBMGOLDEN0-60,KXNFLRECYDS-26SEP13GBMIN,KXNFLRECYDS,receiving_yards,football_player,Matthew Golden: 60+ receiving yards,FIRST_OBSERVED,2026-09-07T12:03:37.314325+00:00,2026-09-07T12:03:37.314325+00:00,0,0.02,0.27,0.73,0.98,market_object,PASS,
2026-09-07T12:03:37.314325+00:00,2026,1,2026_01_GB_MIN,GB@MIN,2026-09-13T20:25:00+00:00,KXNFLRECYDS-26SEP13GBMIN-GBMGOLDEN0-50,KXNFLRECYDS-26SEP13GBMIN,KXNFLRECYDS,receiving_yards,football_player,Matthew Golden: 50+ receiving yards,FIRST_OBSERVED,2026-09-07T12:03:37.314325+00:00,2026-09-07T12:03:37.314325+00:00,0,0.02,0.41,0.5900000000000001,0.98,market_object,PASS,
2026-09-07T12:03:37.314325+00:00,2026,1,2026_01_GB_MIN,GB@MIN,2026-09-13T20:25:00+00:00,KXNFLRECYDS-26SEP13GBMIN-GBMGOLDEN0-40,KXNFLRECYDS-26SEP13GBMIN,KXNFLRECYDS,receiving_yards,football_player,Matthew Golden: 40+ receiving yards,FIRST_OBSERVED,2026-09-07T12:03:37.314325+00:00,2026-09-07T12:03:37.314325+00:00,0,0.47,0.53,0.47,0.53,market_object,PASS,
2026-09-07T12:03:37.314325+00:00,2026,1,2026_01_GB_MIN,GB@MIN,2026-09-13T20:25:00+00:00,KXNFLRECYDS-26SEP13GBMIN-GBMGOLDEN0-25,KXNFLRECYDS-26SEP13GBMIN,KXNFLRECYDS,receiving_yards,football_player,Matthew Golden: 25+ receiving yards,FIRST_OBSERVED,2026-09-07T12:03:37.314325+00:00,2026-09-07T12:03:37.314325+00:00,0,0.34,0.74,0.26,0.6599999999999999,market_object,PASS,
2026-09-07T12:03:37.314325+00:00,2026,1,2026_01_GB_MIN,GB@MIN,2026-09-13T20:25:00+00:00,KXNFLRECYDS-26SEP13GBMIN-GBMGOLDEN0-15,KXNFLRECYDS-26SEP13GBMIN,KXNFLRECYDS,receiving_yards,football_player,Matthew Golden: 15+ receiving yards,FIRST_OBSERVED,2026-09-07T12:03:37.314325+00:00,2026-09-07T12:03:37.314325+00:00,0,0.34,0.88,0.12,0.6599999999999999,market_object,PASS,
2026-09-07T12:03:37.314325+00:00,2026,1,2026_01_GB_MIN,GB@MIN,2026-09-13T20:25:00+00:00,KXNFLRECYDS-26SEP13GBMIN-GBMGOLDEN0-110,KXNFLRECYDS-26SEP13GBMIN,KXNFLRECYDS,receiving_yards,football_player,Matthew Golden: 110+ receiving yards,FIRST_OBSERVED,2026-09-07T12:03:37.314325+00:00,2026-09-07T12:03:37.314325+00:00,0,0.02,0.05,0.95,0.98,market_object,PASS,
2026-09-07T12:03:37.314325+00:00,2026,1,2026_01_GB_MIN,GB@MIN,2026-09-13T20:25:00+00:00,KXNFLRECYDS-26SEP13GBMIN-GBMGOLDEN0-100,KXNFLRECYDS-26SEP13GBMIN,KXNFLRECYDS,receiving_yards,football_player,Matthew Golden: 100+ receiving yards,FIRST_OBSERVED,2026-09-07T12:03:37.314325+00:00,2026-09-07T12:03:37.314325+00:00,0,0.02,0.07,0.9299999999999999,0.98,market_object,PASS,
2026-09-07T12:03:37.314325+00:00,2026,1,2026_01_GB_MIN,GB@MIN,2026-09-13T20:25:00+00:00,KXNFLRECYDS-26SEP13GBMIN-GBJREED11-90,KXNFLRECYDS-26SEP13GBMIN,KXNFLRECYDS,receiving_yards,football_player,Jayden Reed: 90+ receiving yards,FIRST_OBSERVED,2026-09-07T12:03:37.314325+00:00,2026-09-07T12:03:37.314325+00:00,0,0.02,0.1,0.9,0.98,market_object,PASS,
2026-09-07T12:03:37.314325+00:00,2026,1,2026_01_GB_MIN,GB@MIN,2026-09-13T20:25:00+00:00,KXNFLRECYDS-26SEP13GBMIN-GBJREED11-80,KXNFLRECYDS-26SEP13GBMIN,KXNFLRECYDS,receiving_yards,football_player,Jayden Reed: 80+ receiving yards,FIRST_OBSERVED,2026-09-07T12:03:37.314325+00:00,2026-09-07T12:03:37.314325+00:00,0,0.02,0.15,0.85,0.98,market_object,PASS,
2026-09-07T12:03:37.314325+00:00,2026,1,2026_01_GB_MIN,GB@MIN,2026-09-13T20:25:00+00:00,KXNFLRECYDS-26SEP13GBMIN-GBJREED11-70,KXNFLRECYDS-26SEP13GBMIN,KXNFLRECYDS,receiving_yards,football_player,Jayden Reed: 70+ receiving yards,FIRST_OBSERVED,2026-09-07T12:03:37.314325+00:00,2026-09-07T12:03:37.314325+00:00,0,0.02,0.21,0.79,0.98,market_object,PASS,
2026-09-07T12:03:37.314325+00:00,2026,1,2026_01_GB_MIN,GB@MIN,2026-09-13T20:25:00+00:00,KXNFLRECYDS-26SEP13GBMIN-GBJREED11-60,KXNFLRECYDS-26SEP13GBMIN,KXNFLRECYDS,receiving_yards,football_player,Jayden Reed: 60+ receiving yards,FIRST_OBSERVED,2026-09-07T12:03:37.314325+00:00,2026-09-07T12:03:37.314325+00:00,0,0.02,0.3,0.7,0.98,market_object,PASS,
2026-09-07T12:03:37.314325+00:00,2026,1,2026_01_GB_MIN,GB@MIN,2026-09-13T20:25:00+00:00,KXNFLRECYDS-26SEP13GBMIN-GBJREED11-50,KXNFLRECYDS-26SEP13GBMIN,KXNFLRECYDS,receiving_yards,football_player,Jayden Reed: 50+ receiving yards,FIRST_OBSERVED,2026-09-07T12:03:37.314325+00:00,2026-09-07T12:03:37.314325+00:00,0,0.04,0.4,0.6,0.96,market_object,PASS,
2026-09-07T12:03:37.314325+00:00,2026,1,2026_01_GB_MIN,GB@MIN,2026-09-13T20:25:00+00:00,KXNFLRECYDS-26SEP13GBMIN-GBJREED11-40,KXNFLRECYDS-26SEP13GBMIN,KXNFLRECYDS,receiving_yards,football_player,Jayden Reed: 40+ receiving yards,FIRST_OBSERVED,2026-09-07T12:03:37.314325+00:00,2026-09-07T12:03:37.314325+00:00,0,0.48,0.52,0.48,0.52,market_object,PASS,
2026-09-07T12:03:37.314325+00:00,2026,1,2026_01_GB_MIN,GB@MIN,2026-09-13T20:25:00+00:00,KXNFLRECYDS-26SEP13GBMIN-GBJREED11-25,KXNFLRECYDS-26SEP13GBMIN,KXNFLRECYDS,receiving_yards,football_player,Jayden Reed: 25+ receiving yards,FIRST_OBSERVED,2026-09-07T12:03:37.314325+00:00,2026-09-07T12:03:37.314325+00:00,0,0.35,0.74,0.26,0.65,market_object,PASS,
2026-09-07T12:03:37.314325+00:00,2026,1,2026_01_GB_MIN,GB@MIN,2026-09-13T20:25:00+00:00,KXNFLRECYDS-26SEP13GBMIN-GBJREED11-15,KXNFLRECYDS-26SEP13GBMIN,KXNFLRECYDS,receiving_yards,football_player,Jayden Reed: 15+ receiving yards,FIRST_OBSERVED,2026-09-07T12:03:37.314325+00:00,2026-09-07T12:03:37.314325+00:00,0,0.35,0.88,0.12,0.65,market_object,PASS,
2026-09-07T12:03:37.314325+00:00,2026,1,2026_01_GB_MIN,GB@MIN,2026-09-13T20:25:00+00:00,KXNFLRECYDS-26SEP13GBMIN-GBJREED11-110,KXNFLRECYDS-26SEP13GBMIN,KXNFLRECYDS,receiving_yards,football_player,Jayden Reed: 110+ receiving yards,FIRST_OBSERVED,2026-09-07T12:03:37.314325+00:00,2026-09-07T12:03:37.314325+00:00,0,0.02,0.04,0.96,0.98,market_object,PASS,
2026-09-07T12:03:37.314325+00:00,2026,1,2026_01_GB_MIN,GB@MIN,2026-09-13T20:25:00+00:00,KXNFLRECYDS-26SEP13GBMIN-GBJREED11-100,KXNFLRECYDS-26SEP13GBMIN,KXNFLRECYDS,receiving_yards,football_player,Jayden Reed: 100+ receiving yards,FIRST_OBSERVED,2026-09-07T12:03:37.314325+00:00,2026-09-07T12:03:37.314325+00:00,0,0.02,0.07,0.9299999999999999,0.98,market_object,PASS,
2026-09-07T12:03:37.314325+00:00,2026,1,2026_01_GB_MIN,GB@MIN,2026-09-13T20:25:00+00:00,KXNFLRECYDS-26SEP13GBMIN-GBCWATSON9-90,KXNFLRECYDS-26SEP13GBMIN,KXNFLRECYDS,receiving_yards,football_player,Christian Watson: 90+ receiving yards,FIRST_OBSERVED,2026-09-07T12:03:37.314325+00:00,2026-09-07T12:03:37.314325+00:00,0,0.02,0.22,0.78,0.98,market_object,PASS,
2026-09-07T12:03:37.314325+00:00,2026,1,2026_01_GB_MIN,GB@MIN,2026-09-13T20:25:00+00:00,KXNFLRECYDS-26SEP13GBMIN-GBCWATSON9-80,KXNFLRECYDS-26SEP13GBMIN,KXNFLRECYDS,receiving_yards,football_player,Christian Watson: 80+ receiving yards,FIRST_OBSERVED,2026-09-07T12:03:37.314325+00:00,2026-09-07T12:03:37.314325+00:00,0,0.02,0.28,0.72,0.98,market_object,PASS,
2026-09-07T12:03:37.314325+00:00,2026,1,2026_01_GB_MIN,GB@MIN,2026-09-13T20:25:00+00:00,KXNFLRECYDS-26SEP13GBMIN-GBCWATSON9-70,KXNFLRECYDS-26SEP13GBMIN,KXNFLRECYDS,receiving_yards,football_player,Christian Watson: 70+ receiving yards,FIRST_OBSERVED,2026-09-07T12:03:37.314325+00:00,2026-09-07T12:03:37.314325+00:00,0,0.02,0.38,0.62,0.98,market_object,PASS,
2026-09-07T12:03:37.314325+00:00,2026,1,2026_01_GB_MIN,GB@MIN,2026-09-13T20:25:00+00:00,KXNFLRECYDS-26SEP13GBMIN-GBCWATSON9-60,KXNFLRECYDS-26SEP13GBMIN,KXNFLRECYDS,receiving_yards,football_player,Christian Watson: 60+ receiving yards,FIRST_OBSERVED,2026-09-07T12:03:37.314325+00:00,2026-09-07T12:03:37.314325+00:00,0,0.02,0.48,0.52,0.98,market_object,PASS,
2026-09-07T12:03:37.314325+00:00,2026,1,2026_01_GB_MIN,GB@MIN,2026-09-13T20:25:00+00:00,KXNFLRECYDS-26SEP13GBMIN-GBCWATSON9-50,KXNFLRECYDS-26SEP13GBMIN,KXNFLRECYDS,receiving_yards,football_player,Christian Watson: 50+ receiving yards,FIRST_OBSERVED,2026-09-07T12:03:37.314325+00:00,2026-09-07T12:03:37.314325+00:00,0,0.03,0.6,0.4,0.97,market_object,PASS,
2026-09-07T12:03:37.314325+00:00,2026,1,2026_01_GB_MIN,GB@MIN,2026-09-13T20:25:00+00:00,KXNFLRECYDS-26SEP13GBMIN-GBCWATSON9-40,KXNFLRECYDS-26SEP13GBMIN,KXNFLRECYDS,receiving_yards,football_player,Christian Watson: 40+ receiving yards,FIRST_OBSERVED,2026-09-07T12:03:37.314325+00:00,2026-09-07T12:03:37.314325+00:00,0,0.02,0.72,0.28,0.98,market_object,PASS,
2026-09-07T12:03:37.314325+00:00,2026,1,2026_01_GB_MIN,GB@MIN,2026-09-13T20:25:00+00:00,KXNFLRECYDS-26SEP13GBMIN-GBCWATSON9-25,KXNFLRECYDS-26SEP13GBMIN,KXNFLRECYDS,receiving_yards,football_player,Christian Watson: 25+ receiving yards,FIRST_OBSERVED,2026-09-07T12:03:37.314325+00:00,2026-09-07T12:03:37.314325+00:00,0,0.18,0.87,0.13,0.8200000000000001,market_object,PASS,
2026-09-07T12:03:37.314325+00:00,2026,1,2026_01_GB_MIN,GB@MIN,2026-09-13T20:25:00+00:00,KXNFLRECYDS-26SEP13GBMIN-GBCWATSON9-140,KXNFLRECYDS-26SEP13GBMIN,KXNFLRECYDS,receiving_yards,football_player,Christian Watson: 140+ receiving yards,FIRST_OBSERVED,2026-09-07T12:03:37.314325+00:00,2026-09-07T12:03:37.314325+00:00,0,0.02,0.06,0.94,0.98,market_object,PASS,
2026-09-07T12:03:37.314325+00:00,2026,1,2026_01_GB_MIN,GB@MIN,2026-09-13T20:25:00+00:00,KXNFLRECYDS-26SEP13GBMIN-GBCWATSON9-130,KXNFLRECYDS-26SEP13GBMIN,KXNFLRECYDS,receiving_yards,football_player,Christian Watson: 130+ receiving yards,FIRST_OBSERVED,2026-09-07T12:03:37.314325+00:00,2026-09-07T12:03:37.314325+00:00,0,0.02,0.04,0.96,0.98,market_object,PASS,
2026-09-07T12:03:37.314325+00:00,2026,1,2026_01_GB_MIN,GB@MIN,2026-09-13T20:25:00+00:00,KXNFLRECYDS-26SEP13GBMIN-GBCWATSON9-120,KXNFLRECYDS-26SEP13GBMIN,KXNFLRECYDS,receiving_yards,football_player,Christian Watson: 120+ receiving yards,FIRST_OBSERVED,2026-09-07T12:03:37.314325+00:00,2026-09-07T12:03:37.314325+00:00,0,0.02,0.07,0.9299999999999999,0.98,market_object,PASS,
2026-09-07T12:03:37.314325+00:00,2026,1,2026_01_GB_MIN,GB@MIN,2026-09-13T20:25:00+00:00,KXNFLRECYDS-26SEP13GBMIN-GBCWATSON9-110,KXNFLRECYDS-26SEP13GBMIN,KXNFLRECYDS,receiving_yards,football_player,Christian Watson: 110+ receiving yards,FIRST_OBSERVED,2026-09-07T12:03:37.314325+00:00,2026-09-07T12:03:37.314325+00:00,0,0.02,0.13,0.87,0.98,market_object,PASS,
2026-09-07T12:03:37.314325+00:00,2026,1,2026_01_GB_MIN,GB@MIN,2026-09-13T20:25:00+00:00,KXNFLRECYDS-26SEP13GBMIN-GBCWATSON9-100,KXNFLRECYDS-26SEP13GBMIN,KXNFLRECYDS,receiving_yards,football_player,Christian Watson: 100+ receiving yards,FIRST_OBSERVED,2026-09-07T12:03:37.314325+00:00,2026-09-07T12:03:37.314325+00:00,0,0.02,0.18,0.8200000000000001,0.98,market_object,PASS,
2026-09-07T12:03:37.314325+00:00,2026,1,2026_01_ARI_LAC,ARI@LAC,2026-09-13T20:25:00+00:00,KXNFLRECYDS-26SEP13ARILAC-LACQJOHNSTON1-90,KXNFLRECYDS-26SEP13ARILAC,KXNFLRECYDS,receiving_yards,football_player,Quentin Johnston: 90+ receiving yards,FIRST_OBSERVED,2026-09-07T12:03:37.314325+00:00,2026-09-07T12:03:37.314325+00:00,0,0.02,0.13,0.87,0.98,market_object,PASS,
2026-09-07T12:03:37.314325+00:00,2026,1,2026_01_ARI_LAC,ARI@LAC,2026-09-13T20:25:00+00:00,KXNFLRECYDS-26SEP13ARILAC-LACQJOHNSTON1-80,KXNFLRECYDS-26SEP13ARILAC,KXNFLRECYDS,receiving_yards,football_player,Quentin Johnston: 80+ receiving yards,FIRST_OBSERVED,2026-09-07T12:03:37.314325+00:00,2026-09-07T12:03:37.314325+00:00,0,0.02,0.15,0.85,0.98,market_object,PASS,
2026-09-07T12:03:37.314325+00:00,2026,1,2026_01_ARI_LAC,ARI@LAC,2026-09-13T20:25:00+00:00,KXNFLRECYDS-26SEP13ARILAC-LACQJOHNSTON1-70,KXNFLRECYDS-26SEP13ARILAC,KXNFLRECYDS,receiving_yards,football_player,Quentin Johnston: 70+ receiving yards,FIRST_OBSERVED,2026-09-07T12:03:37.314325+00:00,2026-09-07T12:03:37.314325+00:00,0,0.02,0.22,0.78,0.98,market_object,PASS,
2026-09-07T12:03:37.314325+00:00,2026,1,2026_01_ARI_LAC,ARI@LAC,2026-09-13T20:25:00+00:00,KXNFLRECYDS-26SEP13ARILAC-LACQJOHNSTON1-60,KXNFLRECYDS-26SEP13ARILAC,KXNFLRECYDS,receiving_yards,football_player,Quentin Johnston: 60+ receiving yards,FIRST_OBSERVED,2026-09-07T12:03:37.314325+00:00,2026-09-07T12:03:37.314325+00:00,0,0.02,0.33,0.6699999999999999,0.98,market_object,PASS,
2026-09-07T12:03:37.314325+00:00,2026,1,2026_01_ARI_LAC,ARI@LAC,2026-09-13T20:25:00+00:00,KXNFLRECYDS-26SEP13ARILAC-LACQJOHNSTON1-50,KXNFLRECYDS-26SEP13ARILAC,KXNFLRECYDS,receiving_yards,football_player,Quentin Johnston: 50+ receiving yards,FIRST_OBSERVED,2026-09-07T12:03:37.314325+00:00,2026-09-07T12:03:37.314325+00:00,0,0.02,0.44,0.56,0.98,market_object,PASS,
2026-09-07T12:03:37.314325+00:00,2026,1,2026_01_ARI_LAC,ARI@LAC,2026-09-13T20:25:00+00:00,KXNFLRECYDS-26SEP13ARILAC-LACQJOHNSTON1-40,KXNFLRECYDS-26SEP13ARILAC,KXNFLRECYDS,receiving_yards,football_player,Quentin Johnston: 40+ receiving yards,FIRST_OBSERVED,2026-09-07T12:03:37.314325+00:00,2026-09-07T12:03:37.314325+00:00,0,0.02,0.57,0.43000000000000005,0.98,market_object,PASS,
2026-09-07T12:03:37.314325+00:00,2026,1,2026_01_ARI_LAC,ARI@LAC,2026-09-13T20:25:00+00:00,KXNFLRECYDS-26SEP13ARILAC-LACQJOHNSTON1-25,KXNFLRECYDS-26SEP13ARILAC,KXNFLRECYDS,receiving_yards,football_player,Quentin Johnston: 25+ receiving yards,FIRST_OBSERVED,2026-09-07T12:03:37.314325+00:00,2026-09-07T12:03:37.314325+00:00,0,0.18,0.76,0.24,0.8200000000000001,market_object,PASS,
2026-09-07T12:03:37.314325+00:00,2026,1,2026_01_ARI_LAC,ARI@LAC,2026-09-13T20:25:00+00:00,KXNFLRECYDS-26SEP13ARILAC-LACQJOHNSTON1-15,KXNFLRECYDS-26SEP13ARILAC,KXNFLRECYDS,receiving_yards,football_player,Quentin Johnston: 15+ receiving yards,FIRST_OBSERVED,2026-09-07T12:03:37.314325+00:00,2026-09-07T12:03:37.314325+00:00,0,0.18,0.88,0.12,0.8200000000000001,market_object,PASS,
2026-09-07T12:03:37.314325+00:00,2026,1,2026_01_ARI_LAC,ARI@LAC,2026-09-13T20:25:00+00:00,KXNFLRECYDS-26SEP13ARILAC-LACQJOHNSTON1-120,KXNFLRECYDS-26SEP13ARILAC,KXNFLRECYDS,receiving_yards,football_player,Quentin Johnston: 120+ receiving yards,FIRST_OBSERVED,2026-09-07T12:03:37.314325+00:00,2026-09-07T12:03:37.314325+00:00,0,0.02,0.05,0.95,0.98,market_object,PASS,
2026-09-07T12:03:37.314325+00:00,2026,1,2026_01_ARI_LAC,ARI@LAC,2026-09-13T20:25:00+00:00,KXNFLRECYDS-26SEP13ARILAC-LACQJOHNSTON1-110,KXNFLRECYDS-26SEP13ARILAC,KXNFLRECYDS,receiving_yards,football_player,Quentin Johnston: 110+ receiving yards,FIRST_OBSERVED,2026-09-07T12:03:37.314325+00:00,2026-09-07T12:03:37.314325+00:00,0,0.02,0.06,0.94,0.98,market_object,PASS,
2026-09-07T12:03:37.314325+00:00,2026,1,2026_01_ARI_LAC,ARI@LAC,2026-09-13T20:25:00+00:00,KXNFLRECYDS-26SEP13ARILAC-LACQJOHNSTON1-100,KXNFLRECYDS-26SEP13ARILAC,KXNFLRECYDS,receiving_yards,football_player,Quentin Johnston: 100+ receiving yards,FIRST_OBSERVED,2026-09-07T12:03:37.314325+00:00,2026-09-07T12:03:37.314325+00:00,0,0.02,0.1,0.9,0.98,market_object,PASS,
2026-09-07T12:03:37.314325+00:00,2026,1,2026_01_ARI_LAC,ARI@LAC,2026-09-13T20:25:00+00:00,KXNFLRECYDS-26SEP13ARILAC-LACLMCCONKEY15-90,KXNFLRECYDS-26SEP13ARILAC,KXNFLRECYDS,receiving_yards,football_player,Ladd McConkey: 90+ receiving yards,FIRST_OBSERVED,2026-09-07T12:03:37.314325+00:00,2026-09-07T12:03:37.314325+00:00,0,0.02,0.19,0.81,0.98,market_object,PASS,
2026-09-07T12:03:37.314325+00:00,2026,1,2026_01_ARI_LAC,ARI@LAC,2026-09-13T20:25:00+00:00,KXNFLRECYDS-26SEP13ARILAC-LACLMCCONKEY15-80,KXNFLRECYDS-26SEP13ARILAC,KXNFLRECYDS,receiving_yards,football_player,Ladd McConkey: 80+ receiving yards,FIRST_OBSERVED,2026-09-07T12:03:37.314325+00:00,2026-09-07T12:03:37.314325+00:00,0,0.02,0.23,0.77,0.98,market_object,PASS,
2026-09-07T12:03:37.314325+00:00,2026,1,2026_01_ARI_LAC,ARI@LAC,2026-09-13T20:25:00+00:00,KXNFLRECYDS-26SEP13ARILAC-LACLMCCONKEY15-70,KXNFLRECYDS-26SEP13ARILAC,KXNFLRECYDS,receiving_yards,football_player,Ladd McConkey: 70+ receiving yards,FIRST_OBSERVED,2026-09-07T12:03:37.314325+00:00,2026-09-07T12:03:37.314325+00:00,0,0.02,0.32,0.6799999999999999,0.98,market_object,PASS,
2026-09-07T12:03:37.314325+00:00,2026,1,2026_01_ARI_LAC,ARI@LAC,2026-09-13T20:25:00+00:00,KXNFLRECYDS-26SEP13ARILAC-LACLMCCONKEY15-60,KXNFLRECYDS-26SEP13ARILAC,KXNFLRECYDS,receiving_yards,football_player,Ladd McConkey: 60+ receiving yards,FIRST_OBSERVED,2026-09-07T12:03:37.314325+00:00,2026-09-07T12:03:37.314325+00:00,0,0.02,0.43,0.5700000000000001,0.98,market_object,PASS,
2026-09-07T12:03:37.314325+00:00,2026,1,2026_01_ARI_LAC,ARI@LAC,2026-09-13T20:25:00+00:00,KXNFLRECYDS-26SEP13ARILAC-LACLMCCONKEY15-55,KXNFLRECYDS-26SEP13ARILAC,KXNFLRECYDS,receiving_yards,football_player,Ladd McConkey: 55+ receiving yards,FIRST_OBSERVED,2026-09-07T12:03:37.314325+00:00,2026-09-07T12:03:37.314325+00:00,0,0.02,0.68,0.31999999999999995,0.98,market_object,PASS,
2026-09-07T12:03:37.314325+00:00,2026,1,2026_01_ARI_LAC,ARI@LAC,2026-09-13T20:25:00+00:00,KXNFLRECYDS-26SEP13ARILAC-LACLMCCONKEY15-50,KXNFLRECYDS-26SEP13ARILAC,KXNFLRECYDS,receiving_yards,football_player,Ladd McConkey: 50+ receiving yards,FIRST_OBSERVED,2026-09-07T12:03:37.314325+00:00,2026-09-07T12:03:37.314325+00:00,0,0.02,0.55,0.44999999999999996,0.98,market_object,PASS,
2026-09-07T12:03:37.314325+00:00,2026,1,2026_01_ARI_LAC,ARI@LAC,2026-09-13T20:25:00+00:00,KXNFLRECYDS-26SEP13ARILAC-LACLMCCONKEY15-40,KXNFLRECYDS-26SEP13ARILAC,KXNFLRECYDS,receiving_yards,football_player,Ladd McConkey: 40+ receiving yards,FIRST_OBSERVED,2026-09-07T12:03:37.314325+00:00,2026-09-07T12:03:37.314325+00:00,0,0.03,0.66,0.33999999999999997,0.97,market_object,PASS,
2026-09-07T12:03:37.314325+00:00,2026,1,2026_01_ARI_LAC,ARI@LAC,2026-09-13T20:25:00+00:00,KXNFLRECYDS-26SEP13ARILAC-LACLMCCONKEY15-25,KXNFLRECYDS-26SEP13ARILAC,KXNFLRECYDS,receiving_yards,football_player,Ladd McConkey: 25+ receiving yards,FIRST_OBSERVED,2026-09-07T12:03:37.314325+00:00,2026-09-07T12:03:37.314325+00:00,0,0.18,0.85,0.15000000000000002,0.8200000000000001,market_object,PASS,
2026-09-07T12:03:37.314325+00:00,2026,1,2026_01_ARI_LAC,ARI@LAC,2026-09-13T20:25:00+00:00,KXNFLRECYDS-26SEP13ARILAC-LACLMCCONKEY15-130,KXNFLRECYDS-26SEP13ARILAC,KXNFLRECYDS,receiving_yards,football_player,Ladd McConkey: 130+ receiving yards,FIRST_OBSERVED,2026-09-07T12:03:37.314325+00:00,2026-09-07T12:03:37.314325+00:00,0,0.02,0.06,0.94,0.98,market_object,PASS,
2026-09-07T12:03:37.314325+00:00,2026,1,2026_01_ARI_LAC,ARI@LAC,2026-09-13T20:25:00+00:00,KXNFLRECYDS-26SEP13ARILAC-LACLMCCONKEY15-120,KXNFLRECYDS-26SEP13ARILAC,KXNFLRECYDS,receiving_yards,football_player,Ladd McConkey: 120+ receiving yards,FIRST_OBSERVED,2026-09-07T12:03:37.314325+00:00,2026-09-07T12:03:37.314325+00:00,0,0.02,0.07,0.9299999999999999,0.98,market_object,PASS,
2026-09-07T12:03:37.314325+00:00,2026,1,2026_01_ARI_LAC,ARI@LAC,2026-09-13T20:25:00+00:00,KXNFLRECYDS-26SEP13ARILAC-LACLMCCONKEY15-110,KXNFLRECYDS-26SEP13ARILAC,KXNFLRECYDS,receiving_yards,football_player,Ladd McConkey: 110+ receiving yards,FIRST_OBSERVED,2026-09-07T12:03:37.314325+00:00,2026-09-07T12:03:37.314325+00:00,0,0.02,0.1,0.9,0.98,market_object,PASS,
2026-09-07T12:03:37.314325+00:00,2026,1,2026_01_ARI_LAC,ARI@LAC,2026-09-13T20:25:00+00:00,KXNFLRECYDS-26SEP13ARILAC-LACLMCCONKEY15-100,KXNFLRECYDS-26SEP13ARILAC,KXNFLRECYDS,receiving_yards,football_player,Ladd McConkey: 100+ receiving yards,FIRST_OBSERVED,2026-09-07T12:03:37.314325+00:00,2026-09-07T12:03:37.314325+00:00,0,0.02,0.12,0.88,0.98,market_object,PASS,
2026-09-07T12:03:37.314325+00:00,2026,1,2026_01_ARI_LAC,ARI@LAC,2026-09-13T20:25:00+00:00,KXNFLRECYDS-26SEP13ARILAC-ARIMWILSON14-90,KXNFLRECYDS-26SEP13ARILAC,KXNFLRECYDS,receiving_yards,football_player,Michael Wilson: 90+ receiving yards,FIRST_OBSERVED,2026-09-07T12:03:37.314325+00:00,2026-09-07T12:03:37.314325+00:00,0,0.02,0.11,0.89,0.98,market_object,PASS,
2026-09-07T12:03:37.314325+00:00,2026,1,2026_01_ARI_LAC,ARI@LAC,2026-09-13T20:25:00+00:00,KXNFLRECYDS-26SEP13ARILAC-ARIMWILSON14-80,KXNFLRECYDS-26SEP13ARILAC,KXNFLRECYDS,receiving_yards,football_player,Michael Wilson: 80+ receiving yards,FIRST_OBSERVED,2026-09-07T12:03:37.314325+00:00,2026-09-07T12:03:37.314325+00:00,0,0.02,0.17,0.83,0.98,market_object,PASS,
2026-09-07T12:03:37.314325+00:00,2026,1,2026_01_ARI_LAC,ARI@LAC,2026-09-13T20:25:00+00:00,KXNFLRECYDS-26SEP13ARILAC-ARIMWILSON14-70,KXNFLRECYDS-26SEP13ARILAC,KXNFLRECYDS,receiving_yards,football_player,Michael Wilson: 70+ receiving yards,FIRST_OBSERVED,2026-09-07T12:03:37.314325+00:00,2026-09-07T12:03:37.314325+00:00,0,0.02,0.21,0.79,0.98,market_object,PASS,
2026-09-07T12:03:37.314325+00:00,2026,1,2026_01_ARI_LAC,ARI@LAC,2026-09-13T20:25:00+00:00,KXNFLRECYDS-26SEP13ARILAC-ARIMWILSON14-60,KXNFLRECYDS-26SEP13ARILAC,KXNFLRECYDS,receiving_yards,football_player,Michael Wilson: 60+ receiving yards,FIRST_OBSERVED,2026-09-07T12:03:37.314325+00:00,2026-09-07T12:03:37.314325+00:00,0,0.02,0.31,0.69,0.98,market_object,PASS,
2026-09-07T12:03:37.314325+00:00,2026,1,2026_01_ARI_LAC,ARI@LAC,2026-09-13T20:25:00+00:00,KXNFLRECYDS-26SEP13ARILAC-ARIMWILSON14-50,KXNFLRECYDS-26SEP13ARILAC,KXNFLRECYDS,receiving_yards,football_player,Michael Wilson: 50+ receiving yards,FIRST_OBSERVED,2026-09-07T12:03:37.314325+00:00,2026-09-07T12:03:37.314325+00:00,0,0.02,0.43,0.5700000000000001,0.98,market_object,PASS,
2026-09-07T12:03:37.314325+00:00,2026,1,2026_01_ARI_LAC,ARI@LAC,2026-09-13T20:25:00+00:00,KXNFLRECYDS-26SEP13ARILAC-ARIMWILSON14-45,KXNFLRECYDS-26SEP13ARILAC,KXNFLRECYDS,receiving_yards,football_player,Michael Wilson: 45+ receiving yards,FIRST_OBSERVED,2026-09-07T12:03:37.314325+00:00,2026-09-07T12:03:37.314325+00:00,0,0.43,0.56,0.43999999999999995,0.5700000000000001,market_object,PASS,
2026-09-07T12:03:37.314325+00:00,2026,1,2026_01_ARI_LAC,ARI@LAC,2026-09-13T20:25:00+00:00,KXNFLRECYDS-26SEP13ARILAC-ARIMWILSON14-40,KXNFLRECYDS-26SEP13ARILAC,KXNFLRECYDS,receiving_yards,football_player,Michael Wilson: 40+ receiving yards,FIRST_OBSERVED,2026-09-07T12:03:37.314325+00:00,2026-09-07T12:03:37.314325+00:00,0,0.3,0.55,0.44999999999999996,0.7,market_object,PASS,
2026-09-07T12:03:37.314325+00:00,2026,1,2026_01_ARI_LAC,ARI@LAC,2026-09-13T20:25:00+00:00,KXNFLRECYDS-26SEP13ARILAC-ARIMWILSON14-25,KXNFLRECYDS-26SEP13ARILAC,KXNFLRECYDS,receiving_yards,football_player,Michael Wilson: 25+ receiving yards,FIRST_OBSERVED,2026-09-07T12:03:37.314325+00:00,2026-09-07T12:03:37.314325+00:00,0,0.3,0.77,0.22999999999999998,0.7,market_object,PASS,
2026-09-07T12:03:37.314325+00:00,2026,1,2026_01_ARI_LAC,ARI@LAC,2026-09-13T20:25:00+00:00,KXNFLRECYDS-26SEP13ARILAC-ARIMWILSON14-15,KXNFLRECYDS-26SEP13ARILAC,KXNFLRECYDS,receiving_yards,football_player,Michael Wilson: 15+ receiving yards,FIRST_OBSERVED,2026-09-07T12:03:37.314325+00:00,2026-09-07T12:03:37.314325+00:00,0,0.3,0.89,0.10999999999999999,0.7,market_object,PASS,
2026-09-07T12:03:37.314325+00:00,2026,1,2026_01_ARI_LAC,ARI@LAC,2026-09-13T20:25:00+00:00,KXNFLRECYDS-26SEP13ARILAC-ARIMWILSON14-110,KXNFLRECYDS-26SEP13ARILAC,KXNFLRECYDS,receiving_yards,football_player,Michael Wilson: 110+ receiving yards,FIRST_OBSERVED,2026-09-07T12:03:37.314325+00:00,2026-09-07T12:03:37.314325+00:00,0,0.02,0.05,0.95,0.98,market_object,PASS,
2026-09-07T12:03:37.314325+00:00,2026,1,2026_01_ARI_LAC,ARI@LAC,2026-09-13T20:25:00+00:00,KXNFLRECYDS-26SEP13ARILAC-ARIMWILSON14-100,KXNFLRECYDS-26SEP13ARILAC,KXNFLRECYDS,receiving_yards,football_player,Michael Wilson: 100+ receiving yards,FIRST_OBSERVED,2026-09-07T12:03:37.314325+00:00,2026-09-07T12:03:37.314325+00:00,0,0.02,0.08,0.92,0.98,market_object,PASS,
2026-09-07T12:03:37.314325+00:00,2026,1,2026_01_ARI_LAC,ARI@LAC,2026-09-13T20:25:00+00:00,KXNFLRECYDS-26SEP13ARILAC-ARIMHARRISON18-90,KXNFLRECYDS-26SEP13ARILAC,KXNFLRECYDS,receiving_yards,football_player,Marvin Harrison Jr.: 90+ receiving yards,FIRST_OBSERVED,2026-09-07T12:03:37.314325+00:00,2026-09-07T12:03:37.314325+00:00,0,0.02,0.16,0.84,0.98,market_object,PASS,
2026-09-07T12:03:37.314325+00:00,2026,1,2026_01_ARI_LAC,ARI@LAC,2026-09-13T20:25:00+00:00,KXNFLRECYDS-26SEP13ARILAC-ARIMHARRISON18-80,KXNFLRECYDS-26SEP13ARILAC,KXNFLRECYDS,receiving_yards,football_player,Marvin Harrison Jr.: 80+ receiving yards,FIRST_OBSERVED,2026-09-07T12:03:37.314325+00:00,2026-09-07T12:03:37.314325+00:00,0,0.02,0.22,0.78,0.98,market_object,PASS,
2026-09-07T12:03:37.314325+00:00,2026,1,2026_01_ARI_LAC,ARI@LAC,2026-09-13T20:25:00+00:00,KXNFLRECYDS-26SEP13ARILAC-ARIMHARRISON18-70,KXNFLRECYDS-26SEP13ARILAC,KXNFLRECYDS,receiving_yards,football_player,Marvin Harrison Jr.: 70+ receiving yards,FIRST_OBSERVED,2026-09-07T12:03:37.314325+00:00,2026-09-07T12:03:37.314325+00:00,0,0.02,0.3,0.7,0.98,market_object,PASS,
2026-09-07T12:03:37.314325+00:00,2026,1,2026_01_ARI_LAC,ARI@LAC,2026-09-13T20:25:00+00:00,KXNFLRECYDS-26SEP13ARILAC-ARIMHARRISON18-60,KXNFLRECYDS-26SEP13ARILAC,KXNFLRECYDS,receiving_yards,football_player,Marvin Harrison Jr.: 60+ receiving yards,FIRST_OBSERVED,2026-09-07T12:03:37.314325+00:00,2026-09-07T12:03:37.314325+00:00,0,0.02,0.4,0.6,0.98,market_object,PASS,
2026-09-07T12:03:37.314325+00:00,2026,1,2026_01_ARI_LAC,ARI@LAC,2026-09-13T20:25:00+00:00,KXNFLRECYDS-26SEP13ARILAC-ARIMHARRISON18-50,KXNFLRECYDS-26SEP13ARILAC,KXNFLRECYDS,receiving_yards,football_player,Marvin Harrison Jr.: 50+ receiving yards,FIRST_OBSERVED,2026-09-07T12:03:37.314325+00:00,2026-09-07T12:03:37.314325+00:00,0,0.47,0.51,0.49,0.53,market_object,PASS,
2026-09-07T12:03:37.314325+00:00,2026,1,2026_01_ARI_LAC,ARI@LAC,2026-09-13T20:25:00+00:00,KXNFLRECYDS-26SEP13ARILAC-ARIMHARRISON18-40,KXNFLRECYDS-26SEP13ARILAC,KXNFLRECYDS,receiving_yards,football_player,Marvin Harrison Jr.: 40+ receiving yards,FIRST_OBSERVED,2026-09-07T12:03:37.314325+00:00,2026-09-07T12:03:37.314325+00:00,0,0.34,0.64,0.36,0.6599999999999999,market_object,PASS,
2026-09-07T12:03:37.314325+00:00,2026,1,2026_01_ARI_LAC,ARI@LAC,2026-09-13T20:25:00+00:00,KXNFLRECYDS-26SEP13ARILAC-ARIMHARRISON18-25,KXNFLRECYDS-26SEP13ARILAC,KXNFLRECYDS,receiving_yards,football_player,Marvin Harrison Jr.: 25+ receiving yards,FIRST_OBSERVED,2026-09-07T12:03:37.314325+00:00,2026-09-07T12:03:37.314325+00:00,0,0.34,0.83,0.17000000000000004,0.6599999999999999,market_object,PASS,
2026-09-07T12:03:37.314325+00:00,2026,1,2026_01_ARI_LAC,ARI@LAC,2026-09-13T20:25:00+00:00,KXNFLRECYDS-26SEP13ARILAC-ARIMHARRISON18-120,KXNFLRECYDS-26SEP13ARILAC,KXNFLRECYDS,receiving_yards,football_player,Marvin Harrison Jr.: 120+ receiving yards,FIRST_OBSERVED,2026-09-07T12:03:37.314325+00:00,2026-09-07T12:03:37.314325+00:00,0,0.02,0.06,0.94,0.98,market_object,PASS,
2026-09-07T12:03:37.314325+00:00,2026,1,2026_01_ARI_LAC,ARI@LAC,2026-09-13T20:25:00+00:00,KXNFLRECYDS-26SEP13ARILAC-ARIMHARRISON18-110,KXNFLRECYDS-26SEP13ARILAC,KXNFLRECYDS,receiving_yards,football_player,Marvin Harrison Jr.: 110+ receiving yards,FIRST_OBSERVED,2026-09-07T12:03:37.314325+00:00,2026-09-07T12:03:37.314325+00:00,0,0.02,0.08,0.92,0.98,market_object,PASS,
2026-09-07T12:03:37.314325+00:00,2026,1,2026_01_ARI_LAC,ARI@LAC,2026-09-13T20:25:00+00:00,KXNFLRECYDS-26SEP13ARILAC-ARIMHARRISON18-100,KXNFLRECYDS-26SEP13ARILAC,KXNFLRECYDS,receiving_yards,football_player,Marvin Harrison Jr.: 100+ receiving yards,FIRST_OBSERVED,2026-09-07T12:03:37.314325+00:00,2026-09-07T12:03:37.314325+00:00,0,0.02,0.11,0.89,0.98,market_object,PASS,
2026-09-07T12:03:37.314325+00:00,2026,1,2026_01_BUF_HOU,BUF@HOU,2026-09-13T17:00:00+00:00,KXNFLRECYDS-26SEP13BUFHOU-HOUNCOLLINS12-90,KXNFLRECYDS-26SEP13BUFHOU,KXNFLRECYDS,receiving_yards,football_player,Nico Collins: 90+ receiving yards,FIRST_OBSERVED,2026-09-07T12:03:37.314325+00:00,2026-09-07T12:03:37.314325+00:00,0,0.03,0.33,0.6699999999999999,0.97,market_object,PASS,
2026-09-07T12:03:37.314325+00:00,2026,1,2026_01_BUF_HOU,BUF@HOU,2026-09-13T17:00:00+00:00,KXNFLRECYDS-26SEP13BUFHOU-HOUNCOLLINS12-80,KXNFLRECYDS-26SEP13BUFHOU,KXNFLRECYDS,receiving_yards,football_player,Nico Collins: 80+ receiving yards,FIRST_OBSERVED,2026-09-07T12:03:37.314325+00:00,2026-09-07T12:03:37.314325+00:00,0,0.03,0.43,0.5700000000000001,0.97,market_object,PASS,
2026-09-07T12:03:37.314325+00:00,2026,1,2026_01_BUF_HOU,BUF@HOU,2026-09-13T17:00:00+00:00,KXNFLRECYDS-26SEP13BUFHOU-HOUNCOLLINS12-70,KXNFLRECYDS-26SEP13BUFHOU,KXNFLRECYDS,receiving_yards,football_player,Nico Collins: 70+ receiving yards,FIRST_OBSERVED,2026-09-07T12:03:37.314325+00:00,2026-09-07T12:03:37.314325+00:00,0,0.48,0.51,0.49,0.52,market_object,PASS,
2026-09-07T12:03:37.314325+00:00,2026,1,2026_01_BUF_HOU,BUF@HOU,2026-09-13T17:00:00+00:00,KXNFLRECYDS-26SEP13BUFHOU-HOUNCOLLINS12-60,KXNFLRECYDS-26SEP13BUFHOU,KXNFLRECYDS,receiving_yards,football_player,Nico Collins: 60+ receiving yards,FIRST_OBSERVED,2026-09-07T12:03:37.314325+00:00,2026-09-07T12:03:37.314325+00:00,0,0.36,0.64,0.36,0.64,market_object,PASS,
2026-09-07T12:03:37.314325+00:00,2026,1,2026_01_BUF_HOU,BUF@HOU,2026-09-13T17:00:00+00:00,KXNFLRECYDS-26SEP13BUFHOU-HOUNCOLLINS12-50,KXNFLRECYDS-26SEP13BUFHOU,KXNFLRECYDS,receiving_yards,football_player,Nico Collins: 50+ receiving yards,FIRST_OBSERVED,2026-09-07T12:03:37.314325+00:00,2026-09-07T12:03:37.314325+00:00,0,0.35,0.74,0.26,0.65,market_object,PASS,
2026-09-07T12:03:37.314325+00:00,2026,1,2026_01_BUF_HOU,BUF@HOU,2026-09-13T17:00:00+00:00,KXNFLRECYDS-26SEP13BUFHOU-HOUNCOLLINS12-40,KXNFLRECYDS-26SEP13BUFHOU,KXNFLRECYDS,receiving_yards,football_player,Nico Collins: 40+ receiving yards,FIRST_OBSERVED,2026-09-07T12:03:37.314325+00:00,2026-09-07T12:03:37.314325+00:00,0,0.35,0.83,0.17000000000000004,0.65,market_object,PASS,
2026-09-07T12:03:37.314325+00:00,2026,1,2026_01_BUF_HOU,BUF@HOU,2026-09-13T17:00:00+00:00,KXNFLRECYDS-26SEP13BUFHOU-HOUNCOLLINS12-150,KXNFLRECYDS-26SEP13BUFHOU,KXNFLRECYDS,receiving_yards,football_player,Nico Collins: 150+ receiving yards,FIRST_OBSERVED,2026-09-07T12:03:37.314325+00:00,2026-09-07T12:03:37.314325+00:00,0,0.02,0.05,0.95,0.98,market_object,PASS,
2026-09-07T12:03:37.314325+00:00,2026,1,2026_01_BUF_HOU,BUF@HOU,2026-09-13T17:00:00+00:00,KXNFLRECYDS-26SEP13BUFHOU-HOUNCOLLINS12-140,KXNFLRECYDS-26SEP13BUFHOU,KXNFLRECYDS,receiving_yards,football_player,Nico Collins: 140+ receiving yards,FIRST_OBSERVED,2026-09-07T12:03:37.314325+00:00,2026-09-07T12:03:37.314325+00:00,0,0.02,0.08,0.92,0.98,market_object,PASS,
2026-09-07T12:03:37.314325+00:00,2026,1,2026_01_BUF_HOU,BUF@HOU,2026-09-13T17:00:00+00:00,KXNFLRECYDS-26SEP13BUFHOU-HOUNCOLLINS12-130,KXNFLRECYDS-26SEP13BUFHOU,KXNFLRECYDS,receiving_yards,football_player,Nico Collins: 130+ receiving yards,FIRST_OBSERVED,2026-09-07T12:03:37.314325+00:00,2026-09-07T12:03:37.314325+00:00,0,0.02,0.11,0.89,0.98,market_object,PASS,
2026-09-07T12:03:37.314325+00:00,2026,1,2026_01_BUF_HOU,BUF@HOU,2026-09-13T17:00:00+00:00,KXNFLRECYDS-26SEP13BUFHOU-HOUNCOLLINS12-120,KXNFLRECYDS-26SEP13BUFHOU,KXNFLRECYDS,receiving_yards,football_player,Nico Collins: 120+ receiving yards,FIRST_OBSERVED,2026-09-07T12:03:37.314325+00:00,2026-09-07T12:03:37.314325+00:00,0,0.02,0.16,0.84,0.98,market_object,PASS,
2026-09-07T12:03:37.314325+00:00,2026,1,2026_01_BUF_HOU,BUF@HOU,2026-09-13T17:00:00+00:00,KXNFLRECYDS-26SEP13BUFHOU-HOUNCOLLINS12-110,KXNFLRECYDS-26SEP13BUFHOU,KXNFLRECYDS,receiving_yards,football_player,Nico Collins: 110+ receiving yards,FIRST_OBSERVED,2026-09-07T12:03:37.314325+00:00,2026-09-07T12:03:37.314325+00:00,0,0.02,0.2,0.8,0.98,market_object,PASS,
2026-09-07T12:03:37.314325+00:00,2026,1,2026_01_BUF_HOU,BUF@HOU,2026-09-13T17:00:00+00:00,KXNFLRECYDS-26SEP13BUFHOU-HOUNCOLLINS12-100,KXNFLRECYDS-26SEP13BUFHOU,KXNFLRECYDS,receiving_yards,football_player,Nico Collins: 100+ receiving yards,FIRST_OBSERVED,2026-09-07T12:03:37.314325+00:00,2026-09-07T12:03:37.314325+00:00,0,0.02,0.26,0.74,0.98,market_object,PASS,
2026-09-07T12:03:37.314325+00:00,2026,1,2026_01_BUF_HOU,BUF@HOU,2026-09-13T17:00:00+00:00,KXNFLRECYDS-26SEP13BUFHOU-HOUKBOUTTE14-90,KXNFLRECYDS-26SEP13BUFHOU,KXNFLRECYDS,receiving_yards,football_player,Kayshon Boutte: 90+ receiving yards,FIRST_OBSERVED,2026-09-07T12:03:37.314325+00:00,2026-09-07T12:03:37.314325+00:00,0,0.02,0.07,0.9299999999999999,0.98,market_object,PASS,
2026-09-07T12:03:37.314325+00:00,2026,1,2026_01_BUF_HOU,BUF@HOU,2026-09-13T17:00:00+00:00,KXNFLRECYDS-26SEP13BUFHOU-HOUKBOUTTE14-80,KXNFLRECYDS-26SEP13BUFHOU,KXNFLRECYDS,receiving_yards,football_player,Kayshon Boutte: 80+ receiving yards,FIRST_OBSERVED,2026-09-07T12:03:37.314325+00:00,2026-09-07T12:03:37.314325+00:00,0,0.02,0.08,0.92,0.98,market_object,PASS,
2026-09-07T12:03:37.314325+00:00,2026,1,2026_01_BUF_HOU,BUF@HOU,2026-09-13T17:00:00+00:00,KXNFLRECYDS-26SEP13BUFHOU-HOUKBOUTTE14-70,KXNFLRECYDS-26SEP13BUFHOU,KXNFLRECYDS,receiving_yards,football_player,Kayshon Boutte: 70+ receiving yards,FIRST_OBSERVED,2026-09-07T12:03:37.314325+00:00,2026-09-07T12:03:37.314325+00:00,0,0.02,0.11,0.89,0.98,market_object,PASS,
2026-09-07T12:03:37.314325+00:00,2026,1,2026_01_BUF_HOU,BUF@HOU,2026-09-13T17:00:00+00:00,KXNFLRECYDS-26SEP13BUFHOU-HOUKBOUTTE14-60,KXNFLRECYDS-26SEP13BUFHOU,KXNFLRECYDS,receiving_yards,football_player,Kayshon Boutte: 60+ receiving yards,FIRST_OBSERVED,2026-09-07T12:03:37.314325+00:00,2026-09-07T12:03:37.314325+00:00,0,0.02,0.15,0.85,0.98,market_object,PASS,
2026-09-07T12:03:37.314325+00:00,2026,1,2026_01_BUF_HOU,BUF@HOU,2026-09-13T17:00:00+00:00,KXNFLRECYDS-26SEP13BUFHOU-HOUKBOUTTE14-50,KXNFLRECYDS-26SEP13BUFHOU,KXNFLRECYDS,receiving_yards,football_player,Kayshon Boutte: 50+ receiving yards,FIRST_OBSERVED,2026-09-07T12:03:37.314325+00:00,2026-09-07T12:03:37.314325+00:00,0,0.02,0.2,0.8,0.98,market_object,PASS,
2026-09-07T12:03:37.314325+00:00,2026,1,2026_01_BUF_HOU,BUF@HOU,2026-09-13T17:00:00+00:00,KXNFLRECYDS-26SEP13BUFHOU-HOUKBOUTTE14-40,KXNFLRECYDS-26SEP13BUFHOU,KXNFLRECYDS,receiving_yards,football_player,Kayshon Boutte: 40+ receiving yards,FIRST_OBSERVED,2026-09-07T12:03:37.314325+00:00,2026-09-07T12:03:37.314325+00:00,0,0.02,0.3,0.7,0.98,market_object,PASS,
2026-09-07T12:03:37.314325+00:00,2026,1,2026_01_BUF_HOU,BUF@HOU,2026-09-13T17:00:00+00:00,KXNFLRECYDS-26SEP13BUFHOU-HOUKBOUTTE14-25,KXNFLRECYDS-26SEP13BUFHOU,KXNFLRECYDS,receiving_yards,football_player,Kayshon Boutte: 25+ receiving yards,FIRST_OBSERVED,2026-09-07T12:03:37.314325+00:00,2026-09-07T12:03:37.314325+00:00,0,0.2,0.49,0.51,0.8,market_object,PASS,
2026-09-07T12:03:37.314325+00:00,2026,1,2026_01_BUF_HOU,BUF@HOU,2026-09-13T17:00:00+00:00,KXNFLRECYDS-26SEP13BUFHOU-HOUKBOUTTE14-15,KXNFLRECYDS-26SEP13BUFHOU,KXNFLRECYDS,receiving_yards,football_player,Kayshon Boutte: 15+ receiving yards,FIRST_OBSERVED,2026-09-07T12:03:37.314325+00:00,2026-09-07T12:03:37.314325+00:00,0,0.07,0.67,0.32999999999999996,0.9299999999999999,market_object,PASS,
2026-09-07T12:03:37.314325+00:00,2026,1,2026_01_BUF_HOU,BUF@HOU,2026-09-13T17:00:00+00:00,KXNFLRECYDS-26SEP13BUFHOU-HOUDSCHULTZ86-90,KXNFLRECYDS-26SEP13BUFHOU,KXNFLRECYDS,receiving_yards,football_player,Dalton Schultz: 90+ receiving yards,FIRST_OBSERVED,2026-09-07T12:03:37.314325+00:00,2026-09-07T12:03:37.314325+00:00,0,0.02,0.07,0.9299999999999999,0.98,market_object,PASS,
2026-09-07T12:03:37.314325+00:00,2026,1,2026_01_BUF_HOU,BUF@HOU,2026-09-13T17:00:00+00:00,KXNFLRECYDS-26SEP13BUFHOU-HOUDSCHULTZ86-80,KXNFLRECYDS-26SEP13BUFHOU,KXNFLRECYDS,receiving_yards,football_player,Dalton Schultz: 80+ receiving yards,FIRST_OBSERVED,2026-09-07T12:03:37.314325+00:00,2026-09-07T12:03:37.314325+00:00,0,0.02,0.09,0.91,0.98,market_object,PASS,
2026-09-07T12:03:37.314325+00:00,2026,1,2026_01_BUF_HOU,BUF@HOU,2026-09-13T17:00:00+00:00,KXNFLRECYDS-26SEP13BUFHOU-HOUDSCHULTZ86-70,KXNFLRECYDS-26SEP13BUFHOU,KXNFLRECYDS,receiving_yards,football_player,Dalton Schultz: 70+ receiving yards,FIRST_OBSERVED,2026-09-07T12:03:37.314325+00:00,2026-09-07T12:03:37.314325+00:00,0,0.02,0.1,0.9,0.98,market_object,PASS,
2026-09-07T12:03:37.314325+00:00,2026,1,2026_01_BUF_HOU,BUF@HOU,2026-09-13T17:00:00+00:00,KXNFLRECYDS-26SEP13BUFHOU-HOUDSCHULTZ86-60,KXNFLRECYDS-26SEP13BUFHOU,KXNFLRECYDS,receiving_yards,football_player,Dalton Schultz: 60+ receiving yards,FIRST_OBSERVED,2026-09-07T12:03:37.314325+00:00,2026-09-07T12:03:37.314325+00:00,0,0.13,0.18,0.8200000000000001,0.87,market_object,PASS,
2026-09-07T12:03:37.314325+00:00,2026,1,2026_01_BUF_HOU,BUF@HOU,2026-09-13T17:00:00+00:00,KXNFLRECYDS-26SEP13BUFHOU-HOUDSCHULTZ86-50,KXNFLRECYDS-26SEP13BUFHOU,KXNFLRECYDS,receiving_yards,football_player,Dalton Schultz: 50+ receiving yards,FIRST_OBSERVED,2026-09-07T12:03:37.314325+00:00,2026-09-07T12:03:37.314325+00:00,0,0.02,0.29,0.71,0.98,market_object,PASS,
2026-09-07T12:03:37.314325+00:00,2026,1,2026_01_BUF_HOU,BUF@HOU,2026-09-13T17:00:00+00:00,KXNFLRECYDS-26SEP13BUFHOU-HOUDSCHULTZ86-40,KXNFLRECYDS-26SEP13BUFHOU,KXNFLRECYDS,receiving_yards,football_player,Dalton Schultz: 40+ receiving yards,FIRST_OBSERVED,2026-09-07T12:03:37.314325+00:00,2026-09-07T12:03:37.314325+00:00,0,0.02,0.42,0.5800000000000001,0.98,market_object,PASS,
2026-09-07T12:03:37.314325+00:00,2026,1,2026_01_BUF_HOU,BUF@HOU,2026-09-13T17:00:00+00:00,KXNFLRECYDS-26SEP13BUFHOU-HOUDSCHULTZ86-25,KXNFLRECYDS-26SEP13BUFHOU,KXNFLRECYDS,receiving_yards,football_player,Dalton Schultz: 25+ receiving yards,FIRST_OBSERVED,2026-09-07T12:03:37.314325+00:00,2026-09-07T12:03:37.314325+00:00,0,0.02,0.68,0.31999999999999995,0.98,market_object,PASS,
2026-09-07T12:03:37.314325+00:00,2026,1,2026_01_BUF_HOU,BUF@HOU,2026-09-13T17:00:00+00:00,KXNFLRECYDS-26SEP13BUFHOU-HOUDSCHULTZ86-15,KXNFLRECYDS-26SEP13BUFHOU,KXNFLRECYDS,receiving_yards,football_player,Dalton Schultz: 15+ receiving yards,FIRST_OBSERVED,2026-09-07T12:03:37.314325+00:00,2026-09-07T12:03:37.314325+00:00,0,0.19,0.84,0.16000000000000003,0.81,market_object,PASS,
2026-09-07T12:03:37.314325+00:00,2026,1,2026_01_BUF_HOU,BUF@HOU,2026-09-13T17:00:00+00:00,KXNFLRECYDS-26SEP13BUFHOU-HOUDMONTGOMERY32-40,KXNFLRECYDS-26SEP13BUFHOU,KXNFLRECYDS,receiving_yards,football_player,David Montgomery: 40+ receiving yards,FIRST_OBSERVED,2026-09-07T12:03:37.314325+00:00,2026-09-07T12:03:37.314325+00:00,0,0.02,0.08,0.92,0.98,market_object,PASS,
2026-09-07T12:03:37.314325+00:00,2026,1,2026_01_BUF_HOU,BUF@HOU,2026-09-13T17:00:00+00:00,KXNFLRECYDS-26SEP13BUFHOU-HOUDMONTGOMERY32-25,KXNFLRECYDS-26SEP13BUFHOU,KXNFLRECYDS,receiving_yards,football_player,David Montgomery: 25+ receiving yards,FIRST_OBSERVED,2026-09-07T12:03:37.314325+00:00,2026-09-07T12:03:37.314325+00:00,0,0.02,0.17,0.83,0.98,market_object,PASS,
2026-09-07T12:03:37.314325+00:00,2026,1,2026_01_BUF_HOU,BUF@HOU,2026-09-13T17:00:00+00:00,KXNFLRECYDS-26SEP13BUFHOU-HOUDMONTGOMERY32-15,KXNFLRECYDS-26SEP13BUFHOU,KXNFLRECYDS,receiving_yards,football_player,David Montgomery: 15+ receiving yards,FIRST_OBSERVED,2026-09-07T12:03:37.314325+00:00,2026-09-07T12:03:37.314325+00:00,0,0.02,0.32,0.6799999999999999,0.98,market_object,PASS,
2026-09-07T12:03:37.314325+00:00,2026,1,2026_01_BUF_HOU,BUF@HOU,2026-09-13T17:00:00+00:00,KXNFLRECYDS-26SEP13BUFHOU-BUFDMOORE2-90,KXNFLRECYDS-26SEP13BUFHOU,KXNFLRECYDS,receiving_yards,football_player,DJ Moore: 90+ receiving yards,FIRST_OBSERVED,2026-09-07T12:03:37.314325+00:00,2026-09-07T12:03:37.314325+00:00,0,0.02,0.14,0.86,0.98,market_object,PASS,
2026-09-07T12:03:37.314325+00:00,2026,1,2026_01_BUF_HOU,BUF@HOU,2026-09-13T17:00:00+00:00,KXNFLRECYDS-26SEP13BUFHOU-BUFDMOORE2-80,KXNFLRECYDS-26SEP13BUFHOU,KXNFLRECYDS,receiving_yards,football_player,DJ Moore: 80+ receiving yards,FIRST_OBSERVED,2026-09-07T12:03:37.314325+00:00,2026-09-07T12:03:37.314325+00:00,0,0.02,0.2,0.8,0.98,market_object,PASS,
2026-09-07T12:03:37.314325+00:00,2026,1,2026_01_BUF_HOU,BUF@HOU,2026-09-13T17:00:00+00:00,KXNFLRECYDS-26SEP13BUFHOU-BUFDMOORE2-70,KXNFLRECYDS-26SEP13BUFHOU,KXNFLRECYDS,receiving_yards,football_player,DJ Moore: 70+ receiving yards,FIRST_OBSERVED,2026-09-07T12:03:37.314325+00:00,2026-09-07T12:03:37.314325+00:00,0,0.02,0.27,0.73,0.98,market_object,PASS,
2026-09-07T12:03:37.314325+00:00,2026,1,2026_01_BUF_HOU,BUF@HOU,2026-09-13T17:00:00+00:00,KXNFLRECYDS-26SEP13BUFHOU-BUFDMOORE2-60,KXNFLRECYDS-26SEP13BUFHOU,KXNFLRECYDS,receiving_yards,football_player,DJ Moore: 60+ receiving yards,FIRST_OBSERVED,2026-09-07T12:03:37.314325+00:00,2026-09-07T12:03:37.314325+00:00,0,0.02,0.37,0.63,0.98,market_object,PASS,
2026-09-07T12:03:37.314325+00:00,2026,1,2026_01_BUF_HOU,BUF@HOU,2026-09-13T17:00:00+00:00,KXNFLRECYDS-26SEP13BUFHOU-BUFDMOORE2-50,KXNFLRECYDS-26SEP13BUFHOU,KXNFLRECYDS,receiving_yards,football_player,DJ Moore: 50+ receiving yards,FIRST_OBSERVED,2026-09-07T12:03:37.314325+00:00,2026-09-07T12:03:37.314325+00:00,0,0.02,0.48,0.52,0.98,market_object,PASS,
2026-09-07T12:03:37.314325+00:00,2026,1,2026_01_BUF_HOU,BUF@HOU,2026-09-13T17:00:00+00:00,KXNFLRECYDS-26SEP13BUFHOU-BUFDMOORE2-40,KXNFLRECYDS-26SEP13BUFHOU,KXNFLRECYDS,receiving_yards,football_player,DJ Moore: 40+ receiving yards,FIRST_OBSERVED,2026-09-07T12:03:37.314325+00:00,2026-09-07T12:03:37.314325+00:00,0,0.02,0.6,0.4,0.98,market_object,PASS,
2026-09-07T12:03:37.314325+00:00,2026,1,2026_01_BUF_HOU,BUF@HOU,2026-09-13T17:00:00+00:00,KXNFLRECYDS-26SEP13BUFHOU-BUFDMOORE2-25,KXNFLRECYDS-26SEP13BUFHOU,KXNFLRECYDS,receiving_yards,football_player,DJ Moore: 25+ receiving yards,FIRST_OBSERVED,2026-09-07T12:03:37.314325+00:00,2026-09-07T12:03:37.314325+00:00,0,0.19,0.78,0.21999999999999997,0.81,market_object,PASS,
2026-09-07T12:03:37.314325+00:00,2026,1,2026_01_BUF_HOU,BUF@HOU,2026-09-13T17:00:00+00:00,KXNFLRECYDS-26SEP13BUFHOU-BUFDMOORE2-15,KXNFLRECYDS-26SEP13BUFHOU,KXNFLRECYDS,receiving_yards,football_player,DJ Moore: 15+ receiving yards,FIRST_OBSERVED,2026-09-07T12:03:37.314325+00:00,2026-09-07T12:03:37.314325+00:00,0,0.18,0.9,0.09999999999999998,0.8200000000000001,market_object,PASS,
2026-09-07T12:03:37.314325+00:00,2026,1,2026_01_BUF_HOU,BUF@HOU,2026-09-13T17:00:00+00:00,KXNFLRECYDS-26SEP13BUFHOU-BUFDMOORE2-120,KXNFLRECYDS-26SEP13BUFHOU,KXNFLRECYDS,receiving_yards,football_player,DJ Moore: 120+ receiving yards,FIRST_OBSERVED,2026-09-07T12:03:37.314325+00:00,2026-09-07T12:03:37.314325+00:00,0,0.02,0.06,0.94,0.98,market_object,PASS,
2026-09-07T12:03:37.314325+00:00,2026,1,2026_01_BUF_HOU,BUF@HOU,2026-09-13T17:00:00+00:00,KXNFLRECYDS-26SEP13BUFHOU-BUFDMOORE2-110,KXNFLRECYDS-26SEP13BUFHOU,KXNFLRECYDS,receiving_yards,football_player,DJ Moore: 110+ receiving yards,FIRST_OBSERVED,2026-09-07T12:03:37.314325+00:00,2026-09-07T12:03:37.314325+00:00,0,0.02,0.07,0.9299999999999999,0.98,market_object,PASS,
2026-09-07T12:03:37.314325+00:00,2026,1,2026_01_BUF_HOU,BUF@HOU,2026-09-13T17:00:00+00:00,KXNFLRECYDS-26SEP13BUFHOU-BUFDMOORE2-100,KXNFLRECYDS-26SEP13BUFHOU,KXNFLRECYDS,receiving_yards,football_player,DJ Moore: 100+ receiving yards,FIRST_OBSERVED,2026-09-07T12:03:37.314325+00:00,2026-09-07T12:03:37.314325+00:00,0,0.02,0.1,0.9,0.98,market_object,PASS,
2026-09-07T12:03:37.314325+00:00,2026,1,2026_01_BUF_HOU,BUF@HOU,2026-09-13T17:00:00+00:00,KXNFLRECYDS-26SEP13BUFHOU-BUFDKINCAID86-90,KXNFLRECYDS-26SEP13BUFHOU,KXNFLRECYDS,receiving_yards,football_player,Dalton Kincaid: 90+ receiving yards,FIRST_OBSERVED,2026-09-07T12:03:37.314325+00:00,2026-09-07T12:03:37.314325+00:00,0,0.02,0.1,0.9,0.98,market_object,PASS,
2026-09-07T12:03:37.314325+00:00,2026,1,2026_01_BUF_HOU,BUF@HOU,2026-09-13T17:00:00+00:00,KXNFLRECYDS-26SEP13BUFHOU-BUFDKINCAID86-80,KXNFLRECYDS-26SEP13BUFHOU,KXNFLRECYDS,receiving_yards,football_player,Dalton Kincaid: 80+ receiving yards,FIRST_OBSERVED,2026-09-07T12:03:37.314325+00:00,2026-09-07T12:03:37.314325+00:00,0,0.02,0.12,0.88,0.98,market_object,PASS,
2026-09-07T12:03:37.314325+00:00,2026,1,2026_01_BUF_HOU,BUF@HOU,2026-09-13T17:00:00+00:00,KXNFLRECYDS-26SEP13BUFHOU-BUFDKINCAID86-70,KXNFLRECYDS-26SEP13BUFHOU,KXNFLRECYDS,receiving_yards,football_player,Dalton Kincaid: 70+ receiving yards,FIRST_OBSERVED,2026-09-07T12:03:37.314325+00:00,2026-09-07T12:03:37.314325+00:00,0,0.02,0.17,0.83,0.98,market_object,PASS,
2026-09-07T12:03:37.314325+00:00,2026,1,2026_01_BUF_HOU,BUF@HOU,2026-09-13T17:00:00+00:00,KXNFLRECYDS-26SEP13BUFHOU-BUFDKINCAID86-60,KXNFLRECYDS-26SEP13BUFHOU,KXNFLRECYDS,receiving_yards,football_player,Dalton Kincaid: 60+ receiving yards,FIRST_OBSERVED,2026-09-07T12:03:37.314325+00:00,2026-09-07T12:03:37.314325+00:00,0,0.02,0.27,0.73,0.98,market_object,PASS,
2026-09-07T12:03:37.314325+00:00,2026,1,2026_01_BUF_HOU,BUF@HOU,2026-09-13T17:00:00+00:00,KXNFLRECYDS-26SEP13BUFHOU-BUFDKINCAID86-50,KXNFLRECYDS-26SEP13BUFHOU,KXNFLRECYDS,receiving_yards,football_player,Dalton Kincaid: 50+ receiving yards,FIRST_OBSERVED,2026-09-07T12:03:37.314325+00:00,2026-09-07T12:03:37.314325+00:00,0,0.03,0.36,0.64,0.97,market_object,PASS,
2026-09-07T12:03:37.314325+00:00,2026,1,2026_01_BUF_HOU,BUF@HOU,2026-09-13T17:00:00+00:00,KXNFLRECYDS-26SEP13BUFHOU-BUFDKINCAID86-40,KXNFLRECYDS-26SEP13BUFHOU,KXNFLRECYDS,receiving_yards,football_player,Dalton Kincaid: 40+ receiving yards,FIRST_OBSERVED,2026-09-07T12:03:37.314325+00:00,2026-09-07T12:03:37.314325+00:00,0,0.02,0.49,0.51,0.98,market_object,PASS,
2026-09-07T12:03:37.314325+00:00,2026,1,2026_01_BUF_HOU,BUF@HOU,2026-09-13T17:00:00+00:00,KXNFLRECYDS-26SEP13BUFHOU-BUFDKINCAID86-25,KXNFLRECYDS-26SEP13BUFHOU,KXNFLRECYDS,receiving_yards,football_player,Dalton Kincaid: 25+ receiving yards,FIRST_OBSERVED,2026-09-07T12:03:37.314325+00:00,2026-09-07T12:03:37.314325+00:00,0,0.18,0.71,0.29000000000000004,0.8200000000000001,market_object,PASS,
2026-09-07T12:03:37.314325+00:00,2026,1,2026_01_BUF_HOU,BUF@HOU,2026-09-13T17:00:00+00:00,KXNFLRECYDS-26SEP13BUFHOU-BUFDKINCAID86-15,KXNFLRECYDS-26SEP13BUFHOU,KXNFLRECYDS,receiving_yards,football_player,Dalton Kincaid: 15+ receiving yards,FIRST_OBSERVED,2026-09-07T12:03:37.314325+00:00,2026-09-07T12:03:37.314325+00:00,0,0.18,0.85,0.15000000000000002,0.8200000000000001,market_object,PASS,
2026-09-07T12:03:37.314325+00:00,2026,1,2026_01_BUF_HOU,BUF@HOU,2026-09-13T17:00:00+00:00,KXNFLRECYDS-26SEP13BUFHOU-BUFDKINCAID86-100,KXNFLRECYDS-26SEP13BUFHOU,KXNFLRECYDS,receiving_yards,football_player,Dalton Kincaid: 100+ receiving yards,FIRST_OBSERVED,2026-09-07T12:03:37.314325+00:00,2026-09-07T12:03:37.314325+00:00,0,0.02,0.06,0.94,0.98,market_object,PASS,
2026-09-07T12:03:37.314325+00:00,2026,1,2026_01_NO_DET,NO@DET,2026-09-13T17:00:00+00:00,KXNFLRECYDS-26SEP13NODET-NOJJOHNSON83-90,KXNFLRECYDS-26SEP13NODET,KXNFLRECYDS,receiving_yards,football_player,Juwan Johnson: 90+ receiving yards,FIRST_OBSERVED,2026-09-07T12:03:37.314325+00:00,2026-09-07T12:03:37.314325+00:00,0,0.02,0.1,0.9,0.98,market_object,PASS,
2026-09-07T12:03:37.314325+00:00,2026,1,2026_01_NO_DET,NO@DET,2026-09-13T17:00:00+00:00,KXNFLRECYDS-26SEP13NODET-NOJJOHNSON83-80,KXNFLRECYDS-26SEP13NODET,KXNFLRECYDS,receiving_yards,football_player,Juwan Johnson: 80+ receiving yards,FIRST_OBSERVED,2026-09-07T12:03:37.314325+00:00,2026-09-07T12:03:37.314325+00:00,0,0.02,0.16,0.84,0.98,market_object,PASS,
2026-09-07T12:03:37.314325+00:00,2026,1,2026_01_NO_DET,NO@DET,2026-09-13T17:00:00+00:00,KXNFLRECYDS-26SEP13NODET-NOJJOHNSON83-70,KXNFLRECYDS-26SEP13NODET,KXNFLRECYDS,receiving_yards,football_player,Juwan Johnson: 70+ receiving yards,FIRST_OBSERVED,2026-09-07T12:03:37.314325+00:00,2026-09-07T12:03:37.314325+00:00,0,0.02,0.22,0.78,0.98,market_object,PASS,
2026-09-07T12:03:37.314325+00:00,2026,1,2026_01_NO_DET,NO@DET,2026-09-13T17:00:00+00:00,KXNFLRECYDS-26SEP13NODET-NOJJOHNSON83-60,KXNFLRECYDS-26SEP13NODET,KXNFLRECYDS,receiving_yards,football_player,Juwan Johnson: 60+ receiving yards,FIRST_OBSERVED,2026-09-07T12:03:37.314325+00:00,2026-09-07T12:03:37.314325+00:00,0,0.12,0.3,0.7,0.88,market_object,PASS,
2026-09-07T12:03:37.314325+00:00,2026,1,2026_01_NO_DET,NO@DET,2026-09-13T17:00:00+00:00,KXNFLRECYDS-26SEP13NODET-NOJJOHNSON83-50,KXNFLRECYDS-26SEP13NODET,KXNFLRECYDS,receiving_yards,football_player,Juwan Johnson: 50+ receiving yards,FIRST_OBSERVED,2026-09-07T12:03:37.314325+00:00,2026-09-07T12:03:37.314325+00:00,0,0.12,0.44,0.56,0.88,market_object,PASS,
2026-09-07T12:03:37.314325+00:00,2026,1,2026_01_NO_DET,NO@DET,2026-09-13T17:00:00+00:00,KXNFLRECYDS-26SEP13NODET-NOJJOHNSON83-40,KXNFLRECYDS-26SEP13NODET,KXNFLRECYDS,receiving_yards,football_player,Juwan Johnson: 40+ receiving yards,FIRST_OBSERVED,2026-09-07T12:03:37.314325+00:00,2026-09-07T12:03:37.314325+00:00,0,0.12,0.56,0.43999999999999995,0.88,market_object,PASS,
2026-09-07T12:03:37.314325+00:00,2026,1,2026_01_NO_DET,NO@DET,2026-09-13T17:00:00+00:00,KXNFLRECYDS-26SEP13NODET-NOJJOHNSON83-25,KXNFLRECYDS-26SEP13NODET,KXNFLRECYDS,receiving_yards,football_player,Juwan Johnson: 25+ receiving yards,FIRST_OBSERVED,2026-09-07T12:03:37.314325+00:00,2026-09-07T12:03:37.314325+00:00,0,0.3,0.76,0.24,0.7,market_object,PASS,
2026-09-07T12:03:37.314325+00:00,2026,1,2026_01_NO_DET,NO@DET,2026-09-13T17:00:00+00:00,KXNFLRECYDS-26SEP13NODET-NOJJOHNSON83-15,KXNFLRECYDS-26SEP13NODET,KXNFLRECYDS,receiving_yards,football_player,Juwan Johnson: 15+ receiving yards,FIRST_OBSERVED,2026-09-07T12:03:37.314325+00:00,2026-09-07T12:03:37.314325+00:00,0,0.3,0.88,0.12,0.7,market_object,PASS,
2026-09-07T12:03:37.314325+00:00,2026,1,2026_01_NO_DET,NO@DET,2026-09-13T17:00:00+00:00,KXNFLRECYDS-26SEP13NODET-NOJJOHNSON83-110,KXNFLRECYDS-26SEP13NODET,KXNFLRECYDS,receiving_yards,football_player,Juwan Johnson: 110+ receiving yards,FIRST_OBSERVED,2026-09-07T12:03:37.314325+00:00,2026-09-07T12:03:37.314325+00:00,0,0.02,0.05,0.95,0.98,market_object,PASS,
2026-09-07T12:03:37.314325+00:00,2026,1,2026_01_NO_DET,NO@DET,2026-09-13T17:00:00+00:00,KXNFLRECYDS-26SEP13NODET-NOJJOHNSON83-100,KXNFLRECYDS-26SEP13NODET,KXNFLRECYDS,receiving_yards,football_player,Juwan Johnson: 100+ receiving yards,FIRST_OBSERVED,2026-09-07T12:03:37.314325+00:00,2026-09-07T12:03:37.314325+00:00,0,0.02,0.08,0.92,0.98,market_object,PASS,
2026-09-07T12:03:37.314325+00:00,2026,1,2026_01_NO_DET,NO@DET,2026-09-13T17:00:00+00:00,KXNFLRECYDS-26SEP13NODET-NOCOLAVE12-90,KXNFLRECYDS-26SEP13NODET,KXNFLRECYDS,receiving_yards,football_player,Chris Olave: 90+ receiving yards,FIRST_OBSERVED,2026-09-07T12:03:37.314325+00:00,2026-09-07T12:03:37.314325+00:00,0,0.02,0.41,0.5900000000000001,0.98,market_object,PASS,
2026-09-07T12:03:37.314325+00:00,2026,1,2026_01_NO_DET,NO@DET,2026-09-13T17:00:00+00:00,KXNFLRECYDS-26SEP13NODET-NOCOLAVE12-80,KXNFLRECYDS-26SEP13NODET,KXNFLRECYDS,receiving_yards,football_player,Chris Olave: 80+ receiving yards,FIRST_OBSERVED,2026-09-07T12:03:37.314325+00:00,2026-09-07T12:03:37.314325+00:00,0,0.21,0.5,0.5,0.79,market_object,PASS,
2026-09-07T12:03:37.314325+00:00,2026,1,2026_01_NO_DET,NO@DET,2026-09-13T17:00:00+00:00,KXNFLRECYDS-26SEP13NODET-NOCOLAVE12-70,KXNFLRECYDS-26SEP13NODET,KXNFLRECYDS,receiving_yards,football_player,Chris Olave: 70+ receiving yards,FIRST_OBSERVED,2026-09-07T12:03:37.314325+00:00,2026-09-07T12:03:37.314325+00:00,0,0.09,0.59,0.41000000000000003,0.91,market_object,PASS,
2026-09-07T12:03:37.314325+00:00,2026,1,2026_01_NO_DET,NO@DET,2026-09-13T17:00:00+00:00,KXNFLRECYDS-26SEP13NODET-NOCOLAVE12-60,KXNFLRECYDS-26SEP13NODET,KXNFLRECYDS,receiving_yards,football_player,Chris Olave: 60+ receiving yards,FIRST_OBSERVED,2026-09-07T12:03:37.314325+00:00,2026-09-07T12:03:37.314325+00:00,0,0.2,0.68,0.31999999999999995,0.8,market_object,PASS,
2026-09-07T12:03:37.314325+00:00,2026,1,2026_01_NO_DET,NO@DET,2026-09-13T17:00:00+00:00,KXNFLRECYDS-26SEP13NODET-NOCOLAVE12-50,KXNFLRECYDS-26SEP13NODET,KXNFLRECYDS,receiving_yards,football_player,Chris Olave: 50+ receiving yards,FIRST_OBSERVED,2026-09-07T12:03:37.314325+00:00,2026-09-07T12:03:37.314325+00:00,0,0.2,0.79,0.20999999999999996,0.8,market_object,PASS,
2026-09-07T12:03:37.314325+00:00,2026,1,2026_01_NO_DET,NO@DET,2026-09-13T17:00:00+00:00,KXNFLRECYDS-26SEP13NODET-NOCOLAVE12-40,KXNFLRECYDS-26SEP13NODET,KXNFLRECYDS,receiving_yards,football_player,Chris Olave: 40+ receiving yards,FIRST_OBSERVED,2026-09-07T12:03:37.314325+00:00,2026-09-07T12:03:37.314325+00:00,0,0.2,0.86,0.14,0.8,market_object,PASS,
2026-09-07T12:03:37.314325+00:00,2026,1,2026_01_NO_DET,NO@DET,2026-09-13T17:00:00+00:00,KXNFLRECYDS-26SEP13NODET-NOCOLAVE12-170,KXNFLRECYDS-26SEP13NODET,KXNFLRECYDS,receiving_yards,football_player,Chris Olave: 170+ receiving yards,FIRST_OBSERVED,2026-09-07T12:03:37.314325+00:00,2026-09-07T12:03:37.314325+00:00,0,0.02,0.05,0.95,0.98,market_object,PASS,
2026-09-07T12:03:37.314325+00:00,2026,1,2026_01_NO_DET,NO@DET,2026-09-13T17:00:00+00:00,KXNFLRECYDS-26SEP13NODET-NOCOLAVE12-160,KXNFLRECYDS-26SEP13NODET,KXNFLRECYDS,receiving_yards,football_player,Chris Olave: 160+ receiving yards,FIRST_OBSERVED,2026-09-07T12:03:37.314325+00:00,2026-09-07T12:03:37.314325+00:00,0,0.02,0.05,0.95,0.98,market_object,PASS,
2026-09-07T12:03:37.314325+00:00,2026,1,2026_01_NO_DET,NO@DET,2026-09-13T17:00:00+00:00,KXNFLRECYDS-26SEP13NODET-NOCOLAVE12-150,KXNFLRECYDS-26SEP13NODET,KXNFLRECYDS,receiving_yards,football_player,Chris Olave: 150+ receiving yards,FIRST_OBSERVED,2026-09-07T12:03:37.314325+00:00,2026-09-07T12:03:37.314325+00:00,0,0.02,0.08,0.92,0.98,market_object,PASS,
2026-09-07T12:03:37.314325+00:00,2026,1,2026_01_NO_DET,NO@DET,2026-09-13T17:00:00+00:00,KXNFLRECYDS-26SEP13NODET-NOCOLAVE12-140,KXNFLRECYDS-26SEP13NODET,KXNFLRECYDS,receiving_yards,football_player,Chris Olave: 140+ receiving yards,FIRST_OBSERVED,2026-09-07T12:03:37.314325+00:00,2026-09-07T12:03:37.314325+00:00,0,0.02,0.11,0.89,0.98,market_object,PASS,
2026-09-07T12:03:37.314325+00:00,2026,1,2026_01_NO_DET,NO@DET,2026-09-13T17:00:00+00:00,KXNFLRECYDS-26SEP13NODET-NOCOLAVE12-130,KXNFLRECYDS-26SEP13NODET,KXNFLRECYDS,receiving_yards,football_player,Chris Olave: 130+ receiving yards,FIRST_OBSERVED,2026-09-07T12:03:37.314325+00:00,2026-09-07T12:03:37.314325+00:00,0,0.02,0.15,0.85,0.98,market_object,PASS,
2026-09-07T12:03:37.314325+00:00,2026,1,2026_01_NO_DET,NO@DET,2026-09-13T17:00:00+00:00,KXNFLRECYDS-26SEP13NODET-NOCOLAVE12-120,KXNFLRECYDS-26SEP13NODET,KXNFLRECYDS,receiving_yards,football_player,Chris Olave: 120+ receiving yards,FIRST_OBSERVED,2026-09-07T12:03:37.314325+00:00,2026-09-07T12:03:37.314325+00:00,0,0.02,0.18,0.8200000000000001,0.98,market_object,PASS,
2026-09-07T12:03:37.314325+00:00,2026,1,2026_01_NO_DET,NO@DET,2026-09-13T17:00:00+00:00,KXNFLRECYDS-26SEP13NODET-NOCOLAVE12-110,KXNFLRECYDS-26SEP13NODET,KXNFLRECYDS,receiving_yards,football_player,Chris Olave: 110+ receiving yards,FIRST_OBSERVED,2026-09-07T12:03:37.314325+00:00,2026-09-07T12:03:37.314325+00:00,0,0.02,0.25,0.75,0.98,market_object,PASS,
2026-09-07T12:03:37.314325+00:00,2026,1,2026_01_NO_DET,NO@DET,2026-09-13T17:00:00+00:00,KXNFLRECYDS-26SEP13NODET-NOCOLAVE12-100,KXNFLRECYDS-26SEP13NODET,KXNFLRECYDS,receiving_yards,football_player,Chris Olave: 100+ receiving yards,FIRST_OBSERVED,2026-09-07T12:03:37.314325+00:00,2026-09-07T12:03:37.314325+00:00,0,0.02,0.3,0.7,0.98,market_object,PASS,
2026-09-07T12:03:37.314325+00:00,2026,1,2026_01_NO_DET,NO@DET,2026-09-13T17:00:00+00:00,KXNFLRECYDS-26SEP13NODET-DETJWILLIAMS1-90,KXNFLRECYDS-26SEP13NODET,KXNFLRECYDS,receiving_yards,football_player,Jameson Williams: 90+ receiving yards,FIRST_OBSERVED,2026-09-07T12:03:37.314325+00:00,2026-09-07T12:03:37.314325+00:00,0,0.13,0.23,0.77,0.87,market_object,PASS,
2026-09-07T12:03:37.314325+00:00,2026,1,2026_01_NO_DET,NO@DET,2026-09-13T17:00:00+00:00,KXNFLRECYDS-26SEP13NODET-DETJWILLIAMS1-80,KXNFLRECYDS-26SEP13NODET,KXNFLRECYDS,receiving_yards,football_player,Jameson Williams: 80+ receiving yards,FIRST_OBSERVED,2026-09-07T12:03:37.314325+00:00,2026-09-07T12:03:37.314325+00:00,0,0.02,0.31,0.69,0.98,market_object,PASS,
2026-09-07T12:03:37.314325+00:00,2026,1,2026_01_NO_DET,NO@DET,2026-09-13T17:00:00+00:00,KXNFLRECYDS-26SEP13NODET-DETJWILLIAMS1-70,KXNFLRECYDS-26SEP13NODET,KXNFLRECYDS,receiving_yards,football_player,Jameson Williams: 70+ receiving yards,FIRST_OBSERVED,2026-09-07T12:03:37.314325+00:00,2026-09-07T12:03:37.314325+00:00,0,0.02,0.41,0.5900000000000001,0.98,market_object,PASS,
2026-09-07T12:03:37.314325+00:00,2026,1,2026_01_NO_DET,NO@DET,2026-09-13T17:00:00+00:00,KXNFLRECYDS-26SEP13NODET-DETJWILLIAMS1-60,KXNFLRECYDS-26SEP13NODET,KXNFLRECYDS,receiving_yards,football_player,Jameson Williams: 60+ receiving yards,FIRST_OBSERVED,2026-09-07T12:03:37.314325+00:00,2026-09-07T12:03:37.314325+00:00,0,0.2,0.51,0.49,0.8,market_object,PASS,
2026-09-07T12:03:37.314325+00:00,2026,1,2026_01_NO_DET,NO@DET,2026-09-13T17:00:00+00:00,KXNFLRECYDS-26SEP13NODET-DETJWILLIAMS1-50,KXNFLRECYDS-26SEP13NODET,KXNFLRECYDS,receiving_yards,football_player,Jameson Williams: 50+ receiving yards,FIRST_OBSERVED,2026-09-07T12:03:37.314325+00:00,2026-09-07T12:03:37.314325+00:00,0,0.07,0.6,0.4,0.9299999999999999,market_object,PASS,
2026-09-07T12:03:37.314325+00:00,2026,1,2026_01_NO_DET,NO@DET,2026-09-13T17:00:00+00:00,KXNFLRECYDS-26SEP13NODET-DETJWILLIAMS1-40,KXNFLRECYDS-26SEP13NODET,KXNFLRECYDS,receiving_yards,football_player,Jameson Williams: 40+ receiving yards,FIRST_OBSERVED,2026-09-07T12:03:37.314325+00:00,2026-09-07T12:03:37.314325+00:00,0,0.07,0.72,0.28,0.9299999999999999,market_object,PASS,
2026-09-07T12:03:37.314325+00:00,2026,1,2026_01_NO_DET,NO@DET,2026-09-13T17:00:00+00:00,KXNFLRECYDS-26SEP13NODET-DETJWILLIAMS1-25,KXNFLRECYDS-26SEP13NODET,KXNFLRECYDS,receiving_yards,football_player,Jameson Williams: 25+ receiving yards,FIRST_OBSERVED,2026-09-07T12:03:37.314325+00:00,2026-09-07T12:03:37.314325+00:00,0,0.18,0.88,0.12,0.8200000000000001,market_object,PASS,
2026-09-07T12:03:37.314325+00:00,2026,1,2026_01_NO_DET,NO@DET,2026-09-13T17:00:00+00:00,KXNFLRECYDS-26SEP13NODET-DETJWILLIAMS1-130,KXNFLRECYDS-26SEP13NODET,KXNFLRECYDS,receiving_yards,football_player,Jameson Williams: 130+ receiving yards,FIRST_OBSERVED,2026-09-07T12:03:37.314325+00:00,2026-09-07T12:03:37.314325+00:00,0,0.02,0.07,0.9299999999999999,0.98,market_object,PASS,
2026-09-07T12:03:37.314325+00:00,2026,1,2026_01_NO_DET,NO@DET,2026-09-13T17:00:00+00:00,KXNFLRECYDS-26SEP13NODET-DETJWILLIAMS1-120,KXNFLRECYDS-26SEP13NODET,KXNFLRECYDS,receiving_yards,football_player,Jameson Williams: 120+ receiving yards,FIRST_OBSERVED,2026-09-07T12:03:37.314325+00:00,2026-09-07T12:03:37.314325+00:00,0,0.02,0.07,0.9299999999999999,0.98,market_object,PASS,
2026-09-07T12:03:37.314325+00:00,2026,1,2026_01_NO_DET,NO@DET,2026-09-13T17:00:00+00:00,KXNFLRECYDS-26SEP13NODET-DETJWILLIAMS1-110,KXNFLRECYDS-26SEP13NODET,KXNFLRECYDS,receiving_yards,football_player,Jameson Williams: 110+ receiving yards,FIRST_OBSERVED,2026-09-07T12:03:37.314325+00:00,2026-09-07T12:03:37.314325+00:00,0,0.02,0.11,0.89,0.98,market_object,PASS,
2026-09-07T12:03:37.314325+00:00,2026,1,2026_01_NO_DET,NO@DET,2026-09-13T17:00:00+00:00,KXNFLRECYDS-26SEP13NODET-DETJWILLIAMS1-100,KXNFLRECYDS-26SEP13NODET,KXNFLRECYDS,receiving_yards,football_player,Jameson Williams: 100+ receiving yards,FIRST_OBSERVED,2026-09-07T12:03:37.314325+00:00,2026-09-07T12:03:37.314325+00:00,0,0.02,0.18,0.8200000000000001,0.98,market_object,PASS,
2026-09-07T12:03:37.314325+00:00,2026,1,2026_01_NO_DET,NO@DET,2026-09-13T17:00:00+00:00,KXNFLRECYDS-26SEP13NODET-DETJGIBBS0-80,KXNFLRECYDS-26SEP13NODET,KXNFLRECYDS,receiving_yards,football_player,Jahmyr Gibbs: 80+ receiving yards,FIRST_OBSERVED,2026-09-07T12:03:37.314325+00:00,2026-09-07T12:03:37.314325+00:00,0,0.02,0.07,0.9299999999999999,0.98,market_object,PASS,
2026-09-07T12:03:37.314325+00:00,2026,1,2026_01_NO_DET,NO@DET,2026-09-13T17:00:00+00:00,KXNFLRECYDS-26SEP13NODET-DETJGIBBS0-70,KXNFLRECYDS-26SEP13NODET,KXNFLRECYDS,receiving_yards,football_player,Jahmyr Gibbs: 70+ receiving yards,FIRST_OBSERVED,2026-09-07T12:03:37.314325+00:00,2026-09-07T12:03:37.314325+00:00,0,0.02,0.1,0.9,0.98,market_object,PASS,
2026-09-07T12:03:37.314325+00:00,2026,1,2026_01_NO_DET,NO@DET,2026-09-13T17:00:00+00:00,KXNFLRECYDS-26SEP13NODET-DETJGIBBS0-60,KXNFLRECYDS-26SEP13NODET,KXNFLRECYDS,receiving_yards,football_player,Jahmyr Gibbs: 60+ receiving yards,FIRST_OBSERVED,2026-09-07T12:03:37.314325+00:00,2026-09-07T12:03:37.314325+00:00,0,0.02,0.15,0.85,0.98,market_object,PASS,
2026-09-07T12:03:37.314325+00:00,2026,1,2026_01_NO_DET,NO@DET,2026-09-13T17:00:00+00:00,KXNFLRECYDS-26SEP13NODET-DETJGIBBS0-50,KXNFLRECYDS-26SEP13NODET,KXNFLRECYDS,receiving_yards,football_player,Jahmyr Gibbs: 50+ receiving yards,FIRST_OBSERVED,2026-09-07T12:03:37.314325+00:00,2026-09-07T12:03:37.314325+00:00,0,0.02,0.25,0.75,0.98,market_object,PASS,
2026-09-07T12:03:37.314325+00:00,2026,1,2026_01_NO_DET,NO@DET,2026-09-13T17:00:00+00:00,KXNFLRECYDS-26SEP13NODET-DETJGIBBS0-40,KXNFLRECYDS-26SEP13NODET,KXNFLRECYDS,receiving_yards,football_player,Jahmyr Gibbs: 40+ receiving yards,FIRST_OBSERVED,2026-09-07T12:03:37.314325+00:00,2026-09-07T12:03:37.314325+00:00,0,0.02,0.37,0.63,0.98,market_object,PASS,
2026-09-07T12:03:37.314325+00:00,2026,1,2026_01_NO_DET,NO@DET,2026-09-13T17:00:00+00:00,KXNFLRECYDS-26SEP13NODET-DETJGIBBS0-30,KXNFLRECYDS-26SEP13NODET,KXNFLRECYDS,receiving_yards,football_player,Jahmyr Gibbs: 30+ receiving yards,FIRST_OBSERVED,2026-09-07T12:03:37.314325+00:00,2026-09-07T12:03:37.314325+00:00,0,0.02,0.55,0.44999999999999996,0.98,market_object,PASS,
2026-09-07T12:03:37.314325+00:00,2026,1,2026_01_NO_DET,NO@DET,2026-09-13T17:00:00+00:00,KXNFLRECYDS-26SEP13NODET-DETJGIBBS0-25,KXNFLRECYDS-26SEP13NODET,KXNFLRECYDS,receiving_yards,football_player,Jahmyr Gibbs: 25+ receiving yards,FIRST_OBSERVED,2026-09-07T12:03:37.314325+00:00,2026-09-07T12:03:37.314325+00:00,0,0.02,0.63,0.37,0.98,market_object,PASS,
2026-09-07T12:03:37.314325+00:00,2026,1,2026_01_NO_DET,NO@DET,2026-09-13T17:00:00+00:00,KXNFLRECYDS-26SEP13NODET-DETJGIBBS0-15,KXNFLRECYDS-26SEP13NODET,KXNFLRECYDS,receiving_yards,football_player,Jahmyr Gibbs: 15+ receiving yards,FIRST_OBSERVED,2026-09-07T12:03:37.314325+00:00,2026-09-07T12:03:37.314325+00:00,0,0.72,0.82,0.18000000000000005,0.28,market_object,PASS,
2026-09-07T12:03:37.314325+00:00,2026,1,2026_01_NO_DET,NO@DET,2026-09-13T17:00:00+00:00,KXNFLRECYDS-26SEP13NODET-DETASTBROWN14-90,KXNFLRECYDS-26SEP13NODET,KXNFLRECYDS,receiving_yards,football_player,Amon-Ra St. Brown: 90+ receiving yards,FIRST_OBSERVED,2026-09-07T12:03:37.314325+00:00,2026-09-07T12:03:37.314325+00:00,0,0.02,0.4,0.6,0.98,market_object,PASS,
2026-09-07T12:03:37.314325+00:00,2026,1,2026_01_NO_DET,NO@DET,2026-09-13T17:00:00+00:00,KXNFLRECYDS-26SEP13NODET-DETASTBROWN14-80,KXNFLRECYDS-26SEP13NODET,KXNFLRECYDS,receiving_yards,football_player,Amon-Ra St. Brown: 80+ receiving yards,FIRST_OBSERVED,2026-09-07T12:03:37.314325+00:00,2026-09-07T12:03:37.314325+00:00,0,0.2,0.5,0.5,0.8,market_object,PASS,
2026-09-07T12:03:37.314325+00:00,2026,1,2026_01_NO_DET,NO@DET,2026-09-13T17:00:00+00:00,KXNFLRECYDS-26SEP13NODET-DETASTBROWN14-70,KXNFLRECYDS-26SEP13NODET,KXNFLRECYDS,receiving_yards,football_player,Amon-Ra St. Brown: 70+ receiving yards,FIRST_OBSERVED,2026-09-07T12:03:37.314325+00:00,2026-09-07T12:03:37.314325+00:00,0,0.07,0.6,0.4,0.9299999999999999,market_object,PASS,
2026-09-07T12:03:37.314325+00:00,2026,1,2026_01_NO_DET,NO@DET,2026-09-13T17:00:00+00:00,KXNFLRECYDS-26SEP13NODET-DETASTBROWN14-60,KXNFLRECYDS-26SEP13NODET,KXNFLRECYDS,receiving_yards,football_player,Amon-Ra St. Brown: 60+ receiving yards,FIRST_OBSERVED,2026-09-07T12:03:37.314325+00:00,2026-09-07T12:03:37.314325+00:00,0,0.07,0.69,0.31000000000000005,0.9299999999999999,market_object,PASS,
2026-09-07T12:03:37.314325+00:00,2026,1,2026_01_NO_DET,NO@DET,2026-09-13T17:00:00+00:00,KXNFLRECYDS-26SEP13NODET-DETASTBROWN14-50,KXNFLRECYDS-26SEP13NODET,KXNFLRECYDS,receiving_yards,football_player,Amon-Ra St. Brown: 50+ receiving yards,FIRST_OBSERVED,2026-09-07T12:03:37.314325+00:00,2026-09-07T12:03:37.314325+00:00,0,0.18,0.79,0.20999999999999996,0.8200000000000001,market_object,PASS,
2026-09-07T12:03:37.314325+00:00,2026,1,2026_01_NO_DET,NO@DET,2026-09-13T17:00:00+00:00,KXNFLRECYDS-26SEP13NODET-DETASTBROWN14-40,KXNFLRECYDS-26SEP13NODET,KXNFLRECYDS,receiving_yards,football_player,Amon-Ra St. Brown: 40+ receiving yards,FIRST_OBSERVED,2026-09-07T12:03:37.314325+00:00,2026-09-07T12:03:37.314325+00:00,0,0.8,0.87,0.13,0.19999999999999996,market_object,PASS,
2026-09-07T12:03:37.314325+00:00,2026,1,2026_01_NO_DET,NO@DET,2026-09-13T17:00:00+00:00,KXNFLRECYDS-26SEP13NODET-DETASTBROWN14-160,KXNFLRECYDS-26SEP13NODET,KXNFLRECYDS,receiving_yards,football_player,Amon-Ra St. Brown: 160+ receiving yards,FIRST_OBSERVED,2026-09-07T12:03:37.314325+00:00,2026-09-07T12:03:37.314325+00:00,0,0.02,0.06,0.94,0.98,market_object,PASS,
2026-09-07T12:03:37.314325+00:00,2026,1,2026_01_NO_DET,NO@DET,2026-09-13T17:00:00+00:00,KXNFLRECYDS-26SEP13NODET-DETASTBROWN14-150,KXNFLRECYDS-26SEP13NODET,KXNFLRECYDS,receiving_yards,football_player,Amon-Ra St. Brown: 150+ receiving yards,FIRST_OBSERVED,2026-09-07T12:03:37.314325+00:00,2026-09-07T12:03:37.314325+00:00,0,0.02,0.07,0.9299999999999999,0.98,market_object,PASS,
2026-09-07T12:03:37.314325+00:00,2026,1,2026_01_NO_DET,NO@DET,2026-09-13T17:00:00+00:00,KXNFLRECYDS-26SEP13NODET-DETASTBROWN14-140,KXNFLRECYDS-26SEP13NODET,KXNFLRECYDS,receiving_yards,football_player,Amon-Ra St. Brown: 140+ receiving yards,FIRST_OBSERVED,2026-09-07T12:03:37.314325+00:00,2026-09-07T12:03:37.314325+00:00,0,0.02,0.1,0.9,0.98,market_object,PASS,
2026-09-07T12:03:37.314325+00:00,2026,1,2026_01_NO_DET,NO@DET,2026-09-13T17:00:00+00:00,KXNFLRECYDS-26SEP13NODET-DETASTBROWN14-130,KXNFLRECYDS-26SEP13NODET,KXNFLRECYDS,receiving_yards,football_player,Amon-Ra St. Brown: 130+ receiving yards,FIRST_OBSERVED,2026-09-07T12:03:37.314325+00:00,2026-09-07T12:03:37.314325+00:00,0,0.02,0.13,0.87,0.98,market_object,PASS,
2026-09-07T12:03:37.314325+00:00,2026,1,2026_01_NO_DET,NO@DET,2026-09-13T17:00:00+00:00,KXNFLRECYDS-26SEP13NODET-DETASTBROWN14-120,KXNFLRECYDS-26SEP13NODET,KXNFLRECYDS,receiving_yards,football_player,Amon-Ra St. Brown: 120+ receiving yards,FIRST_OBSERVED,2026-09-07T12:03:37.314325+00:00,2026-09-07T12:03:37.314325+00:00,0,0.02,0.16,0.84,0.98,market_object,PASS,
2026-09-07T12:03:37.314325+00:00,2026,1,2026_01_NO_DET,NO@DET,2026-09-13T17:00:00+00:00,KXNFLRECYDS-26SEP13NODET-DETASTBROWN14-110,KXNFLRECYDS-26SEP13NODET,KXNFLRECYDS,receiving_yards,football_player,Amon-Ra St. Brown: 110+ receiving yards,FIRST_OBSERVED,2026-09-07T12:03:37.314325+00:00,2026-09-07T12:03:37.314325+00:00,0,0.02,0.24,0.76,0.98,market_object,PASS,
2026-09-07T12:03:37.314325+00:00,2026,1,2026_01_NO_DET,NO@DET,2026-09-13T17:00:00+00:00,KXNFLRECYDS-26SEP13NODET-DETASTBROWN14-100,KXNFLRECYDS-26SEP13NODET,KXNFLRECYDS,receiving_yards,football_player,Amon-Ra St. Brown: 100+ receiving yards,FIRST_OBSERVED,2026-09-07T12:03:37.314325+00:00,2026-09-07T12:03:37.314325+00:00,0,0.02,0.33,0.6699999999999999,0.98,market_object,PASS,
2026-09-07T12:03:37.314325+00:00,2026,1,2026_01_NYJ_TEN,NYJ@TEN,2026-09-13T17:00:00+00:00,KXNFLRECYDS-26SEP13NYJTEN-NYJGWILSON5-90,KXNFLRECYDS-26SEP13NYJTEN,KXNFLRECYDS,receiving_yards,football_player,Garrett Wilson: 90+ receiving yards,FIRST_OBSERVED,2026-09-07T12:03:37.314325+00:00,2026-09-07T12:03:37.314325+00:00,0,0.02,0.25,0.75,0.98,market_object,PASS,
2026-09-07T12:03:37.314325+00:00,2026,1,2026_01_NYJ_TEN,NYJ@TEN,2026-09-13T17:00:00+00:00,KXNFLRECYDS-26SEP13NYJTEN-NYJGWILSON5-80,KXNFLRECYDS-26SEP13NYJTEN,KXNFLRECYDS,receiving_yards,football_player,Garrett Wilson: 80+ receiving yards,FIRST_OBSERVED,2026-09-07T12:03:37.314325+00:00,2026-09-07T12:03:37.314325+00:00,0,0.02,0.33,0.6699999999999999,0.98,market_object,PASS,
2026-09-07T12:03:37.314325+00:00,2026,1,2026_01_NYJ_TEN,NYJ@TEN,2026-09-13T17:00:00+00:00,KXNFLRECYDS-26SEP13NYJTEN-NYJGWILSON5-70,KXNFLRECYDS-26SEP13NYJTEN,KXNFLRECYDS,receiving_yards,football_player,Garrett Wilson: 70+ receiving yards,FIRST_OBSERVED,2026-09-07T12:03:37.314325+00:00,2026-09-07T12:03:37.314325+00:00,0,0.02,0.44,0.56,0.98,market_object,PASS,
2026-09-07T12:03:37.314325+00:00,2026,1,2026_01_NYJ_TEN,NYJ@TEN,2026-09-13T17:00:00+00:00,KXNFLRECYDS-26SEP13NYJTEN-NYJGWILSON5-60,KXNFLRECYDS-26SEP13NYJTEN,KXNFLRECYDS,receiving_yards,football_player,Garrett Wilson: 60+ receiving yards,FIRST_OBSERVED,2026-09-07T12:03:37.314325+00:00,2026-09-07T12:03:37.314325+00:00,0,0.43,0.53,0.47,0.5700000000000001,market_object,PASS,
2026-09-07T12:03:37.314325+00:00,2026,1,2026_01_NYJ_TEN,NYJ@TEN,2026-09-13T17:00:00+00:00,KXNFLRECYDS-26SEP13NYJTEN-NYJGWILSON5-50,KXNFLRECYDS-26SEP13NYJTEN,KXNFLRECYDS,receiving_yards,football_player,Garrett Wilson: 50+ receiving yards,FIRST_OBSERVED,2026-09-07T12:03:37.314325+00:00,2026-09-07T12:03:37.314325+00:00,0,0.3,0.66,0.33999999999999997,0.7,market_object,PASS,
2026-09-07T12:03:37.314325+00:00,2026,1,2026_01_NYJ_TEN,NYJ@TEN,2026-09-13T17:00:00+00:00,KXNFLRECYDS-26SEP13NYJTEN-NYJGWILSON5-40,KXNFLRECYDS-26SEP13NYJTEN,KXNFLRECYDS,receiving_yards,football_player,Garrett Wilson: 40+ receiving yards,FIRST_OBSERVED,2026-09-07T12:03:37.314325+00:00,2026-09-07T12:03:37.314325+00:00,0,0.3,0.78,0.21999999999999997,0.7,market_object,PASS,
2026-09-07T12:03:37.314325+00:00,2026,1,2026_01_NYJ_TEN,NYJ@TEN,2026-09-13T17:00:00+00:00,KXNFLRECYDS-26SEP13NYJTEN-NYJGWILSON5-140,KXNFLRECYDS-26SEP13NYJTEN,KXNFLRECYDS,receiving_yards,football_player,Garrett Wilson: 140+ receiving yards,FIRST_OBSERVED,2026-09-07T12:03:37.314325+00:00,2026-09-07T12:03:37.314325+00:00,0,0.02,0.05,0.95,0.98,market_object,PASS,
2026-09-07T12:03:37.314325+00:00,2026,1,2026_01_NYJ_TEN,NYJ@TEN,2026-09-13T17:00:00+00:00,KXNFLRECYDS-26SEP13NYJTEN-NYJGWILSON5-130,KXNFLRECYDS-26SEP13NYJTEN,KXNFLRECYDS,receiving_yards,football_player,Garrett Wilson: 130+ receiving yards,FIRST_OBSERVED,2026-09-07T12:03:37.314325+00:00,2026-09-07T12:03:37.314325+00:00,0,0.02,0.07,0.9299999999999999,0.98,market_object,PASS,
2026-09-07T12:03:37.314325+00:00,2026,1,2026_01_NYJ_TEN,NYJ@TEN,2026-09-13T17:00:00+00:00,KXNFLRECYDS-26SEP13NYJTEN-NYJGWILSON5-120,KXNFLRECYDS-26SEP13NYJTEN,KXNFLRECYDS,receiving_yards,football_player,Garrett Wilson: 120+ receiving yards,FIRST_OBSERVED,2026-09-07T12:03:37.314325+00:00,2026-09-07T12:03:37.314325+00:00,0,0.02,0.1,0.9,0.98,market_object,PASS,
2026-09-07T12:03:37.314325+00:00,2026,1,2026_01_NYJ_TEN,NYJ@TEN,2026-09-13T17:00:00+00:00,KXNFLRECYDS-26SEP13NYJTEN-NYJGWILSON5-110,KXNFLRECYDS-26SEP13NYJTEN,KXNFLRECYDS,receiving_yards,football_player,Garrett Wilson: 110+ receiving yards,FIRST_OBSERVED,2026-09-07T12:03:37.314325+00:00,2026-09-07T12:03:37.314325+00:00,0,0.02,0.14,0.86,0.98,market_object,PASS,
2026-09-07T12:03:37.314325+00:00,2026,1,2026_01_NYJ_TEN,NYJ@TEN,2026-09-13T17:00:00+00:00,KXNFLRECYDS-26SEP13NYJTEN-NYJGWILSON5-100,KXNFLRECYDS-26SEP13NYJTEN,KXNFLRECYDS,receiving_yards,football_player,Garrett Wilson: 100+ receiving yards,FIRST_OBSERVED,2026-09-07T12:03:37.314325+00:00,2026-09-07T12:03:37.314325+00:00,0,0.02,0.18,0.8200000000000001,0.98,market_object,PASS,
2026-09-07T12:03:37.314325+00:00,2026,1,2026_01_TB_CIN,TB@CIN,2026-09-13T17:00:00+00:00,KXNFLRECYDS-26SEP13TBCIN-TBBIRVING7-60,KXNFLRECYDS-26SEP13TBCIN,KXNFLRECYDS,receiving_yards,football_player,Bucky Irving: 60+ receiving yards,FIRST_OBSERVED,2026-09-07T12:03:37.314325+00:00,2026-09-07T12:03:37.314325+00:00,0,0.02,0.05,0.95,0.98,market_object,PASS,
2026-09-07T12:03:37.314325+00:00,2026,1,2026_01_TB_CIN,TB@CIN,2026-09-13T17:00:00+00:00,KXNFLRECYDS-26SEP13TBCIN-TBBIRVING7-50,KXNFLRECYDS-26SEP13TBCIN,KXNFLRECYDS,receiving_yards,football_player,Bucky Irving: 50+ receiving yards,FIRST_OBSERVED,2026-09-07T12:03:37.314325+00:00,2026-09-07T12:03:37.314325+00:00,0,0.02,0.08,0.92,0.98,market_object,PASS,
2026-09-07T12:03:37.314325+00:00,2026,1,2026_01_TB_CIN,TB@CIN,2026-09-13T17:00:00+00:00,KXNFLRECYDS-26SEP13TBCIN-TBBIRVING7-40,KXNFLRECYDS-26SEP13TBCIN,KXNFLRECYDS,receiving_yards,football_player,Bucky Irving: 40+ receiving yards,FIRST_OBSERVED,2026-09-07T12:03:37.314325+00:00,2026-09-07T12:03:37.314325+00:00,0,0.02,0.14,0.86,0.98,market_object,PASS,
2026-09-07T12:03:37.314325+00:00,2026,1,2026_01_TB_CIN,TB@CIN,2026-09-13T17:00:00+00:00,KXNFLRECYDS-26SEP13TBCIN-TBBIRVING7-25,KXNFLRECYDS-26SEP13TBCIN,KXNFLRECYDS,receiving_yards,football_player,Bucky Irving: 25+ receiving yards,FIRST_OBSERVED,2026-09-07T12:03:37.314325+00:00,2026-09-07T12:03:37.314325+00:00,0,0.02,0.31,0.69,0.98,market_object,PASS,
2026-09-07T12:03:37.314325+00:00,2026,1,2026_01_TB_CIN,TB@CIN,2026-09-13T17:00:00+00:00,KXNFLRECYDS-26SEP13TBCIN-TBBIRVING7-15,KXNFLRECYDS-26SEP13TBCIN,KXNFLRECYDS,receiving_yards,football_player,Bucky Irving: 15+ receiving yards,FIRST_OBSERVED,2026-09-07T12:03:37.314325+00:00,2026-09-07T12:03:37.314325+00:00,0,0.46,0.51,0.49,0.54,market_object,PASS,
2026-09-07T12:03:37.314325+00:00,2026,1,2026_01_TB_CIN,TB@CIN,2026-09-13T17:00:00+00:00,KXNFLRECYDS-26SEP13TBCIN-CINCBROWN30-90,KXNFLRECYDS-26SEP13TBCIN,KXNFLRECYDS,receiving_yards,football_player,Chase Brown: 90+ receiving yards,FIRST_OBSERVED,2026-09-07T12:03:37.314325+00:00,2026-09-07T12:03:37.314325+00:00,0,0.02,0.05,0.95,0.98,market_object,PASS,
2026-09-07T12:03:37.314325+00:00,2026,1,2026_01_TB_CIN,TB@CIN,2026-09-13T17:00:00+00:00,KXNFLRECYDS-26SEP13TBCIN-CINCBROWN30-80,KXNFLRECYDS-26SEP13TBCIN,KXNFLRECYDS,receiving_yards,football_player,Chase Brown: 80+ receiving yards,FIRST_OBSERVED,2026-09-07T12:03:37.314325+00:00,2026-09-07T12:03:37.314325+00:00,0,0.02,0.09,0.91,0.98,market_object,PASS,
2026-09-07T12:03:37.314325+00:00,2026,1,2026_01_TB_CIN,TB@CIN,2026-09-13T17:00:00+00:00,KXNFLRECYDS-26SEP13TBCIN-CINCBROWN30-70,KXNFLRECYDS-26SEP13TBCIN,KXNFLRECYDS,receiving_yards,football_player,Chase Brown: 70+ receiving yards,FIRST_OBSERVED,2026-09-07T12:03:37.314325+00:00,2026-09-07T12:03:37.314325+00:00,0,0.02,0.12,0.88,0.98,market_object,PASS,
2026-09-07T12:03:37.314325+00:00,2026,1,2026_01_TB_CIN,TB@CIN,2026-09-13T17:00:00+00:00,KXNFLRECYDS-26SEP13TBCIN-CINCBROWN30-60,KXNFLRECYDS-26SEP13TBCIN,KXNFLRECYDS,receiving_yards,football_player,Chase Brown: 60+ receiving yards,FIRST_OBSERVED,2026-09-07T12:03:37.314325+00:00,2026-09-07T12:03:37.314325+00:00,0,0.02,0.15,0.85,0.98,market_object,PASS,
2026-09-07T12:03:37.314325+00:00,2026,1,2026_01_TB_CIN,TB@CIN,2026-09-13T17:00:00+00:00,KXNFLRECYDS-26SEP13TBCIN-CINCBROWN30-50,KXNFLRECYDS-26SEP13TBCIN,KXNFLRECYDS,receiving_yards,football_player,Chase Brown: 50+ receiving yards,FIRST_OBSERVED,2026-09-07T12:03:37.314325+00:00,2026-09-07T12:03:37.314325+00:00,0,0.02,0.2,0.8,0.98,market_object,PASS,
2026-09-07T12:03:37.314325+00:00,2026,1,2026_01_TB_CIN,TB@CIN,2026-09-13T17:00:00+00:00,KXNFLRECYDS-26SEP13TBCIN-CINCBROWN30-40,KXNFLRECYDS-26SEP13TBCIN,KXNFLRECYDS,receiving_yards,football_player,Chase Brown: 40+ receiving yards,FIRST_OBSERVED,2026-09-07T12:03:37.314325+00:00,2026-09-07T12:03:37.314325+00:00,0,0.02,0.33,0.6699999999999999,0.98,market_object,PASS,
2026-09-07T12:03:37.314325+00:00,2026,1,2026_01_TB_CIN,TB@CIN,2026-09-13T17:00:00+00:00,KXNFLRECYDS-26SEP13TBCIN-CINCBROWN30-25,KXNFLRECYDS-26SEP13TBCIN,KXNFLRECYDS,receiving_yards,football_player,Chase Brown: 25+ receiving yards,FIRST_OBSERVED,2026-09-07T12:03:37.314325+00:00,2026-09-07T12:03:37.314325+00:00,0,0.46,0.52,0.48,0.54,market_object,PASS,
2026-09-07T12:03:37.314325+00:00,2026,1,2026_01_TB_CIN,TB@CIN,2026-09-13T17:00:00+00:00,KXNFLRECYDS-26SEP13TBCIN-CINCBROWN30-15,KXNFLRECYDS-26SEP13TBCIN,KXNFLRECYDS,receiving_yards,football_player,Chase Brown: 15+ receiving yards,FIRST_OBSERVED,2026-09-07T12:03:37.314325+00:00,2026-09-07T12:03:37.314325+00:00,0,0.02,0.67,0.32999999999999996,0.98,market_object,PASS,
2026-09-07T12:03:37.314325+00:00,2026,1,2026_01_ATL_PIT,ATL@PIT,2026-09-13T17:00:00+00:00,KXNFLRECYDS-26SEP13ATLPIT-PITPFREIERMUTH88-80,KXNFLRECYDS-26SEP13ATLPIT,KXNFLRECYDS,receiving_yards,football_player,Pat Freiermuth: 80+ receiving yards,FIRST_OBSERVED,2026-09-07T12:03:37.314325+00:00,2026-09-07T12:03:37.314325+00:00,0,0.02,0.06,0.94,0.98,market_object,PASS,
2026-09-07T12:03:37.314325+00:00,2026,1,2026_01_ATL_PIT,ATL@PIT,2026-09-13T17:00:00+00:00,KXNFLRECYDS-26SEP13ATLPIT-PITPFREIERMUTH88-70,KXNFLRECYDS-26SEP13ATLPIT,KXNFLRECYDS,receiving_yards,football_player,Pat Freiermuth: 70+ receiving yards,FIRST_OBSERVED,2026-09-07T12:03:37.314325+00:00,2026-09-07T12:03:37.314325+00:00,0,0.02,0.09,0.91,0.98,market_object,PASS,
2026-09-07T12:03:37.314325+00:00,2026,1,2026_01_ATL_PIT,ATL@PIT,2026-09-13T17:00:00+00:00,KXNFLRECYDS-26SEP13ATLPIT-PITPFREIERMUTH88-60,KXNFLRECYDS-26SEP13ATLPIT,KXNFLRECYDS,receiving_yards,football_player,Pat Freiermuth: 60+ receiving yards,FIRST_OBSERVED,2026-09-07T12:03:37.314325+00:00,2026-09-07T12:03:37.314325+00:00,0,0.02,0.13,0.87,0.98,market_object,PASS,
2026-09-07T12:03:37.314325+00:00,2026,1,2026_01_ATL_PIT,ATL@PIT,2026-09-13T17:00:00+00:00,KXNFLRECYDS-26SEP13ATLPIT-PITPFREIERMUTH88-50,KXNFLRECYDS-26SEP13ATLPIT,KXNFLRECYDS,receiving_yards,football_player,Pat Freiermuth: 50+ receiving yards,FIRST_OBSERVED,2026-09-07T12:03:37.314325+00:00,2026-09-07T12:03:37.314325+00:00,0,0.02,0.21,0.79,0.98,market_object,PASS,
2026-09-07T12:03:37.314325+00:00,2026,1,2026_01_ATL_PIT,ATL@PIT,2026-09-13T17:00:00+00:00,KXNFLRECYDS-26SEP13ATLPIT-PITPFREIERMUTH88-40,KXNFLRECYDS-26SEP13ATLPIT,KXNFLRECYDS,receiving_yards,football_player,Pat Freiermuth: 40+ receiving yards,FIRST_OBSERVED,2026-09-07T12:03:37.314325+00:00,2026-09-07T12:03:37.314325+00:00,0,0.02,0.31,0.69,0.98,market_object,PASS,
2026-09-07T12:03:37.314325+00:00,2026,1,2026_01_ATL_PIT,ATL@PIT,2026-09-13T17:00:00+00:00,KXNFLRECYDS-26SEP13ATLPIT-PITPFREIERMUTH88-25,KXNFLRECYDS-26SEP13ATLPIT,KXNFLRECYDS,receiving_yards,football_player,Pat Freiermuth: 25+ receiving yards,FIRST_OBSERVED,2026-09-07T12:03:37.314325+00:00,2026-09-07T12:03:37.314325+00:00,0,0.47,0.54,0.45999999999999996,0.53,market_object,PASS,
2026-09-07T12:03:37.314325+00:00,2026,1,2026_01_ATL_PIT,ATL@PIT,2026-09-13T17:00:00+00:00,KXNFLRECYDS-26SEP13ATLPIT-PITPFREIERMUTH88-15,KXNFLRECYDS-26SEP13ATLPIT,KXNFLRECYDS,receiving_yards,football_player,Pat Freiermuth: 15+ receiving yards,FIRST_OBSERVED,2026-09-07T12:03:37.314325+00:00,2026-09-07T12:03:37.314325+00:00,0,0.02,0.72,0.28,0.98,market_object,PASS,
2026-09-07T12:03:37.314325+00:00,2026,1,2026_01_ATL_PIT,ATL@PIT,2026-09-13T17:00:00+00:00,KXNFLRECYDS-26SEP13ATLPIT-PITJWARREN30-60,KXNFLRECYDS-26SEP13ATLPIT,KXNFLRECYDS,receiving_yards,football_player,Jaylen Warren: 60+ receiving yards,FIRST_OBSERVED,2026-09-07T12:03:37.314325+00:00,2026-09-07T12:03:37.314325+00:00,0,0.02,0.07,0.9299999999999999,0.98,market_object,PASS,
2026-09-07T12:03:37.314325+00:00,2026,1,2026_01_ATL_PIT,ATL@PIT,2026-09-13T17:00:00+00:00,KXNFLRECYDS-26SEP13ATLPIT-PITJWARREN30-50,KXNFLRECYDS-26SEP13ATLPIT,KXNFLRECYDS,receiving_yards,football_player,Jaylen Warren: 50+ receiving yards,FIRST_OBSERVED,2026-09-07T12:03:37.314325+00:00,2026-09-07T12:03:37.314325+00:00,0,0.02,0.11,0.89,0.98,market_object,PASS,
2026-09-07T12:03:37.314325+00:00,2026,1,2026_01_ATL_PIT,ATL@PIT,2026-09-13T17:00:00+00:00,KXNFLRECYDS-26SEP13ATLPIT-PITJWARREN30-40,KXNFLRECYDS-26SEP13ATLPIT,KXNFLRECYDS,receiving_yards,football_player,Jaylen Warren: 40+ receiving yards,FIRST_OBSERVED,2026-09-07T12:03:37.314325+00:00,2026-09-07T12:03:37.314325+00:00,0,0.02,0.18,0.8200000000000001,0.98,market_object,PASS,
2026-09-07T12:03:37.314325+00:00,2026,1,2026_01_ATL_PIT,ATL@PIT,2026-09-13T17:00:00+00:00,KXNFLRECYDS-26SEP13ATLPIT-PITJWARREN30-25,KXNFLRECYDS-26SEP13ATLPIT,KXNFLRECYDS,receiving_yards,football_player,Jaylen Warren: 25+ receiving yards,FIRST_OBSERVED,2026-09-07T12:03:37.314325+00:00,2026-09-07T12:03:37.314325+00:00,0,0.02,0.36,0.64,0.98,market_object,PASS,
2026-09-07T12:03:37.314325+00:00,2026,1,2026_01_ATL_PIT,ATL@PIT,2026-09-13T17:00:00+00:00,KXNFLRECYDS-26SEP13ATLPIT-PITJWARREN30-15,KXNFLRECYDS-26SEP13ATLPIT,KXNFLRECYDS,receiving_yards,football_player,Jaylen Warren: 15+ receiving yards,FIRST_OBSERVED,2026-09-07T12:03:37.314325+00:00,2026-09-07T12:03:37.314325+00:00,0,0.02,0.56,0.43999999999999995,0.98,market_object,PASS,
2026-09-07T12:03:37.314325+00:00,2026,1,2026_01_ATL_PIT,ATL@PIT,2026-09-13T17:00:00+00:00,KXNFLRECYDS-26SEP13ATLPIT-ATLKPITTS8-90,KXNFLRECYDS-26SEP13ATLPIT,KXNFLRECYDS,receiving_yards,football_player,Kyle Pitts Sr.: 90+ receiving yards,FIRST_OBSERVED,2026-09-07T12:03:37.314325+00:00,2026-09-07T12:03:37.314325+00:00,0,0.02,0.1,0.9,0.98,market_object,PASS,
2026-09-07T12:03:37.314325+00:00,2026,1,2026_01_ATL_PIT,ATL@PIT,2026-09-13T17:00:00+00:00,KXNFLRECYDS-26SEP13ATLPIT-ATLKPITTS8-80,KXNFLRECYDS-26SEP13ATLPIT,KXNFLRECYDS,receiving_yards,football_player,Kyle Pitts Sr.: 80+ receiving yards,FIRST_OBSERVED,2026-09-07T12:03:37.314325+00:00,2026-09-07T12:03:37.314325+00:00,0,0.02,0.15,0.85,0.98,market_object,PASS,
2026-09-07T12:03:37.314325+00:00,2026,1,2026_01_ATL_PIT,ATL@PIT,2026-09-13T17:00:00+00:00,KXNFLRECYDS-26SEP13ATLPIT-ATLKPITTS8-70,KXNFLRECYDS-26SEP13ATLPIT,KXNFLRECYDS,receiving_yards,football_player,Kyle Pitts Sr.: 70+ receiving yards,FIRST_OBSERVED,2026-09-07T12:03:37.314325+00:00,2026-09-07T12:03:37.314325+00:00,0,0.02,0.22,0.78,0.98,market_object,PASS,
2026-09-07T12:03:37.314325+00:00,2026,1,2026_01_ATL_PIT,ATL@PIT,2026-09-13T17:00:00+00:00,KXNFLRECYDS-26SEP13ATLPIT-ATLKPITTS8-60,KXNFLRECYDS-26SEP13ATLPIT,KXNFLRECYDS,receiving_yards,football_player,Kyle Pitts Sr.: 60+ receiving yards,FIRST_OBSERVED,2026-09-07T12:03:37.314325+00:00,2026-09-07T12:03:37.314325+00:00,0,0.02,0.31,0.69,0.98,market_object,PASS,
2026-09-07T12:03:37.314325+00:00,2026,1,2026_01_ATL_PIT,ATL@PIT,2026-09-13T17:00:00+00:00,KXNFLRECYDS-26SEP13ATLPIT-ATLKPITTS8-50,KXNFLRECYDS-26SEP13ATLPIT,KXNFLRECYDS,receiving_yards,football_player,Kyle Pitts Sr.: 50+ receiving yards,FIRST_OBSERVED,2026-09-07T12:03:37.314325+00:00,2026-09-07T12:03:37.314325+00:00,0,0.02,0.42,0.5800000000000001,0.98,market_object,PASS,
2026-09-07T12:03:37.314325+00:00,2026,1,2026_01_ATL_PIT,ATL@PIT,2026-09-13T17:00:00+00:00,KXNFLRECYDS-26SEP13ATLPIT-ATLKPITTS8-40,KXNFLRECYDS-26SEP13ATLPIT,KXNFLRECYDS,receiving_yards,football_player,Kyle Pitts Sr.: 40+ receiving yards,FIRST_OBSERVED,2026-09-07T12:03:37.314325+00:00,2026-09-07T12:03:37.314325+00:00,0,0.02,0.56,0.43999999999999995,0.98,market_object,PASS,
2026-09-07T12:03:37.314325+00:00,2026,1,2026_01_ATL_PIT,ATL@PIT,2026-09-13T17:00:00+00:00,KXNFLRECYDS-26SEP13ATLPIT-ATLKPITTS8-25,KXNFLRECYDS-26SEP13ATLPIT,KXNFLRECYDS,receiving_yards,football_player,Kyle Pitts Sr.: 25+ receiving yards,FIRST_OBSERVED,2026-09-07T12:03:37.314325+00:00,2026-09-07T12:03:37.314325+00:00,0,0.18,0.78,0.21999999999999997,0.8200000000000001,market_object,PASS,
2026-09-07T12:03:37.314325+00:00,2026,1,2026_01_ATL_PIT,ATL@PIT,2026-09-13T17:00:00+00:00,KXNFLRECYDS-26SEP13ATLPIT-ATLKPITTS8-15,KXNFLRECYDS-26SEP13ATLPIT,KXNFLRECYDS,receiving_yards,football_player,Kyle Pitts Sr.: 15+ receiving yards,FIRST_OBSERVED,2026-09-07T12:03:37.314325+00:00,2026-09-07T12:03:37.314325+00:00,0,0.18,0.91,0.08999999999999997,0.8200000000000001,market_object,PASS,
2026-09-07T12:03:37.314325+00:00,2026,1,2026_01_ATL_PIT,ATL@PIT,2026-09-13T17:00:00+00:00,KXNFLRECYDS-26SEP13ATLPIT-ATLKPITTS8-100,KXNFLRECYDS-26SEP13ATLPIT,KXNFLRECYDS,receiving_yards,football_player,Kyle Pitts Sr.: 100+ receiving yards,FIRST_OBSERVED,2026-09-07T12:03:37.314325+00:00,2026-09-07T12:03:37.314325+00:00,0,0.02,0.07,0.9299999999999999,0.98,market_object,PASS,
2026-09-07T12:03:37.314325+00:00,2026,1,2026_01_ATL_PIT,ATL@PIT,2026-09-13T17:00:00+00:00,KXNFLRECYDS-26SEP13ATLPIT-ATLDLONDON5-90,KXNFLRECYDS-26SEP13ATLPIT,KXNFLRECYDS,receiving_yards,football_player,Drake London: 90+ receiving yards,FIRST_OBSERVED,2026-09-07T12:03:37.314325+00:00,2026-09-07T12:03:37.314325+00:00,0,0.02,0.28,0.72,0.98,market_object,PASS,
2026-09-07T12:03:37.314325+00:00,2026,1,2026_01_ATL_PIT,ATL@PIT,2026-09-13T17:00:00+00:00,KXNFLRECYDS-26SEP13ATLPIT-ATLDLONDON5-80,KXNFLRECYDS-26SEP13ATLPIT,KXNFLRECYDS,receiving_yards,football_player,Drake London: 80+ receiving yards,FIRST_OBSERVED,2026-09-07T12:03:37.314325+00:00,2026-09-07T12:03:37.314325+00:00,0,0.02,0.37,0.63,0.98,market_object,PASS,
2026-09-07T12:03:37.314325+00:00,2026,1,2026_01_ATL_PIT,ATL@PIT,2026-09-13T17:00:00+00:00,KXNFLRECYDS-26SEP13ATLPIT-ATLDLONDON5-70,KXNFLRECYDS-26SEP13ATLPIT,KXNFLRECYDS,receiving_yards,football_player,Drake London: 70+ receiving yards,FIRST_OBSERVED,2026-09-07T12:03:37.314325+00:00,2026-09-07T12:03:37.314325+00:00,0,0.02,0.47,0.53,0.98,market_object,PASS,
2026-09-07T12:03:37.314325+00:00,2026,1,2026_01_ATL_PIT,ATL@PIT,2026-09-13T17:00:00+00:00,KXNFLRECYDS-26SEP13ATLPIT-ATLDLONDON5-60,KXNFLRECYDS-26SEP13ATLPIT,KXNFLRECYDS,receiving_yards,football_player,Drake London: 60+ receiving yards,FIRST_OBSERVED,2026-09-07T12:03:37.314325+00:00,2026-09-07T12:03:37.314325+00:00,0,0.02,0.58,0.42000000000000004,0.98,market_object,PASS,
2026-09-07T12:03:37.314325+00:00,2026,1,2026_01_ATL_PIT,ATL@PIT,2026-09-13T17:00:00+00:00,KXNFLRECYDS-26SEP13ATLPIT-ATLDLONDON5-50,KXNFLRECYDS-26SEP13ATLPIT,KXNFLRECYDS,receiving_yards,football_player,Drake London: 50+ receiving yards,FIRST_OBSERVED,2026-09-07T12:03:37.314325+00:00,2026-09-07T12:03:37.314325+00:00,0,0.02,0.7,0.30000000000000004,0.98,market_object,PASS,
2026-09-07T12:03:37.314325+00:00,2026,1,2026_01_ATL_PIT,ATL@PIT,2026-09-13T17:00:00+00:00,KXNFLRECYDS-26SEP13ATLPIT-ATLDLONDON5-40,KXNFLRECYDS-26SEP13ATLPIT,KXNFLRECYDS,receiving_yards,football_player,Drake London: 40+ receiving yards,FIRST_OBSERVED,2026-09-07T12:03:37.314325+00:00,2026-09-07T12:03:37.314325+00:00,0,0.02,0.8,0.19999999999999996,0.98,market_object,PASS,
2026-09-07T12:03:37.314325+00:00,2026,1,2026_01_ATL_PIT,ATL@PIT,2026-09-13T17:00:00+00:00,KXNFLRECYDS-26SEP13ATLPIT-ATLDLONDON5-130,KXNFLRECYDS-26SEP13ATLPIT,KXNFLRECYDS,receiving_yards,football_player,Drake London: 130+ receiving yards,FIRST_OBSERVED,2026-09-07T12:03:37.314325+00:00,2026-09-07T12:03:37.314325+00:00,0,0.02,0.08,0.92,0.98,market_object,PASS,
2026-09-07T12:03:37.314325+00:00,2026,1,2026_01_ATL_PIT,ATL@PIT,2026-09-13T17:00:00+00:00,KXNFLRECYDS-26SEP13ATLPIT-ATLDLONDON5-120,KXNFLRECYDS-26SEP13ATLPIT,KXNFLRECYDS,receiving_yards,football_player,Drake London: 120+ receiving yards,FIRST_OBSERVED,2026-09-07T12:03:37.314325+00:00,2026-09-07T12:03:37.314325+00:00,0,0.02,0.11,0.89,0.98,market_object,PASS,
2026-09-07T12:03:37.314325+00:00,2026,1,2026_01_ATL_PIT,ATL@PIT,2026-09-13T17:00:00+00:00,KXNFLRECYDS-26SEP13ATLPIT-ATLDLONDON5-110,KXNFLRECYDS-26SEP13ATLPIT,KXNFLRECYDS,receiving_yards,football_player,Drake London: 110+ receiving yards,FIRST_OBSERVED,2026-09-07T12:03:37.314325+00:00,2026-09-07T12:03:37.314325+00:00,0,0.02,0.15,0.85,0.98,market_object,PASS,
2026-09-07T12:03:37.314325+00:00,2026,1,2026_01_ATL_PIT,ATL@PIT,2026-09-13T17:00:00+00:00,KXNFLRECYDS-26SEP13ATLPIT-ATLDLONDON5-100,KXNFLRECYDS-26SEP13ATLPIT,KXNFLRECYDS,receiving_yards,football_player,Drake London: 100+ receiving yards,FIRST_OBSERVED,2026-09-07T12:03:37.314325+00:00,2026-09-07T12:03:37.314325+00:00,0,0.02,0.21,0.79,0.98,market_object,PASS,
2026-09-07T12:03:37.314325+00:00,2026,1,2026_01_ATL_PIT,ATL@PIT,2026-09-13T17:00:00+00:00,KXNFLRECYDS-26SEP13ATLPIT-ATLBROBINSON7-90,KXNFLRECYDS-26SEP13ATLPIT,KXNFLRECYDS,receiving_yards,football_player,Bijan Robinson: 90+ receiving yards,FIRST_OBSERVED,2026-09-07T12:03:37.314325+00:00,2026-09-07T12:03:37.314325+00:00,0,0.02,0.07,0.9299999999999999,0.98,market_object,PASS,
2026-09-07T12:03:37.314325+00:00,2026,1,2026_01_ATL_PIT,ATL@PIT,2026-09-13T17:00:00+00:00,KXNFLRECYDS-26SEP13ATLPIT-ATLBROBINSON7-80,KXNFLRECYDS-26SEP13ATLPIT,KXNFLRECYDS,receiving_yards,football_player,Bijan Robinson: 80+ receiving yards,FIRST_OBSERVED,2026-09-07T12:03:37.314325+00:00,2026-09-07T12:03:37.314325+00:00,0,0.02,0.1,0.9,0.98,market_object,PASS,
2026-09-07T12:03:37.314325+00:00,2026,1,2026_01_ATL_PIT,ATL@PIT,2026-09-13T17:00:00+00:00,KXNFLRECYDS-26SEP13ATLPIT-ATLBROBINSON7-70,KXNFLRECYDS-26SEP13ATLPIT,KXNFLRECYDS,receiving_yards,football_player,Bijan Robinson: 70+ receiving yards,FIRST_OBSERVED,2026-09-07T12:03:37.314325+00:00,2026-09-07T12:03:37.314325+00:00,0,0.02,0.15,0.85,0.98,market_object,PASS,
2026-09-07T12:03:37.314325+00:00,2026,1,2026_01_ATL_PIT,ATL@PIT,2026-09-13T17:00:00+00:00,KXNFLRECYDS-26SEP13ATLPIT-ATLBROBINSON7-60,KXNFLRECYDS-26SEP13ATLPIT,KXNFLRECYDS,receiving_yards,football_player,Bijan Robinson: 60+ receiving yards,FIRST_OBSERVED,2026-09-07T12:03:37.314325+00:00,2026-09-07T12:03:37.314325+00:00,0,0.02,0.23,0.77,0.98,market_object,PASS,
2026-09-07T12:03:37.314325+00:00,2026,1,2026_01_ATL_PIT,ATL@PIT,2026-09-13T17:00:00+00:00,KXNFLRECYDS-26SEP13ATLPIT-ATLBROBINSON7-50,KXNFLRECYDS-26SEP13ATLPIT,KXNFLRECYDS,receiving_yards,football_player,Bijan Robinson: 50+ receiving yards,FIRST_OBSERVED,2026-09-07T12:03:37.314325+00:00,2026-09-07T12:03:37.314325+00:00,0,0.02,0.34,0.6599999999999999,0.98,market_object,PASS,
2026-09-07T12:03:37.314325+00:00,2026,1,2026_01_ATL_PIT,ATL@PIT,2026-09-13T17:00:00+00:00,KXNFLRECYDS-26SEP13ATLPIT-ATLBROBINSON7-40,KXNFLRECYDS-26SEP13ATLPIT,KXNFLRECYDS,receiving_yards,football_player,Bijan Robinson: 40+ receiving yards,FIRST_OBSERVED,2026-09-07T12:03:37.314325+00:00,2026-09-07T12:03:37.314325+00:00,0,0.03,0.47,0.53,0.97,market_object,PASS,
2026-09-07T12:03:37.314325+00:00,2026,1,2026_01_ATL_PIT,ATL@PIT,2026-09-13T17:00:00+00:00,KXNFLRECYDS-26SEP13ATLPIT-ATLBROBINSON7-25,KXNFLRECYDS-26SEP13ATLPIT,KXNFLRECYDS,receiving_yards,football_player,Bijan Robinson: 25+ receiving yards,FIRST_OBSERVED,2026-09-07T12:03:37.314325+00:00,2026-09-07T12:03:37.314325+00:00,0,0.02,0.72,0.28,0.98,market_object,PASS,
2026-09-07T12:03:37.314325+00:00,2026,1,2026_01_ATL_PIT,ATL@PIT,2026-09-13T17:00:00+00:00,KXNFLRECYDS-26SEP13ATLPIT-ATLBROBINSON7-15,KXNFLRECYDS-26SEP13ATLPIT,KXNFLRECYDS,receiving_yards,football_player,Bijan Robinson: 15+ receiving yards,FIRST_OBSERVED,2026-09-07T12:03:37.314325+00:00,2026-09-07T12:03:37.314325+00:00,0,0.18,0.88,0.12,0.8200000000000001,market_object,PASS,
2026-09-07T12:03:37.314325+00:00,2026,1,2026_01_BAL_IND,BAL@IND,2026-09-13T17:00:00+00:00,KXNFLRECYDS-26SEP13BALIND-BALMANDREWS89-90,KXNFLRECYDS-26SEP13BALIND,KXNFLRECYDS,receiving_yards,football_player,Mark Andrews: 90+ receiving yards,FIRST_OBSERVED,2026-09-07T12:03:37.314325+00:00,2026-09-07T12:03:37.314325+00:00,0,0.02,0.08,0.92,0.98,market_object,PASS,
2026-09-07T12:03:37.314325+00:00,2026,1,2026_01_BAL_IND,BAL@IND,2026-09-13T17:00:00+00:00,KXNFLRECYDS-26SEP13BALIND-BALMANDREWS89-80,KXNFLRECYDS-26SEP13BALIND,KXNFLRECYDS,receiving_yards,football_player,Mark Andrews: 80+ receiving yards,FIRST_OBSERVED,2026-09-07T12:03:37.314325+00:00,2026-09-07T12:03:37.314325+00:00,0,0.02,0.12,0.88,0.98,market_object,PASS,
2026-09-07T12:03:37.314325+00:00,2026,1,2026_01_BAL_IND,BAL@IND,2026-09-13T17:00:00+00:00,KXNFLRECYDS-26SEP13BALIND-BALMANDREWS89-70,KXNFLRECYDS-26SEP13BALIND,KXNFLRECYDS,receiving_yards,football_player,Mark Andrews: 70+ receiving yards,FIRST_OBSERVED,2026-09-07T12:03:37.314325+00:00,2026-09-07T12:03:37.314325+00:00,0,0.02,0.18,0.8200000000000001,0.98,market_object,PASS,
2026-09-07T12:03:37.314325+00:00,2026,1,2026_01_BAL_IND,BAL@IND,2026-09-13T17:00:00+00:00,KXNFLRECYDS-26SEP13BALIND-BALMANDREWS89-60,KXNFLRECYDS-26SEP13BALIND,KXNFLRECYDS,receiving_yards,football_player,Mark Andrews: 60+ receiving yards,FIRST_OBSERVED,2026-09-07T12:03:37.314325+00:00,2026-09-07T12:03:37.314325+00:00,0,0.02,0.23,0.77,0.98,market_object,PASS,
2026-09-07T12:03:37.314325+00:00,2026,1,2026_01_BAL_IND,BAL@IND,2026-09-13T17:00:00+00:00,KXNFLRECYDS-26SEP13BALIND-BALMANDREWS89-50,KXNFLRECYDS-26SEP13BALIND,KXNFLRECYDS,receiving_yards,football_player,Mark Andrews: 50+ receiving yards,FIRST_OBSERVED,2026-09-07T12:03:37.314325+00:00,2026-09-07T12:03:37.314325+00:00,0,0.02,0.35,0.65,0.98,market_object,PASS,
2026-09-07T12:03:37.314325+00:00,2026,1,2026_01_BAL_IND,BAL@IND,2026-09-13T17:00:00+00:00,KXNFLRECYDS-26SEP13BALIND-BALMANDREWS89-40,KXNFLRECYDS-26SEP13BALIND,KXNFLRECYDS,receiving_yards,football_player,Mark Andrews: 40+ receiving yards,FIRST_OBSERVED,2026-09-07T12:03:37.314325+00:00,2026-09-07T12:03:37.314325+00:00,0,0.02,0.47,0.53,0.98,market_object,PASS,
2026-09-07T12:03:37.314325+00:00,2026,1,2026_01_BAL_IND,BAL@IND,2026-09-13T17:00:00+00:00,KXNFLRECYDS-26SEP13BALIND-BALMANDREWS89-35,KXNFLRECYDS-26SEP13BALIND,KXNFLRECYDS,receiving_yards,football_player,Mark Andrews: 35+ receiving yards,FIRST_OBSERVED,2026-09-07T12:03:37.314325+00:00,2026-09-07T12:03:37.314325+00:00,0,0.47,0.53,0.47,0.53,market_object,PASS,
2026-09-07T12:03:37.314325+00:00,2026,1,2026_01_BAL_IND,BAL@IND,2026-09-13T17:00:00+00:00,KXNFLRECYDS-26SEP13BALIND-BALMANDREWS89-25,KXNFLRECYDS-26SEP13BALIND,KXNFLRECYDS,receiving_yards,football_player,Mark Andrews: 25+ receiving yards,FIRST_OBSERVED,2026-09-07T12:03:37.314325+00:00,2026-09-07T12:03:37.314325+00:00,0,0.02,0.69,0.31000000000000005,0.98,market_object,PASS,
2026-09-07T12:03:37.314325+00:00,2026,1,2026_01_BAL_IND,BAL@IND,2026-09-13T17:00:00+00:00,KXNFLRECYDS-26SEP13BALIND-BALMANDREWS89-15,KXNFLRECYDS-26SEP13BALIND,KXNFLRECYDS,receiving_yards,football_player,Mark Andrews: 15+ receiving yards,FIRST_OBSERVED,2026-09-07T12:03:37.314325+00:00,2026-09-07T12:03:37.314325+00:00,0,0.18,0.84,0.16000000000000003,0.8200000000000001,market_object,PASS,
2026-09-07T12:03:37.314325+00:00,2026,1,2026_01_BAL_IND,BAL@IND,2026-09-13T17:00:00+00:00,KXNFLRECYDS-26SEP13BALIND-BALMANDREWS89-100,KXNFLRECYDS-26SEP13BALIND,KXNFLRECYDS,receiving_yards,football_player,Mark Andrews: 100+ receiving yards,FIRST_OBSERVED,2026-09-07T12:03:37.314325+00:00,2026-09-07T12:03:37.314325+00:00,0,0.02,0.06,0.94,0.98,market_object,PASS,
2026-09-07T12:03:37.314325+00:00,2026,1,2026_01_CHI_CAR,CHI@CAR,2026-09-13T17:00:00+00:00,KXNFLRECYDS-26SEP13CHICAR-CHICLOVELAND84-90,KXNFLRECYDS-26SEP13CHICAR,KXNFLRECYDS,receiving_yards,football_player,Colston Loveland: 90+ receiving yards,FIRST_OBSERVED,2026-09-07T12:03:37.314325+00:00,2026-09-07T12:03:37.314325+00:00,0,0.02,0.16,0.84,0.98,market_object,PASS,
2026-09-07T12:03:37.314325+00:00,2026,1,2026_01_CHI_CAR,CHI@CAR,2026-09-13T17:00:00+00:00,KXNFLRECYDS-26SEP13CHICAR-CHICLOVELAND84-80,KXNFLRECYDS-26SEP13CHICAR,KXNFLRECYDS,receiving_yards,football_player,Colston Loveland: 80+ receiving yards,FIRST_OBSERVED,2026-09-07T12:03:37.314325+00:00,2026-09-07T12:03:37.314325+00:00,0,0.02,0.23,0.77,0.98,market_object,PASS,
2026-09-07T12:03:37.314325+00:00,2026,1,2026_01_CHI_CAR,CHI@CAR,2026-09-13T17:00:00+00:00,KXNFLRECYDS-26SEP13CHICAR-CHICLOVELAND84-70,KXNFLRECYDS-26SEP13CHICAR,KXNFLRECYDS,receiving_yards,football_player,Colston Loveland: 70+ receiving yards,FIRST_OBSERVED,2026-09-07T12:03:37.314325+00:00,2026-09-07T12:03:37.314325+00:00,0,0.02,0.31,0.69,0.98,market_object,PASS,
2026-09-07T12:03:37.314325+00:00,2026,1,2026_01_CHI_CAR,CHI@CAR,2026-09-13T17:00:00+00:00,KXNFLRECYDS-26SEP13CHICAR-CHICLOVELAND84-60,KXNFLRECYDS-26SEP13CHICAR,KXNFLRECYDS,receiving_yards,football_player,Colston Loveland: 60+ receiving yards,FIRST_OBSERVED,2026-09-07T12:03:37.314325+00:00,2026-09-07T12:03:37.314325+00:00,0,0.03,0.41,0.5900000000000001,0.97,market_object,PASS,
2026-09-07T12:03:37.314325+00:00,2026,1,2026_01_CHI_CAR,CHI@CAR,2026-09-13T17:00:00+00:00,KXNFLRECYDS-26SEP13CHICAR-CHICLOVELAND84-50,KXNFLRECYDS-26SEP13CHICAR,KXNFLRECYDS,receiving_yards,football_player,Colston Loveland: 50+ receiving yards,FIRST_OBSERVED,2026-09-07T12:03:37.314325+00:00,2026-09-07T12:03:37.314325+00:00,0,0.5,0.52,0.48,0.5,market_object,PASS,
2026-09-07T12:03:37.314325+00:00,2026,1,2026_01_CHI_CAR,CHI@CAR,2026-09-13T17:00:00+00:00,KXNFLRECYDS-26SEP13CHICAR-CHICLOVELAND84-40,KXNFLRECYDS-26SEP13CHICAR,KXNFLRECYDS,receiving_yards,football_player,Colston Loveland: 40+ receiving yards,FIRST_OBSERVED,2026-09-07T12:03:37.314325+00:00,2026-09-07T12:03:37.314325+00:00,0,0.37,0.66,0.33999999999999997,0.63,market_object,PASS,
2026-09-07T12:03:37.314325+00:00,2026,1,2026_01_CHI_CAR,CHI@CAR,2026-09-13T17:00:00+00:00,KXNFLRECYDS-26SEP13CHICAR-CHICLOVELAND84-25,KXNFLRECYDS-26SEP13CHICAR,KXNFLRECYDS,receiving_yards,football_player,Colston Loveland: 25+ receiving yards,FIRST_OBSERVED,2026-09-07T12:03:37.314325+00:00,2026-09-07T12:03:37.314325+00:00,0,0.37,0.84,0.16000000000000003,0.63,market_object,PASS,
2026-09-07T12:03:37.314325+00:00,2026,1,2026_01_CHI_CAR,CHI@CAR,2026-09-13T17:00:00+00:00,KXNFLRECYDS-26SEP13CHICAR-CHICLOVELAND84-130,KXNFLRECYDS-26SEP13CHICAR,KXNFLRECYDS,receiving_yards,football_player,Colston Loveland: 130+ receiving yards,FIRST_OBSERVED,2026-09-07T12:03:37.314325+00:00,2026-09-07T12:03:37.314325+00:00,0,0.02,0.05,0.95,0.98,market_object,PASS,
2026-09-07T12:03:37.314325+00:00,2026,1,2026_01_CHI_CAR,CHI@CAR,2026-09-13T17:00:00+00:00,KXNFLRECYDS-26SEP13CHICAR-CHICLOVELAND84-120,KXNFLRECYDS-26SEP13CHICAR,KXNFLRECYDS,receiving_yards,football_player,Colston Loveland: 120+ receiving yards,FIRST_OBSERVED,2026-09-07T12:03:37.314325+00:00,2026-09-07T12:03:37.314325+00:00,0,0.02,0.07,0.9299999999999999,0.98,market_object,PASS,
2026-09-07T12:03:37.314325+00:00,2026,1,2026_01_CHI_CAR,CHI@CAR,2026-09-13T17:00:00+00:00,KXNFLRECYDS-26SEP13CHICAR-CHICLOVELAND84-110,KXNFLRECYDS-26SEP13CHICAR,KXNFLRECYDS,receiving_yards,football_player,Colston Loveland: 110+ receiving yards,FIRST_OBSERVED,2026-09-07T12:03:37.314325+00:00,2026-09-07T12:03:37.314325+00:00,0,0.02,0.1,0.9,0.98,market_object,PASS,
2026-09-07T12:03:37.314325+00:00,2026,1,2026_01_CHI_CAR,CHI@CAR,2026-09-13T17:00:00+00:00,KXNFLRECYDS-26SEP13CHICAR-CHICLOVELAND84-100,KXNFLRECYDS-26SEP13CHICAR,KXNFLRECYDS,receiving_yards,football_player,Colston Loveland: 100+ receiving yards,FIRST_OBSERVED,2026-09-07T12:03:37.314325+00:00,2026-09-07T12:03:37.314325+00:00,0,0.02,0.13,0.87,0.98,market_object,PASS,
2026-09-07T12:03:37.314325+00:00,2026,1,2026_01_CHI_CAR,CHI@CAR,2026-09-13T17:00:00+00:00,KXNFLRECYDS-26SEP13CHICAR-CHICKMET85-15,KXNFLRECYDS-26SEP13CHICAR,KXNFLRECYDS,receiving_yards,football_player,Cole Kmet: 15+ receiving yards,FIRST_OBSERVED,2026-09-07T12:03:37.314325+00:00,2026-09-07T12:03:37.314325+00:00,0,0.48,0.5,0.5,0.52,market_object,PASS,
2026-09-07T12:03:37.314325+00:00,2026,1,2026_01_CHI_CAR,CHI@CAR,2026-09-13T17:00:00+00:00,KXNFLRECYDS-26SEP13CHICAR-CARTMCMILLAN4-90,KXNFLRECYDS-26SEP13CHICAR,KXNFLRECYDS,receiving_yards,football_player,Tetairoa McMillan: 90+ receiving yards,FIRST_OBSERVED,2026-09-07T12:03:37.314325+00:00,2026-09-07T12:03:37.314325+00:00,0,0.1,0.22,0.78,0.9,market_object,PASS,
2026-09-07T12:03:37.314325+00:00,2026,1,2026_01_CHI_CAR,CHI@CAR,2026-09-13T17:00:00+00:00,KXNFLRECYDS-26SEP13CHICAR-CARTMCMILLAN4-80,KXNFLRECYDS-26SEP13CHICAR,KXNFLRECYDS,receiving_yards,football_player,Tetairoa McMillan: 80+ receiving yards,FIRST_OBSERVED,2026-09-07T12:03:37.314325+00:00,2026-09-07T12:03:37.314325+00:00,0,0.02,0.3,0.7,0.98,market_object,PASS,
2026-09-07T12:03:37.314325+00:00,2026,1,2026_01_CHI_CAR,CHI@CAR,2026-09-13T17:00:00+00:00,KXNFLRECYDS-26SEP13CHICAR-CARTMCMILLAN4-70,KXNFLRECYDS-26SEP13CHICAR,KXNFLRECYDS,receiving_yards,football_player,Tetairoa McMillan: 70+ receiving yards,FIRST_OBSERVED,2026-09-07T12:03:37.314325+00:00,2026-09-07T12:03:37.314325+00:00,0,0.02,0.38,0.62,0.98,market_object,PASS,
2026-09-07T12:03:37.314325+00:00,2026,1,2026_01_CHI_CAR,CHI@CAR,2026-09-13T17:00:00+00:00,KXNFLRECYDS-26SEP13CHICAR-CARTMCMILLAN4-60,KXNFLRECYDS-26SEP13CHICAR,KXNFLRECYDS,receiving_yards,football_player,Tetairoa McMillan: 60+ receiving yards,FIRST_OBSERVED,2026-09-07T12:03:37.314325+00:00,2026-09-07T12:03:37.314325+00:00,0,0.02,0.48,0.52,0.98,market_object,PASS,
2026-09-07T12:03:37.314325+00:00,2026,1,2026_01_CHI_CAR,CHI@CAR,2026-09-13T17:00:00+00:00,KXNFLRECYDS-26SEP13CHICAR-CARTMCMILLAN4-50,KXNFLRECYDS-26SEP13CHICAR,KXNFLRECYDS,receiving_yards,football_player,Tetairoa McMillan: 50+ receiving yards,FIRST_OBSERVED,2026-09-07T12:03:37.314325+00:00,2026-09-07T12:03:37.314325+00:00,0,0.02,0.61,0.39,0.98,market_object,PASS,
2026-09-07T12:03:37.314325+00:00,2026,1,2026_01_CHI_CAR,CHI@CAR,2026-09-13T17:00:00+00:00,KXNFLRECYDS-26SEP13CHICAR-CARTMCMILLAN4-40,KXNFLRECYDS-26SEP13CHICAR,KXNFLRECYDS,receiving_yards,football_player,Tetairoa McMillan: 40+ receiving yards,FIRST_OBSERVED,2026-09-07T12:03:37.314325+00:00,2026-09-07T12:03:37.314325+00:00,0,0.02,0.72,0.28,0.98,market_object,PASS,
2026-09-07T12:03:37.314325+00:00,2026,1,2026_01_CHI_CAR,CHI@CAR,2026-09-13T17:00:00+00:00,KXNFLRECYDS-26SEP13CHICAR-CARTMCMILLAN4-25,KXNFLRECYDS-26SEP13CHICAR,KXNFLRECYDS,receiving_yards,football_player,Tetairoa McMillan: 25+ receiving yards,FIRST_OBSERVED,2026-09-07T12:03:37.314325+00:00,2026-09-07T12:03:37.314325+00:00,0,0.18,0.87,0.13,0.8200000000000001,market_object,PASS,
2026-09-07T12:03:37.314325+00:00,2026,1,2026_01_CHI_CAR,CHI@CAR,2026-09-13T17:00:00+00:00,KXNFLRECYDS-26SEP13CHICAR-CARTMCMILLAN4-140,KXNFLRECYDS-26SEP13CHICAR,KXNFLRECYDS,receiving_yards,football_player,Tetairoa McMillan: 140+ receiving yards,FIRST_OBSERVED,2026-09-07T12:03:37.314325+00:00,2026-09-07T12:03:37.314325+00:00,0,0.02,0.05,0.95,0.98,market_object,PASS,
2026-09-07T12:03:37.314325+00:00,2026,1,2026_01_CHI_CAR,CHI@CAR,2026-09-13T17:00:00+00:00,KXNFLRECYDS-26SEP13CHICAR-CARTMCMILLAN4-130,KXNFLRECYDS-26SEP13CHICAR,KXNFLRECYDS,receiving_yards,football_player,Tetairoa McMillan: 130+ receiving yards,FIRST_OBSERVED,2026-09-07T12:03:37.314325+00:00,2026-09-07T12:03:37.314325+00:00,0,0.02,0.06,0.94,0.98,market_object,PASS,
2026-09-07T12:03:37.314325+00:00,2026,1,2026_01_CHI_CAR,CHI@CAR,2026-09-13T17:00:00+00:00,KXNFLRECYDS-26SEP13CHICAR-CARTMCMILLAN4-120,KXNFLRECYDS-26SEP13CHICAR,KXNFLRECYDS,receiving_yards,football_player,Tetairoa McMillan: 120+ receiving yards,FIRST_OBSERVED,2026-09-07T12:03:37.314325+00:00,2026-09-07T12:03:37.314325+00:00,0,0.02,0.09,0.91,0.98,market_object,PASS,
2026-09-07T12:03:37.314325+00:00,2026,1,2026_01_CHI_CAR,CHI@CAR,2026-09-13T17:00:00+00:00,KXNFLRECYDS-26SEP13CHICAR-CARTMCMILLAN4-110,KXNFLRECYDS-26SEP13CHICAR,KXNFLRECYDS,receiving_yards,football_player,Tetairoa McMillan: 110+ receiving yards,FIRST_OBSERVED,2026-09-07T12:03:37.314325+00:00,2026-09-07T12:03:37.314325+00:00,0,0.02,0.12,0.88,0.98,market_object,PASS,
2026-09-07T12:03:37.314325+00:00,2026,1,2026_01_CHI_CAR,CHI@CAR,2026-09-13T17:00:00+00:00,KXNFLRECYDS-26SEP13CHICAR-CARTMCMILLAN4-100,KXNFLRECYDS-26SEP13CHICAR,KXNFLRECYDS,receiving_yards,football_player,Tetairoa McMillan: 100+ receiving yards,FIRST_OBSERVED,2026-09-07T12:03:37.314325+00:00,2026-09-07T12:03:37.314325+00:00,0,0.02,0.16,0.84,0.98,market_object,PASS,
2026-09-07T12:03:37.314325+00:00,2026,1,2026_01_CHI_CAR,CHI@CAR,2026-09-13T17:00:00+00:00,KXNFLRECYDS-26SEP13CHICAR-CARJCOKER18-90,KXNFLRECYDS-26SEP13CHICAR,KXNFLRECYDS,receiving_yards,football_player,Jalen Coker: 90+ receiving yards,FIRST_OBSERVED,2026-09-07T12:03:37.314325+00:00,2026-09-07T12:03:37.314325+00:00,0,0.02,0.09,0.91,0.98,market_object,PASS,
2026-09-07T12:03:37.314325+00:00,2026,1,2026_01_CHI_CAR,CHI@CAR,2026-09-13T17:00:00+00:00,KXNFLRECYDS-26SEP13CHICAR-CARJCOKER18-80,KXNFLRECYDS-26SEP13CHICAR,KXNFLRECYDS,receiving_yards,football_player,Jalen Coker: 80+ receiving yards,FIRST_OBSERVED,2026-09-07T12:03:37.314325+00:00,2026-09-07T12:03:37.314325+00:00,0,0.02,0.13,0.87,0.98,market_object,PASS,
2026-09-07T12:03:37.314325+00:00,2026,1,2026_01_CHI_CAR,CHI@CAR,2026-09-13T17:00:00+00:00,KXNFLRECYDS-26SEP13CHICAR-CARJCOKER18-70,KXNFLRECYDS-26SEP13CHICAR,KXNFLRECYDS,receiving_yards,football_player,Jalen Coker: 70+ receiving yards,FIRST_OBSERVED,2026-09-07T12:03:37.314325+00:00,2026-09-07T12:03:37.314325+00:00,0,0.02,0.19,0.81,0.98,market_object,PASS,
2026-09-07T12:03:37.314325+00:00,2026,1,2026_01_CHI_CAR,CHI@CAR,2026-09-13T17:00:00+00:00,KXNFLRECYDS-26SEP13CHICAR-CARJCOKER18-60,KXNFLRECYDS-26SEP13CHICAR,KXNFLRECYDS,receiving_yards,football_player,Jalen Coker: 60+ receiving yards,FIRST_OBSERVED,2026-09-07T12:03:37.314325+00:00,2026-09-07T12:03:37.314325+00:00,0,0.02,0.28,0.72,0.98,market_object,PASS,
2026-09-07T12:03:37.314325+00:00,2026,1,2026_01_CHI_CAR,CHI@CAR,2026-09-13T17:00:00+00:00,KXNFLRECYDS-26SEP13CHICAR-CARJCOKER18-50,KXNFLRECYDS-26SEP13CHICAR,KXNFLRECYDS,receiving_yards,football_player,Jalen Coker: 50+ receiving yards,FIRST_OBSERVED,2026-09-07T12:03:37.314325+00:00,2026-09-07T12:03:37.314325+00:00,0,0.02,0.38,0.62,0.98,market_object,PASS,
2026-09-07T12:03:37.314325+00:00,2026,1,2026_01_CHI_CAR,CHI@CAR,2026-09-13T17:00:00+00:00,KXNFLRECYDS-26SEP13CHICAR-CARJCOKER18-40,KXNFLRECYDS-26SEP13CHICAR,KXNFLRECYDS,receiving_yards,football_player,Jalen Coker: 40+ receiving yards,FIRST_OBSERVED,2026-09-07T12:03:37.314325+00:00,2026-09-07T12:03:37.314325+00:00,0,0.47,0.51,0.49,0.53,market_object,PASS,
2026-09-07T12:03:37.314325+00:00,2026,1,2026_01_CHI_CAR,CHI@CAR,2026-09-13T17:00:00+00:00,KXNFLRECYDS-26SEP13CHICAR-CARJCOKER18-25,KXNFLRECYDS-26SEP13CHICAR,KXNFLRECYDS,receiving_yards,football_player,Jalen Coker: 25+ receiving yards,FIRST_OBSERVED,2026-09-07T12:03:37.314325+00:00,2026-09-07T12:03:37.314325+00:00,0,0.34,0.74,0.26,0.6599999999999999,market_object,PASS,
2026-09-07T12:03:37.314325+00:00,2026,1,2026_01_CHI_CAR,CHI@CAR,2026-09-13T17:00:00+00:00,KXNFLRECYDS-26SEP13CHICAR-CARJCOKER18-15,KXNFLRECYDS-26SEP13CHICAR,KXNFLRECYDS,receiving_yards,football_player,Jalen Coker: 15+ receiving yards,FIRST_OBSERVED,2026-09-07T12:03:37.314325+00:00,2026-09-07T12:03:37.314325+00:00,0,0.34,0.87,0.13,0.6599999999999999,market_object,PASS,
2026-09-07T12:03:37.314325+00:00,2026,1,2026_01_CHI_CAR,CHI@CAR,2026-09-13T17:00:00+00:00,KXNFLRECYDS-26SEP13CHICAR-CARJCOKER18-110,KXNFLRECYDS-26SEP13CHICAR,KXNFLRECYDS,receiving_yards,football_player,Jalen Coker: 110+ receiving yards,FIRST_OBSERVED,2026-09-07T12:03:37.314325+00:00,2026-09-07T12:03:37.314325+00:00,0,0.02,0.05,0.95,0.98,market_object,PASS,
2026-09-07T12:03:37.314325+00:00,2026,1,2026_01_CHI_CAR,CHI@CAR,2026-09-13T17:00:00+00:00,KXNFLRECYDS-26SEP13CHICAR-CARJCOKER18-100,KXNFLRECYDS-26SEP13CHICAR,KXNFLRECYDS,receiving_yards,football_player,Jalen Coker: 100+ receiving yards,FIRST_OBSERVED,2026-09-07T12:03:37.314325+00:00,2026-09-07T12:03:37.314325+00:00,0,0.02,0.07,0.9299999999999999,0.98,market_object,PASS,
2026-09-07T12:03:37.314325+00:00,2026,1,2026_01_NE_SEA,NE@SEA,2026-09-10T00:20:00+00:00,KXNFLRECYDS-26SEP09NESEA-SEAJPRICE8-40,KXNFLRECYDS-26SEP09NESEA,KXNFLRECYDS,receiving_yards,football_player,Jadarian Price: 40+ receiving yards,FIRST_OBSERVED,2026-09-07T12:03:37.314325+00:00,2026-09-07T12:03:37.314325+00:00,0,0.02,0.06,0.94,0.98,market_object,PASS,
2026-09-07T12:03:37.314325+00:00,2026,1,2026_01_NE_SEA,NE@SEA,2026-09-10T00:20:00+00:00,KXNFLRECYDS-26SEP09NESEA-SEAJPRICE8-25,KXNFLRECYDS-26SEP09NESEA,KXNFLRECYDS,receiving_yards,football_player,Jadarian Price: 25+ receiving yards,FIRST_OBSERVED,2026-09-07T12:03:37.314325+00:00,2026-09-07T12:03:37.314325+00:00,0,0.04,0.16,0.84,0.96,market_object,PASS,
2026-09-07T12:03:37.314325+00:00,2026,1,2026_01_NE_SEA,NE@SEA,2026-09-10T00:20:00+00:00,KXNFLRECYDS-26SEP09NESEA-SEAJPRICE8-15,KXNFLRECYDS-26SEP09NESEA,KXNFLRECYDS,receiving_yards,football_player,Jadarian Price: 15+ receiving yards,FIRST_OBSERVED,2026-09-07T12:03:37.314325+00:00,2026-09-07T12:03:37.314325+00:00,0,0.03,0.35,0.65,0.97,market_object,PASS,
2026-09-07T12:03:37.314325+00:00,2026,1,2026_01_NE_SEA,NE@SEA,2026-09-10T00:20:00+00:00,KXNFLRECYDS-26SEP09NESEA-SEAJPRICE8-10,KXNFLRECYDS-26SEP09NESEA,KXNFLRECYDS,receiving_yards,football_player,Jadarian Price: 10+ receiving yards,FIRST_OBSERVED,2026-09-07T12:03:37.314325+00:00,2026-09-07T12:03:37.314325+00:00,0,0.04,0.49,0.51,0.96,market_object,PASS,
2026-09-07T12:03:37.314325+00:00,2026,1,2026_01_SF_LA,SF@LAR,2026-09-11T00:35:00+00:00,KXNFLRECYDS-26SEP10SFLAR-LARDADAMS17-130,KXNFLRECYDS-26SEP10SFLAR,KXNFLRECYDS,receiving_yards,football_player,Davante Adams: 130+ receiving yards,FIRST_OBSERVED,2026-09-07T12:03:37.314325+00:00,2026-09-07T12:03:37.314325+00:00,0,0.02,0.06,0.94,0.98,market_object,PASS,
2026-09-07T12:03:37.314325+00:00,2026,1,2026_01_SF_LA,SF@LAR,2026-09-11T00:35:00+00:00,KXNFLRECYDS-26SEP10SFLAR-LARDADAMS17-120,KXNFLRECYDS-26SEP10SFLAR,KXNFLRECYDS,receiving_yards,football_player,Davante Adams: 120+ receiving yards,FIRST_OBSERVED,2026-09-07T12:03:37.314325+00:00,2026-09-07T12:03:37.314325+00:00,0,0.02,0.08,0.92,0.98,market_object,PASS,
2026-09-07T12:03:37.314325+00:00,2026,1,2026_01_SF_LA,SF@LAR,2026-09-11T00:35:00+00:00,KXNFLRECYDS-26SEP10SFLAR-LARDADAMS17-110,KXNFLRECYDS-26SEP10SFLAR,KXNFLRECYDS,receiving_yards,football_player,Davante Adams: 110+ receiving yards,FIRST_OBSERVED,2026-09-07T12:03:37.314325+00:00,2026-09-07T12:03:37.314325+00:00,0,0.02,0.11,0.89,0.98,market_object,PASS,
2026-09-07T12:03:37.314325+00:00,2026,1,2026_01_SF_LA,SF@LAR,2026-09-11T00:35:00+00:00,KXNFLRECYDS-26SEP10SFLAR-LARDADAMS17-100,KXNFLRECYDS-26SEP10SFLAR,KXNFLRECYDS,receiving_yards,football_player,Davante Adams: 100+ receiving yards,FIRST_OBSERVED,2026-09-07T12:03:37.314325+00:00,2026-09-07T12:03:37.314325+00:00,0,0.02,0.13,0.87,0.98,market_object,PASS,
2026-09-07T12:03:37.314325+00:00,2026,1,2026_01_SF_LA,SF@LAR,2026-09-11T00:35:00+00:00,KXNFLRECYDS-26SEP10SFLAR-LARDADAMS17-90,KXNFLRECYDS-26SEP10SFLAR,KXNFLRECYDS,receiving_yards,football_player,Davante Adams: 90+ receiving yards,FIRST_OBSERVED,2026-09-07T12:03:37.314325+00:00,2026-09-07T12:03:37.314325+00:00,0,0.03,0.17,0.83,0.97,market_object,PASS,
2026-09-07T12:03:37.314325+00:00,2026,1,2026_01_SF_LA,SF@LAR,2026-09-11T00:35:00+00:00,KXNFLRECYDS-26SEP10SFLAR-LARDADAMS17-80,KXNFLRECYDS-26SEP10SFLAR,KXNFLRECYDS,receiving_yards,football_player,Davante Adams: 80+ receiving yards,FIRST_OBSERVED,2026-09-07T12:03:37.314325+00:00,2026-09-07T12:03:37.314325+00:00,0,0.03,0.23,0.77,0.97,market_object,PASS,
2026-09-07T12:03:37.314325+00:00,2026,1,2026_01_SF_LA,SF@LAR,2026-09-11T00:35:00+00:00,KXNFLRECYDS-26SEP10SFLAR-LARDADAMS17-70,KXNFLRECYDS-26SEP10SFLAR,KXNFLRECYDS,receiving_yards,football_player,Davante Adams: 70+ receiving yards,FIRST_OBSERVED,2026-09-07T12:03:37.314325+00:00,2026-09-07T12:03:37.314325+00:00,0,0.03,0.33,0.6699999999999999,0.97,market_object,PASS,
2026-09-07T12:03:37.314325+00:00,2026,1,2026_01_SF_LA,SF@LAR,2026-09-11T00:35:00+00:00,KXNFLRECYDS-26SEP10SFLAR-LARDADAMS17-60,KXNFLRECYDS-26SEP10SFLAR,KXNFLRECYDS,receiving_yards,football_player,Davante Adams: 60+ receiving yards,FIRST_OBSERVED,2026-09-07T12:03:37.314325+00:00,2026-09-07T12:03:37.314325+00:00,0,0.2,0.43,0.5700000000000001,0.8,market_object,PASS,
2026-09-07T12:03:37.314325+00:00,2026,1,2026_01_SF_LA,SF@LAR,2026-09-11T00:35:00+00:00,KXNFLRECYDS-26SEP10SFLAR-LARDADAMS17-50,KXNFLRECYDS-26SEP10SFLAR,KXNFLRECYDS,receiving_yards,football_player,Davante Adams: 50+ receiving yards,FIRST_OBSERVED,2026-09-07T12:03:37.314325+00:00,2026-09-07T12:03:37.314325+00:00,0,0.09,0.54,0.45999999999999996,0.91,market_object,PASS,
2026-09-07T12:03:37.314325+00:00,2026,1,2026_01_SF_LA,SF@LAR,2026-09-11T00:35:00+00:00,KXNFLRECYDS-26SEP10SFLAR-LARDADAMS17-40,KXNFLRECYDS-26SEP10SFLAR,KXNFLRECYDS,receiving_yards,football_player,Davante Adams: 40+ receiving yards,FIRST_OBSERVED,2026-09-07T12:03:37.314325+00:00,2026-09-07T12:03:37.314325+00:00,0,0.2,0.65,0.35,0.8,market_object,PASS,
2026-09-07T12:03:37.314325+00:00,2026,1,2026_01_SF_LA,SF@LAR,2026-09-11T00:35:00+00:00,KXNFLRECYDS-26SEP10SFLAR-LARDADAMS17-25,KXNFLRECYDS-26SEP10SFLAR,KXNFLRECYDS,receiving_yards,football_player,Davante Adams: 25+ receiving yards,FIRST_OBSERVED,2026-09-07T12:03:37.314325+00:00,2026-09-07T12:03:37.314325+00:00,0,0.19,0.82,0.18000000000000005,0.81,market_object,PASS,
2026-09-07T12:03:37.314325+00:00,2026,1,2026_01_SF_LA,SF@LAR,2026-09-11T00:35:00+00:00,KXNFLRECYDS-26SEP10SFLAR-LARCPARKINSON84-80,KXNFLRECYDS-26SEP10SFLAR,KXNFLRECYDS,receiving_yards,football_player,Colby Parkinson: 80+ receiving yards,FIRST_OBSERVED,2026-09-07T12:03:37.314325+00:00,2026-09-07T12:03:37.314325+00:00,0,0.02,0.05,0.95,0.98,market_object,PASS,
2026-09-07T12:03:37.314325+00:00,2026,1,2026_01_SF_LA,SF@LAR,2026-09-11T00:35:00+00:00,KXNFLRECYDS-26SEP10SFLAR-LARCPARKINSON84-70,KXNFLRECYDS-26SEP10SFLAR,KXNFLRECYDS,receiving_yards,football_player,Colby Parkinson: 70+ receiving yards,FIRST_OBSERVED,2026-09-07T12:03:37.314325+00:00,2026-09-07T12:03:37.314325+00:00,0,0.02,0.06,0.94,0.98,market_object,PASS,
2026-09-07T12:03:37.314325+00:00,2026,1,2026_01_SF_LA,SF@LAR,2026-09-11T00:35:00+00:00,KXNFLRECYDS-26SEP10SFLAR-LARCPARKINSON84-60,KXNFLRECYDS-26SEP10SFLAR,KXNFLRECYDS,receiving_yards,football_player,Colby Parkinson: 60+ receiving yards,FIRST_OBSERVED,2026-09-07T12:03:37.314325+00:00,2026-09-07T12:03:37.314325+00:00,0,0.02,0.07,0.9299999999999999,0.98,market_object,PASS,
2026-09-07T12:03:37.314325+00:00,2026,1,2026_01_SF_LA,SF@LAR,2026-09-11T00:35:00+00:00,KXNFLRECYDS-26SEP10SFLAR-LARCPARKINSON84-50,KXNFLRECYDS-26SEP10SFLAR,KXNFLRECYDS,receiving_yards,football_player,Colby Parkinson: 50+ receiving yards,FIRST_OBSERVED,2026-09-07T12:03:37.314325+00:00,2026-09-07T12:03:37.314325+00:00,0,0.02,0.13,0.87,0.98,market_object,PASS,
2026-09-07T12:03:37.314325+00:00,2026,1,2026_01_SF_LA,SF@LAR,2026-09-11T00:35:00+00:00,KXNFLRECYDS-26SEP10SFLAR-LARCPARKINSON84-40,KXNFLRECYDS-26SEP10SFLAR,KXNFLRECYDS,receiving_yards,football_player,Colby Parkinson: 40+ receiving yards,FIRST_OBSERVED,2026-09-07T12:03:37.314325+00:00,2026-09-07T12:03:37.314325+00:00,0,0.03,0.21,0.79,0.97,market_object,PASS,
2026-09-07T12:03:37.314325+00:00,2026,1,2026_01_SF_LA,SF@LAR,2026-09-11T00:35:00+00:00,KXNFLRECYDS-26SEP10SFLAR-LARCPARKINSON84-25,KXNFLRECYDS-26SEP10SFLAR,KXNFLRECYDS,receiving_yards,football_player,Colby Parkinson: 25+ receiving yards,FIRST_OBSERVED,2026-09-07T12:03:37.314325+00:00,2026-09-07T12:03:37.314325+00:00,0,0.03,0.44,0.56,0.97,market_object,PASS,
2026-09-07T12:03:37.314325+00:00,2026,1,2026_01_SF_LA,SF@LAR,2026-09-11T00:35:00+00:00,KXNFLRECYDS-26SEP10SFLAR-LARCPARKINSON84-15,KXNFLRECYDS-26SEP10SFLAR,KXNFLRECYDS,receiving_yards,football_player,Colby Parkinson: 15+ receiving yards,FIRST_OBSERVED,2026-09-07T12:03:37.314325+00:00,2026-09-07T12:03:37.314325+00:00,0,0.03,0.63,0.37,0.97,market_object,PASS,
2026-09-07T12:03:37.314325+00:00,2026,1,2026_01_SF_LA,SF@LAR,2026-09-11T00:35:00+00:00,KXNFLRECYDS-26SEP10SFLAR-LARKWILLIAMS23-50,KXNFLRECYDS-26SEP10SFLAR,KXNFLRECYDS,receiving_yards,football_player,Kyren Williams: 50+ receiving yards,FIRST_OBSERVED,2026-09-07T12:03:37.314325+00:00,2026-09-07T12:03:37.314325+00:00,0,0.02,0.05,0.95,0.98,market_object,PASS,
2026-09-07T12:03:37.314325+00:00,2026,1,2026_01_SF_LA,SF@LAR,2026-09-11T00:35:00+00:00,KXNFLRECYDS-26SEP10SFLAR-LARKWILLIAMS23-40,KXNFLRECYDS-26SEP10SFLAR,KXNFLRECYDS,receiving_yards,football_player,Kyren Williams: 40+ receiving yards,FIRST_OBSERVED,2026-09-07T12:03:37.314325+00:00,2026-09-07T12:03:37.314325+00:00,0,0.02,0.08,0.92,0.98,market_object,PASS,
2026-09-07T12:03:37.314325+00:00,2026,1,2026_01_SF_LA,SF@LAR,2026-09-11T00:35:00+00:00,KXNFLRECYDS-26SEP10SFLAR-LARKWILLIAMS23-25,KXNFLRECYDS-26SEP10SFLAR,KXNFLRECYDS,receiving_yards,football_player,Kyren Williams: 25+ receiving yards,FIRST_OBSERVED,2026-09-07T12:03:37.314325+00:00,2026-09-07T12:03:37.314325+00:00,0,0.03,0.25,0.75,0.97,market_object,PASS,
2026-09-07T12:03:37.314325+00:00,2026,1,2026_01_SF_LA,SF@LAR,2026-09-11T00:35:00+00:00,KXNFLRECYDS-26SEP10SFLAR-LARKWILLIAMS23-15,KXNFLRECYDS-26SEP10SFLAR,KXNFLRECYDS,receiving_yards,football_player,Kyren Williams: 15+ receiving yards,FIRST_OBSERVED,2026-09-07T12:03:37.314325+00:00,2026-09-07T12:03:37.314325+00:00,0,0.03,0.43,0.5700000000000001,0.97,market_object,PASS,
2026-09-07T12:03:37.314325+00:00,2026,1,2026_01_NE_SEA,NE@SEA,2026-09-10T00:20:00+00:00,KXNFLRECYDS-26SEP09NESEA-NEDDOUGLAS3-70,KXNFLRECYDS-26SEP09NESEA,KXNFLRECYDS,receiving_yards,football_player,DeMario Douglas: 70+ receiving yards,FIRST_OBSERVED,2026-09-07T12:03:37.314325+00:00,2026-09-07T12:03:37.314325+00:00,0,0.02,0.05,0.95,0.98,market_object,PASS,
2026-09-07T12:03:37.314325+00:00,2026,1,2026_01_NE_SEA,NE@SEA,2026-09-10T00:20:00+00:00,KXNFLRECYDS-26SEP09NESEA-NEDDOUGLAS3-60,KXNFLRECYDS-26SEP09NESEA,KXNFLRECYDS,receiving_yards,football_player,DeMario Douglas: 60+ receiving yards,FIRST_OBSERVED,2026-09-07T12:03:37.314325+00:00,2026-09-07T12:03:37.314325+00:00,0,0.03,0.1,0.9,0.97,market_object,PASS,
2026-09-07T12:03:37.314325+00:00,2026,1,2026_01_NE_SEA,NE@SEA,2026-09-10T00:20:00+00:00,KXNFLRECYDS-26SEP09NESEA-NEDDOUGLAS3-50,KXNFLRECYDS-26SEP09NESEA,KXNFLRECYDS,receiving_yards,football_player,DeMario Douglas: 50+ receiving yards,FIRST_OBSERVED,2026-09-07T12:03:37.314325+00:00,2026-09-07T12:03:37.314325+00:00,0,0.11,0.13,0.87,0.89,market_object,PASS,
2026-09-07T12:03:37.314325+00:00,2026,1,2026_01_NE_SEA,NE@SEA,2026-09-10T00:20:00+00:00,KXNFLRECYDS-26SEP09NESEA-NEDDOUGLAS3-40,KXNFLRECYDS-26SEP09NESEA,KXNFLRECYDS,receiving_yards,football_player,DeMario Douglas: 40+ receiving yards,FIRST_OBSERVED,2026-09-07T12:03:37.314325+00:00,2026-09-07T12:03:37.314325+00:00,0,0.18,0.2,0.8,0.8200000000000001,market_object,PASS,
2026-09-07T12:03:37.314325+00:00,2026,1,2026_01_NE_SEA,NE@SEA,2026-09-10T00:20:00+00:00,KXNFLRECYDS-26SEP09NESEA-NEDDOUGLAS3-25,KXNFLRECYDS-26SEP09NESEA,KXNFLRECYDS,receiving_yards,football_player,DeMario Douglas: 25+ receiving yards,FIRST_OBSERVED,2026-09-07T12:03:37.314325+00:00,2026-09-07T12:03:37.314325+00:00,0,0.35,0.4,0.6,0.65,market_object,PASS,
2026-09-07T12:03:37.314325+00:00,2026,1,2026_01_NE_SEA,NE@SEA,2026-09-10T00:20:00+00:00,KXNFLRECYDS-26SEP09NESEA-NEDDOUGLAS3-15,KXNFLRECYDS-26SEP09NESEA,KXNFLRECYDS,receiving_yards,football_player,DeMario Douglas: 15+ receiving yards,FIRST_OBSERVED,2026-09-07T12:03:37.314325+00:00,2026-09-07T12:03:37.314325+00:00,0,0.61,0.62,0.38,0.39,market_object,PASS,
2026-09-07T12:03:37.314325+00:00,2026,1,2026_01_NE_SEA,NE@SEA,2026-09-10T00:20:00+00:00,KXNFLRECYDS-26SEP09NESEA-NEHHENRY85-90,KXNFLRECYDS-26SEP09NESEA,KXNFLRECYDS,receiving_yards,football_player,Hunter Henry: 90+ receiving yards,FIRST_OBSERVED,2026-09-07T12:03:37.314325+00:00,2026-09-07T12:03:37.314325+00:00,0,0.03,0.07,0.9299999999999999,0.97,market_object,PASS,
2026-09-07T12:03:37.314325+00:00,2026,1,2026_01_NE_SEA,NE@SEA,2026-09-10T00:20:00+00:00,KXNFLRECYDS-26SEP09NESEA-NEHHENRY85-80,KXNFLRECYDS-26SEP09NESEA,KXNFLRECYDS,receiving_yards,football_player,Hunter Henry: 80+ receiving yards,FIRST_OBSERVED,2026-09-07T12:03:37.314325+00:00,2026-09-07T12:03:37.314325+00:00,0,0.05,0.1,0.9,0.95,market_object,PASS,
2026-09-07T12:03:37.314325+00:00,2026,1,2026_01_NE_SEA,NE@SEA,2026-09-10T00:20:00+00:00,KXNFLRECYDS-26SEP09NESEA-NEHHENRY85-70,KXNFLRECYDS-26SEP09NESEA,KXNFLRECYDS,receiving_yards,football_player,Hunter Henry: 70+ receiving yards,FIRST_OBSERVED,2026-09-07T12:03:37.314325+00:00,2026-09-07T12:03:37.314325+00:00,0,0.08,0.15,0.85,0.92,market_object,PASS,
2026-09-07T12:03:37.314325+00:00,2026,1,2026_01_NE_SEA,NE@SEA,2026-09-10T00:20:00+00:00,KXNFLRECYDS-26SEP09NESEA-NEHHENRY85-60,KXNFLRECYDS-26SEP09NESEA,KXNFLRECYDS,receiving_yards,football_player,Hunter Henry: 60+ receiving yards,FIRST_OBSERVED,2026-09-07T12:03:37.314325+00:00,2026-09-07T12:03:37.314325+00:00,0,0.03,0.2,0.8,0.97,market_object,PASS,
2026-09-07T12:03:37.314325+00:00,2026,1,2026_01_NE_SEA,NE@SEA,2026-09-10T00:20:00+00:00,KXNFLRECYDS-26SEP09NESEA-NEHHENRY85-50,KXNFLRECYDS-26SEP09NESEA,KXNFLRECYDS,receiving_yards,football_player,Hunter Henry: 50+ receiving yards,FIRST_OBSERVED,2026-09-07T12:03:37.314325+00:00,2026-09-07T12:03:37.314325+00:00,0,0.26,0.29,0.71,0.74,market_object,PASS,
2026-09-07T12:03:37.314325+00:00,2026,1,2026_01_NE_SEA,NE@SEA,2026-09-10T00:20:00+00:00,KXNFLRECYDS-26SEP09NESEA-NEHHENRY85-40,KXNFLRECYDS-26SEP09NESEA,KXNFLRECYDS,receiving_yards,football_player,Hunter Henry: 40+ receiving yards,FIRST_OBSERVED,2026-09-07T12:03:37.314325+00:00,2026-09-07T12:03:37.314325+00:00,0,0.33,0.44,0.56,0.6699999999999999,market_object,PASS,
2026-09-07T12:03:37.314325+00:00,2026,1,2026_01_NE_SEA,NE@SEA,2026-09-10T00:20:00+00:00,KXNFLRECYDS-26SEP09NESEA-NEHHENRY85-25,KXNFLRECYDS-26SEP09NESEA,KXNFLRECYDS,receiving_yards,football_player,Hunter Henry: 25+ receiving yards,FIRST_OBSERVED,2026-09-07T12:03:37.314325+00:00,2026-09-07T12:03:37.314325+00:00,0,0.6,0.67,0.32999999999999996,0.4,market_object,PASS,
2026-09-07T12:03:37.314325+00:00,2026,1,2026_01_NE_SEA,NE@SEA,2026-09-10T00:20:00+00:00,KXNFLRECYDS-26SEP09NESEA-NEHHENRY85-15,KXNFLRECYDS-26SEP09NESEA,KXNFLRECYDS,receiving_yards,football_player,Hunter Henry: 15+ receiving yards,FIRST_OBSERVED,2026-09-07T12:03:37.314325+00:00,2026-09-07T12:03:37.314325+00:00,0,0.71,0.83,0.17000000000000004,0.29000000000000004,market_object,PASS,
2026-09-07T12:03:37.314325+00:00,2026,1,2026_01_NE_SEA,NE@SEA,2026-09-10T00:20:00+00:00,KXNFLRECYDS-26SEP09NESEA-NERSTEVENSON38-70,KXNFLRECYDS-26SEP09NESEA,KXNFLRECYDS,receiving_yards,football_player,Rhamondre Stevenson: 70+ receiving yards,FIRST_OBSERVED,2026-09-07T12:03:37.314325+00:00,2026-09-07T12:03:37.314325+00:00,0,0.02,0.06,0.94,0.98,market_object,PASS,
2026-09-07T12:03:37.314325+00:00,2026,1,2026_01_NE_SEA,NE@SEA,2026-09-10T00:20:00+00:00,KXNFLRECYDS-26SEP09NESEA-NERSTEVENSON38-60,KXNFLRECYDS-26SEP09NESEA,KXNFLRECYDS,receiving_yards,football_player,Rhamondre Stevenson: 60+ receiving yards,FIRST_OBSERVED,2026-09-07T12:03:37.314325+00:00,2026-09-07T12:03:37.314325+00:00,0,0.02,0.11,0.89,0.98,market_object,PASS,
2026-09-07T12:03:37.314325+00:00,2026,1,2026_01_NE_SEA,NE@SEA,2026-09-10T00:20:00+00:00,KXNFLRECYDS-26SEP09NESEA-NERSTEVENSON38-50,KXNFLRECYDS-26SEP09NESEA,KXNFLRECYDS,receiving_yards,football_player,Rhamondre Stevenson: 50+ receiving yards,FIRST_OBSERVED,2026-09-07T12:03:37.314325+00:00,2026-09-07T12:03:37.314325+00:00,0,0.05,0.14,0.86,0.95,market_object,PASS,
2026-09-07T12:03:37.314325+00:00,2026,1,2026_01_NE_SEA,NE@SEA,2026-09-10T00:20:00+00:00,KXNFLRECYDS-26SEP09NESEA-NERSTEVENSON38-40,KXNFLRECYDS-26SEP09NESEA,KXNFLRECYDS,receiving_yards,football_player,Rhamondre Stevenson: 40+ receiving yards,FIRST_OBSERVED,2026-09-07T12:03:37.314325+00:00,2026-09-07T12:03:37.314325+00:00,0,0.06,0.27,0.73,0.94,market_object,PASS,
2026-09-07T12:03:37.314325+00:00,2026,1,2026_01_NE_SEA,NE@SEA,2026-09-10T00:20:00+00:00,KXNFLRECYDS-26SEP09NESEA-NERSTEVENSON38-25,KXNFLRECYDS-26SEP09NESEA,KXNFLRECYDS,receiving_yards,football_player,Rhamondre Stevenson: 25+ receiving yards,FIRST_OBSERVED,2026-09-07T12:03:37.314325+00:00,2026-09-07T12:03:37.314325+00:00,0,0.44,0.79,0.20999999999999996,0.56,market_object,PASS,
2026-09-07T12:03:37.314325+00:00,2026,1,2026_01_NE_SEA,NE@SEA,2026-09-10T00:20:00+00:00,KXNFLRECYDS-26SEP09NESEA-NERSTEVENSON38-15,KXNFLRECYDS-26SEP09NESEA,KXNFLRECYDS,receiving_yards,football_player,Rhamondre Stevenson: 15+ receiving yards,FIRST_OBSERVED,2026-09-07T12:03:37.314325+00:00,2026-09-07T12:03:37.314325+00:00,0,0.33,0.66,0.33999999999999997,0.6699999999999999,market_object,PASS,
2026-09-07T12:03:37.314325+00:00,2026,1,2026_01_SF_LA,SF@LAR,2026-09-11T00:35:00+00:00,KXNFLRECYDS-26SEP10SFLAR-SFMEVANS5-90,KXNFLRECYDS-26SEP10SFLAR,KXNFLRECYDS,receiving_yards,football_player,Mike Evans: 90+ receiving yards,FIRST_OBSERVED,2026-09-07T12:03:37.314325+00:00,2026-09-07T12:03:37.314325+00:00,0,0.02,0.15,0.85,0.98,market_object,PASS,
2026-09-07T12:03:37.314325+00:00,2026,1,2026_01_SF_LA,SF@LAR,2026-09-11T00:35:00+00:00,KXNFLRECYDS-26SEP10SFLAR-SFMEVANS5-80,KXNFLRECYDS-26SEP10SFLAR,KXNFLRECYDS,receiving_yards,football_player,Mike Evans: 80+ receiving yards,FIRST_OBSERVED,2026-09-07T12:03:37.314325+00:00,2026-09-07T12:03:37.314325+00:00,0,0.03,0.23,0.77,0.97,market_object,PASS,
2026-09-07T12:03:37.314325+00:00,2026,1,2026_01_SF_LA,SF@LAR,2026-09-11T00:35:00+00:00,KXNFLRECYDS-26SEP10SFLAR-SFMEVANS5-70,KXNFLRECYDS-26SEP10SFLAR,KXNFLRECYDS,receiving_yards,football_player,Mike Evans: 70+ receiving yards,FIRST_OBSERVED,2026-09-07T12:03:37.314325+00:00,2026-09-07T12:03:37.314325+00:00,0,0.05,0.31,0.69,0.95,market_object,PASS,
2026-09-07T12:03:37.314325+00:00,2026,1,2026_01_SF_LA,SF@LAR,2026-09-11T00:35:00+00:00,KXNFLRECYDS-26SEP10SFLAR-SFMEVANS5-60,KXNFLRECYDS-26SEP10SFLAR,KXNFLRECYDS,receiving_yards,football_player,Mike Evans: 60+ receiving yards,FIRST_OBSERVED,2026-09-07T12:03:37.314325+00:00,2026-09-07T12:03:37.314325+00:00,0,0.05,0.4,0.6,0.95,market_object,PASS,
2026-09-07T12:03:37.314325+00:00,2026,1,2026_01_SF_LA,SF@LAR,2026-09-11T00:35:00+00:00,KXNFLRECYDS-26SEP10SFLAR-SFMEVANS5-50,KXNFLRECYDS-26SEP10SFLAR,KXNFLRECYDS,receiving_yards,football_player,Mike Evans: 50+ receiving yards,FIRST_OBSERVED,2026-09-07T12:03:37.314325+00:00,2026-09-07T12:03:37.314325+00:00,0,0.48,0.51,0.49,0.52,market_object,PASS,
2026-09-07T12:03:37.314325+00:00,2026,1,2026_01_SF_LA,SF@LAR,2026-09-11T00:35:00+00:00,KXNFLRECYDS-26SEP10SFLAR-SFMEVANS5-40,KXNFLRECYDS-26SEP10SFLAR,KXNFLRECYDS,receiving_yards,football_player,Mike Evans: 40+ receiving yards,FIRST_OBSERVED,2026-09-07T12:03:37.314325+00:00,2026-09-07T12:03:37.314325+00:00,0,0.36,0.64,0.36,0.64,market_object,PASS,
2026-09-07T12:03:37.314325+00:00,2026,1,2026_01_SF_LA,SF@LAR,2026-09-11T00:35:00+00:00,KXNFLRECYDS-26SEP10SFLAR-SFMEVANS5-25,KXNFLRECYDS-26SEP10SFLAR,KXNFLRECYDS,receiving_yards,football_player,Mike Evans: 25+ receiving yards,FIRST_OBSERVED,2026-09-07T12:03:37.314325+00:00,2026-09-07T12:03:37.314325+00:00,0,0.36,0.81,0.18999999999999995,0.64,market_object,PASS,
2026-09-07T12:03:37.314325+00:00,2026,1,2026_01_SF_LA,SF@LAR,2026-09-11T00:35:00+00:00,KXNFLRECYDS-26SEP10SFLAR-SFMEVANS5-15,KXNFLRECYDS-26SEP10SFLAR,KXNFLRECYDS,receiving_yards,football_player,Mike Evans: 15+ receiving yards,FIRST_OBSERVED,2026-09-07T12:03:37.314325+00:00,2026-09-07T12:03:37.314325+00:00,0,0.36,0.9,0.09999999999999998,0.64,market_object,PASS,
2026-09-07T12:03:37.314325+00:00,2026,1,2026_01_SF_LA,SF@LAR,2026-09-11T00:35:00+00:00,KXNFLRECYDS-26SEP10SFLAR-SFMEVANS5-130,KXNFLRECYDS-26SEP10SFLAR,KXNFLRECYDS,receiving_yards,football_player,Mike Evans: 130+ receiving yards,FIRST_OBSERVED,2026-09-07T12:03:37.314325+00:00,2026-09-07T12:03:37.314325+00:00,0,0.02,0.05,0.95,0.98,market_object,PASS,
2026-09-07T12:03:37.314325+00:00,2026,1,2026_01_SF_LA,SF@LAR,2026-09-11T00:35:00+00:00,KXNFLRECYDS-26SEP10SFLAR-SFMEVANS5-120,KXNFLRECYDS-26SEP10SFLAR,KXNFLRECYDS,receiving_yards,football_player,Mike Evans: 120+ receiving yards,FIRST_OBSERVED,2026-09-07T12:03:37.314325+00:00,2026-09-07T12:03:37.314325+00:00,0,0.02,0.06,0.94,0.98,market_object,PASS,
2026-09-07T12:03:37.314325+00:00,2026,1,2026_01_SF_LA,SF@LAR,2026-09-11T00:35:00+00:00,KXNFLRECYDS-26SEP10SFLAR-SFMEVANS5-110,KXNFLRECYDS-26SEP10SFLAR,KXNFLRECYDS,receiving_yards,football_player,Mike Evans: 110+ receiving yards,FIRST_OBSERVED,2026-09-07T12:03:37.314325+00:00,2026-09-07T12:03:37.314325+00:00,0,0.02,0.08,0.92,0.98,market_object,PASS,
2026-09-07T12:03:37.314325+00:00,2026,1,2026_01_SF_LA,SF@LAR,2026-09-11T00:35:00+00:00,KXNFLRECYDS-26SEP10SFLAR-SFMEVANS5-100,KXNFLRECYDS-26SEP10SFLAR,KXNFLRECYDS,receiving_yards,football_player,Mike Evans: 100+ receiving yards,FIRST_OBSERVED,2026-09-07T12:03:37.314325+00:00,2026-09-07T12:03:37.314325+00:00,0,0.02,0.13,0.87,0.98,market_object,PASS,
2026-09-07T12:03:37.314325+00:00,2026,1,2026_01_SF_LA,SF@LAR,2026-09-11T00:35:00+00:00,KXNFLRECYDS-26SEP10SFLAR-SFDSAMUEL19-90,KXNFLRECYDS-26SEP10SFLAR,KXNFLRECYDS,receiving_yards,football_player,Deebo Samuel Sr.: 90+ receiving yards,FIRST_OBSERVED,2026-09-07T12:03:37.314325+00:00,2026-09-07T12:03:37.314325+00:00,0,0.02,0.04,0.96,0.98,market_object,PASS,
2026-09-07T12:03:37.314325+00:00,2026,1,2026_01_SF_LA,SF@LAR,2026-09-11T00:35:00+00:00,KXNFLRECYDS-26SEP10SFLAR-SFDSAMUEL19-80,KXNFLRECYDS-26SEP10SFLAR,KXNFLRECYDS,receiving_yards,football_player,Deebo Samuel Sr.: 80+ receiving yards,FIRST_OBSERVED,2026-09-07T12:03:37.314325+00:00,2026-09-07T12:03:37.314325+00:00,0,0.02,0.06,0.94,0.98,market_object,PASS,
2026-09-07T12:03:37.314325+00:00,2026,1,2026_01_SF_LA,SF@LAR,2026-09-11T00:35:00+00:00,KXNFLRECYDS-26SEP10SFLAR-SFDSAMUEL19-70,KXNFLRECYDS-26SEP10SFLAR,KXNFLRECYDS,receiving_yards,football_player,Deebo Samuel Sr.: 70+ receiving yards,FIRST_OBSERVED,2026-09-07T12:03:37.314325+00:00,2026-09-07T12:03:37.314325+00:00,0,0.03,0.13,0.87,0.97,market_object,PASS,
2026-09-07T12:03:37.314325+00:00,2026,1,2026_01_SF_LA,SF@LAR,2026-09-11T00:35:00+00:00,KXNFLRECYDS-26SEP10SFLAR-SFDSAMUEL19-60,KXNFLRECYDS-26SEP10SFLAR,KXNFLRECYDS,receiving_yards,football_player,Deebo Samuel Sr.: 60+ receiving yards,FIRST_OBSERVED,2026-09-07T12:03:37.314325+00:00,2026-09-07T12:03:37.314325+00:00,0,0.04,0.17,0.83,0.96,market_object,PASS,
2026-09-07T12:03:37.314325+00:00,2026,1,2026_01_SF_LA,SF@LAR,2026-09-11T00:35:00+00:00,KXNFLRECYDS-26SEP10SFLAR-SFDSAMUEL19-50,KXNFLRECYDS-26SEP10SFLAR,KXNFLRECYDS,receiving_yards,football_player,Deebo Samuel Sr.: 50+ receiving yards,FIRST_OBSERVED,2026-09-07T12:03:37.314325+00:00,2026-09-07T12:03:37.314325+00:00,0,0.04,0.23,0.77,0.96,market_object,PASS,
2026-09-07T12:03:37.314325+00:00,2026,1,2026_01_SF_LA,SF@LAR,2026-09-11T00:35:00+00:00,KXNFLRECYDS-26SEP10SFLAR-SFDSAMUEL19-40,KXNFLRECYDS-26SEP10SFLAR,KXNFLRECYDS,receiving_yards,football_player,Deebo Samuel Sr.: 40+ receiving yards,FIRST_OBSERVED,2026-09-07T12:03:37.314325+00:00,2026-09-07T12:03:37.314325+00:00,0,0.25,0.36,0.64,0.75,market_object,PASS,
2026-09-07T12:03:37.314325+00:00,2026,1,2026_01_SF_LA,SF@LAR,2026-09-11T00:35:00+00:00,KXNFLRECYDS-26SEP10SFLAR-SFDSAMUEL19-25,KXNFLRECYDS-26SEP10SFLAR,KXNFLRECYDS,receiving_yards,football_player,Deebo Samuel Sr.: 25+ receiving yards,FIRST_OBSERVED,2026-09-07T12:03:37.314325+00:00,2026-09-07T12:03:37.314325+00:00,0,0.53,0.6,0.4,0.47,market_object,PASS,
2026-09-07T12:03:37.314325+00:00,2026,1,2026_01_SF_LA,SF@LAR,2026-09-11T00:35:00+00:00,KXNFLRECYDS-26SEP10SFLAR-SFDSAMUEL19-15,KXNFLRECYDS-26SEP10SFLAR,KXNFLRECYDS,receiving_yards,football_player,Deebo Samuel Sr.: 15+ receiving yards,FIRST_OBSERVED,2026-09-07T12:03:37.314325+00:00,2026-09-07T12:03:37.314325+00:00,0,0.42,0.78,0.21999999999999997,0.5800000000000001,market_object,PASS,
2026-09-07T12:03:37.314325+00:00,2026,1,2026_01_SF_LA,SF@LAR,2026-09-11T00:35:00+00:00,KXNFLRECYDS-26SEP10SFLAR-SFDSAMUEL19-100,KXNFLRECYDS-26SEP10SFLAR,KXNFLRECYDS,receiving_yards,football_player,Deebo Samuel Sr.: 100+ receiving yards,FIRST_OBSERVED,2026-09-07T12:03:37.314325+00:00,2026-09-07T12:03:37.314325+00:00,0,0.02,0.03,0.97,0.98,market_object,PASS,
2026-09-07T12:03:37.314325+00:00,2026,1,2026_01_SF_LA,SF@LAR,2026-09-11T00:35:00+00:00,KXNFLRECYDS-26SEP10SFLAR-SFCMCCAFFREY23-90,KXNFLRECYDS-26SEP10SFLAR,KXNFLRECYDS,receiving_yards,football_player,Christian McCaffrey: 90+ receiving yards,FIRST_OBSERVED,2026-09-07T12:03:37.314325+00:00,2026-09-07T12:03:37.314325+00:00,0,0.02,0.08,0.92,0.98,market_object,PASS,
2026-09-07T12:03:37.314325+00:00,2026,1,2026_01_SF_LA,SF@LAR,2026-09-11T00:35:00+00:00,KXNFLRECYDS-26SEP10SFLAR-SFCMCCAFFREY23-80,KXNFLRECYDS-26SEP10SFLAR,KXNFLRECYDS,receiving_yards,football_player,Christian McCaffrey: 80+ receiving yards,FIRST_OBSERVED,2026-09-07T12:03:37.314325+00:00,2026-09-07T12:03:37.314325+00:00,0,0.02,0.13,0.87,0.98,market_object,PASS,
2026-09-07T12:03:37.314325+00:00,2026,1,2026_01_SF_LA,SF@LAR,2026-09-11T00:35:00+00:00,KXNFLRECYDS-26SEP10SFLAR-SFCMCCAFFREY23-70,KXNFLRECYDS-26SEP10SFLAR,KXNFLRECYDS,receiving_yards,football_player,Christian McCaffrey: 70+ receiving yards,FIRST_OBSERVED,2026-09-07T12:03:37.314325+00:00,2026-09-07T12:03:37.314325+00:00,0,0.04,0.19,0.81,0.96,market_object,PASS,
2026-09-07T12:03:37.314325+00:00,2026,1,2026_01_SF_LA,SF@LAR,2026-09-11T00:35:00+00:00,KXNFLRECYDS-26SEP10SFLAR-SFCMCCAFFREY23-60,KXNFLRECYDS-26SEP10SFLAR,KXNFLRECYDS,receiving_yards,football_player,Christian McCaffrey: 60+ receiving yards,FIRST_OBSERVED,2026-09-07T12:03:37.314325+00:00,2026-09-07T12:03:37.314325+00:00,0,0.06,0.27,0.73,0.94,market_object,PASS,
2026-09-07T12:03:37.314325+00:00,2026,1,2026_01_SF_LA,SF@LAR,2026-09-11T00:35:00+00:00,KXNFLRECYDS-26SEP10SFLAR-SFCMCCAFFREY23-50,KXNFLRECYDS-26SEP10SFLAR,KXNFLRECYDS,receiving_yards,football_player,Christian McCaffrey: 50+ receiving yards,FIRST_OBSERVED,2026-09-07T12:03:37.314325+00:00,2026-09-07T12:03:37.314325+00:00,0,0.08,0.36,0.64,0.92,market_object,PASS,
2026-09-07T12:03:37.314325+00:00,2026,1,2026_01_SF_LA,SF@LAR,2026-09-11T00:35:00+00:00,KXNFLRECYDS-26SEP10SFLAR-SFCMCCAFFREY23-40,KXNFLRECYDS-26SEP10SFLAR,KXNFLRECYDS,receiving_yards,football_player,Christian McCaffrey: 40+ receiving yards,FIRST_OBSERVED,2026-09-07T12:03:37.314325+00:00,2026-09-07T12:03:37.314325+00:00,0,0.47,0.5,0.5,0.53,market_object,PASS,
2026-09-07T12:03:37.314325+00:00,2026,1,2026_01_SF_LA,SF@LAR,2026-09-11T00:35:00+00:00,KXNFLRECYDS-26SEP10SFLAR-SFCMCCAFFREY23-25,KXNFLRECYDS-26SEP10SFLAR,KXNFLRECYDS,receiving_yards,football_player,Christian McCaffrey: 25+ receiving yards,FIRST_OBSERVED,2026-09-07T12:03:37.314325+00:00,2026-09-07T12:03:37.314325+00:00,0,0.35,0.72,0.28,0.65,market_object,PASS,
2026-09-07T12:03:37.314325+00:00,2026,1,2026_01_SF_LA,SF@LAR,2026-09-11T00:35:00+00:00,KXNFLRECYDS-26SEP10SFLAR-SFCMCCAFFREY23-15,KXNFLRECYDS-26SEP10SFLAR,KXNFLRECYDS,receiving_yards,football_player,Christian McCaffrey: 15+ receiving yards,FIRST_OBSERVED,2026-09-07T12:03:37.314325+00:00,2026-09-07T12:03:37.314325+00:00,0,0.81,0.87,0.13,0.18999999999999995,market_object,PASS,
2026-09-07T12:03:37.314325+00:00,2026,1,2026_01_SF_LA,SF@LAR,2026-09-11T00:35:00+00:00,KXNFLRECYDS-26SEP10SFLAR-SFCMCCAFFREY23-100,KXNFLRECYDS-26SEP10SFLAR,KXNFLRECYDS,receiving_yards,football_player,Christian McCaffrey: 100+ receiving yards,FIRST_OBSERVED,2026-09-07T12:03:37.314325+00:00,2026-09-07T12:03:37.314325+00:00,0,0.02,0.06,0.94,0.98,market_object,PASS,
2026-09-07T12:03:37.314325+00:00,2026,1,2026_01_SF_LA,SF@LAR,2026-09-11T00:35:00+00:00,KXNFLRECYDS-26SEP10SFLAR-LARPNACUA12-90,KXNFLRECYDS-26SEP10SFLAR,KXNFLRECYDS,receiving_yards,football_player,Puka Nacua: 90+ receiving yards,FIRST_OBSERVED,2026-09-07T12:03:37.314325+00:00,2026-09-07T12:03:37.314325+00:00,0,0.14,0.53,0.47,0.86,market_object,PASS,
2026-09-07T12:03:37.314325+00:00,2026,1,2026_01_SF_LA,SF@LAR,2026-09-11T00:35:00+00:00,KXNFLRECYDS-26SEP10SFLAR-LARPNACUA12-80,KXNFLRECYDS-26SEP10SFLAR,KXNFLRECYDS,receiving_yards,football_player,Puka Nacua: 80+ receiving yards,FIRST_OBSERVED,2026-09-07T12:03:37.314325+00:00,2026-09-07T12:03:37.314325+00:00,0,0.31,0.63,0.37,0.69,market_object,PASS,
2026-09-07T12:03:37.314325+00:00,2026,1,2026_01_SF_LA,SF@LAR,2026-09-11T00:35:00+00:00,KXNFLRECYDS-26SEP10SFLAR-LARPNACUA12-70,KXNFLRECYDS-26SEP10SFLAR,KXNFLRECYDS,receiving_yards,football_player,Puka Nacua: 70+ receiving yards,FIRST_OBSERVED,2026-09-07T12:03:37.314325+00:00,2026-09-07T12:03:37.314325+00:00,0,0.3,0.71,0.29000000000000004,0.7,market_object,PASS,
2026-09-07T12:03:37.314325+00:00,2026,1,2026_01_SF_LA,SF@LAR,2026-09-11T00:35:00+00:00,KXNFLRECYDS-26SEP10SFLAR-LARPNACUA12-60,KXNFLRECYDS-26SEP10SFLAR,KXNFLRECYDS,receiving_yards,football_player,Puka Nacua: 60+ receiving yards,FIRST_OBSERVED,2026-09-07T12:03:37.314325+00:00,2026-09-07T12:03:37.314325+00:00,0,0.29,0.79,0.20999999999999996,0.71,market_object,PASS,
2026-09-07T12:03:37.314325+00:00,2026,1,2026_01_SF_LA,SF@LAR,2026-09-11T00:35:00+00:00,KXNFLRECYDS-26SEP10SFLAR-LARPNACUA12-50,KXNFLRECYDS-26SEP10SFLAR,KXNFLRECYDS,receiving_yards,football_player,Puka Nacua: 50+ receiving yards,FIRST_OBSERVED,2026-09-07T12:03:37.314325+00:00,2026-09-07T12:03:37.314325+00:00,0,0.3,0.86,0.14,0.7,market_object,PASS,
2026-09-07T12:03:37.314325+00:00,2026,1,2026_01_SF_LA,SF@LAR,2026-09-11T00:35:00+00:00,KXNFLRECYDS-26SEP10SFLAR-LARPNACUA12-180,KXNFLRECYDS-26SEP10SFLAR,KXNFLRECYDS,receiving_yards,football_player,Puka Nacua: 180+ receiving yards,FIRST_OBSERVED,2026-09-07T12:03:37.314325+00:00,2026-09-07T12:03:37.314325+00:00,0,0.02,0.05,0.95,0.98,market_object,PASS,
2026-09-07T12:03:37.314325+00:00,2026,1,2026_01_SF_LA,SF@LAR,2026-09-11T00:35:00+00:00,KXNFLRECYDS-26SEP10SFLAR-LARPNACUA12-170,KXNFLRECYDS-26SEP10SFLAR,KXNFLRECYDS,receiving_yards,football_player,Puka Nacua: 170+ receiving yards,FIRST_OBSERVED,2026-09-07T12:03:37.314325+00:00,2026-09-07T12:03:37.314325+00:00,0,0.02,0.08,0.92,0.98,market_object,PASS,
2026-09-07T12:03:37.314325+00:00,2026,1,2026_01_SF_LA,SF@LAR,2026-09-11T00:35:00+00:00,KXNFLRECYDS-26SEP10SFLAR-LARPNACUA12-160,KXNFLRECYDS-26SEP10SFLAR,KXNFLRECYDS,receiving_yards,football_player,Puka Nacua: 160+ receiving yards,FIRST_OBSERVED,2026-09-07T12:03:37.314325+00:00,2026-09-07T12:03:37.314325+00:00,0,0.02,0.1,0.9,0.98,market_object,PASS,
2026-09-07T12:03:37.314325+00:00,2026,1,2026_01_SF_LA,SF@LAR,2026-09-11T00:35:00+00:00,KXNFLRECYDS-26SEP10SFLAR-LARPNACUA12-150,KXNFLRECYDS-26SEP10SFLAR,KXNFLRECYDS,receiving_yards,football_player,Puka Nacua: 150+ receiving yards,FIRST_OBSERVED,2026-09-07T12:03:37.314325+00:00,2026-09-07T12:03:37.314325+00:00,0,0.05,0.11,0.89,0.95,market_object,PASS,
2026-09-07T12:03:37.314325+00:00,2026,1,2026_01_SF_LA,SF@LAR,2026-09-11T00:35:00+00:00,KXNFLRECYDS-26SEP10SFLAR-LARPNACUA12-140,KXNFLRECYDS-26SEP10SFLAR,KXNFLRECYDS,receiving_yards,football_player,Puka Nacua: 140+ receiving yards,FIRST_OBSERVED,2026-09-07T12:03:37.314325+00:00,2026-09-07T12:03:37.314325+00:00,0,0.12,0.17,0.83,0.88,market_object,PASS,
2026-09-07T12:03:37.314325+00:00,2026,1,2026_01_SF_LA,SF@LAR,2026-09-11T00:35:00+00:00,KXNFLRECYDS-26SEP10SFLAR-LARPNACUA12-130,KXNFLRECYDS-26SEP10SFLAR,KXNFLRECYDS,receiving_yards,football_player,Puka Nacua: 130+ receiving yards,FIRST_OBSERVED,2026-09-07T12:03:37.314325+00:00,2026-09-07T12:03:37.314325+00:00,0,0.06,0.21,0.79,0.94,market_object,PASS,
2026-09-07T12:03:37.314325+00:00,2026,1,2026_01_SF_LA,SF@LAR,2026-09-11T00:35:00+00:00,KXNFLRECYDS-26SEP10SFLAR-LARPNACUA12-120,KXNFLRECYDS-26SEP10SFLAR,KXNFLRECYDS,receiving_yards,football_player,Puka Nacua: 120+ receiving yards,FIRST_OBSERVED,2026-09-07T12:03:37.314325+00:00,2026-09-07T12:03:37.314325+00:00,0,0.08,0.27,0.73,0.92,market_object,PASS,
2026-09-07T12:03:37.314325+00:00,2026,1,2026_01_SF_LA,SF@LAR,2026-09-11T00:35:00+00:00,KXNFLRECYDS-26SEP10SFLAR-LARPNACUA12-110,KXNFLRECYDS-26SEP10SFLAR,KXNFLRECYDS,receiving_yards,football_player,Puka Nacua: 110+ receiving yards,FIRST_OBSERVED,2026-09-07T12:03:37.314325+00:00,2026-09-07T12:03:37.314325+00:00,0,0.21,0.35,0.65,0.79,market_object,PASS,
2026-09-07T12:03:37.314325+00:00,2026,1,2026_01_SF_LA,SF@LAR,2026-09-11T00:35:00+00:00,KXNFLRECYDS-26SEP10SFLAR-LARPNACUA12-100,KXNFLRECYDS-26SEP10SFLAR,KXNFLRECYDS,receiving_yards,football_player,Puka Nacua: 100+ receiving yards,FIRST_OBSERVED,2026-09-07T12:03:37.314325+00:00,2026-09-07T12:03:37.314325+00:00,0,0.1,0.44,0.56,0.9,market_object,PASS,
2026-09-07T12:03:37.314325+00:00,2026,1,2026_01_NE_SEA,NE@SEA,2026-09-10T00:20:00+00:00,KXNFLRECYDS-26SEP09NESEA-SEARSHAHEED22-90,KXNFLRECYDS-26SEP09NESEA,KXNFLRECYDS,receiving_yards,football_player,Rashid Shaheed: 90+ receiving yards,FIRST_OBSERVED,2026-09-07T12:03:37.314325+00:00,2026-09-07T12:03:37.314325+00:00,0,0.05,0.09,0.91,0.95,market_object,PASS,
2026-09-07T12:03:37.314325+00:00,2026,1,2026_01_NE_SEA,NE@SEA,2026-09-10T00:20:00+00:00,KXNFLRECYDS-26SEP09NESEA-SEARSHAHEED22-80,KXNFLRECYDS-26SEP09NESEA,KXNFLRECYDS,receiving_yards,football_player,Rashid Shaheed: 80+ receiving yards,FIRST_OBSERVED,2026-09-07T12:03:37.314325+00:00,2026-09-07T12:03:37.314325+00:00,0,0.07,0.1,0.9,0.9299999999999999,market_object,PASS,
2026-09-07T12:03:37.314325+00:00,2026,1,2026_01_NE_SEA,NE@SEA,2026-09-10T00:20:00+00:00,KXNFLRECYDS-26SEP09NESEA-SEARSHAHEED22-70,KXNFLRECYDS-26SEP09NESEA,KXNFLRECYDS,receiving_yards,football_player,Rashid Shaheed: 70+ receiving yards,FIRST_OBSERVED,2026-09-07T12:03:37.314325+00:00,2026-09-07T12:03:37.314325+00:00,0,0.1,0.14,0.86,0.9,market_object,PASS,
2026-09-07T12:03:37.314325+00:00,2026,1,2026_01_NE_SEA,NE@SEA,2026-09-10T00:20:00+00:00,KXNFLRECYDS-26SEP09NESEA-SEARSHAHEED22-60,KXNFLRECYDS-26SEP09NESEA,KXNFLRECYDS,receiving_yards,football_player,Rashid Shaheed: 60+ receiving yards,FIRST_OBSERVED,2026-09-07T12:03:37.314325+00:00,2026-09-07T12:03:37.314325+00:00,0,0.15,0.2,0.8,0.85,market_object,PASS,
2026-09-07T12:03:37.314325+00:00,2026,1,2026_01_NE_SEA,NE@SEA,2026-09-10T00:20:00+00:00,KXNFLRECYDS-26SEP09NESEA-SEARSHAHEED22-50,KXNFLRECYDS-26SEP09NESEA,KXNFLRECYDS,receiving_yards,football_player,Rashid Shaheed: 50+ receiving yards,FIRST_OBSERVED,2026-09-07T12:03:37.314325+00:00,2026-09-07T12:03:37.314325+00:00,0,0.23,0.29,0.71,0.77,market_object,PASS,
2026-09-07T12:03:37.314325+00:00,2026,1,2026_01_NE_SEA,NE@SEA,2026-09-10T00:20:00+00:00,KXNFLRECYDS-26SEP09NESEA-SEARSHAHEED22-40,KXNFLRECYDS-26SEP09NESEA,KXNFLRECYDS,receiving_yards,football_player,Rashid Shaheed: 40+ receiving yards,FIRST_OBSERVED,2026-09-07T12:03:37.314325+00:00,2026-09-07T12:03:37.314325+00:00,0,0.4,0.41,0.5900000000000001,0.6,market_object,PASS,
2026-09-07T12:03:37.314325+00:00,2026,1,2026_01_NE_SEA,NE@SEA,2026-09-10T00:20:00+00:00,KXNFLRECYDS-26SEP09NESEA-SEARSHAHEED22-25,KXNFLRECYDS-26SEP09NESEA,KXNFLRECYDS,receiving_yards,football_player,Rashid Shaheed: 25+ receiving yards,FIRST_OBSERVED,2026-09-07T12:03:37.314325+00:00,2026-09-07T12:03:37.314325+00:00,0,0.6,0.61,0.39,0.4,market_object,PASS,
2026-09-07T12:03:37.314325+00:00,2026,1,2026_01_NE_SEA,NE@SEA,2026-09-10T00:20:00+00:00,KXNFLRECYDS-26SEP09NESEA-SEARSHAHEED22-15,KXNFLRECYDS-26SEP09NESEA,KXNFLRECYDS,receiving_yards,football_player,Rashid Shaheed: 15+ receiving yards,FIRST_OBSERVED,2026-09-07T12:03:37.314325+00:00,2026-09-07T12:03:37.314325+00:00,0,0.62,0.73,0.27,0.38,market_object,PASS,
2026-09-07T12:03:37.314325+00:00,2026,1,2026_01_NE_SEA,NE@SEA,2026-09-10T00:20:00+00:00,KXNFLRECYDS-26SEP09NESEA-SEARSHAHEED22-110,KXNFLRECYDS-26SEP09NESEA,KXNFLRECYDS,receiving_yards,football_player,Rashid Shaheed: 110+ receiving yards,FIRST_OBSERVED,2026-09-07T12:03:37.314325+00:00,2026-09-07T12:03:37.314325+00:00,0,0.02,0.05,0.95,0.98,market_object,PASS,
2026-09-07T12:03:37.314325+00:00,2026,1,2026_01_NE_SEA,NE@SEA,2026-09-10T00:20:00+00:00,KXNFLRECYDS-26SEP09NESEA-SEARSHAHEED22-100,KXNFLRECYDS-26SEP09NESEA,KXNFLRECYDS,receiving_yards,football_player,Rashid Shaheed: 100+ receiving yards,FIRST_OBSERVED,2026-09-07T12:03:37.314325+00:00,2026-09-07T12:03:37.314325+00:00,0,0.02,0.06,0.94,0.98,market_object,PASS,
2026-09-07T12:03:37.314325+00:00,2026,1,2026_01_NE_SEA,NE@SEA,2026-09-10T00:20:00+00:00,KXNFLRECYDS-26SEP09NESEA-SEAJSMITHNJIGBA11-90,KXNFLRECYDS-26SEP09NESEA,KXNFLRECYDS,receiving_yards,football_player,Jaxon Smith-Njigba: 90+ receiving yards,FIRST_OBSERVED,2026-09-07T12:03:37.314325+00:00,2026-09-07T12:03:37.314325+00:00,0,0.34,0.43,0.5700000000000001,0.6599999999999999,market_object,PASS,
2026-09-07T12:03:37.314325+00:00,2026,1,2026_01_NE_SEA,NE@SEA,2026-09-10T00:20:00+00:00,KXNFLRECYDS-26SEP09NESEA-SEAJSMITHNJIGBA11-80,KXNFLRECYDS-26SEP09NESEA,KXNFLRECYDS,receiving_yards,football_player,Jaxon Smith-Njigba: 80+ receiving yards,FIRST_OBSERVED,2026-09-07T12:03:37.314325+00:00,2026-09-07T12:03:37.314325+00:00,0,0.46,0.53,0.47,0.54,market_object,PASS,
2026-09-07T12:03:37.314325+00:00,2026,1,2026_01_NE_SEA,NE@SEA,2026-09-10T00:20:00+00:00,KXNFLRECYDS-26SEP09NESEA-SEAJSMITHNJIGBA11-70,KXNFLRECYDS-26SEP09NESEA,KXNFLRECYDS,receiving_yards,football_player,Jaxon Smith-Njigba: 70+ receiving yards,FIRST_OBSERVED,2026-09-07T12:03:37.314325+00:00,2026-09-07T12:03:37.314325+00:00,0,0.54,0.62,0.38,0.45999999999999996,market_object,PASS,
2026-09-07T12:03:37.314325+00:00,2026,1,2026_01_NE_SEA,NE@SEA,2026-09-10T00:20:00+00:00,KXNFLRECYDS-26SEP09NESEA-SEAJSMITHNJIGBA11-60,KXNFLRECYDS-26SEP09NESEA,KXNFLRECYDS,receiving_yards,football_player,Jaxon Smith-Njigba: 60+ receiving yards,FIRST_OBSERVED,2026-09-07T12:03:37.314325+00:00,2026-09-07T12:03:37.314325+00:00,0,0.63,0.7,0.30000000000000004,0.37,market_object,PASS,
2026-09-07T12:03:37.314325+00:00,2026,1,2026_01_NE_SEA,NE@SEA,2026-09-10T00:20:00+00:00,KXNFLRECYDS-26SEP09NESEA-SEAJSMITHNJIGBA11-50,KXNFLRECYDS-26SEP09NESEA,KXNFLRECYDS,receiving_yards,football_player,Jaxon Smith-Njigba: 50+ receiving yards,FIRST_OBSERVED,2026-09-07T12:03:37.314325+00:00,2026-09-07T12:03:37.314325+00:00,0,0.71,0.79,0.20999999999999996,0.29000000000000004,market_object,PASS,
2026-09-07T12:03:37.314325+00:00,2026,1,2026_01_NE_SEA,NE@SEA,2026-09-10T00:20:00+00:00,KXNFLRECYDS-26SEP09NESEA-SEAJSMITHNJIGBA11-180,KXNFLRECYDS-26SEP09NESEA,KXNFLRECYDS,receiving_yards,football_player,Jaxon Smith-Njigba: 180+ receiving yards,FIRST_OBSERVED,2026-09-07T12:03:37.314325+00:00,2026-09-07T12:03:37.314325+00:00,0,0.02,0.03,0.97,0.98,market_object,PASS,
2026-09-07T12:03:37.314325+00:00,2026,1,2026_01_NE_SEA,NE@SEA,2026-09-10T00:20:00+00:00,KXNFLRECYDS-26SEP09NESEA-SEAJSMITHNJIGBA11-170,KXNFLRECYDS-26SEP09NESEA,KXNFLRECYDS,receiving_yards,football_player,Jaxon Smith-Njigba: 170+ receiving yards,FIRST_OBSERVED,2026-09-07T12:03:37.314325+00:00,2026-09-07T12:03:37.314325+00:00,0,0.02,0.04,0.96,0.98,market_object,PASS,
2026-09-07T12:03:37.314325+00:00,2026,1,2026_01_NE_SEA,NE@SEA,2026-09-10T00:20:00+00:00,KXNFLRECYDS-26SEP09NESEA-SEAJSMITHNJIGBA11-160,KXNFLRECYDS-26SEP09NESEA,KXNFLRECYDS,receiving_yards,football_player,Jaxon Smith-Njigba: 160+ receiving yards,FIRST_OBSERVED,2026-09-07T12:03:37.314325+00:00,2026-09-07T12:03:37.314325+00:00,0,0.02,0.03,0.97,0.98,market_object,PASS,
2026-09-07T12:03:37.314325+00:00,2026,1,2026_01_NE_SEA,NE@SEA,2026-09-10T00:20:00+00:00,KXNFLRECYDS-26SEP09NESEA-SEAJSMITHNJIGBA11-150,KXNFLRECYDS-26SEP09NESEA,KXNFLRECYDS,receiving_yards,football_player,Jaxon Smith-Njigba: 150+ receiving yards,FIRST_OBSERVED,2026-09-07T12:03:37.314325+00:00,2026-09-07T12:03:37.314325+00:00,0,0.04,0.1,0.9,0.96,market_object,PASS,
2026-09-07T12:03:37.314325+00:00,2026,1,2026_01_NE_SEA,NE@SEA,2026-09-10T00:20:00+00:00,KXNFLRECYDS-26SEP09NESEA-SEAJSMITHNJIGBA11-140,KXNFLRECYDS-26SEP09NESEA,KXNFLRECYDS,receiving_yards,football_player,Jaxon Smith-Njigba: 140+ receiving yards,FIRST_OBSERVED,2026-09-07T12:03:37.314325+00:00,2026-09-07T12:03:37.314325+00:00,0,0.05,0.12,0.88,0.95,market_object,PASS,
2026-09-07T12:03:37.314325+00:00,2026,1,2026_01_NE_SEA,NE@SEA,2026-09-10T00:20:00+00:00,KXNFLRECYDS-26SEP09NESEA-SEAJSMITHNJIGBA11-130,KXNFLRECYDS-26SEP09NESEA,KXNFLRECYDS,receiving_yards,football_player,Jaxon Smith-Njigba: 130+ receiving yards,FIRST_OBSERVED,2026-09-07T12:03:37.314325+00:00,2026-09-07T12:03:37.314325+00:00,0,0.08,0.14,0.86,0.92,market_object,PASS,
2026-09-07T12:03:37.314325+00:00,2026,1,2026_01_NE_SEA,NE@SEA,2026-09-10T00:20:00+00:00,KXNFLRECYDS-26SEP09NESEA-SEAJSMITHNJIGBA11-120,KXNFLRECYDS-26SEP09NESEA,KXNFLRECYDS,receiving_yards,football_player,Jaxon Smith-Njigba: 120+ receiving yards,FIRST_OBSERVED,2026-09-07T12:03:37.314325+00:00,2026-09-07T12:03:37.314325+00:00,0,0.17,0.2,0.8,0.83,market_object,PASS,
2026-09-07T12:03:37.314325+00:00,2026,1,2026_01_NE_SEA,NE@SEA,2026-09-10T00:20:00+00:00,KXNFLRECYDS-26SEP09NESEA-SEAJSMITHNJIGBA11-110,KXNFLRECYDS-26SEP09NESEA,KXNFLRECYDS,receiving_yards,football_player,Jaxon Smith-Njigba: 110+ receiving yards,FIRST_OBSERVED,2026-09-07T12:03:37.314325+00:00,2026-09-07T12:03:37.314325+00:00,0,0.2,0.28,0.72,0.8,market_object,PASS,
2026-09-07T12:03:37.314325+00:00,2026,1,2026_01_NE_SEA,NE@SEA,2026-09-10T00:20:00+00:00,KXNFLRECYDS-26SEP09NESEA-SEAJSMITHNJIGBA11-100,KXNFLRECYDS-26SEP09NESEA,KXNFLRECYDS,receiving_yards,football_player,Jaxon Smith-Njigba: 100+ receiving yards,FIRST_OBSERVED,2026-09-07T12:03:37.314325+00:00,2026-09-07T12:03:37.314325+00:00,0,0.25,0.34,0.6599999999999999,0.75,market_object,PASS,
2026-09-07T12:03:37.314325+00:00,2026,1,2026_01_NE_SEA,NE@SEA,2026-09-10T00:20:00+00:00,KXNFLRECYDS-26SEP09NESEA-SEACKUPP10-90,KXNFLRECYDS-26SEP09NESEA,KXNFLRECYDS,receiving_yards,football_player,Cooper Kupp: 90+ receiving yards,FIRST_OBSERVED,2026-09-07T12:03:37.314325+00:00,2026-09-07T12:03:37.314325+00:00,0,0.02,0.06,0.94,0.98,market_object,PASS,
2026-09-07T12:03:37.314325+00:00,2026,1,2026_01_NE_SEA,NE@SEA,2026-09-10T00:20:00+00:00,KXNFLRECYDS-26SEP09NESEA-SEACKUPP10-80,KXNFLRECYDS-26SEP09NESEA,KXNFLRECYDS,receiving_yards,football_player,Cooper Kupp: 80+ receiving yards,FIRST_OBSERVED,2026-09-07T12:03:37.314325+00:00,2026-09-07T12:03:37.314325+00:00,0,0.04,0.09,0.91,0.96,market_object,PASS,
2026-09-07T12:03:37.314325+00:00,2026,1,2026_01_NE_SEA,NE@SEA,2026-09-10T00:20:00+00:00,KXNFLRECYDS-26SEP09NESEA-SEACKUPP10-70,KXNFLRECYDS-26SEP09NESEA,KXNFLRECYDS,receiving_yards,football_player,Cooper Kupp: 70+ receiving yards,FIRST_OBSERVED,2026-09-07T12:03:37.314325+00:00,2026-09-07T12:03:37.314325+00:00,0,0.07,0.13,0.87,0.9299999999999999,market_object,PASS,
2026-09-07T12:03:37.314325+00:00,2026,1,2026_01_NE_SEA,NE@SEA,2026-09-10T00:20:00+00:00,KXNFLRECYDS-26SEP09NESEA-SEACKUPP10-60,KXNFLRECYDS-26SEP09NESEA,KXNFLRECYDS,receiving_yards,football_player,Cooper Kupp: 60+ receiving yards,FIRST_OBSERVED,2026-09-07T12:03:37.314325+00:00,2026-09-07T12:03:37.314325+00:00,0,0.14,0.19,0.81,0.86,market_object,PASS,
2026-09-07T12:03:37.314325+00:00,2026,1,2026_01_NE_SEA,NE@SEA,2026-09-10T00:20:00+00:00,KXNFLRECYDS-26SEP09NESEA-SEACKUPP10-50,KXNFLRECYDS-26SEP09NESEA,KXNFLRECYDS,receiving_yards,football_player,Cooper Kupp: 50+ receiving yards,FIRST_OBSERVED,2026-09-07T12:03:37.314325+00:00,2026-09-07T12:03:37.314325+00:00,0,0.18,0.26,0.74,0.8200000000000001,market_object,PASS,
2026-09-07T12:03:37.314325+00:00,2026,1,2026_01_NE_SEA,NE@SEA,2026-09-10T00:20:00+00:00,KXNFLRECYDS-26SEP09NESEA-SEACKUPP10-40,KXNFLRECYDS-26SEP09NESEA,KXNFLRECYDS,receiving_yards,football_player,Cooper Kupp: 40+ receiving yards,FIRST_OBSERVED,2026-09-07T12:03:37.314325+00:00,2026-09-07T12:03:37.314325+00:00,0,0.37,0.38,0.62,0.63,market_object,PASS,
2026-09-07T12:03:37.314325+00:00,2026,1,2026_01_NE_SEA,NE@SEA,2026-09-10T00:20:00+00:00,KXNFLRECYDS-26SEP09NESEA-SEACKUPP10-25,KXNFLRECYDS-26SEP09NESEA,KXNFLRECYDS,receiving_yards,football_player,Cooper Kupp: 25+ receiving yards,FIRST_OBSERVED,2026-09-07T12:03:37.314325+00:00,2026-09-07T12:03:37.314325+00:00,0,0.6,0.61,0.39,0.4,market_object,PASS,
2026-09-07T12:03:37.314325+00:00,2026,1,2026_01_NE_SEA,NE@SEA,2026-09-10T00:20:00+00:00,KXNFLRECYDS-26SEP09NESEA-SEACKUPP10-15,KXNFLRECYDS-26SEP09NESEA,KXNFLRECYDS,receiving_yards,football_player,Cooper Kupp: 15+ receiving yards,FIRST_OBSERVED,2026-09-07T12:03:37.314325+00:00,2026-09-07T12:03:37.314325+00:00,0,0.68,0.76,0.24,0.31999999999999995,market_object,PASS,
2026-09-07T12:03:37.314325+00:00,2026,1,2026_01_NE_SEA,NE@SEA,2026-09-10T00:20:00+00:00,KXNFLRECYDS-26SEP09NESEA-SEACKUPP10-100,KXNFLRECYDS-26SEP09NESEA,KXNFLRECYDS,receiving_yards,football_player,Cooper Kupp: 100+ receiving yards,FIRST_OBSERVED,2026-09-07T12:03:37.314325+00:00,2026-09-07T12:03:37.314325+00:00,0,0.02,0.04,0.96,0.98,market_object,PASS,
2026-09-07T12:03:37.314325+00:00,2026,1,2026_01_NE_SEA,NE@SEA,2026-09-10T00:20:00+00:00,KXNFLRECYDS-26SEP09NESEA-SEAABARNER88-80,KXNFLRECYDS-26SEP09NESEA,KXNFLRECYDS,receiving_yards,football_player,AJ Barner: 80+ receiving yards,FIRST_OBSERVED,2026-09-07T12:03:37.314325+00:00,2026-09-07T12:03:37.314325+00:00,0,0.03,0.05,0.95,0.97,market_object,PASS,
2026-09-07T12:03:37.314325+00:00,2026,1,2026_01_NE_SEA,NE@SEA,2026-09-10T00:20:00+00:00,KXNFLRECYDS-26SEP09NESEA-SEAABARNER88-70,KXNFLRECYDS-26SEP09NESEA,KXNFLRECYDS,receiving_yards,football_player,AJ Barner: 70+ receiving yards,FIRST_OBSERVED,2026-09-07T12:03:37.314325+00:00,2026-09-07T12:03:37.314325+00:00,0,0.05,0.07,0.9299999999999999,0.95,market_object,PASS,
2026-09-07T12:03:37.314325+00:00,2026,1,2026_01_NE_SEA,NE@SEA,2026-09-10T00:20:00+00:00,KXNFLRECYDS-26SEP09NESEA-SEAABARNER88-60,KXNFLRECYDS-26SEP09NESEA,KXNFLRECYDS,receiving_yards,football_player,AJ Barner: 60+ receiving yards,FIRST_OBSERVED,2026-09-07T12:03:37.314325+00:00,2026-09-07T12:03:37.314325+00:00,0,0.09,0.11,0.89,0.91,market_object,PASS,
2026-09-07T12:03:37.314325+00:00,2026,1,2026_01_NE_SEA,NE@SEA,2026-09-10T00:20:00+00:00,KXNFLRECYDS-26SEP09NESEA-SEAABARNER88-50,KXNFLRECYDS-26SEP09NESEA,KXNFLRECYDS,receiving_yards,football_player,AJ Barner: 50+ receiving yards,FIRST_OBSERVED,2026-09-07T12:03:37.314325+00:00,2026-09-07T12:03:37.314325+00:00,0,0.13,0.16,0.84,0.87,market_object,PASS,
2026-09-07T12:03:37.314325+00:00,2026,1,2026_01_NE_SEA,NE@SEA,2026-09-10T00:20:00+00:00,KXNFLRECYDS-26SEP09NESEA-SEAABARNER88-40,KXNFLRECYDS-26SEP09NESEA,KXNFLRECYDS,receiving_yards,football_player,AJ Barner: 40+ receiving yards,FIRST_OBSERVED,2026-09-07T12:03:37.314325+00:00,2026-09-07T12:03:37.314325+00:00,0,0.25,0.29,0.71,0.75,market_object,PASS,
2026-09-07T12:03:37.314325+00:00,2026,1,2026_01_NE_SEA,NE@SEA,2026-09-10T00:20:00+00:00,KXNFLRECYDS-26SEP09NESEA-SEAABARNER88-25,KXNFLRECYDS-26SEP09NESEA,KXNFLRECYDS,receiving_yards,football_player,AJ Barner: 25+ receiving yards,FIRST_OBSERVED,2026-09-07T12:03:37.314325+00:00,2026-09-07T12:03:37.314325+00:00,0,0.5,0.51,0.49,0.5,market_object,PASS,
2026-09-07T12:03:37.314325+00:00,2026,1,2026_01_NE_SEA,NE@SEA,2026-09-10T00:20:00+00:00,KXNFLRECYDS-26SEP09NESEA-SEAABARNER88-15,KXNFLRECYDS-26SEP09NESEA,KXNFLRECYDS,receiving_yards,football_player,AJ Barner: 15+ receiving yards,FIRST_OBSERVED,2026-09-07T12:03:37.314325+00:00,2026-09-07T12:03:37.314325+00:00,0,0.61,0.71,0.29000000000000004,0.39,market_object,PASS,
2026-09-07T12:03:37.314325+00:00,2026,1,2026_01_NE_SEA,NE@SEA,2026-09-10T00:20:00+00:00,KXNFLRECYDS-26SEP09NESEA-NEABROWN1-90,KXNFLRECYDS-26SEP09NESEA,KXNFLRECYDS,receiving_yards,football_player,A.J. Brown: 90+ receiving yards,FIRST_OBSERVED,2026-09-07T12:03:37.314325+00:00,2026-09-07T12:03:37.314325+00:00,0,0.19,0.25,0.75,0.81,market_object,PASS,
2026-09-07T12:03:37.314325+00:00,2026,1,2026_01_NE_SEA,NE@SEA,2026-09-10T00:20:00+00:00,KXNFLRECYDS-26SEP09NESEA-NEABROWN1-80,KXNFLRECYDS-26SEP09NESEA,KXNFLRECYDS,receiving_yards,football_player,A.J. Brown: 80+ receiving yards,FIRST_OBSERVED,2026-09-07T12:03:37.314325+00:00,2026-09-07T12:03:37.314325+00:00,0,0.25,0.3,0.7,0.75,market_object,PASS,
2026-09-07T12:03:37.314325+00:00,2026,1,2026_01_NE_SEA,NE@SEA,2026-09-10T00:20:00+00:00,KXNFLRECYDS-26SEP09NESEA-NEABROWN1-70,KXNFLRECYDS-26SEP09NESEA,KXNFLRECYDS,receiving_yards,football_player,A.J. Brown: 70+ receiving yards,FIRST_OBSERVED,2026-09-07T12:03:37.314325+00:00,2026-09-07T12:03:37.314325+00:00,0,0.36,0.4,0.6,0.64,market_object,PASS,
2026-09-07T12:03:37.314325+00:00,2026,1,2026_01_NE_SEA,NE@SEA,2026-09-10T00:20:00+00:00,KXNFLRECYDS-26SEP09NESEA-NEABROWN1-60,KXNFLRECYDS-26SEP09NESEA,KXNFLRECYDS,receiving_yards,football_player,A.J. Brown: 60+ receiving yards,FIRST_OBSERVED,2026-09-07T12:03:37.314325+00:00,2026-09-07T12:03:37.314325+00:00,0,0.47,0.5,0.5,0.53,market_object,PASS,
2026-09-07T12:03:37.314325+00:00,2026,1,2026_01_NE_SEA,NE@SEA,2026-09-10T00:20:00+00:00,KXNFLRECYDS-26SEP09NESEA-NEABROWN1-50,KXNFLRECYDS-26SEP09NESEA,KXNFLRECYDS,receiving_yards,football_player,A.J. Brown: 50+ receiving yards,FIRST_OBSERVED,2026-09-07T12:03:37.314325+00:00,2026-09-07T12:03:37.314325+00:00,0,0.55,0.61,0.39,0.44999999999999996,market_object,PASS,
2026-09-07T12:03:37.314325+00:00,2026,1,2026_01_NE_SEA,NE@SEA,2026-09-10T00:20:00+00:00,KXNFLRECYDS-26SEP09NESEA-NEABROWN1-40,KXNFLRECYDS-26SEP09NESEA,KXNFLRECYDS,receiving_yards,football_player,A.J. Brown: 40+ receiving yards,FIRST_OBSERVED,2026-09-07T12:03:37.314325+00:00,2026-09-07T12:03:37.314325+00:00,0,0.71,0.76,0.24,0.29000000000000004,market_object,PASS,
2026-09-07T12:03:37.314325+00:00,2026,1,2026_01_NE_SEA,NE@SEA,2026-09-10T00:20:00+00:00,KXNFLRECYDS-26SEP09NESEA-NEABROWN1-140,KXNFLRECYDS-26SEP09NESEA,KXNFLRECYDS,receiving_yards,football_player,A.J. Brown: 140+ receiving yards,FIRST_OBSERVED,2026-09-07T12:03:37.314325+00:00,2026-09-07T12:03:37.314325+00:00,0,0.02,0.04,0.96,0.98,market_object,PASS,
2026-09-07T12:03:37.314325+00:00,2026,1,2026_01_NE_SEA,NE@SEA,2026-09-10T00:20:00+00:00,KXNFLRECYDS-26SEP09NESEA-NEABROWN1-130,KXNFLRECYDS-26SEP09NESEA,KXNFLRECYDS,receiving_yards,football_player,A.J. Brown: 130+ receiving yards,FIRST_OBSERVED,2026-09-07T12:03:37.314325+00:00,2026-09-07T12:03:37.314325+00:00,0,0.03,0.06,0.94,0.97,market_object,PASS,
2026-09-07T12:03:37.314325+00:00,2026,1,2026_01_NE_SEA,NE@SEA,2026-09-10T00:20:00+00:00,KXNFLRECYDS-26SEP09NESEA-NEABROWN1-120,KXNFLRECYDS-26SEP09NESEA,KXNFLRECYDS,receiving_yards,football_player,A.J. Brown: 120+ receiving yards,FIRST_OBSERVED,2026-09-07T12:03:37.314325+00:00,2026-09-07T12:03:37.314325+00:00,0,0.04,0.09,0.91,0.96,market_object,PASS,
2026-09-07T12:03:37.314325+00:00,2026,1,2026_01_NE_SEA,NE@SEA,2026-09-10T00:20:00+00:00,KXNFLRECYDS-26SEP09NESEA-NEABROWN1-110,KXNFLRECYDS-26SEP09NESEA,KXNFLRECYDS,receiving_yards,football_player,A.J. Brown: 110+ receiving yards,FIRST_OBSERVED,2026-09-07T12:03:37.314325+00:00,2026-09-07T12:03:37.314325+00:00,0,0.07,0.13,0.87,0.9299999999999999,market_object,PASS,
2026-09-07T12:03:37.314325+00:00,2026,1,2026_01_NE_SEA,NE@SEA,2026-09-10T00:20:00+00:00,KXNFLRECYDS-26SEP09NESEA-NEABROWN1-100,KXNFLRECYDS-26SEP09NESEA,KXNFLRECYDS,receiving_yards,football_player,A.J. Brown: 100+ receiving yards,FIRST_OBSERVED,2026-09-07T12:03:37.314325+00:00,2026-09-07T12:03:37.314325+00:00,0,0.1,0.19,0.81,0.9,market_object,PASS,
2026-09-07T12:03:37.314325+00:00,2026,1,2026_01_DEN_KC,DEN@KC,2026-09-15T00:15:00+00:00,KXNFLREC-26SEP14DENKC-KCXWORTHY1-8,KXNFLREC-26SEP14DENKC,KXNFLREC,receptions,football_player,Xavier Worthy: 8+ receptions,FIRST_OBSERVED,2026-09-07T12:03:37.314325+00:00,2026-09-07T12:03:37.314325+00:00,0,0.0,0.05,0.95,1.0,market_object,PASS,
2026-09-07T12:03:37.314325+00:00,2026,1,2026_01_DEN_KC,DEN@KC,2026-09-15T00:15:00+00:00,KXNFLREC-26SEP14DENKC-KCXWORTHY1-7,KXNFLREC-26SEP14DENKC,KXNFLREC,receptions,football_player,Xavier Worthy: 7+ receptions,FIRST_OBSERVED,2026-09-07T12:03:37.314325+00:00,2026-09-07T12:03:37.314325+00:00,0,0.0,0.09,0.91,1.0,market_object,PASS,
2026-09-07T12:03:37.314325+00:00,2026,1,2026_01_DEN_KC,DEN@KC,2026-09-15T00:15:00+00:00,KXNFLREC-26SEP14DENKC-KCXWORTHY1-6,KXNFLREC-26SEP14DENKC,KXNFLREC,receptions,football_player,Xavier Worthy: 6+ receptions,FIRST_OBSERVED,2026-09-07T12:03:37.314325+00:00,2026-09-07T12:03:37.314325+00:00,0,0.0,0.17,0.83,1.0,market_object,PASS,
2026-09-07T12:03:37.314325+00:00,2026,1,2026_01_DEN_KC,DEN@KC,2026-09-15T00:15:00+00:00,KXNFLREC-26SEP14DENKC-KCXWORTHY1-5,KXNFLREC-26SEP14DENKC,KXNFLREC,receptions,football_player,Xavier Worthy: 5+ receptions,FIRST_OBSERVED,2026-09-07T12:03:37.314325+00:00,2026-09-07T12:03:37.314325+00:00,0,0.0,0.29,0.71,1.0,market_object,PASS,
2026-09-07T12:03:37.314325+00:00,2026,1,2026_01_DEN_KC,DEN@KC,2026-09-15T00:15:00+00:00,KXNFLREC-26SEP14DENKC-KCXWORTHY1-4,KXNFLREC-26SEP14DENKC,KXNFLREC,receptions,football_player,Xavier Worthy: 4+ receptions,FIRST_OBSERVED,2026-09-07T12:03:37.314325+00:00,2026-09-07T12:03:37.314325+00:00,0,0.41,0.43,0.5700000000000001,0.5900000000000001,market_object,PASS,
2026-09-07T12:03:37.314325+00:00,2026,1,2026_01_DEN_KC,DEN@KC,2026-09-15T00:15:00+00:00,KXNFLREC-26SEP14DENKC-KCXWORTHY1-3,KXNFLREC-26SEP14DENKC,KXNFLREC,receptions,football_player,Xavier Worthy: 3+ receptions,FIRST_OBSERVED,2026-09-07T12:03:37.314325+00:00,2026-09-07T12:03:37.314325+00:00,0,0.0,0.67,0.32999999999999996,1.0,market_object,PASS,
2026-09-07T12:03:37.314325+00:00,2026,1,2026_01_DEN_KC,DEN@KC,2026-09-15T00:15:00+00:00,KXNFLREC-26SEP14DENKC-KCXWORTHY1-2,KXNFLREC-26SEP14DENKC,KXNFLREC,receptions,football_player,Xavier Worthy: 2+ receptions,FIRST_OBSERVED,2026-09-07T12:03:37.314325+00:00,2026-09-07T12:03:37.314325+00:00,0,0.0,0.88,0.12,1.0,market_object,PASS,
2026-09-07T12:03:37.314325+00:00,2026,1,2026_01_DEN_KC,DEN@KC,2026-09-15T00:15:00+00:00,KXNFLREC-26SEP14DENKC-KCTKELCE87-9,KXNFLREC-26SEP14DENKC,KXNFLREC,receptions,football_player,Travis Kelce: 9+ receptions,FIRST_OBSERVED,2026-09-07T12:03:37.314325+00:00,2026-09-07T12:03:37.314325+00:00,0,0.0,0.06,0.94,1.0,market_object,PASS,
2026-09-07T12:03:37.314325+00:00,2026,1,2026_01_DEN_KC,DEN@KC,2026-09-15T00:15:00+00:00,KXNFLREC-26SEP14DENKC-KCTKELCE87-8,KXNFLREC-26SEP14DENKC,KXNFLREC,receptions,football_player,Travis Kelce: 8+ receptions,FIRST_OBSERVED,2026-09-07T12:03:37.314325+00:00,2026-09-07T12:03:37.314325+00:00,0,0.0,0.1,0.9,1.0,market_object,PASS,
2026-09-07T12:03:37.314325+00:00,2026,1,2026_01_DEN_KC,DEN@KC,2026-09-15T00:15:00+00:00,KXNFLREC-26SEP14DENKC-KCTKELCE87-7,KXNFLREC-26SEP14DENKC,KXNFLREC,receptions,football_player,Travis Kelce: 7+ receptions,FIRST_OBSERVED,2026-09-07T12:03:37.314325+00:00,2026-09-07T12:03:37.314325+00:00,0,0.0,0.16,0.84,1.0,market_object,PASS,
2026-09-07T12:03:37.314325+00:00,2026,1,2026_01_DEN_KC,DEN@KC,2026-09-15T00:15:00+00:00,KXNFLREC-26SEP14DENKC-KCTKELCE87-6,KXNFLREC-26SEP14DENKC,KXNFLREC,receptions,football_player,Travis Kelce: 6+ receptions,FIRST_OBSERVED,2026-09-07T12:03:37.314325+00:00,2026-09-07T12:03:37.314325+00:00,0,0.0,0.25,0.75,1.0,market_object,PASS,
2026-09-07T12:03:37.314325+00:00,2026,1,2026_01_DEN_KC,DEN@KC,2026-09-15T00:15:00+00:00,KXNFLREC-26SEP14DENKC-KCTKELCE87-5,KXNFLREC-26SEP14DENKC,KXNFLREC,receptions,football_player,Travis Kelce: 5+ receptions,FIRST_OBSERVED,2026-09-07T12:03:37.314325+00:00,2026-09-07T12:03:37.314325+00:00,0,0.37,0.4,0.6,0.63,market_object,PASS,
2026-09-07T12:03:37.314325+00:00,2026,1,2026_01_DEN_KC,DEN@KC,2026-09-15T00:15:00+00:00,KXNFLREC-26SEP14DENKC-KCTKELCE87-4,KXNFLREC-26SEP14DENKC,KXNFLREC,receptions,football_player,Travis Kelce: 4+ receptions,FIRST_OBSERVED,2026-09-07T12:03:37.314325+00:00,2026-09-07T12:03:37.314325+00:00,0,0.55,0.58,0.42000000000000004,0.44999999999999996,market_object,PASS,
2026-09-07T12:03:37.314325+00:00,2026,1,2026_01_DEN_KC,DEN@KC,2026-09-15T00:15:00+00:00,KXNFLREC-26SEP14DENKC-KCTKELCE87-3,KXNFLREC-26SEP14DENKC,KXNFLREC,receptions,football_player,Travis Kelce: 3+ receptions,FIRST_OBSERVED,2026-09-07T12:03:37.314325+00:00,2026-09-07T12:03:37.314325+00:00,0,0.0,0.78,0.21999999999999997,1.0,market_object,PASS,
2026-09-07T12:03:37.314325+00:00,2026,1,2026_01_DEN_KC,DEN@KC,2026-09-15T00:15:00+00:00,KXNFLREC-26SEP14DENKC-KCTKELCE87-2,KXNFLREC-26SEP14DENKC,KXNFLREC,receptions,football_player,Travis Kelce: 2+ receptions,FIRST_OBSERVED,2026-09-07T12:03:37.314325+00:00,2026-09-07T12:03:37.314325+00:00,0,0.0,0.93,0.06999999999999995,1.0,market_object,PASS,
2026-09-07T12:03:37.314325+00:00,2026,1,2026_01_DEN_KC,DEN@KC,2026-09-15T00:15:00+00:00,KXNFLREC-26SEP14DENKC-KCTKELCE87-10,KXNFLREC-26SEP14DENKC,KXNFLREC,receptions,football_player,Travis Kelce: 10+ receptions,FIRST_OBSERVED,2026-09-07T12:03:37.314325+00:00,2026-09-07T12:03:37.314325+00:00,0,0.0,0.04,0.96,1.0,market_object,PASS,
2026-09-07T12:03:37.314325+00:00,2026,1,2026_01_DEN_KC,DEN@KC,2026-09-15T00:15:00+00:00,KXNFLREC-26SEP14DENKC-KCRRICE4-9,KXNFLREC-26SEP14DENKC,KXNFLREC,receptions,football_player,Rashee Rice: 9+ receptions,FIRST_OBSERVED,2026-09-07T12:03:37.314325+00:00,2026-09-07T12:03:37.314325+00:00,0,0.0,0.18,0.8200000000000001,1.0,market_object,PASS,
2026-09-07T12:03:37.314325+00:00,2026,1,2026_01_DEN_KC,DEN@KC,2026-09-15T00:15:00+00:00,KXNFLREC-26SEP14DENKC-KCRRICE4-8,KXNFLREC-26SEP14DENKC,KXNFLREC,receptions,football_player,Rashee Rice: 8+ receptions,FIRST_OBSERVED,2026-09-07T12:03:37.314325+00:00,2026-09-07T12:03:37.314325+00:00,0,0.0,0.27,0.73,1.0,market_object,PASS,
2026-09-07T12:03:37.314325+00:00,2026,1,2026_01_DEN_KC,DEN@KC,2026-09-15T00:15:00+00:00,KXNFLREC-26SEP14DENKC-KCRRICE4-7,KXNFLREC-26SEP14DENKC,KXNFLREC,receptions,football_player,Rashee Rice: 7+ receptions,FIRST_OBSERVED,2026-09-07T12:03:37.314325+00:00,2026-09-07T12:03:37.314325+00:00,0,0.0,0.39,0.61,1.0,market_object,PASS,
2026-09-07T12:03:37.314325+00:00,2026,1,2026_01_DEN_KC,DEN@KC,2026-09-15T00:15:00+00:00,KXNFLREC-26SEP14DENKC-KCRRICE4-6,KXNFLREC-26SEP14DENKC,KXNFLREC,receptions,football_player,Rashee Rice: 6+ receptions,FIRST_OBSERVED,2026-09-07T12:03:37.314325+00:00,2026-09-07T12:03:37.314325+00:00,0,0.5,0.53,0.47,0.5,market_object,PASS,
2026-09-07T12:03:37.314325+00:00,2026,1,2026_01_DEN_KC,DEN@KC,2026-09-15T00:15:00+00:00,KXNFLREC-26SEP14DENKC-KCRRICE4-5,KXNFLREC-26SEP14DENKC,KXNFLREC,receptions,football_player,Rashee Rice: 5+ receptions,FIRST_OBSERVED,2026-09-07T12:03:37.314325+00:00,2026-09-07T12:03:37.314325+00:00,0,0.0,0.71,0.29000000000000004,1.0,market_object,PASS,
2026-09-07T12:03:37.314325+00:00,2026,1,2026_01_DEN_KC,DEN@KC,2026-09-15T00:15:00+00:00,KXNFLREC-26SEP14DENKC-KCRRICE4-4,KXNFLREC-26SEP14DENKC,KXNFLREC,receptions,football_player,Rashee Rice: 4+ receptions,FIRST_OBSERVED,2026-09-07T12:03:37.314325+00:00,2026-09-07T12:03:37.314325+00:00,0,0.0,0.84,0.16000000000000003,1.0,market_object,PASS,
2026-09-07T12:03:37.314325+00:00,2026,1,2026_01_DEN_KC,DEN@KC,2026-09-15T00:15:00+00:00,KXNFLREC-26SEP14DENKC-KCRRICE4-3,KXNFLREC-26SEP14DENKC,KXNFLREC,receptions,football_player,Rashee Rice: 3+ receptions,FIRST_OBSERVED,2026-09-07T12:03:37.314325+00:00,2026-09-07T12:03:37.314325+00:00,0,0.0,0.95,0.050000000000000044,1.0,market_object,PASS,
2026-09-07T12:03:37.314325+00:00,2026,1,2026_01_DEN_KC,DEN@KC,2026-09-15T00:15:00+00:00,KXNFLREC-26SEP14DENKC-KCRRICE4-12,KXNFLREC-26SEP14DENKC,KXNFLREC,receptions,football_player,Rashee Rice: 12+ receptions,FIRST_OBSERVED,2026-09-07T12:03:37.314325+00:00,2026-09-07T12:03:37.314325+00:00,0,0.0,0.05,0.95,1.0,market_object,PASS,
2026-09-07T12:03:37.314325+00:00,2026,1,2026_01_DEN_KC,DEN@KC,2026-09-15T00:15:00+00:00,KXNFLREC-26SEP14DENKC-KCRRICE4-11,KXNFLREC-26SEP14DENKC,KXNFLREC,receptions,football_player,Rashee Rice: 11+ receptions,FIRST_OBSERVED,2026-09-07T12:03:37.314325+00:00,2026-09-07T12:03:37.314325+00:00,0,0.0,0.08,0.92,1.0,market_object,PASS,
2026-09-07T12:03:37.314325+00:00,2026,1,2026_01_DEN_KC,DEN@KC,2026-09-15T00:15:00+00:00,KXNFLREC-26SEP14DENKC-KCRRICE4-10,KXNFLREC-26SEP14DENKC,KXNFLREC,receptions,football_player,Rashee Rice: 10+ receptions,FIRST_OBSERVED,2026-09-07T12:03:37.314325+00:00,2026-09-07T12:03:37.314325+00:00,0,0.0,0.12,0.88,1.0,market_object,PASS,
2026-09-07T12:03:37.314325+00:00,2026,1,2026_01_DEN_KC,DEN@KC,2026-09-15T00:15:00+00:00,KXNFLREC-26SEP14DENKC-KCKWALKER9-7,KXNFLREC-26SEP14DENKC,KXNFLREC,receptions,football_player,Kenneth Walker III: 7+ receptions,FIRST_OBSERVED,2026-09-07T12:03:37.314325+00:00,2026-09-07T12:03:37.314325+00:00,0,0.0,0.06,0.94,1.0,market_object,PASS,
2026-09-07T12:03:37.314325+00:00,2026,1,2026_01_DEN_KC,DEN@KC,2026-09-15T00:15:00+00:00,KXNFLREC-26SEP14DENKC-KCKWALKER9-6,KXNFLREC-26SEP14DENKC,KXNFLREC,receptions,football_player,Kenneth Walker III: 6+ receptions,FIRST_OBSERVED,2026-09-07T12:03:37.314325+00:00,2026-09-07T12:03:37.314325+00:00,0,0.0,0.1,0.9,1.0,market_object,PASS,
2026-09-07T12:03:37.314325+00:00,2026,1,2026_01_DEN_KC,DEN@KC,2026-09-15T00:15:00+00:00,KXNFLREC-26SEP14DENKC-KCKWALKER9-5,KXNFLREC-26SEP14DENKC,KXNFLREC,receptions,football_player,Kenneth Walker III: 5+ receptions,FIRST_OBSERVED,2026-09-07T12:03:37.314325+00:00,2026-09-07T12:03:37.314325+00:00,0,0.0,0.19,0.81,1.0,market_object,PASS,
2026-09-07T12:03:37.314325+00:00,2026,1,2026_01_DEN_KC,DEN@KC,2026-09-15T00:15:00+00:00,KXNFLREC-26SEP14DENKC-KCKWALKER9-4,KXNFLREC-26SEP14DENKC,KXNFLREC,receptions,football_player,Kenneth Walker III: 4+ receptions,FIRST_OBSERVED,2026-09-07T12:03:37.314325+00:00,2026-09-07T12:03:37.314325+00:00,0,0.0,0.34,0.6599999999999999,1.0,market_object,PASS,
2026-09-07T12:03:37.314325+00:00,2026,1,2026_01_DEN_KC,DEN@KC,2026-09-15T00:15:00+00:00,KXNFLREC-26SEP14DENKC-KCKWALKER9-3,KXNFLREC-26SEP14DENKC,KXNFLREC,receptions,football_player,Kenneth Walker III: 3+ receptions,FIRST_OBSERVED,2026-09-07T12:03:37.314325+00:00,2026-09-07T12:03:37.314325+00:00,0,0.52,0.53,0.47,0.48,market_object,PASS,
2026-09-07T12:03:37.314325+00:00,2026,1,2026_01_DEN_KC,DEN@KC,2026-09-15T00:15:00+00:00,KXNFLREC-26SEP14DENKC-KCKWALKER9-2,KXNFLREC-26SEP14DENKC,KXNFLREC,receptions,football_player,Kenneth Walker III: 2+ receptions,FIRST_OBSERVED,2026-09-07T12:03:37.314325+00:00,2026-09-07T12:03:37.314325+00:00,0,0.0,0.79,0.20999999999999996,1.0,market_object,PASS,
2026-09-07T12:03:37.314325+00:00,2026,1,2026_01_DEN_KC,DEN@KC,2026-09-15T00:15:00+00:00,KXNFLREC-26SEP14DENKC-DENJWADDLE17-9,KXNFLREC-26SEP14DENKC,KXNFLREC,receptions,football_player,Jaylen Waddle: 9+ receptions,FIRST_OBSERVED,2026-09-07T12:03:37.314325+00:00,2026-09-07T12:03:37.314325+00:00,0,0.0,0.09,0.91,1.0,market_object,PASS,
2026-09-07T12:03:37.314325+00:00,2026,1,2026_01_DEN_KC,DEN@KC,2026-09-15T00:15:00+00:00,KXNFLREC-26SEP14DENKC-DENJWADDLE17-8,KXNFLREC-26SEP14DENKC,KXNFLREC,receptions,football_player,Jaylen Waddle: 8+ receptions,FIRST_OBSERVED,2026-09-07T12:03:37.314325+00:00,2026-09-07T12:03:37.314325+00:00,0,0.0,0.15,0.85,1.0,market_object,PASS,
2026-09-07T12:03:37.314325+00:00,2026,1,2026_01_DEN_KC,DEN@KC,2026-09-15T00:15:00+00:00,KXNFLREC-26SEP14DENKC-DENJWADDLE17-7,KXNFLREC-26SEP14DENKC,KXNFLREC,receptions,football_player,Jaylen Waddle: 7+ receptions,FIRST_OBSERVED,2026-09-07T12:03:37.314325+00:00,2026-09-07T12:03:37.314325+00:00,0,0.0,0.23,0.77,1.0,market_object,PASS,
2026-09-07T12:03:37.314325+00:00,2026,1,2026_01_DEN_KC,DEN@KC,2026-09-15T00:15:00+00:00,KXNFLREC-26SEP14DENKC-DENJWADDLE17-6,KXNFLREC-26SEP14DENKC,KXNFLREC,receptions,football_player,Jaylen Waddle: 6+ receptions,FIRST_OBSERVED,2026-09-07T12:03:37.314325+00:00,2026-09-07T12:03:37.314325+00:00,0,0.0,0.35,0.65,1.0,market_object,PASS,
2026-09-07T12:03:37.314325+00:00,2026,1,2026_01_DEN_KC,DEN@KC,2026-09-15T00:15:00+00:00,KXNFLREC-26SEP14DENKC-DENJWADDLE17-5,KXNFLREC-26SEP14DENKC,KXNFLREC,receptions,football_player,Jaylen Waddle: 5+ receptions,FIRST_OBSERVED,2026-09-07T12:03:37.314325+00:00,2026-09-07T12:03:37.314325+00:00,0,0.49,0.52,0.48,0.51,market_object,PASS,
2026-09-07T12:03:37.314325+00:00,2026,1,2026_01_DEN_KC,DEN@KC,2026-09-15T00:15:00+00:00,KXNFLREC-26SEP14DENKC-DENJWADDLE17-4,KXNFLREC-26SEP14DENKC,KXNFLREC,receptions,football_player,Jaylen Waddle: 4+ receptions,FIRST_OBSERVED,2026-09-07T12:03:37.314325+00:00,2026-09-07T12:03:37.314325+00:00,0,0.0,0.71,0.29000000000000004,1.0,market_object,PASS,
2026-09-07T12:03:37.314325+00:00,2026,1,2026_01_DEN_KC,DEN@KC,2026-09-15T00:15:00+00:00,KXNFLREC-26SEP14DENKC-DENJWADDLE17-3,KXNFLREC-26SEP14DENKC,KXNFLREC,receptions,football_player,Jaylen Waddle: 3+ receptions,FIRST_OBSERVED,2026-09-07T12:03:37.314325+00:00,2026-09-07T12:03:37.314325+00:00,0,0.0,0.87,0.13,1.0,market_object,PASS,
2026-09-07T12:03:37.314325+00:00,2026,1,2026_01_DEN_KC,DEN@KC,2026-09-15T00:15:00+00:00,KXNFLREC-26SEP14DENKC-DENJWADDLE17-2,KXNFLREC-26SEP14DENKC,KXNFLREC,receptions,football_player,Jaylen Waddle: 2+ receptions,FIRST_OBSERVED,2026-09-07T12:03:37.314325+00:00,2026-09-07T12:03:37.314325+00:00,0,0.0,0.98,0.020000000000000018,1.0,market_object,PASS,
2026-09-07T12:03:37.314325+00:00,2026,1,2026_01_DEN_KC,DEN@KC,2026-09-15T00:15:00+00:00,KXNFLREC-26SEP14DENKC-DENJWADDLE17-11,KXNFLREC-26SEP14DENKC,KXNFLREC,receptions,football_player,Jaylen Waddle: 11+ receptions,FIRST_OBSERVED,2026-09-07T12:03:37.314325+00:00,2026-09-07T12:03:37.314325+00:00,0,0.0,0.04,0.96,1.0,market_object,PASS,
2026-09-07T12:03:37.314325+00:00,2026,1,2026_01_DEN_KC,DEN@KC,2026-09-15T00:15:00+00:00,KXNFLREC-26SEP14DENKC-DENJWADDLE17-10,KXNFLREC-26SEP14DENKC,KXNFLREC,receptions,football_player,Jaylen Waddle: 10+ receptions,FIRST_OBSERVED,2026-09-07T12:03:37.314325+00:00,2026-09-07T12:03:37.314325+00:00,0,0.0,0.06,0.94,1.0,market_object,PASS,
2026-09-07T12:03:37.314325+00:00,2026,1,2026_01_DEN_KC,DEN@KC,2026-09-15T00:15:00+00:00,KXNFLREC-26SEP14DENKC-DENCSUTTON14-9,KXNFLREC-26SEP14DENKC,KXNFLREC,receptions,football_player,Courtland Sutton: 9+ receptions,FIRST_OBSERVED,2026-09-07T12:03:37.314325+00:00,2026-09-07T12:03:37.314325+00:00,0,0.0,0.07,0.9299999999999999,1.0,market_object,PASS,
2026-09-07T12:03:37.314325+00:00,2026,1,2026_01_DEN_KC,DEN@KC,2026-09-15T00:15:00+00:00,KXNFLREC-26SEP14DENKC-DENCSUTTON14-8,KXNFLREC-26SEP14DENKC,KXNFLREC,receptions,football_player,Courtland Sutton: 8+ receptions,FIRST_OBSERVED,2026-09-07T12:03:37.314325+00:00,2026-09-07T12:03:37.314325+00:00,0,0.0,0.1,0.9,1.0,market_object,PASS,
2026-09-07T12:03:37.314325+00:00,2026,1,2026_01_DEN_KC,DEN@KC,2026-09-15T00:15:00+00:00,KXNFLREC-26SEP14DENKC-DENCSUTTON14-7,KXNFLREC-26SEP14DENKC,KXNFLREC,receptions,football_player,Courtland Sutton: 7+ receptions,FIRST_OBSERVED,2026-09-07T12:03:37.314325+00:00,2026-09-07T12:03:37.314325+00:00,0,0.0,0.17,0.83,1.0,market_object,PASS,
2026-09-07T12:03:37.314325+00:00,2026,1,2026_01_DEN_KC,DEN@KC,2026-09-15T00:15:00+00:00,KXNFLREC-26SEP14DENKC-DENCSUTTON14-6,KXNFLREC-26SEP14DENKC,KXNFLREC,receptions,football_player,Courtland Sutton: 6+ receptions,FIRST_OBSERVED,2026-09-07T12:03:37.314325+00:00,2026-09-07T12:03:37.314325+00:00,0,0.0,0.28,0.72,1.0,market_object,PASS,
2026-09-07T12:03:37.314325+00:00,2026,1,2026_01_DEN_KC,DEN@KC,2026-09-15T00:15:00+00:00,KXNFLREC-26SEP14DENKC-DENCSUTTON14-5,KXNFLREC-26SEP14DENKC,KXNFLREC,receptions,football_player,Courtland Sutton: 5+ receptions,FIRST_OBSERVED,2026-09-07T12:03:37.314325+00:00,2026-09-07T12:03:37.314325+00:00,0,0.38,0.41,0.5900000000000001,0.62,market_object,PASS,
2026-09-07T12:03:37.314325+00:00,2026,1,2026_01_DEN_KC,DEN@KC,2026-09-15T00:15:00+00:00,KXNFLREC-26SEP14DENKC-DENCSUTTON14-4,KXNFLREC-26SEP14DENKC,KXNFLREC,receptions,football_player,Courtland Sutton: 4+ receptions,FIRST_OBSERVED,2026-09-07T12:03:37.314325+00:00,2026-09-07T12:03:37.314325+00:00,0,0.0,0.62,0.38,1.0,market_object,PASS,
2026-09-07T12:03:37.314325+00:00,2026,1,2026_01_DEN_KC,DEN@KC,2026-09-15T00:15:00+00:00,KXNFLREC-26SEP14DENKC-DENCSUTTON14-3,KXNFLREC-26SEP14DENKC,KXNFLREC,receptions,football_player,Courtland Sutton: 3+ receptions,FIRST_OBSERVED,2026-09-07T12:03:37.314325+00:00,2026-09-07T12:03:37.314325+00:00,0,0.0,0.81,0.18999999999999995,1.0,market_object,PASS,
2026-09-07T12:03:37.314325+00:00,2026,1,2026_01_DEN_KC,DEN@KC,2026-09-15T00:15:00+00:00,KXNFLREC-26SEP14DENKC-DENCSUTTON14-2,KXNFLREC-26SEP14DENKC,KXNFLREC,receptions,football_player,Courtland Sutton: 2+ receptions,FIRST_OBSERVED,2026-09-07T12:03:37.314325+00:00,2026-09-07T12:03:37.314325+00:00,0,0.0,0.94,0.06000000000000005,1.0,market_object,PASS,
2026-09-07T12:03:37.314325+00:00,2026,1,2026_01_DEN_KC,DEN@KC,2026-09-15T00:15:00+00:00,KXNFLREC-26SEP14DENKC-DENCSUTTON14-10,KXNFLREC-26SEP14DENKC,KXNFLREC,receptions,football_player,Courtland Sutton: 10+ receptions,FIRST_OBSERVED,2026-09-07T12:03:37.314325+00:00,2026-09-07T12:03:37.314325+00:00,0,0.0,0.04,0.96,1.0,market_object,PASS,
2026-09-07T12:03:37.314325+00:00,2026,1,2026_01_DAL_NYG,DAL@NYG,2026-09-14T00:20:00+00:00,KXNFLREC-26SEP13DALNYG-DALGPICKENS3-9,KXNFLREC-26SEP13DALNYG,KXNFLREC,receptions,football_player,George Pickens: 9+ receptions,FIRST_OBSERVED,2026-09-07T12:03:37.314325+00:00,2026-09-07T12:03:37.314325+00:00,0,0.0,0.11,0.89,1.0,market_object,PASS,
2026-09-07T12:03:37.314325+00:00,2026,1,2026_01_DAL_NYG,DAL@NYG,2026-09-14T00:20:00+00:00,KXNFLREC-26SEP13DALNYG-DALGPICKENS3-8,KXNFLREC-26SEP13DALNYG,KXNFLREC,receptions,football_player,George Pickens: 8+ receptions,FIRST_OBSERVED,2026-09-07T12:03:37.314325+00:00,2026-09-07T12:03:37.314325+00:00,0,0.0,0.17,0.83,1.0,market_object,PASS,
2026-09-07T12:03:37.314325+00:00,2026,1,2026_01_DAL_NYG,DAL@NYG,2026-09-14T00:20:00+00:00,KXNFLREC-26SEP13DALNYG-DALGPICKENS3-7,KXNFLREC-26SEP13DALNYG,KXNFLREC,receptions,football_player,George Pickens: 7+ receptions,FIRST_OBSERVED,2026-09-07T12:03:37.314325+00:00,2026-09-07T12:03:37.314325+00:00,0,0.0,0.28,0.72,1.0,market_object,PASS,
2026-09-07T12:03:37.314325+00:00,2026,1,2026_01_DAL_NYG,DAL@NYG,2026-09-14T00:20:00+00:00,KXNFLREC-26SEP13DALNYG-DALGPICKENS3-6,KXNFLREC-26SEP13DALNYG,KXNFLREC,receptions,football_player,George Pickens: 6+ receptions,FIRST_OBSERVED,2026-09-07T12:03:37.314325+00:00,2026-09-07T12:03:37.314325+00:00,0,0.38,0.43,0.5700000000000001,0.62,market_object,PASS,
2026-09-07T12:03:37.314325+00:00,2026,1,2026_01_DAL_NYG,DAL@NYG,2026-09-14T00:20:00+00:00,KXNFLREC-26SEP13DALNYG-DALGPICKENS3-5,KXNFLREC-26SEP13DALNYG,KXNFLREC,receptions,football_player,George Pickens: 5+ receptions,FIRST_OBSERVED,2026-09-07T12:03:37.314325+00:00,2026-09-07T12:03:37.314325+00:00,0,0.54,0.58,0.42000000000000004,0.45999999999999996,market_object,PASS,
2026-09-07T12:03:37.314325+00:00,2026,1,2026_01_DAL_NYG,DAL@NYG,2026-09-14T00:20:00+00:00,KXNFLREC-26SEP13DALNYG-DALGPICKENS3-4,KXNFLREC-26SEP13DALNYG,KXNFLREC,receptions,football_player,George Pickens: 4+ receptions,FIRST_OBSERVED,2026-09-07T12:03:37.314325+00:00,2026-09-07T12:03:37.314325+00:00,0,0.42,0.76,0.24,0.5800000000000001,market_object,PASS,
2026-09-07T12:03:37.314325+00:00,2026,1,2026_01_DAL_NYG,DAL@NYG,2026-09-14T00:20:00+00:00,KXNFLREC-26SEP13DALNYG-DALGPICKENS3-3,KXNFLREC-26SEP13DALNYG,KXNFLREC,receptions,football_player,George Pickens: 3+ receptions,FIRST_OBSERVED,2026-09-07T12:03:37.314325+00:00,2026-09-07T12:03:37.314325+00:00,0,0.42,0.9,0.09999999999999998,0.5800000000000001,market_object,PASS,
2026-09-07T12:03:37.314325+00:00,2026,1,2026_01_DAL_NYG,DAL@NYG,2026-09-14T00:20:00+00:00,KXNFLREC-26SEP13DALNYG-DALGPICKENS3-11,KXNFLREC-26SEP13DALNYG,KXNFLREC,receptions,football_player,George Pickens: 11+ receptions,FIRST_OBSERVED,2026-09-07T12:03:37.314325+00:00,2026-09-07T12:03:37.314325+00:00,0,0.0,0.04,0.96,1.0,market_object,PASS,
2026-09-07T12:03:37.314325+00:00,2026,1,2026_01_DAL_NYG,DAL@NYG,2026-09-14T00:20:00+00:00,KXNFLREC-26SEP13DALNYG-DALGPICKENS3-10,KXNFLREC-26SEP13DALNYG,KXNFLREC,receptions,football_player,George Pickens: 10+ receptions,FIRST_OBSERVED,2026-09-07T12:03:37.314325+00:00,2026-09-07T12:03:37.314325+00:00,0,0.0,0.07,0.9299999999999999,1.0,market_object,PASS,
2026-09-07T12:03:37.314325+00:00,2026,1,2026_01_DAL_NYG,DAL@NYG,2026-09-14T00:20:00+00:00,KXNFLREC-26SEP13DALNYG-DALCLAMB88-9,KXNFLREC-26SEP13DALNYG,KXNFLREC,receptions,football_player,CeeDee Lamb: 9+ receptions,FIRST_OBSERVED,2026-09-07T12:03:37.314325+00:00,2026-09-07T12:03:37.314325+00:00,0,0.0,0.21,0.79,1.0,market_object,PASS,
2026-09-07T12:03:37.314325+00:00,2026,1,2026_01_DAL_NYG,DAL@NYG,2026-09-14T00:20:00+00:00,KXNFLREC-26SEP13DALNYG-DALCLAMB88-8,KXNFLREC-26SEP13DALNYG,KXNFLREC,receptions,football_player,CeeDee Lamb: 8+ receptions,FIRST_OBSERVED,2026-09-07T12:03:37.314325+00:00,2026-09-07T12:03:37.314325+00:00,0,0.0,0.31,0.69,1.0,market_object,PASS,
2026-09-07T12:03:37.314325+00:00,2026,1,2026_01_DAL_NYG,DAL@NYG,2026-09-14T00:20:00+00:00,KXNFLREC-26SEP13DALNYG-DALCLAMB88-7,KXNFLREC-26SEP13DALNYG,KXNFLREC,receptions,football_player,CeeDee Lamb: 7+ receptions,FIRST_OBSERVED,2026-09-07T12:03:37.314325+00:00,2026-09-07T12:03:37.314325+00:00,0,0.44,0.45,0.55,0.56,market_object,PASS,
2026-09-07T12:03:37.314325+00:00,2026,1,2026_01_DAL_NYG,DAL@NYG,2026-09-14T00:20:00+00:00,KXNFLREC-26SEP13DALNYG-DALCLAMB88-6,KXNFLREC-26SEP13DALNYG,KXNFLREC,receptions,football_player,CeeDee Lamb: 6+ receptions,FIRST_OBSERVED,2026-09-07T12:03:37.314325+00:00,2026-09-07T12:03:37.314325+00:00,0,0.32,0.61,0.39,0.6799999999999999,market_object,PASS,
2026-09-07T12:03:37.314325+00:00,2026,1,2026_01_DAL_NYG,DAL@NYG,2026-09-14T00:20:00+00:00,KXNFLREC-26SEP13DALNYG-DALCLAMB88-5,KXNFLREC-26SEP13DALNYG,KXNFLREC,receptions,football_player,CeeDee Lamb: 5+ receptions,FIRST_OBSERVED,2026-09-07T12:03:37.314325+00:00,2026-09-07T12:03:37.314325+00:00,0,0.32,0.75,0.25,0.6799999999999999,market_object,PASS,
2026-09-07T12:03:37.314325+00:00,2026,1,2026_01_DAL_NYG,DAL@NYG,2026-09-14T00:20:00+00:00,KXNFLREC-26SEP13DALNYG-DALCLAMB88-4,KXNFLREC-26SEP13DALNYG,KXNFLREC,receptions,football_player,CeeDee Lamb: 4+ receptions,FIRST_OBSERVED,2026-09-07T12:03:37.314325+00:00,2026-09-07T12:03:37.314325+00:00,0,0.32,0.88,0.12,0.6799999999999999,market_object,PASS,
2026-09-07T12:03:37.314325+00:00,2026,1,2026_01_DAL_NYG,DAL@NYG,2026-09-14T00:20:00+00:00,KXNFLREC-26SEP13DALNYG-DALCLAMB88-13,KXNFLREC-26SEP13DALNYG,KXNFLREC,receptions,football_player,CeeDee Lamb: 13+ receptions,FIRST_OBSERVED,2026-09-07T12:03:37.314325+00:00,2026-09-07T12:03:37.314325+00:00,0,0.0,0.04,0.96,1.0,market_object,PASS,
2026-09-07T12:03:37.314325+00:00,2026,1,2026_01_DAL_NYG,DAL@NYG,2026-09-14T00:20:00+00:00,KXNFLREC-26SEP13DALNYG-DALCLAMB88-12,KXNFLREC-26SEP13DALNYG,KXNFLREC,receptions,football_player,CeeDee Lamb: 12+ receptions,FIRST_OBSERVED,2026-09-07T12:03:37.314325+00:00,2026-09-07T12:03:37.314325+00:00,0,0.0,0.06,0.94,1.0,market_object,PASS,
2026-09-07T12:03:37.314325+00:00,2026,1,2026_01_DAL_NYG,DAL@NYG,2026-09-14T00:20:00+00:00,KXNFLREC-26SEP13DALNYG-DALCLAMB88-11,KXNFLREC-26SEP13DALNYG,KXNFLREC,receptions,football_player,CeeDee Lamb: 11+ receptions,FIRST_OBSERVED,2026-09-07T12:03:37.314325+00:00,2026-09-07T12:03:37.314325+00:00,0,0.0,0.09,0.91,1.0,market_object,PASS,
2026-09-07T12:03:37.314325+00:00,2026,1,2026_01_DAL_NYG,DAL@NYG,2026-09-14T00:20:00+00:00,KXNFLREC-26SEP13DALNYG-DALCLAMB88-10,KXNFLREC-26SEP13DALNYG,KXNFLREC,receptions,football_player,CeeDee Lamb: 10+ receptions,FIRST_OBSERVED,2026-09-07T12:03:37.314325+00:00,2026-09-07T12:03:37.314325+00:00,0,0.0,0.14,0.86,1.0,market_object,PASS,
2026-09-07T12:03:37.314325+00:00,2026,1,2026_01_WAS_PHI,WAS@PHI,2026-09-13T20:25:00+00:00,KXNFLREC-26SEP13WASPHI-WASSDIGGS3-9,KXNFLREC-26SEP13WASPHI,KXNFLREC,receptions,football_player,Stefon Diggs: 9+ receptions,FIRST_OBSERVED,2026-09-07T12:03:37.314325+00:00,2026-09-07T12:03:37.314325+00:00,0,0.0,0.05,0.95,1.0,market_object,PASS,
2026-09-07T12:03:37.314325+00:00,2026,1,2026_01_WAS_PHI,WAS@PHI,2026-09-13T20:25:00+00:00,KXNFLREC-26SEP13WASPHI-WASSDIGGS3-8,KXNFLREC-26SEP13WASPHI,KXNFLREC,receptions,football_player,Stefon Diggs: 8+ receptions,FIRST_OBSERVED,2026-09-07T12:03:37.314325+00:00,2026-09-07T12:03:37.314325+00:00,0,0.0,0.09,0.91,1.0,market_object,PASS,
2026-09-07T12:03:37.314325+00:00,2026,1,2026_01_WAS_PHI,WAS@PHI,2026-09-13T20:25:00+00:00,KXNFLREC-26SEP13WASPHI-WASSDIGGS3-7,KXNFLREC-26SEP13WASPHI,KXNFLREC,receptions,football_player,Stefon Diggs: 7+ receptions,FIRST_OBSERVED,2026-09-07T12:03:37.314325+00:00,2026-09-07T12:03:37.314325+00:00,0,0.0,0.15,0.85,1.0,market_object,PASS,
2026-09-07T12:03:37.314325+00:00,2026,1,2026_01_WAS_PHI,WAS@PHI,2026-09-13T20:25:00+00:00,KXNFLREC-26SEP13WASPHI-WASSDIGGS3-6,KXNFLREC-26SEP13WASPHI,KXNFLREC,receptions,football_player,Stefon Diggs: 6+ receptions,FIRST_OBSERVED,2026-09-07T12:03:37.314325+00:00,2026-09-07T12:03:37.314325+00:00,0,0.0,0.24,0.76,1.0,market_object,PASS,
2026-09-07T12:03:37.314325+00:00,2026,1,2026_01_WAS_PHI,WAS@PHI,2026-09-13T20:25:00+00:00,KXNFLREC-26SEP13WASPHI-WASSDIGGS3-5,KXNFLREC-26SEP13WASPHI,KXNFLREC,receptions,football_player,Stefon Diggs: 5+ receptions,FIRST_OBSERVED,2026-09-07T12:03:37.314325+00:00,2026-09-07T12:03:37.314325+00:00,0,0.0,0.38,0.62,1.0,market_object,PASS,
2026-09-07T12:03:37.314325+00:00,2026,1,2026_01_WAS_PHI,WAS@PHI,2026-09-13T20:25:00+00:00,KXNFLREC-26SEP13WASPHI-WASSDIGGS3-4,KXNFLREC-26SEP13WASPHI,KXNFLREC,receptions,football_player,Stefon Diggs: 4+ receptions,FIRST_OBSERVED,2026-09-07T12:03:37.314325+00:00,2026-09-07T12:03:37.314325+00:00,0,0.54,0.57,0.43000000000000005,0.45999999999999996,market_object,PASS,
2026-09-07T12:03:37.314325+00:00,2026,1,2026_01_WAS_PHI,WAS@PHI,2026-09-13T20:25:00+00:00,KXNFLREC-26SEP13WASPHI-WASSDIGGS3-3,KXNFLREC-26SEP13WASPHI,KXNFLREC,receptions,football_player,Stefon Diggs: 3+ receptions,FIRST_OBSERVED,2026-09-07T12:03:37.314325+00:00,2026-09-07T12:03:37.314325+00:00,0,0.42,0.77,0.22999999999999998,0.5800000000000001,market_object,PASS,
2026-09-07T12:03:37.314325+00:00,2026,1,2026_01_WAS_PHI,WAS@PHI,2026-09-13T20:25:00+00:00,KXNFLREC-26SEP13WASPHI-WASSDIGGS3-2,KXNFLREC-26SEP13WASPHI,KXNFLREC,receptions,football_player,Stefon Diggs: 2+ receptions,FIRST_OBSERVED,2026-09-07T12:03:37.314325+00:00,2026-09-07T12:03:37.314325+00:00,0,0.42,0.93,0.06999999999999995,0.5800000000000001,market_object,PASS,
2026-09-07T12:03:37.314325+00:00,2026,1,2026_01_WAS_PHI,WAS@PHI,2026-09-13T20:25:00+00:00,KXNFLREC-26SEP13WASPHI-PHISBARKLEY26-7,KXNFLREC-26SEP13WASPHI,KXNFLREC,receptions,football_player,Saquon Barkley: 7+ receptions,FIRST_OBSERVED,2026-09-07T12:03:37.314325+00:00,2026-09-07T12:03:37.314325+00:00,0,0.0,0.05,0.95,1.0,market_object,PASS,
2026-09-07T12:03:37.314325+00:00,2026,1,2026_01_WAS_PHI,WAS@PHI,2026-09-13T20:25:00+00:00,KXNFLREC-26SEP13WASPHI-PHISBARKLEY26-6,KXNFLREC-26SEP13WASPHI,KXNFLREC,receptions,football_player,Saquon Barkley: 6+ receptions,FIRST_OBSERVED,2026-09-07T12:03:37.314325+00:00,2026-09-07T12:03:37.314325+00:00,0,0.0,0.08,0.92,1.0,market_object,PASS,
2026-09-07T12:03:37.314325+00:00,2026,1,2026_01_WAS_PHI,WAS@PHI,2026-09-13T20:25:00+00:00,KXNFLREC-26SEP13WASPHI-PHISBARKLEY26-5,KXNFLREC-26SEP13WASPHI,KXNFLREC,receptions,football_player,Saquon Barkley: 5+ receptions,FIRST_OBSERVED,2026-09-07T12:03:37.314325+00:00,2026-09-07T12:03:37.314325+00:00,0,0.0,0.15,0.85,1.0,market_object,PASS,
2026-09-07T12:03:37.314325+00:00,2026,1,2026_01_WAS_PHI,WAS@PHI,2026-09-13T20:25:00+00:00,KXNFLREC-26SEP13WASPHI-PHISBARKLEY26-4,KXNFLREC-26SEP13WASPHI,KXNFLREC,receptions,football_player,Saquon Barkley: 4+ receptions,FIRST_OBSERVED,2026-09-07T12:03:37.314325+00:00,2026-09-07T12:03:37.314325+00:00,0,0.0,0.28,0.72,1.0,market_object,PASS,
2026-09-07T12:03:37.314325+00:00,2026,1,2026_01_WAS_PHI,WAS@PHI,2026-09-13T20:25:00+00:00,KXNFLREC-26SEP13WASPHI-PHISBARKLEY26-3,KXNFLREC-26SEP13WASPHI,KXNFLREC,receptions,football_player,Saquon Barkley: 3+ receptions,FIRST_OBSERVED,2026-09-07T12:03:37.314325+00:00,2026-09-07T12:03:37.314325+00:00,0,0.44,0.47,0.53,0.56,market_object,PASS,
2026-09-07T12:03:37.314325+00:00,2026,1,2026_01_WAS_PHI,WAS@PHI,2026-09-13T20:25:00+00:00,KXNFLREC-26SEP13WASPHI-PHISBARKLEY26-2,KXNFLREC-26SEP13WASPHI,KXNFLREC,receptions,football_player,Saquon Barkley: 2+ receptions,FIRST_OBSERVED,2026-09-07T12:03:37.314325+00:00,2026-09-07T12:03:37.314325+00:00,0,0.32,0.74,0.26,0.6799999999999999,market_object,PASS,
2026-09-07T12:03:37.314325+00:00,2026,1,2026_01_WAS_PHI,WAS@PHI,2026-09-13T20:25:00+00:00,KXNFLREC-26SEP13WASPHI-PHIDSMITH6-9,KXNFLREC-26SEP13WASPHI,KXNFLREC,receptions,football_player,DeVonta Smith: 9+ receptions,FIRST_OBSERVED,2026-09-07T12:03:37.314325+00:00,2026-09-07T12:03:37.314325+00:00,0,0.0,0.13,0.87,1.0,market_object,PASS,
2026-09-07T12:03:37.314325+00:00,2026,1,2026_01_WAS_PHI,WAS@PHI,2026-09-13T20:25:00+00:00,KXNFLREC-26SEP13WASPHI-PHIDSMITH6-8,KXNFLREC-26SEP13WASPHI,KXNFLREC,receptions,football_player,DeVonta Smith: 8+ receptions,FIRST_OBSERVED,2026-09-07T12:03:37.314325+00:00,2026-09-07T12:03:37.314325+00:00,0,0.0,0.2,0.8,1.0,market_object,PASS,
2026-09-07T12:03:37.314325+00:00,2026,1,2026_01_WAS_PHI,WAS@PHI,2026-09-13T20:25:00+00:00,KXNFLREC-26SEP13WASPHI-PHIDSMITH6-7,KXNFLREC-26SEP13WASPHI,KXNFLREC,receptions,football_player,DeVonta Smith: 7+ receptions,FIRST_OBSERVED,2026-09-07T12:03:37.314325+00:00,2026-09-07T12:03:37.314325+00:00,0,0.0,0.32,0.6799999999999999,1.0,market_object,PASS,
2026-09-07T12:03:37.314325+00:00,2026,1,2026_01_WAS_PHI,WAS@PHI,2026-09-13T20:25:00+00:00,KXNFLREC-26SEP13WASPHI-PHIDSMITH6-6,KXNFLREC-26SEP13WASPHI,KXNFLREC,receptions,football_player,DeVonta Smith: 6+ receptions,FIRST_OBSERVED,2026-09-07T12:03:37.314325+00:00,2026-09-07T12:03:37.314325+00:00,0,0.43,0.45,0.55,0.5700000000000001,market_object,PASS,
2026-09-07T12:03:37.314325+00:00,2026,1,2026_01_WAS_PHI,WAS@PHI,2026-09-13T20:25:00+00:00,KXNFLREC-26SEP13WASPHI-PHIDSMITH6-5,KXNFLREC-26SEP13WASPHI,KXNFLREC,receptions,football_player,DeVonta Smith: 5+ receptions,FIRST_OBSERVED,2026-09-07T12:03:37.314325+00:00,2026-09-07T12:03:37.314325+00:00,0,0.31,0.64,0.36,0.69,market_object,PASS,
2026-09-07T12:03:37.314325+00:00,2026,1,2026_01_WAS_PHI,WAS@PHI,2026-09-13T20:25:00+00:00,KXNFLREC-26SEP13WASPHI-PHIDSMITH6-4,KXNFLREC-26SEP13WASPHI,KXNFLREC,receptions,football_player,DeVonta Smith: 4+ receptions,FIRST_OBSERVED,2026-09-07T12:03:37.314325+00:00,2026-09-07T12:03:37.314325+00:00,0,0.31,0.8,0.19999999999999996,0.69,market_object,PASS,
2026-09-07T12:03:37.314325+00:00,2026,1,2026_01_WAS_PHI,WAS@PHI,2026-09-13T20:25:00+00:00,KXNFLREC-26SEP13WASPHI-PHIDSMITH6-3,KXNFLREC-26SEP13WASPHI,KXNFLREC,receptions,football_player,DeVonta Smith: 3+ receptions,FIRST_OBSERVED,2026-09-07T12:03:37.314325+00:00,2026-09-07T12:03:37.314325+00:00,0,0.31,0.92,0.07999999999999996,0.69,market_object,PASS,
2026-09-07T12:03:37.314325+00:00,2026,1,2026_01_WAS_PHI,WAS@PHI,2026-09-13T20:25:00+00:00,KXNFLREC-26SEP13WASPHI-PHIDSMITH6-12,KXNFLREC-26SEP13WASPHI,KXNFLREC,receptions,football_player,DeVonta Smith: 12+ receptions,FIRST_OBSERVED,2026-09-07T12:03:37.314325+00:00,2026-09-07T12:03:37.314325+00:00,0,0.0,0.04,0.96,1.0,market_object,PASS,
2026-09-07T12:03:37.314325+00:00,2026,1,2026_01_WAS_PHI,WAS@PHI,2026-09-13T20:25:00+00:00,KXNFLREC-26SEP13WASPHI-PHIDSMITH6-11,KXNFLREC-26SEP13WASPHI,KXNFLREC,receptions,football_player,DeVonta Smith: 11+ receptions,FIRST_OBSERVED,2026-09-07T12:03:37.314325+00:00,2026-09-07T12:03:37.314325+00:00,0,0.0,0.06,0.94,1.0,market_object,PASS,
2026-09-07T12:03:37.314325+00:00,2026,1,2026_01_WAS_PHI,WAS@PHI,2026-09-13T20:25:00+00:00,KXNFLREC-26SEP13WASPHI-PHIDSMITH6-10,KXNFLREC-26SEP13WASPHI,KXNFLREC,receptions,football_player,DeVonta Smith: 10+ receptions,FIRST_OBSERVED,2026-09-07T12:03:37.314325+00:00,2026-09-07T12:03:37.314325+00:00,0,0.0,0.09,0.91,1.0,market_object,PASS,
2026-09-07T12:03:37.314325+00:00,2026,1,2026_01_WAS_PHI,WAS@PHI,2026-09-13T20:25:00+00:00,KXNFLREC-26SEP13WASPHI-PHIDGOEDERT88-9,KXNFLREC-26SEP13WASPHI,KXNFLREC,receptions,football_player,Dallas Goedert: 9+ receptions,FIRST_OBSERVED,2026-09-07T12:03:37.314325+00:00,2026-09-07T12:03:37.314325+00:00,0,0.0,0.04,0.96,1.0,market_object,PASS,
2026-09-07T12:03:37.314325+00:00,2026,1,2026_01_WAS_PHI,WAS@PHI,2026-09-13T20:25:00+00:00,KXNFLREC-26SEP13WASPHI-PHIDGOEDERT88-8,KXNFLREC-26SEP13WASPHI,KXNFLREC,receptions,football_player,Dallas Goedert: 8+ receptions,FIRST_OBSERVED,2026-09-07T12:03:37.314325+00:00,2026-09-07T12:03:37.314325+00:00,0,0.0,0.06,0.94,1.0,market_object,PASS,
2026-09-07T12:03:37.314325+00:00,2026,1,2026_01_WAS_PHI,WAS@PHI,2026-09-13T20:25:00+00:00,KXNFLREC-26SEP13WASPHI-PHIDGOEDERT88-7,KXNFLREC-26SEP13WASPHI,KXNFLREC,receptions,football_player,Dallas Goedert: 7+ receptions,FIRST_OBSERVED,2026-09-07T12:03:37.314325+00:00,2026-09-07T12:03:37.314325+00:00,0,0.0,0.1,0.9,1.0,market_object,PASS,
2026-09-07T12:03:37.314325+00:00,2026,1,2026_01_WAS_PHI,WAS@PHI,2026-09-13T20:25:00+00:00,KXNFLREC-26SEP13WASPHI-PHIDGOEDERT88-6,KXNFLREC-26SEP13WASPHI,KXNFLREC,receptions,football_player,Dallas Goedert: 6+ receptions,FIRST_OBSERVED,2026-09-07T12:03:37.314325+00:00,2026-09-07T12:03:37.314325+00:00,0,0.0,0.17,0.83,1.0,market_object,PASS,
2026-09-07T12:03:37.314325+00:00,2026,1,2026_01_WAS_PHI,WAS@PHI,2026-09-13T20:25:00+00:00,KXNFLREC-26SEP13WASPHI-PHIDGOEDERT88-5,KXNFLREC-26SEP13WASPHI,KXNFLREC,receptions,football_player,Dallas Goedert: 5+ receptions,FIRST_OBSERVED,2026-09-07T12:03:37.314325+00:00,2026-09-07T12:03:37.314325+00:00,0,0.0,0.3,0.7,1.0,market_object,PASS,
2026-09-07T12:03:37.314325+00:00,2026,1,2026_01_WAS_PHI,WAS@PHI,2026-09-13T20:25:00+00:00,KXNFLREC-26SEP13WASPHI-PHIDGOEDERT88-4,KXNFLREC-26SEP13WASPHI,KXNFLREC,receptions,football_player,Dallas Goedert: 4+ receptions,FIRST_OBSERVED,2026-09-07T12:03:37.314325+00:00,2026-09-07T12:03:37.314325+00:00,0,0.44,0.47,0.53,0.56,market_object,PASS,
2026-09-07T12:03:37.314325+00:00,2026,1,2026_01_WAS_PHI,WAS@PHI,2026-09-13T20:25:00+00:00,KXNFLREC-26SEP13WASPHI-PHIDGOEDERT88-3,KXNFLREC-26SEP13WASPHI,KXNFLREC,receptions,football_player,Dallas Goedert: 3+ receptions,FIRST_OBSERVED,2026-09-07T12:03:37.314325+00:00,2026-09-07T12:03:37.314325+00:00,0,0.32,0.7,0.30000000000000004,0.6799999999999999,market_object,PASS,
2026-09-07T12:03:37.314325+00:00,2026,1,2026_01_WAS_PHI,WAS@PHI,2026-09-13T20:25:00+00:00,KXNFLREC-26SEP13WASPHI-PHIDGOEDERT88-2,KXNFLREC-26SEP13WASPHI,KXNFLREC,receptions,football_player,Dallas Goedert: 2+ receptions,FIRST_OBSERVED,2026-09-07T12:03:37.314325+00:00,2026-09-07T12:03:37.314325+00:00,0,0.32,0.88,0.12,0.6799999999999999,market_object,PASS,
2026-09-07T12:03:37.314325+00:00,2026,1,2026_01_MIA_LV,MIA@LV,2026-09-13T20:25:00+00:00,KXNFLREC-26SEP13MIALV-MIADACHANE28-9,KXNFLREC-26SEP13MIALV,KXNFLREC,receptions,football_player,De'Von Achane: 9+ receptions,FIRST_OBSERVED,2026-09-07T12:03:37.314325+00:00,2026-09-07T12:03:37.314325+00:00,0,0.0,0.07,0.9299999999999999,1.0,market_object,PASS,
2026-09-07T12:03:37.314325+00:00,2026,1,2026_01_MIA_LV,MIA@LV,2026-09-13T20:25:00+00:00,KXNFLREC-26SEP13MIALV-MIADACHANE28-8,KXNFLREC-26SEP13MIALV,KXNFLREC,receptions,football_player,De'Von Achane: 8+ receptions,FIRST_OBSERVED,2026-09-07T12:03:37.314325+00:00,2026-09-07T12:03:37.314325+00:00,0,0.0,0.11,0.89,1.0,market_object,PASS,
2026-09-07T12:03:37.314325+00:00,2026,1,2026_01_MIA_LV,MIA@LV,2026-09-13T20:25:00+00:00,KXNFLREC-26SEP13MIALV-MIADACHANE28-7,KXNFLREC-26SEP13MIALV,KXNFLREC,receptions,football_player,De'Von Achane: 7+ receptions,FIRST_OBSERVED,2026-09-07T12:03:37.314325+00:00,2026-09-07T12:03:37.314325+00:00,0,0.0,0.19,0.81,1.0,market_object,PASS,
2026-09-07T12:03:37.314325+00:00,2026,1,2026_01_MIA_LV,MIA@LV,2026-09-13T20:25:00+00:00,KXNFLREC-26SEP13MIALV-MIADACHANE28-6,KXNFLREC-26SEP13MIALV,KXNFLREC,receptions,football_player,De'Von Achane: 6+ receptions,FIRST_OBSERVED,2026-09-07T12:03:37.314325+00:00,2026-09-07T12:03:37.314325+00:00,0,0.0,0.3,0.7,1.0,market_object,PASS,
2026-09-07T12:03:37.314325+00:00,2026,1,2026_01_MIA_LV,MIA@LV,2026-09-13T20:25:00+00:00,KXNFLREC-26SEP13MIALV-MIADACHANE28-5,KXNFLREC-26SEP13MIALV,KXNFLREC,receptions,football_player,De'Von Achane: 5+ receptions,FIRST_OBSERVED,2026-09-07T12:03:37.314325+00:00,2026-09-07T12:03:37.314325+00:00,0,0.42,0.45,0.55,0.5800000000000001,market_object,PASS,
2026-09-07T12:03:37.314325+00:00,2026,1,2026_01_MIA_LV,MIA@LV,2026-09-13T20:25:00+00:00,KXNFLREC-26SEP13MIALV-MIADACHANE28-4,KXNFLREC-26SEP13MIALV,KXNFLREC,receptions,football_player,De'Von Achane: 4+ receptions,FIRST_OBSERVED,2026-09-07T12:03:37.314325+00:00,2026-09-07T12:03:37.314325+00:00,0,0.3,0.64,0.36,0.7,market_object,PASS,
2026-09-07T12:03:37.314325+00:00,2026,1,2026_01_MIA_LV,MIA@LV,2026-09-13T20:25:00+00:00,KXNFLREC-26SEP13MIALV-MIADACHANE28-3,KXNFLREC-26SEP13MIALV,KXNFLREC,receptions,football_player,De'Von Achane: 3+ receptions,FIRST_OBSERVED,2026-09-07T12:03:37.314325+00:00,2026-09-07T12:03:37.314325+00:00,0,0.3,0.82,0.18000000000000005,0.7,market_object,PASS,
2026-09-07T12:03:37.314325+00:00,2026,1,2026_01_MIA_LV,MIA@LV,2026-09-13T20:25:00+00:00,KXNFLREC-26SEP13MIALV-MIADACHANE28-2,KXNFLREC-26SEP13MIALV,KXNFLREC,receptions,football_player,De'Von Achane: 2+ receptions,FIRST_OBSERVED,2026-09-07T12:03:37.314325+00:00,2026-09-07T12:03:37.314325+00:00,0,0.3,0.95,0.050000000000000044,0.7,market_object,PASS,
2026-09-07T12:03:37.314325+00:00,2026,1,2026_01_MIA_LV,MIA@LV,2026-09-13T20:25:00+00:00,KXNFLREC-26SEP13MIALV-MIADACHANE28-10,KXNFLREC-26SEP13MIALV,KXNFLREC,receptions,football_player,De'Von Achane: 10+ receptions,FIRST_OBSERVED,2026-09-07T12:03:37.314325+00:00,2026-09-07T12:03:37.314325+00:00,0,0.0,0.04,0.96,1.0,market_object,PASS,
2026-09-07T12:03:37.314325+00:00,2026,1,2026_01_MIA_LV,MIA@LV,2026-09-13T20:25:00+00:00,KXNFLREC-26SEP13MIALV-LVBBOWERS89-9,KXNFLREC-26SEP13MIALV,KXNFLREC,receptions,football_player,Brock Bowers: 9+ receptions,FIRST_OBSERVED,2026-09-07T12:03:37.314325+00:00,2026-09-07T12:03:37.314325+00:00,0,0.0,0.18,0.8200000000000001,1.0,market_object,PASS,
2026-09-07T12:03:37.314325+00:00,2026,1,2026_01_MIA_LV,MIA@LV,2026-09-13T20:25:00+00:00,KXNFLREC-26SEP13MIALV-LVBBOWERS89-8,KXNFLREC-26SEP13MIALV,KXNFLREC,receptions,football_player,Brock Bowers: 8+ receptions,FIRST_OBSERVED,2026-09-07T12:03:37.314325+00:00,2026-09-07T12:03:37.314325+00:00,0,0.0,0.28,0.72,1.0,market_object,PASS,
2026-09-07T12:03:37.314325+00:00,2026,1,2026_01_MIA_LV,MIA@LV,2026-09-13T20:25:00+00:00,KXNFLREC-26SEP13MIALV-LVBBOWERS89-7,KXNFLREC-26SEP13MIALV,KXNFLREC,receptions,football_player,Brock Bowers: 7+ receptions,FIRST_OBSERVED,2026-09-07T12:03:37.314325+00:00,2026-09-07T12:03:37.314325+00:00,0,0.0,0.41,0.5900000000000001,1.0,market_object,PASS,
2026-09-07T12:03:37.314325+00:00,2026,1,2026_01_MIA_LV,MIA@LV,2026-09-13T20:25:00+00:00,KXNFLREC-26SEP13MIALV-LVBBOWERS89-6,KXNFLREC-26SEP13MIALV,KXNFLREC,receptions,football_player,Brock Bowers: 6+ receptions,FIRST_OBSERVED,2026-09-07T12:03:37.314325+00:00,2026-09-07T12:03:37.314325+00:00,0,0.53,0.56,0.43999999999999995,0.47,market_object,PASS,
2026-09-07T12:03:37.314325+00:00,2026,1,2026_01_MIA_LV,MIA@LV,2026-09-13T20:25:00+00:00,KXNFLREC-26SEP13MIALV-LVBBOWERS89-5,KXNFLREC-26SEP13MIALV,KXNFLREC,receptions,football_player,Brock Bowers: 5+ receptions,FIRST_OBSERVED,2026-09-07T12:03:37.314325+00:00,2026-09-07T12:03:37.314325+00:00,0,0.41,0.72,0.28,0.5900000000000001,market_object,PASS,
2026-09-07T12:03:37.314325+00:00,2026,1,2026_01_MIA_LV,MIA@LV,2026-09-13T20:25:00+00:00,KXNFLREC-26SEP13MIALV-LVBBOWERS89-4,KXNFLREC-26SEP13MIALV,KXNFLREC,receptions,football_player,Brock Bowers: 4+ receptions,FIRST_OBSERVED,2026-09-07T12:03:37.314325+00:00,2026-09-07T12:03:37.314325+00:00,0,0.41,0.86,0.14,0.5900000000000001,market_object,PASS,
2026-09-07T12:03:37.314325+00:00,2026,1,2026_01_MIA_LV,MIA@LV,2026-09-13T20:25:00+00:00,KXNFLREC-26SEP13MIALV-LVBBOWERS89-3,KXNFLREC-26SEP13MIALV,KXNFLREC,receptions,football_player,Brock Bowers: 3+ receptions,FIRST_OBSERVED,2026-09-07T12:03:37.314325+00:00,2026-09-07T12:03:37.314325+00:00,0,0.41,0.96,0.040000000000000036,0.5900000000000001,market_object,PASS,
2026-09-07T12:03:37.314325+00:00,2026,1,2026_01_MIA_LV,MIA@LV,2026-09-13T20:25:00+00:00,KXNFLREC-26SEP13MIALV-LVBBOWERS89-12,KXNFLREC-26SEP13MIALV,KXNFLREC,receptions,football_player,Brock Bowers: 12+ receptions,FIRST_OBSERVED,2026-09-07T12:03:37.314325+00:00,2026-09-07T12:03:37.314325+00:00,0,0.0,0.05,0.95,1.0,market_object,PASS,
2026-09-07T12:03:37.314325+00:00,2026,1,2026_01_MIA_LV,MIA@LV,2026-09-13T20:25:00+00:00,KXNFLREC-26SEP13MIALV-LVBBOWERS89-11,KXNFLREC-26SEP13MIALV,KXNFLREC,receptions,football_player,Brock Bowers: 11+ receptions,FIRST_OBSERVED,2026-09-07T12:03:37.314325+00:00,2026-09-07T12:03:37.314325+00:00,0,0.0,0.07,0.9299999999999999,1.0,market_object,PASS,
2026-09-07T12:03:37.314325+00:00,2026,1,2026_01_MIA_LV,MIA@LV,2026-09-13T20:25:00+00:00,KXNFLREC-26SEP13MIALV-LVBBOWERS89-10,KXNFLREC-26SEP13MIALV,KXNFLREC,receptions,football_player,Brock Bowers: 10+ receptions,FIRST_OBSERVED,2026-09-07T12:03:37.314325+00:00,2026-09-07T12:03:37.314325+00:00,0,0.0,0.12,0.88,1.0,market_object,PASS,
2026-09-07T12:03:37.314325+00:00,2026,1,2026_01_GB_MIN,GB@MIN,2026-09-13T20:25:00+00:00,KXNFLREC-26SEP13GBMIN-MINTHOCKENSON87-9,KXNFLREC-26SEP13GBMIN,KXNFLREC,receptions,football_player,T.J. Hockenson: 9+ receptions,FIRST_OBSERVED,2026-09-07T12:03:37.314325+00:00,2026-09-07T12:03:37.314325+00:00,0,0.0,0.03,0.97,1.0,market_object,PASS,
2026-09-07T12:03:37.314325+00:00,2026,1,2026_01_GB_MIN,GB@MIN,2026-09-13T20:25:00+00:00,KXNFLREC-26SEP13GBMIN-MINTHOCKENSON87-8,KXNFLREC-26SEP13GBMIN,KXNFLREC,receptions,football_player,T.J. Hockenson: 8+ receptions,FIRST_OBSERVED,2026-09-07T12:03:37.314325+00:00,2026-09-07T12:03:37.314325+00:00,0,0.0,0.07,0.9299999999999999,1.0,market_object,PASS,
2026-09-07T12:03:37.314325+00:00,2026,1,2026_01_GB_MIN,GB@MIN,2026-09-13T20:25:00+00:00,KXNFLREC-26SEP13GBMIN-MINTHOCKENSON87-7,KXNFLREC-26SEP13GBMIN,KXNFLREC,receptions,football_player,T.J. Hockenson: 7+ receptions,FIRST_OBSERVED,2026-09-07T12:03:37.314325+00:00,2026-09-07T12:03:37.314325+00:00,0,0.0,0.11,0.89,1.0,market_object,PASS,
2026-09-07T12:03:37.314325+00:00,2026,1,2026_01_GB_MIN,GB@MIN,2026-09-13T20:25:00+00:00,KXNFLREC-26SEP13GBMIN-MINTHOCKENSON87-6,KXNFLREC-26SEP13GBMIN,KXNFLREC,receptions,football_player,T.J. Hockenson: 6+ receptions,FIRST_OBSERVED,2026-09-07T12:03:37.314325+00:00,2026-09-07T12:03:37.314325+00:00,0,0.0,0.2,0.8,1.0,market_object,PASS,
2026-09-07T12:03:37.314325+00:00,2026,1,2026_01_GB_MIN,GB@MIN,2026-09-13T20:25:00+00:00,KXNFLREC-26SEP13GBMIN-MINTHOCKENSON87-5,KXNFLREC-26SEP13GBMIN,KXNFLREC,receptions,football_player,T.J. Hockenson: 5+ receptions,FIRST_OBSERVED,2026-09-07T12:03:37.314325+00:00,2026-09-07T12:03:37.314325+00:00,0,0.0,0.33,0.6699999999999999,1.0,market_object,PASS,
2026-09-07T12:03:37.314325+00:00,2026,1,2026_01_GB_MIN,GB@MIN,2026-09-13T20:25:00+00:00,KXNFLREC-26SEP13GBMIN-MINTHOCKENSON87-4,KXNFLREC-26SEP13GBMIN,KXNFLREC,receptions,football_player,T.J. Hockenson: 4+ receptions,FIRST_OBSERVED,2026-09-07T12:03:37.314325+00:00,2026-09-07T12:03:37.314325+00:00,0,0.47,0.5,0.5,0.53,market_object,PASS,
2026-09-07T12:03:37.314325+00:00,2026,1,2026_01_GB_MIN,GB@MIN,2026-09-13T20:25:00+00:00,KXNFLREC-26SEP13GBMIN-MINTHOCKENSON87-3,KXNFLREC-26SEP13GBMIN,KXNFLREC,receptions,football_player,T.J. Hockenson: 3+ receptions,FIRST_OBSERVED,2026-09-07T12:03:37.314325+00:00,2026-09-07T12:03:37.314325+00:00,0,0.35,0.71,0.29000000000000004,0.65,market_object,PASS,
2026-09-07T12:03:37.314325+00:00,2026,1,2026_01_GB_MIN,GB@MIN,2026-09-13T20:25:00+00:00,KXNFLREC-26SEP13GBMIN-MINTHOCKENSON87-2,KXNFLREC-26SEP13GBMIN,KXNFLREC,receptions,football_player,T.J. Hockenson: 2+ receptions,FIRST_OBSERVED,2026-09-07T12:03:37.314325+00:00,2026-09-07T12:03:37.314325+00:00,0,0.35,0.89,0.10999999999999999,0.65,market_object,PASS,
2026-09-07T12:03:37.314325+00:00,2026,1,2026_01_GB_MIN,GB@MIN,2026-09-13T20:25:00+00:00,KXNFLREC-26SEP13GBMIN-MINJJENNINGS14-6,KXNFLREC-26SEP13GBMIN,KXNFLREC,receptions,football_player,Jauan Jennings: 6+ receptions,FIRST_OBSERVED,2026-09-07T12:03:37.314325+00:00,2026-09-07T12:03:37.314325+00:00,0,0.0,0.07,0.9299999999999999,1.0,market_object,PASS,
2026-09-07T12:03:37.314325+00:00,2026,1,2026_01_GB_MIN,GB@MIN,2026-09-13T20:25:00+00:00,KXNFLREC-26SEP13GBMIN-MINJJENNINGS14-5,KXNFLREC-26SEP13GBMIN,KXNFLREC,receptions,football_player,Jauan Jennings: 5+ receptions,FIRST_OBSERVED,2026-09-07T12:03:37.314325+00:00,2026-09-07T12:03:37.314325+00:00,0,0.0,0.13,0.87,1.0,market_object,PASS,
2026-09-07T12:03:37.314325+00:00,2026,1,2026_01_GB_MIN,GB@MIN,2026-09-13T20:25:00+00:00,KXNFLREC-26SEP13GBMIN-MINJJENNINGS14-4,KXNFLREC-26SEP13GBMIN,KXNFLREC,receptions,football_player,Jauan Jennings: 4+ receptions,FIRST_OBSERVED,2026-09-07T12:03:37.314325+00:00,2026-09-07T12:03:37.314325+00:00,0,0.0,0.24,0.76,1.0,market_object,PASS,
2026-09-07T12:03:37.314325+00:00,2026,1,2026_01_GB_MIN,GB@MIN,2026-09-13T20:25:00+00:00,KXNFLREC-26SEP13GBMIN-MINJJENNINGS14-3,KXNFLREC-26SEP13GBMIN,KXNFLREC,receptions,football_player,Jauan Jennings: 3+ receptions,FIRST_OBSERVED,2026-09-07T12:03:37.314325+00:00,2026-09-07T12:03:37.314325+00:00,0,0.4,0.42,0.5800000000000001,0.6,market_object,PASS,
2026-09-07T12:03:37.314325+00:00,2026,1,2026_01_GB_MIN,GB@MIN,2026-09-13T20:25:00+00:00,KXNFLREC-26SEP13GBMIN-MINJJENNINGS14-2,KXNFLREC-26SEP13GBMIN,KXNFLREC,receptions,football_player,Jauan Jennings: 2+ receptions,FIRST_OBSERVED,2026-09-07T12:03:37.314325+00:00,2026-09-07T12:03:37.314325+00:00,0,0.28,0.68,0.31999999999999995,0.72,market_object,PASS,
2026-09-07T12:03:37.314325+00:00,2026,1,2026_01_GB_MIN,GB@MIN,2026-09-13T20:25:00+00:00,KXNFLREC-26SEP13GBMIN-MINJJEFFERSON18-9,KXNFLREC-26SEP13GBMIN,KXNFLREC,receptions,football_player,Justin Jefferson: 9+ receptions,FIRST_OBSERVED,2026-09-07T12:03:37.314325+00:00,2026-09-07T12:03:37.314325+00:00,0,0.0,0.19,0.81,1.0,market_object,PASS,
2026-09-07T12:03:37.314325+00:00,2026,1,2026_01_GB_MIN,GB@MIN,2026-09-13T20:25:00+00:00,KXNFLREC-26SEP13GBMIN-MINJJEFFERSON18-8,KXNFLREC-26SEP13GBMIN,KXNFLREC,receptions,football_player,Justin Jefferson: 8+ receptions,FIRST_OBSERVED,2026-09-07T12:03:37.314325+00:00,2026-09-07T12:03:37.314325+00:00,0,0.0,0.3,0.7,1.0,market_object,PASS,
2026-09-07T12:03:37.314325+00:00,2026,1,2026_01_GB_MIN,GB@MIN,2026-09-13T20:25:00+00:00,KXNFLREC-26SEP13GBMIN-MINJJEFFERSON18-7,KXNFLREC-26SEP13GBMIN,KXNFLREC,receptions,football_player,Justin Jefferson: 7+ receptions,FIRST_OBSERVED,2026-09-07T12:03:37.314325+00:00,2026-09-07T12:03:37.314325+00:00,0,0.0,0.42,0.5800000000000001,1.0,market_object,PASS,
2026-09-07T12:03:37.314325+00:00,2026,1,2026_01_GB_MIN,GB@MIN,2026-09-13T20:25:00+00:00,KXNFLREC-26SEP13GBMIN-MINJJEFFERSON18-6,KXNFLREC-26SEP13GBMIN,KXNFLREC,receptions,football_player,Justin Jefferson: 6+ receptions,FIRST_OBSERVED,2026-09-07T12:03:37.314325+00:00,2026-09-07T12:03:37.314325+00:00,0,0.54,0.56,0.43999999999999995,0.45999999999999996,market_object,PASS,
2026-09-07T12:03:37.314325+00:00,2026,1,2026_01_GB_MIN,GB@MIN,2026-09-13T20:25:00+00:00,KXNFLREC-26SEP13GBMIN-MINJJEFFERSON18-5,KXNFLREC-26SEP13GBMIN,KXNFLREC,receptions,football_player,Justin Jefferson: 5+ receptions,FIRST_OBSERVED,2026-09-07T12:03:37.314325+00:00,2026-09-07T12:03:37.314325+00:00,0,0.42,0.73,0.27,0.5800000000000001,market_object,PASS,
2026-09-07T12:03:37.314325+00:00,2026,1,2026_01_GB_MIN,GB@MIN,2026-09-13T20:25:00+00:00,KXNFLREC-26SEP13GBMIN-MINJJEFFERSON18-4,KXNFLREC-26SEP13GBMIN,KXNFLREC,receptions,football_player,Justin Jefferson: 4+ receptions,FIRST_OBSERVED,2026-09-07T12:03:37.314325+00:00,2026-09-07T12:03:37.314325+00:00,0,0.42,0.85,0.15000000000000002,0.5800000000000001,market_object,PASS,
2026-09-07T12:03:37.314325+00:00,2026,1,2026_01_GB_MIN,GB@MIN,2026-09-13T20:25:00+00:00,KXNFLREC-26SEP13GBMIN-MINJJEFFERSON18-3,KXNFLREC-26SEP13GBMIN,KXNFLREC,receptions,football_player,Justin Jefferson: 3+ receptions,FIRST_OBSERVED,2026-09-07T12:03:37.314325+00:00,2026-09-07T12:03:37.314325+00:00,0,0.42,0.97,0.030000000000000027,0.5800000000000001,market_object,PASS,
2026-09-07T12:03:37.314325+00:00,2026,1,2026_01_GB_MIN,GB@MIN,2026-09-13T20:25:00+00:00,KXNFLREC-26SEP13GBMIN-MINJJEFFERSON18-12,KXNFLREC-26SEP13GBMIN,KXNFLREC,receptions,football_player,Justin Jefferson: 12+ receptions,FIRST_OBSERVED,2026-09-07T12:03:37.314325+00:00,2026-09-07T12:03:37.314325+00:00,0,0.0,0.07,0.9299999999999999,1.0,market_object,PASS,
2026-09-07T12:03:37.314325+00:00,2026,1,2026_01_GB_MIN,GB@MIN,2026-09-13T20:25:00+00:00,KXNFLREC-26SEP13GBMIN-MINJJEFFERSON18-11,KXNFLREC-26SEP13GBMIN,KXNFLREC,receptions,football_player,Justin Jefferson: 11+ receptions,FIRST_OBSERVED,2026-09-07T12:03:37.314325+00:00,2026-09-07T12:03:37.314325+00:00,0,0.0,0.09,0.91,1.0,market_object,PASS,
2026-09-07T12:03:37.314325+00:00,2026,1,2026_01_GB_MIN,GB@MIN,2026-09-13T20:25:00+00:00,KXNFLREC-26SEP13GBMIN-MINJJEFFERSON18-10,KXNFLREC-26SEP13GBMIN,KXNFLREC,receptions,football_player,Justin Jefferson: 10+ receptions,FIRST_OBSERVED,2026-09-07T12:03:37.314325+00:00,2026-09-07T12:03:37.314325+00:00,0,0.0,0.13,0.87,1.0,market_object,PASS,
2026-09-07T12:03:37.314325+00:00,2026,1,2026_01_GB_MIN,GB@MIN,2026-09-13T20:25:00+00:00,KXNFLREC-26SEP13GBMIN-MINJADDISON3-9,KXNFLREC-26SEP13GBMIN,KXNFLREC,receptions,football_player,Jordan Addison: 9+ receptions,FIRST_OBSERVED,2026-09-07T12:03:37.314325+00:00,2026-09-07T12:03:37.314325+00:00,0,0.0,0.04,0.96,1.0,market_object,PASS,
2026-09-07T12:03:37.314325+00:00,2026,1,2026_01_GB_MIN,GB@MIN,2026-09-13T20:25:00+00:00,KXNFLREC-26SEP13GBMIN-MINJADDISON3-8,KXNFLREC-26SEP13GBMIN,KXNFLREC,receptions,football_player,Jordan Addison: 8+ receptions,FIRST_OBSERVED,2026-09-07T12:03:37.314325+00:00,2026-09-07T12:03:37.314325+00:00,0,0.0,0.06,0.94,1.0,market_object,PASS,
2026-09-07T12:03:37.314325+00:00,2026,1,2026_01_GB_MIN,GB@MIN,2026-09-13T20:25:00+00:00,KXNFLREC-26SEP13GBMIN-MINJADDISON3-7,KXNFLREC-26SEP13GBMIN,KXNFLREC,receptions,football_player,Jordan Addison: 7+ receptions,FIRST_OBSERVED,2026-09-07T12:03:37.314325+00:00,2026-09-07T12:03:37.314325+00:00,0,0.0,0.1,0.9,1.0,market_object,PASS,
2026-09-07T12:03:37.314325+00:00,2026,1,2026_01_GB_MIN,GB@MIN,2026-09-13T20:25:00+00:00,KXNFLREC-26SEP13GBMIN-MINJADDISON3-6,KXNFLREC-26SEP13GBMIN,KXNFLREC,receptions,football_player,Jordan Addison: 6+ receptions,FIRST_OBSERVED,2026-09-07T12:03:37.314325+00:00,2026-09-07T12:03:37.314325+00:00,0,0.0,0.18,0.8200000000000001,1.0,market_object,PASS,
2026-09-07T12:03:37.314325+00:00,2026,1,2026_01_GB_MIN,GB@MIN,2026-09-13T20:25:00+00:00,KXNFLREC-26SEP13GBMIN-MINJADDISON3-5,KXNFLREC-26SEP13GBMIN,KXNFLREC,receptions,football_player,Jordan Addison: 5+ receptions,FIRST_OBSERVED,2026-09-07T12:03:37.314325+00:00,2026-09-07T12:03:37.314325+00:00,0,0.0,0.31,0.69,1.0,market_object,PASS,
2026-09-07T12:03:37.314325+00:00,2026,1,2026_01_GB_MIN,GB@MIN,2026-09-13T20:25:00+00:00,KXNFLREC-26SEP13GBMIN-MINJADDISON3-4,KXNFLREC-26SEP13GBMIN,KXNFLREC,receptions,football_player,Jordan Addison: 4+ receptions,FIRST_OBSERVED,2026-09-07T12:03:37.314325+00:00,2026-09-07T12:03:37.314325+00:00,0,0.46,0.48,0.52,0.54,market_object,PASS,
2026-09-07T12:03:37.314325+00:00,2026,1,2026_01_GB_MIN,GB@MIN,2026-09-13T20:25:00+00:00,KXNFLREC-26SEP13GBMIN-MINJADDISON3-3,KXNFLREC-26SEP13GBMIN,KXNFLREC,receptions,football_player,Jordan Addison: 3+ receptions,FIRST_OBSERVED,2026-09-07T12:03:37.314325+00:00,2026-09-07T12:03:37.314325+00:00,0,0.34,0.7,0.30000000000000004,0.6599999999999999,market_object,PASS,
2026-09-07T12:03:37.314325+00:00,2026,1,2026_01_GB_MIN,GB@MIN,2026-09-13T20:25:00+00:00,KXNFLREC-26SEP13GBMIN-MINJADDISON3-2,KXNFLREC-26SEP13GBMIN,KXNFLREC,receptions,football_player,Jordan Addison: 2+ receptions,FIRST_OBSERVED,2026-09-07T12:03:37.314325+00:00,2026-09-07T12:03:37.314325+00:00,0,0.34,0.88,0.12,0.6599999999999999,market_object,PASS,
2026-09-07T12:03:37.314325+00:00,2026,1,2026_01_GB_MIN,GB@MIN,2026-09-13T20:25:00+00:00,KXNFLREC-26SEP13GBMIN-GBMGOLDEN0-9,KXNFLREC-26SEP13GBMIN,KXNFLREC,receptions,football_player,Matthew Golden: 9+ receptions,FIRST_OBSERVED,2026-09-07T12:03:37.314325+00:00,2026-09-07T12:03:37.314325+00:00,0,0.0,0.04,0.96,1.0,market_object,PASS,
2026-09-07T12:03:37.314325+00:00,2026,1,2026_01_GB_MIN,GB@MIN,2026-09-13T20:25:00+00:00,KXNFLREC-26SEP13GBMIN-GBMGOLDEN0-8,KXNFLREC-26SEP13GBMIN,KXNFLREC,receptions,football_player,Matthew Golden: 8+ receptions,FIRST_OBSERVED,2026-09-07T12:03:37.314325+00:00,2026-09-07T12:03:37.314325+00:00,0,0.0,0.06,0.94,1.0,market_object,PASS,
2026-09-07T12:03:37.314325+00:00,2026,1,2026_01_GB_MIN,GB@MIN,2026-09-13T20:25:00+00:00,KXNFLREC-26SEP13GBMIN-GBMGOLDEN0-7,KXNFLREC-26SEP13GBMIN,KXNFLREC,receptions,football_player,Matthew Golden: 7+ receptions,FIRST_OBSERVED,2026-09-07T12:03:37.314325+00:00,2026-09-07T12:03:37.314325+00:00,0,0.0,0.11,0.89,1.0,market_object,PASS,
2026-09-07T12:03:37.314325+00:00,2026,1,2026_01_GB_MIN,GB@MIN,2026-09-13T20:25:00+00:00,KXNFLREC-26SEP13GBMIN-GBMGOLDEN0-6,KXNFLREC-26SEP13GBMIN,KXNFLREC,receptions,football_player,Matthew Golden: 6+ receptions,FIRST_OBSERVED,2026-09-07T12:03:37.314325+00:00,2026-09-07T12:03:37.314325+00:00,0,0.0,0.19,0.81,1.0,market_object,PASS,
2026-09-07T12:03:37.314325+00:00,2026,1,2026_01_GB_MIN,GB@MIN,2026-09-13T20:25:00+00:00,KXNFLREC-26SEP13GBMIN-GBMGOLDEN0-5,KXNFLREC-26SEP13GBMIN,KXNFLREC,receptions,football_player,Matthew Golden: 5+ receptions,FIRST_OBSERVED,2026-09-07T12:03:37.314325+00:00,2026-09-07T12:03:37.314325+00:00,0,0.0,0.31,0.69,1.0,market_object,PASS,
2026-09-07T12:03:37.314325+00:00,2026,1,2026_01_GB_MIN,GB@MIN,2026-09-13T20:25:00+00:00,KXNFLREC-26SEP13GBMIN-GBMGOLDEN0-4,KXNFLREC-26SEP13GBMIN,KXNFLREC,receptions,football_player,Matthew Golden: 4+ receptions,FIRST_OBSERVED,2026-09-07T12:03:37.314325+00:00,2026-09-07T12:03:37.314325+00:00,0,0.44,0.48,0.52,0.56,market_object,PASS,
2026-09-07T12:03:37.314325+00:00,2026,1,2026_01_GB_MIN,GB@MIN,2026-09-13T20:25:00+00:00,KXNFLREC-26SEP13GBMIN-GBMGOLDEN0-3,KXNFLREC-26SEP13GBMIN,KXNFLREC,receptions,football_player,Matthew Golden: 3+ receptions,FIRST_OBSERVED,2026-09-07T12:03:37.314325+00:00,2026-09-07T12:03:37.314325+00:00,0,0.32,0.7,0.30000000000000004,0.6799999999999999,market_object,PASS,
2026-09-07T12:03:37.314325+00:00,2026,1,2026_01_GB_MIN,GB@MIN,2026-09-13T20:25:00+00:00,KXNFLREC-26SEP13GBMIN-GBMGOLDEN0-2,KXNFLREC-26SEP13GBMIN,KXNFLREC,receptions,football_player,Matthew Golden: 2+ receptions,FIRST_OBSERVED,2026-09-07T12:03:37.314325+00:00,2026-09-07T12:03:37.314325+00:00,0,0.32,0.89,0.10999999999999999,0.6799999999999999,market_object,PASS,
2026-09-07T12:03:37.314325+00:00,2026,1,2026_01_GB_MIN,GB@MIN,2026-09-13T20:25:00+00:00,KXNFLREC-26SEP13GBMIN-GBJREED11-9,KXNFLREC-26SEP13GBMIN,KXNFLREC,receptions,football_player,Jayden Reed: 9+ receptions,FIRST_OBSERVED,2026-09-07T12:03:37.314325+00:00,2026-09-07T12:03:37.314325+00:00,0,0.0,0.04,0.96,1.0,market_object,PASS,
2026-09-07T12:03:37.314325+00:00,2026,1,2026_01_GB_MIN,GB@MIN,2026-09-13T20:25:00+00:00,KXNFLREC-26SEP13GBMIN-GBJREED11-8,KXNFLREC-26SEP13GBMIN,KXNFLREC,receptions,football_player,Jayden Reed: 8+ receptions,FIRST_OBSERVED,2026-09-07T12:03:37.314325+00:00,2026-09-07T12:03:37.314325+00:00,0,0.0,0.07,0.9299999999999999,1.0,market_object,PASS,
2026-09-07T12:03:37.314325+00:00,2026,1,2026_01_GB_MIN,GB@MIN,2026-09-13T20:25:00+00:00,KXNFLREC-26SEP13GBMIN-GBJREED11-7,KXNFLREC-26SEP13GBMIN,KXNFLREC,receptions,football_player,Jayden Reed: 7+ receptions,FIRST_OBSERVED,2026-09-07T12:03:37.314325+00:00,2026-09-07T12:03:37.314325+00:00,0,0.0,0.12,0.88,1.0,market_object,PASS,
2026-09-07T12:03:37.314325+00:00,2026,1,2026_01_GB_MIN,GB@MIN,2026-09-13T20:25:00+00:00,KXNFLREC-26SEP13GBMIN-GBJREED11-6,KXNFLREC-26SEP13GBMIN,KXNFLREC,receptions,football_player,Jayden Reed: 6+ receptions,FIRST_OBSERVED,2026-09-07T12:03:37.314325+00:00,2026-09-07T12:03:37.314325+00:00,0,0.0,0.19,0.81,1.0,market_object,PASS,
2026-09-07T12:03:37.314325+00:00,2026,1,2026_01_GB_MIN,GB@MIN,2026-09-13T20:25:00+00:00,KXNFLREC-26SEP13GBMIN-GBJREED11-5,KXNFLREC-26SEP13GBMIN,KXNFLREC,receptions,football_player,Jayden Reed: 5+ receptions,FIRST_OBSERVED,2026-09-07T12:03:37.314325+00:00,2026-09-07T12:03:37.314325+00:00,0,0.0,0.32,0.6799999999999999,1.0,market_object,PASS,
2026-09-07T12:03:37.314325+00:00,2026,1,2026_01_GB_MIN,GB@MIN,2026-09-13T20:25:00+00:00,KXNFLREC-26SEP13GBMIN-GBJREED11-4,KXNFLREC-26SEP13GBMIN,KXNFLREC,receptions,football_player,Jayden Reed: 4+ receptions,FIRST_OBSERVED,2026-09-07T12:03:37.314325+00:00,2026-09-07T12:03:37.314325+00:00,0,0.46,0.49,0.51,0.54,market_object,PASS,
2026-09-07T12:03:37.314325+00:00,2026,1,2026_01_GB_MIN,GB@MIN,2026-09-13T20:25:00+00:00,KXNFLREC-26SEP13GBMIN-GBJREED11-3,KXNFLREC-26SEP13GBMIN,KXNFLREC,receptions,football_player,Jayden Reed: 3+ receptions,FIRST_OBSERVED,2026-09-07T12:03:37.314325+00:00,2026-09-07T12:03:37.314325+00:00,0,0.34,0.7,0.30000000000000004,0.6599999999999999,market_object,PASS,
2026-09-07T12:03:37.314325+00:00,2026,1,2026_01_GB_MIN,GB@MIN,2026-09-13T20:25:00+00:00,KXNFLREC-26SEP13GBMIN-GBJREED11-2,KXNFLREC-26SEP13GBMIN,KXNFLREC,receptions,football_player,Jayden Reed: 2+ receptions,FIRST_OBSERVED,2026-09-07T12:03:37.314325+00:00,2026-09-07T12:03:37.314325+00:00,0,0.34,0.89,0.10999999999999999,0.6599999999999999,market_object,PASS,
2026-09-07T12:03:37.314325+00:00,2026,1,2026_01_GB_MIN,GB@MIN,2026-09-13T20:25:00+00:00,KXNFLREC-26SEP13GBMIN-GBCWATSON9-9,KXNFLREC-26SEP13GBMIN,KXNFLREC,receptions,football_player,Christian Watson: 9+ receptions,FIRST_OBSERVED,2026-09-07T12:03:37.314325+00:00,2026-09-07T12:03:37.314325+00:00,0,0.0,0.06,0.94,1.0,market_object,PASS,
2026-09-07T12:03:37.314325+00:00,2026,1,2026_01_GB_MIN,GB@MIN,2026-09-13T20:25:00+00:00,KXNFLREC-26SEP13GBMIN-GBCWATSON9-8,KXNFLREC-26SEP13GBMIN,KXNFLREC,receptions,football_player,Christian Watson: 8+ receptions,FIRST_OBSERVED,2026-09-07T12:03:37.314325+00:00,2026-09-07T12:03:37.314325+00:00,0,0.0,0.1,0.9,1.0,market_object,PASS,
2026-09-07T12:03:37.314325+00:00,2026,1,2026_01_GB_MIN,GB@MIN,2026-09-13T20:25:00+00:00,KXNFLREC-26SEP13GBMIN-GBCWATSON9-7,KXNFLREC-26SEP13GBMIN,KXNFLREC,receptions,football_player,Christian Watson: 7+ receptions,FIRST_OBSERVED,2026-09-07T12:03:37.314325+00:00,2026-09-07T12:03:37.314325+00:00,0,0.0,0.16,0.84,1.0,market_object,PASS,
2026-09-07T12:03:37.314325+00:00,2026,1,2026_01_GB_MIN,GB@MIN,2026-09-13T20:25:00+00:00,KXNFLREC-26SEP13GBMIN-GBCWATSON9-6,KXNFLREC-26SEP13GBMIN,KXNFLREC,receptions,football_player,Christian Watson: 6+ receptions,FIRST_OBSERVED,2026-09-07T12:03:37.314325+00:00,2026-09-07T12:03:37.314325+00:00,0,0.0,0.27,0.73,1.0,market_object,PASS,
2026-09-07T12:03:37.314325+00:00,2026,1,2026_01_GB_MIN,GB@MIN,2026-09-13T20:25:00+00:00,KXNFLREC-26SEP13GBMIN-GBCWATSON9-5,KXNFLREC-26SEP13GBMIN,KXNFLREC,receptions,football_player,Christian Watson: 5+ receptions,FIRST_OBSERVED,2026-09-07T12:03:37.314325+00:00,2026-09-07T12:03:37.314325+00:00,0,0.0,0.42,0.5800000000000001,1.0,market_object,PASS,
2026-09-07T12:03:37.314325+00:00,2026,1,2026_01_GB_MIN,GB@MIN,2026-09-13T20:25:00+00:00,KXNFLREC-26SEP13GBMIN-GBCWATSON9-4,KXNFLREC-26SEP13GBMIN,KXNFLREC,receptions,football_player,Christian Watson: 4+ receptions,FIRST_OBSERVED,2026-09-07T12:03:37.314325+00:00,2026-09-07T12:03:37.314325+00:00,0,0.57,0.6,0.4,0.43000000000000005,market_object,PASS,
2026-09-07T12:03:37.314325+00:00,2026,1,2026_01_GB_MIN,GB@MIN,2026-09-13T20:25:00+00:00,KXNFLREC-26SEP13GBMIN-GBCWATSON9-3,KXNFLREC-26SEP13GBMIN,KXNFLREC,receptions,football_player,Christian Watson: 3+ receptions,FIRST_OBSERVED,2026-09-07T12:03:37.314325+00:00,2026-09-07T12:03:37.314325+00:00,0,0.45,0.79,0.20999999999999996,0.55,market_object,PASS,
2026-09-07T12:03:37.314325+00:00,2026,1,2026_01_GB_MIN,GB@MIN,2026-09-13T20:25:00+00:00,KXNFLREC-26SEP13GBMIN-GBCWATSON9-2,KXNFLREC-26SEP13GBMIN,KXNFLREC,receptions,football_player,Christian Watson: 2+ receptions,FIRST_OBSERVED,2026-09-07T12:03:37.314325+00:00,2026-09-07T12:03:37.314325+00:00,0,0.45,0.94,0.06000000000000005,0.55,market_object,PASS,
2026-09-07T12:03:37.314325+00:00,2026,1,2026_01_GB_MIN,GB@MIN,2026-09-13T20:25:00+00:00,KXNFLREC-26SEP13GBMIN-GBCWATSON9-10,KXNFLREC-26SEP13GBMIN,KXNFLREC,receptions,football_player,Christian Watson: 10+ receptions,FIRST_OBSERVED,2026-09-07T12:03:37.314325+00:00,2026-09-07T12:03:37.314325+00:00,0,0.0,0.04,0.96,1.0,market_object,PASS,
2026-09-07T12:03:37.314325+00:00,2026,1,2026_01_ARI_LAC,ARI@LAC,2026-09-13T20:25:00+00:00,KXNFLREC-26SEP13ARILAC-LACQJOHNSTON1-8,KXNFLREC-26SEP13ARILAC,KXNFLREC,receptions,football_player,Quentin Johnston: 8+ receptions,FIRST_OBSERVED,2026-09-07T12:03:37.314325+00:00,2026-09-07T12:03:37.314325+00:00,0,0.0,0.05,0.95,1.0,market_object,PASS,
2026-09-07T12:03:37.314325+00:00,2026,1,2026_01_ARI_LAC,ARI@LAC,2026-09-13T20:25:00+00:00,KXNFLREC-26SEP13ARILAC-LACQJOHNSTON1-7,KXNFLREC-26SEP13ARILAC,KXNFLREC,receptions,football_player,Quentin Johnston: 7+ receptions,FIRST_OBSERVED,2026-09-07T12:03:37.314325+00:00,2026-09-07T12:03:37.314325+00:00,0,0.0,0.09,0.91,1.0,market_object,PASS,
2026-09-07T12:03:37.314325+00:00,2026,1,2026_01_ARI_LAC,ARI@LAC,2026-09-13T20:25:00+00:00,KXNFLREC-26SEP13ARILAC-LACQJOHNSTON1-6,KXNFLREC-26SEP13ARILAC,KXNFLREC,receptions,football_player,Quentin Johnston: 6+ receptions,FIRST_OBSERVED,2026-09-07T12:03:37.314325+00:00,2026-09-07T12:03:37.314325+00:00,0,0.0,0.16,0.84,1.0,market_object,PASS,
2026-09-07T12:03:37.314325+00:00,2026,1,2026_01_ARI_LAC,ARI@LAC,2026-09-13T20:25:00+00:00,KXNFLREC-26SEP13ARILAC-LACQJOHNSTON1-5,KXNFLREC-26SEP13ARILAC,KXNFLREC,receptions,football_player,Quentin Johnston: 5+ receptions,FIRST_OBSERVED,2026-09-07T12:03:37.314325+00:00,2026-09-07T12:03:37.314325+00:00,0,0.0,0.29,0.71,1.0,market_object,PASS,
2026-09-07T12:03:37.314325+00:00,2026,1,2026_01_ARI_LAC,ARI@LAC,2026-09-13T20:25:00+00:00,KXNFLREC-26SEP13ARILAC-LACQJOHNSTON1-4,KXNFLREC-26SEP13ARILAC,KXNFLREC,receptions,football_player,Quentin Johnston: 4+ receptions,FIRST_OBSERVED,2026-09-07T12:03:37.314325+00:00,2026-09-07T12:03:37.314325+00:00,0,0.43,0.44,0.56,0.5700000000000001,market_object,PASS,
2026-09-07T12:03:37.314325+00:00,2026,1,2026_01_ARI_LAC,ARI@LAC,2026-09-13T20:25:00+00:00,KXNFLREC-26SEP13ARILAC-LACQJOHNSTON1-3,KXNFLREC-26SEP13ARILAC,KXNFLREC,receptions,football_player,Quentin Johnston: 3+ receptions,FIRST_OBSERVED,2026-09-07T12:03:37.314325+00:00,2026-09-07T12:03:37.314325+00:00,0,0.31,0.68,0.31999999999999995,0.69,market_object,PASS,
2026-09-07T12:03:37.314325+00:00,2026,1,2026_01_ARI_LAC,ARI@LAC,2026-09-13T20:25:00+00:00,KXNFLREC-26SEP13ARILAC-LACQJOHNSTON1-2,KXNFLREC-26SEP13ARILAC,KXNFLREC,receptions,football_player,Quentin Johnston: 2+ receptions,FIRST_OBSERVED,2026-09-07T12:03:37.314325+00:00,2026-09-07T12:03:37.314325+00:00,0,0.31,0.88,0.12,0.69,market_object,PASS,
2026-09-07T12:03:37.314325+00:00,2026,1,2026_01_ARI_LAC,ARI@LAC,2026-09-13T20:25:00+00:00,KXNFLREC-26SEP13ARILAC-LACLMCCONKEY15-9,KXNFLREC-26SEP13ARILAC,KXNFLREC,receptions,football_player,Ladd McConkey: 9+ receptions,FIRST_OBSERVED,2026-09-07T12:03:37.314325+00:00,2026-09-07T12:03:37.314325+00:00,0,0.0,0.08,0.92,1.0,market_object,PASS,
2026-09-07T12:03:37.314325+00:00,2026,1,2026_01_ARI_LAC,ARI@LAC,2026-09-13T20:25:00+00:00,KXNFLREC-26SEP13ARILAC-LACLMCCONKEY15-8,KXNFLREC-26SEP13ARILAC,KXNFLREC,receptions,football_player,Ladd McConkey: 8+ receptions,FIRST_OBSERVED,2026-09-07T12:03:37.314325+00:00,2026-09-07T12:03:37.314325+00:00,0,0.0,0.13,0.87,1.0,market_object,PASS,
2026-09-07T12:03:37.314325+00:00,2026,1,2026_01_ARI_LAC,ARI@LAC,2026-09-13T20:25:00+00:00,KXNFLREC-26SEP13ARILAC-LACLMCCONKEY15-7,KXNFLREC-26SEP13ARILAC,KXNFLREC,receptions,football_player,Ladd McConkey: 7+ receptions,FIRST_OBSERVED,2026-09-07T12:03:37.314325+00:00,2026-09-07T12:03:37.314325+00:00,0,0.0,0.21,0.79,1.0,market_object,PASS,
2026-09-07T12:03:37.314325+00:00,2026,1,2026_01_ARI_LAC,ARI@LAC,2026-09-13T20:25:00+00:00,KXNFLREC-26SEP13ARILAC-LACLMCCONKEY15-6,KXNFLREC-26SEP13ARILAC,KXNFLREC,receptions,football_player,Ladd McConkey: 6+ receptions,FIRST_OBSERVED,2026-09-07T12:03:37.314325+00:00,2026-09-07T12:03:37.314325+00:00,0,0.0,0.33,0.6699999999999999,1.0,market_object,PASS,
2026-09-07T12:03:37.314325+00:00,2026,1,2026_01_ARI_LAC,ARI@LAC,2026-09-13T20:25:00+00:00,KXNFLREC-26SEP13ARILAC-LACLMCCONKEY15-5,KXNFLREC-26SEP13ARILAC,KXNFLREC,receptions,football_player,Ladd McConkey: 5+ receptions,FIRST_OBSERVED,2026-09-07T12:03:37.314325+00:00,2026-09-07T12:03:37.314325+00:00,0,0.45,0.48,0.52,0.55,market_object,PASS,
2026-09-07T12:03:37.314325+00:00,2026,1,2026_01_ARI_LAC,ARI@LAC,2026-09-13T20:25:00+00:00,KXNFLREC-26SEP13ARILAC-LACLMCCONKEY15-4,KXNFLREC-26SEP13ARILAC,KXNFLREC,receptions,football_player,Ladd McConkey: 4+ receptions,FIRST_OBSERVED,2026-09-07T12:03:37.314325+00:00,2026-09-07T12:03:37.314325+00:00,0,0.33,0.69,0.31000000000000005,0.6699999999999999,market_object,PASS,
2026-09-07T12:03:37.314325+00:00,2026,1,2026_01_ARI_LAC,ARI@LAC,2026-09-13T20:25:00+00:00,KXNFLREC-26SEP13ARILAC-LACLMCCONKEY15-3,KXNFLREC-26SEP13ARILAC,KXNFLREC,receptions,football_player,Ladd McConkey: 3+ receptions,FIRST_OBSERVED,2026-09-07T12:03:37.314325+00:00,2026-09-07T12:03:37.314325+00:00,0,0.33,0.85,0.15000000000000002,0.6699999999999999,market_object,PASS,
2026-09-07T12:03:37.314325+00:00,2026,1,2026_01_ARI_LAC,ARI@LAC,2026-09-13T20:25:00+00:00,KXNFLREC-26SEP13ARILAC-LACLMCCONKEY15-2,KXNFLREC-26SEP13ARILAC,KXNFLREC,receptions,football_player,Ladd McConkey: 2+ receptions,FIRST_OBSERVED,2026-09-07T12:03:37.314325+00:00,2026-09-07T12:03:37.314325+00:00,0,0.33,0.96,0.040000000000000036,0.6699999999999999,market_object,PASS,
2026-09-07T12:03:37.314325+00:00,2026,1,2026_01_ARI_LAC,ARI@LAC,2026-09-13T20:25:00+00:00,KXNFLREC-26SEP13ARILAC-LACLMCCONKEY15-10,KXNFLREC-26SEP13ARILAC,KXNFLREC,receptions,football_player,Ladd McConkey: 10+ receptions,FIRST_OBSERVED,2026-09-07T12:03:37.314325+00:00,2026-09-07T12:03:37.314325+00:00,0,0.0,0.05,0.95,1.0,market_object,PASS,
2026-09-07T12:03:37.314325+00:00,2026,1,2026_01_ARI_LAC,ARI@LAC,2026-09-13T20:25:00+00:00,KXNFLREC-26SEP13ARILAC-ARIMWILSON14-9,KXNFLREC-26SEP13ARILAC,KXNFLREC,receptions,football_player,Michael Wilson: 9+ receptions,FIRST_OBSERVED,2026-09-07T12:03:37.314325+00:00,2026-09-07T12:03:37.314325+00:00,0,0.0,0.04,0.96,1.0,market_object,PASS,
2026-09-07T12:03:37.314325+00:00,2026,1,2026_01_ARI_LAC,ARI@LAC,2026-09-13T20:25:00+00:00,KXNFLREC-26SEP13ARILAC-ARIMWILSON14-8,KXNFLREC-26SEP13ARILAC,KXNFLREC,receptions,football_player,Michael Wilson: 8+ receptions,FIRST_OBSERVED,2026-09-07T12:03:37.314325+00:00,2026-09-07T12:03:37.314325+00:00,0,0.0,0.07,0.9299999999999999,1.0,market_object,PASS,
2026-09-07T12:03:37.314325+00:00,2026,1,2026_01_ARI_LAC,ARI@LAC,2026-09-13T20:25:00+00:00,KXNFLREC-26SEP13ARILAC-ARIMWILSON14-7,KXNFLREC-26SEP13ARILAC,KXNFLREC,receptions,football_player,Michael Wilson: 7+ receptions,FIRST_OBSERVED,2026-09-07T12:03:37.314325+00:00,2026-09-07T12:03:37.314325+00:00,0,0.0,0.13,0.87,1.0,market_object,PASS,
2026-09-07T12:03:37.314325+00:00,2026,1,2026_01_ARI_LAC,ARI@LAC,2026-09-13T20:25:00+00:00,KXNFLREC-26SEP13ARILAC-ARIMWILSON14-6,KXNFLREC-26SEP13ARILAC,KXNFLREC,receptions,football_player,Michael Wilson: 6+ receptions,FIRST_OBSERVED,2026-09-07T12:03:37.314325+00:00,2026-09-07T12:03:37.314325+00:00,0,0.0,0.21,0.79,1.0,market_object,PASS,
2026-09-07T12:03:37.314325+00:00,2026,1,2026_01_ARI_LAC,ARI@LAC,2026-09-13T20:25:00+00:00,KXNFLREC-26SEP13ARILAC-ARIMWILSON14-5,KXNFLREC-26SEP13ARILAC,KXNFLREC,receptions,football_player,Michael Wilson: 5+ receptions,FIRST_OBSERVED,2026-09-07T12:03:37.314325+00:00,2026-09-07T12:03:37.314325+00:00,0,0.0,0.35,0.65,1.0,market_object,PASS,
2026-09-07T12:03:37.314325+00:00,2026,1,2026_01_ARI_LAC,ARI@LAC,2026-09-13T20:25:00+00:00,KXNFLREC-26SEP13ARILAC-ARIMWILSON14-4,KXNFLREC-26SEP13ARILAC,KXNFLREC,receptions,football_player,Michael Wilson: 4+ receptions,FIRST_OBSERVED,2026-09-07T12:03:37.314325+00:00,2026-09-07T12:03:37.314325+00:00,0,0.52,0.53,0.47,0.48,market_object,PASS,
2026-09-07T12:03:37.314325+00:00,2026,1,2026_01_ARI_LAC,ARI@LAC,2026-09-13T20:25:00+00:00,KXNFLREC-26SEP13ARILAC-ARIMWILSON14-3,KXNFLREC-26SEP13ARILAC,KXNFLREC,receptions,football_player,Michael Wilson: 3+ receptions,FIRST_OBSERVED,2026-09-07T12:03:37.314325+00:00,2026-09-07T12:03:37.314325+00:00,0,0.41,0.74,0.26,0.5900000000000001,market_object,PASS,
2026-09-07T12:03:37.314325+00:00,2026,1,2026_01_ARI_LAC,ARI@LAC,2026-09-13T20:25:00+00:00,KXNFLREC-26SEP13ARILAC-ARIMWILSON14-2,KXNFLREC-26SEP13ARILAC,KXNFLREC,receptions,football_player,Michael Wilson: 2+ receptions,FIRST_OBSERVED,2026-09-07T12:03:37.314325+00:00,2026-09-07T12:03:37.314325+00:00,0,0.41,0.91,0.08999999999999997,0.5900000000000001,market_object,PASS,
2026-09-07T12:03:37.314325+00:00,2026,1,2026_01_ARI_LAC,ARI@LAC,2026-09-13T20:25:00+00:00,KXNFLREC-26SEP13ARILAC-ARIMHARRISON18-9,KXNFLREC-26SEP13ARILAC,KXNFLREC,receptions,football_player,Marvin Harrison Jr.: 9+ receptions,FIRST_OBSERVED,2026-09-07T12:03:37.314325+00:00,2026-09-07T12:03:37.314325+00:00,0,0.0,0.07,0.9299999999999999,1.0,market_object,PASS,
2026-09-07T12:03:37.314325+00:00,2026,1,2026_01_ARI_LAC,ARI@LAC,2026-09-13T20:25:00+00:00,KXNFLREC-26SEP13ARILAC-ARIMHARRISON18-8,KXNFLREC-26SEP13ARILAC,KXNFLREC,receptions,football_player,Marvin Harrison Jr.: 8+ receptions,FIRST_OBSERVED,2026-09-07T12:03:37.314325+00:00,2026-09-07T12:03:37.314325+00:00,0,0.0,0.11,0.89,1.0,market_object,PASS,
2026-09-07T12:03:37.314325+00:00,2026,1,2026_01_ARI_LAC,ARI@LAC,2026-09-13T20:25:00+00:00,KXNFLREC-26SEP13ARILAC-ARIMHARRISON18-7,KXNFLREC-26SEP13ARILAC,KXNFLREC,receptions,football_player,Marvin Harrison Jr.: 7+ receptions,FIRST_OBSERVED,2026-09-07T12:03:37.314325+00:00,2026-09-07T12:03:37.314325+00:00,0,0.0,0.17,0.83,1.0,market_object,PASS,
2026-09-07T12:03:37.314325+00:00,2026,1,2026_01_ARI_LAC,ARI@LAC,2026-09-13T20:25:00+00:00,KXNFLREC-26SEP13ARILAC-ARIMHARRISON18-6,KXNFLREC-26SEP13ARILAC,KXNFLREC,receptions,football_player,Marvin Harrison Jr.: 6+ receptions,FIRST_OBSERVED,2026-09-07T12:03:37.314325+00:00,2026-09-07T12:03:37.314325+00:00,0,0.0,0.28,0.72,1.0,market_object,PASS,
2026-09-07T12:03:37.314325+00:00,2026,1,2026_01_ARI_LAC,ARI@LAC,2026-09-13T20:25:00+00:00,KXNFLREC-26SEP13ARILAC-ARIMHARRISON18-5,KXNFLREC-26SEP13ARILAC,KXNFLREC,receptions,football_player,Marvin Harrison Jr.: 5+ receptions,FIRST_OBSERVED,2026-09-07T12:03:37.314325+00:00,2026-09-07T12:03:37.314325+00:00,0,0.41,0.42,0.5800000000000001,0.5900000000000001,market_object,PASS,
2026-09-07T12:03:37.314325+00:00,2026,1,2026_01_ARI_LAC,ARI@LAC,2026-09-13T20:25:00+00:00,KXNFLREC-26SEP13ARILAC-ARIMHARRISON18-4,KXNFLREC-26SEP13ARILAC,KXNFLREC,receptions,football_player,Marvin Harrison Jr.: 4+ receptions,FIRST_OBSERVED,2026-09-07T12:03:37.314325+00:00,2026-09-07T12:03:37.314325+00:00,0,0.56,0.62,0.38,0.43999999999999995,market_object,PASS,
2026-09-07T12:03:37.314325+00:00,2026,1,2026_01_ARI_LAC,ARI@LAC,2026-09-13T20:25:00+00:00,KXNFLREC-26SEP13ARILAC-ARIMHARRISON18-3,KXNFLREC-26SEP13ARILAC,KXNFLREC,receptions,football_player,Marvin Harrison Jr.: 3+ receptions,FIRST_OBSERVED,2026-09-07T12:03:37.314325+00:00,2026-09-07T12:03:37.314325+00:00,0,0.44,0.81,0.18999999999999995,0.56,market_object,PASS,
2026-09-07T12:03:37.314325+00:00,2026,1,2026_01_ARI_LAC,ARI@LAC,2026-09-13T20:25:00+00:00,KXNFLREC-26SEP13ARILAC-ARIMHARRISON18-2,KXNFLREC-26SEP13ARILAC,KXNFLREC,receptions,football_player,Marvin Harrison Jr.: 2+ receptions,FIRST_OBSERVED,2026-09-07T12:03:37.314325+00:00,2026-09-07T12:03:37.314325+00:00,0,0.44,0.95,0.050000000000000044,0.56,market_object,PASS,
2026-09-07T12:03:37.314325+00:00,2026,1,2026_01_ARI_LAC,ARI@LAC,2026-09-13T20:25:00+00:00,KXNFLREC-26SEP13ARILAC-ARIMHARRISON18-10,KXNFLREC-26SEP13ARILAC,KXNFLREC,receptions,football_player,Marvin Harrison Jr.: 10+ receptions,FIRST_OBSERVED,2026-09-07T12:03:37.314325+00:00,2026-09-07T12:03:37.314325+00:00,0,0.0,0.04,0.96,1.0,market_object,PASS,
2026-09-07T12:03:37.314325+00:00,2026,1,2026_01_BUF_HOU,BUF@HOU,2026-09-13T17:00:00+00:00,KXNFLREC-26SEP13BUFHOU-HOUNCOLLINS12-9,KXNFLREC-26SEP13BUFHOU,KXNFLREC,receptions,football_player,Nico Collins: 9+ receptions,FIRST_OBSERVED,2026-09-07T12:03:37.314325+00:00,2026-09-07T12:03:37.314325+00:00,0,0.0,0.14,0.86,1.0,market_object,PASS,
2026-09-07T12:03:37.314325+00:00,2026,1,2026_01_BUF_HOU,BUF@HOU,2026-09-13T17:00:00+00:00,KXNFLREC-26SEP13BUFHOU-HOUNCOLLINS12-8,KXNFLREC-26SEP13BUFHOU,KXNFLREC,receptions,football_player,Nico Collins: 8+ receptions,FIRST_OBSERVED,2026-09-07T12:03:37.314325+00:00,2026-09-07T12:03:37.314325+00:00,0,0.0,0.21,0.79,1.0,market_object,PASS,
2026-09-07T12:03:37.314325+00:00,2026,1,2026_01_BUF_HOU,BUF@HOU,2026-09-13T17:00:00+00:00,KXNFLREC-26SEP13BUFHOU-HOUNCOLLINS12-7,KXNFLREC-26SEP13BUFHOU,KXNFLREC,receptions,football_player,Nico Collins: 7+ receptions,FIRST_OBSERVED,2026-09-07T12:03:37.314325+00:00,2026-09-07T12:03:37.314325+00:00,0,0.0,0.33,0.6699999999999999,1.0,market_object,PASS,
2026-09-07T12:03:37.314325+00:00,2026,1,2026_01_BUF_HOU,BUF@HOU,2026-09-13T17:00:00+00:00,KXNFLREC-26SEP13BUFHOU-HOUNCOLLINS12-6,KXNFLREC-26SEP13BUFHOU,KXNFLREC,receptions,football_player,Nico Collins: 6+ receptions,FIRST_OBSERVED,2026-09-07T12:03:37.314325+00:00,2026-09-07T12:03:37.314325+00:00,0,0.44,0.47,0.53,0.56,market_object,PASS,
2026-09-07T12:03:37.314325+00:00,2026,1,2026_01_BUF_HOU,BUF@HOU,2026-09-13T17:00:00+00:00,KXNFLREC-26SEP13BUFHOU-HOUNCOLLINS12-5,KXNFLREC-26SEP13BUFHOU,KXNFLREC,receptions,football_player,Nico Collins: 5+ receptions,FIRST_OBSERVED,2026-09-07T12:03:37.314325+00:00,2026-09-07T12:03:37.314325+00:00,0,0.31,0.64,0.36,0.69,market_object,PASS,
2026-09-07T12:03:37.314325+00:00,2026,1,2026_01_BUF_HOU,BUF@HOU,2026-09-13T17:00:00+00:00,KXNFLREC-26SEP13BUFHOU-HOUNCOLLINS12-4,KXNFLREC-26SEP13BUFHOU,KXNFLREC,receptions,football_player,Nico Collins: 4+ receptions,FIRST_OBSERVED,2026-09-07T12:03:37.314325+00:00,2026-09-07T12:03:37.314325+00:00,0,0.32,0.82,0.18000000000000005,0.6799999999999999,market_object,PASS,
2026-09-07T12:03:37.314325+00:00,2026,1,2026_01_BUF_HOU,BUF@HOU,2026-09-13T17:00:00+00:00,KXNFLREC-26SEP13BUFHOU-HOUNCOLLINS12-3,KXNFLREC-26SEP13BUFHOU,KXNFLREC,receptions,football_player,Nico Collins: 3+ receptions,FIRST_OBSERVED,2026-09-07T12:03:37.314325+00:00,2026-09-07T12:03:37.314325+00:00,0,0.35,0.92,0.07999999999999996,0.65,market_object,PASS,
2026-09-07T12:03:37.314325+00:00,2026,1,2026_01_BUF_HOU,BUF@HOU,2026-09-13T17:00:00+00:00,KXNFLREC-26SEP13BUFHOU-HOUNCOLLINS12-12,KXNFLREC-26SEP13BUFHOU,KXNFLREC,receptions,football_player,Nico Collins: 12+ receptions,FIRST_OBSERVED,2026-09-07T12:03:37.314325+00:00,2026-09-07T12:03:37.314325+00:00,0,0.0,0.04,0.96,1.0,market_object,PASS,
2026-09-07T12:03:37.314325+00:00,2026,1,2026_01_BUF_HOU,BUF@HOU,2026-09-13T17:00:00+00:00,KXNFLREC-26SEP13BUFHOU-HOUNCOLLINS12-11,KXNFLREC-26SEP13BUFHOU,KXNFLREC,receptions,football_player,Nico Collins: 11+ receptions,FIRST_OBSERVED,2026-09-07T12:03:37.314325+00:00,2026-09-07T12:03:37.314325+00:00,0,0.0,0.05,0.95,1.0,market_object,PASS,
2026-09-07T12:03:37.314325+00:00,2026,1,2026_01_BUF_HOU,BUF@HOU,2026-09-13T17:00:00+00:00,KXNFLREC-26SEP13BUFHOU-HOUNCOLLINS12-10,KXNFLREC-26SEP13BUFHOU,KXNFLREC,receptions,football_player,Nico Collins: 10+ receptions,FIRST_OBSERVED,2026-09-07T12:03:37.314325+00:00,2026-09-07T12:03:37.314325+00:00,0,0.0,0.09,0.91,1.0,market_object,PASS,
2026-09-07T12:03:37.314325+00:00,2026,1,2026_01_BUF_HOU,BUF@HOU,2026-09-13T17:00:00+00:00,KXNFLREC-26SEP13BUFHOU-HOUKBOUTTE14-6,KXNFLREC-26SEP13BUFHOU,KXNFLREC,receptions,football_player,Kayshon Boutte: 6+ receptions,FIRST_OBSERVED,2026-09-07T12:03:37.314325+00:00,2026-09-07T12:03:37.314325+00:00,0,0.0,0.06,0.94,1.0,market_object,PASS,
2026-09-07T12:03:37.314325+00:00,2026,1,2026_01_BUF_HOU,BUF@HOU,2026-09-13T17:00:00+00:00,KXNFLREC-26SEP13BUFHOU-HOUKBOUTTE14-5,KXNFLREC-26SEP13BUFHOU,KXNFLREC,receptions,football_player,Kayshon Boutte: 5+ receptions,FIRST_OBSERVED,2026-09-07T12:03:37.314325+00:00,2026-09-07T12:03:37.314325+00:00,0,0.0,0.09,0.91,1.0,market_object,PASS,
2026-09-07T12:03:37.314325+00:00,2026,1,2026_01_BUF_HOU,BUF@HOU,2026-09-13T17:00:00+00:00,KXNFLREC-26SEP13BUFHOU-HOUKBOUTTE14-4,KXNFLREC-26SEP13BUFHOU,KXNFLREC,receptions,football_player,Kayshon Boutte: 4+ receptions,FIRST_OBSERVED,2026-09-07T12:03:37.314325+00:00,2026-09-07T12:03:37.314325+00:00,0,0.01,0.16,0.84,0.99,market_object,PASS,
2026-09-07T12:03:37.314325+00:00,2026,1,2026_01_BUF_HOU,BUF@HOU,2026-09-13T17:00:00+00:00,KXNFLREC-26SEP13BUFHOU-HOUKBOUTTE14-3,KXNFLREC-26SEP13BUFHOU,KXNFLREC,receptions,football_player,Kayshon Boutte: 3+ receptions,FIRST_OBSERVED,2026-09-07T12:03:37.314325+00:00,2026-09-07T12:03:37.314325+00:00,0,0.0,0.35,0.65,1.0,market_object,PASS,
2026-09-07T12:03:37.314325+00:00,2026,1,2026_01_BUF_HOU,BUF@HOU,2026-09-13T17:00:00+00:00,KXNFLREC-26SEP13BUFHOU-HOUKBOUTTE14-2,KXNFLREC-26SEP13BUFHOU,KXNFLREC,receptions,football_player,Kayshon Boutte: 2+ receptions,FIRST_OBSERVED,2026-09-07T12:03:37.314325+00:00,2026-09-07T12:03:37.314325+00:00,0,0.56,0.6,0.4,0.43999999999999995,market_object,PASS,
2026-09-07T12:03:37.314325+00:00,2026,1,2026_01_BUF_HOU,BUF@HOU,2026-09-13T17:00:00+00:00,KXNFLREC-26SEP13BUFHOU-HOUDSCHULTZ86-9,KXNFLREC-26SEP13BUFHOU,KXNFLREC,receptions,football_player,Dalton Schultz: 9+ receptions,FIRST_OBSERVED,2026-09-07T12:03:37.314325+00:00,2026-09-07T12:03:37.314325+00:00,0,0.0,0.05,0.95,1.0,market_object,PASS,
2026-09-07T12:03:37.314325+00:00,2026,1,2026_01_BUF_HOU,BUF@HOU,2026-09-13T17:00:00+00:00,KXNFLREC-26SEP13BUFHOU-HOUDSCHULTZ86-8,KXNFLREC-26SEP13BUFHOU,KXNFLREC,receptions,football_player,Dalton Schultz: 8+ receptions,FIRST_OBSERVED,2026-09-07T12:03:37.314325+00:00,2026-09-07T12:03:37.314325+00:00,0,0.0,0.08,0.92,1.0,market_object,PASS,
2026-09-07T12:03:37.314325+00:00,2026,1,2026_01_BUF_HOU,BUF@HOU,2026-09-13T17:00:00+00:00,KXNFLREC-26SEP13BUFHOU-HOUDSCHULTZ86-7,KXNFLREC-26SEP13BUFHOU,KXNFLREC,receptions,football_player,Dalton Schultz: 7+ receptions,FIRST_OBSERVED,2026-09-07T12:03:37.314325+00:00,2026-09-07T12:03:37.314325+00:00,0,0.0,0.14,0.86,1.0,market_object,PASS,
2026-09-07T12:03:37.314325+00:00,2026,1,2026_01_BUF_HOU,BUF@HOU,2026-09-13T17:00:00+00:00,KXNFLREC-26SEP13BUFHOU-HOUDSCHULTZ86-6,KXNFLREC-26SEP13BUFHOU,KXNFLREC,receptions,football_player,Dalton Schultz: 6+ receptions,FIRST_OBSERVED,2026-09-07T12:03:37.314325+00:00,2026-09-07T12:03:37.314325+00:00,0,0.0,0.23,0.77,1.0,market_object,PASS,
2026-09-07T12:03:37.314325+00:00,2026,1,2026_01_BUF_HOU,BUF@HOU,2026-09-13T17:00:00+00:00,KXNFLREC-26SEP13BUFHOU-HOUDSCHULTZ86-5,KXNFLREC-26SEP13BUFHOU,KXNFLREC,receptions,football_player,Dalton Schultz: 5+ receptions,FIRST_OBSERVED,2026-09-07T12:03:37.314325+00:00,2026-09-07T12:03:37.314325+00:00,0,0.01,0.37,0.63,0.99,market_object,PASS,
2026-09-07T12:03:37.314325+00:00,2026,1,2026_01_BUF_HOU,BUF@HOU,2026-09-13T17:00:00+00:00,KXNFLREC-26SEP13BUFHOU-HOUDSCHULTZ86-4,KXNFLREC-26SEP13BUFHOU,KXNFLREC,receptions,football_player,Dalton Schultz: 4+ receptions,FIRST_OBSERVED,2026-09-07T12:03:37.314325+00:00,2026-09-07T12:03:37.314325+00:00,0,0.53,0.54,0.45999999999999996,0.47,market_object,PASS,
2026-09-07T12:03:37.314325+00:00,2026,1,2026_01_BUF_HOU,BUF@HOU,2026-09-13T17:00:00+00:00,KXNFLREC-26SEP13BUFHOU-HOUDSCHULTZ86-3,KXNFLREC-26SEP13BUFHOU,KXNFLREC,receptions,football_player,Dalton Schultz: 3+ receptions,FIRST_OBSERVED,2026-09-07T12:03:37.314325+00:00,2026-09-07T12:03:37.314325+00:00,0,0.41,0.76,0.24,0.5900000000000001,market_object,PASS,
2026-09-07T12:03:37.314325+00:00,2026,1,2026_01_BUF_HOU,BUF@HOU,2026-09-13T17:00:00+00:00,KXNFLREC-26SEP13BUFHOU-HOUDSCHULTZ86-2,KXNFLREC-26SEP13BUFHOU,KXNFLREC,receptions,football_player,Dalton Schultz: 2+ receptions,FIRST_OBSERVED,2026-09-07T12:03:37.314325+00:00,2026-09-07T12:03:37.314325+00:00,0,0.44,0.91,0.08999999999999997,0.56,market_object,PASS,
2026-09-07T12:03:37.314325+00:00,2026,1,2026_01_BUF_HOU,BUF@HOU,2026-09-13T17:00:00+00:00,KXNFLREC-26SEP13BUFHOU-HOUDMONTGOMERY32-2,KXNFLREC-26SEP13BUFHOU,KXNFLREC,receptions,football_player,David Montgomery: 2+ receptions,FIRST_OBSERVED,2026-09-07T12:03:37.314325+00:00,2026-09-07T12:03:37.314325+00:00,0,0.47,0.49,0.51,0.53,market_object,PASS,
2026-09-07T12:03:37.314325+00:00,2026,1,2026_01_BUF_HOU,BUF@HOU,2026-09-13T17:00:00+00:00,KXNFLREC-26SEP13BUFHOU-BUFDMOORE2-9,KXNFLREC-26SEP13BUFHOU,KXNFLREC,receptions,football_player,DJ Moore: 9+ receptions,FIRST_OBSERVED,2026-09-07T12:03:37.314325+00:00,2026-09-07T12:03:37.314325+00:00,0,0.0,0.04,0.96,1.0,market_object,PASS,
2026-09-07T12:03:37.314325+00:00,2026,1,2026_01_BUF_HOU,BUF@HOU,2026-09-13T17:00:00+00:00,KXNFLREC-26SEP13BUFHOU-BUFDMOORE2-8,KXNFLREC-26SEP13BUFHOU,KXNFLREC,receptions,football_player,DJ Moore: 8+ receptions,FIRST_OBSERVED,2026-09-07T12:03:37.314325+00:00,2026-09-07T12:03:37.314325+00:00,0,0.0,0.06,0.94,1.0,market_object,PASS,
2026-09-07T12:03:37.314325+00:00,2026,1,2026_01_BUF_HOU,BUF@HOU,2026-09-13T17:00:00+00:00,KXNFLREC-26SEP13BUFHOU-BUFDMOORE2-7,KXNFLREC-26SEP13BUFHOU,KXNFLREC,receptions,football_player,DJ Moore: 7+ receptions,FIRST_OBSERVED,2026-09-07T12:03:37.314325+00:00,2026-09-07T12:03:37.314325+00:00,0,0.0,0.11,0.89,1.0,market_object,PASS,
2026-09-07T12:03:37.314325+00:00,2026,1,2026_01_BUF_HOU,BUF@HOU,2026-09-13T17:00:00+00:00,KXNFLREC-26SEP13BUFHOU-BUFDMOORE2-6,KXNFLREC-26SEP13BUFHOU,KXNFLREC,receptions,football_player,DJ Moore: 6+ receptions,FIRST_OBSERVED,2026-09-07T12:03:37.314325+00:00,2026-09-07T12:03:37.314325+00:00,0,0.0,0.19,0.81,1.0,market_object,PASS,
2026-09-07T12:03:37.314325+00:00,2026,1,2026_01_BUF_HOU,BUF@HOU,2026-09-13T17:00:00+00:00,KXNFLREC-26SEP13BUFHOU-BUFDMOORE2-5,KXNFLREC-26SEP13BUFHOU,KXNFLREC,receptions,football_player,DJ Moore: 5+ receptions,FIRST_OBSERVED,2026-09-07T12:03:37.314325+00:00,2026-09-07T12:03:37.314325+00:00,0,0.0,0.32,0.6799999999999999,1.0,market_object,PASS,
2026-09-07T12:03:37.314325+00:00,2026,1,2026_01_BUF_HOU,BUF@HOU,2026-09-13T17:00:00+00:00,KXNFLREC-26SEP13BUFHOU-BUFDMOORE2-4,KXNFLREC-26SEP13BUFHOU,KXNFLREC,receptions,football_player,DJ Moore: 4+ receptions,FIRST_OBSERVED,2026-09-07T12:03:37.314325+00:00,2026-09-07T12:03:37.314325+00:00,0,0.46,0.5,0.5,0.54,market_object,PASS,
2026-09-07T12:03:37.314325+00:00,2026,1,2026_01_BUF_HOU,BUF@HOU,2026-09-13T17:00:00+00:00,KXNFLREC-26SEP13BUFHOU-BUFDMOORE2-3,KXNFLREC-26SEP13BUFHOU,KXNFLREC,receptions,football_player,DJ Moore: 3+ receptions,FIRST_OBSERVED,2026-09-07T12:03:37.314325+00:00,2026-09-07T12:03:37.314325+00:00,0,0.34,0.71,0.29000000000000004,0.6599999999999999,market_object,PASS,
2026-09-07T12:03:37.314325+00:00,2026,1,2026_01_BUF_HOU,BUF@HOU,2026-09-13T17:00:00+00:00,KXNFLREC-26SEP13BUFHOU-BUFDMOORE2-2,KXNFLREC-26SEP13BUFHOU,KXNFLREC,receptions,football_player,DJ Moore: 2+ receptions,FIRST_OBSERVED,2026-09-07T12:03:37.314325+00:00,2026-09-07T12:03:37.314325+00:00,0,0.37,0.89,0.10999999999999999,0.63,market_object,PASS,
2026-09-07T12:03:37.314325+00:00,2026,1,2026_01_BUF_HOU,BUF@HOU,2026-09-13T17:00:00+00:00,KXNFLREC-26SEP13BUFHOU-BUFDKINCAID86-9,KXNFLREC-26SEP13BUFHOU,KXNFLREC,receptions,football_player,Dalton Kincaid: 9+ receptions,FIRST_OBSERVED,2026-09-07T12:03:37.314325+00:00,2026-09-07T12:03:37.314325+00:00,0,0.0,0.04,0.96,1.0,market_object,PASS,
2026-09-07T12:03:37.314325+00:00,2026,1,2026_01_BUF_HOU,BUF@HOU,2026-09-13T17:00:00+00:00,KXNFLREC-26SEP13BUFHOU-BUFDKINCAID86-8,KXNFLREC-26SEP13BUFHOU,KXNFLREC,receptions,football_player,Dalton Kincaid: 8+ receptions,FIRST_OBSERVED,2026-09-07T12:03:37.314325+00:00,2026-09-07T12:03:37.314325+00:00,0,0.0,0.06,0.94,1.0,market_object,PASS,
2026-09-07T12:03:37.314325+00:00,2026,1,2026_01_BUF_HOU,BUF@HOU,2026-09-13T17:00:00+00:00,KXNFLREC-26SEP13BUFHOU-BUFDKINCAID86-7,KXNFLREC-26SEP13BUFHOU,KXNFLREC,receptions,football_player,Dalton Kincaid: 7+ receptions,FIRST_OBSERVED,2026-09-07T12:03:37.314325+00:00,2026-09-07T12:03:37.314325+00:00,0,0.0,0.1,0.9,1.0,market_object,PASS,
2026-09-07T12:03:37.314325+00:00,2026,1,2026_01_BUF_HOU,BUF@HOU,2026-09-13T17:00:00+00:00,KXNFLREC-26SEP13BUFHOU-BUFDKINCAID86-6,KXNFLREC-26SEP13BUFHOU,KXNFLREC,receptions,football_player,Dalton Kincaid: 6+ receptions,FIRST_OBSERVED,2026-09-07T12:03:37.314325+00:00,2026-09-07T12:03:37.314325+00:00,0,0.0,0.18,0.8200000000000001,1.0,market_object,PASS,
2026-09-07T12:03:37.314325+00:00,2026,1,2026_01_BUF_HOU,BUF@HOU,2026-09-13T17:00:00+00:00,KXNFLREC-26SEP13BUFHOU-BUFDKINCAID86-5,KXNFLREC-26SEP13BUFHOU,KXNFLREC,receptions,football_player,Dalton Kincaid: 5+ receptions,FIRST_OBSERVED,2026-09-07T12:03:37.314325+00:00,2026-09-07T12:03:37.314325+00:00,0,0.0,0.3,0.7,1.0,market_object,PASS,
2026-09-07T12:03:37.314325+00:00,2026,1,2026_01_BUF_HOU,BUF@HOU,2026-09-13T17:00:00+00:00,KXNFLREC-26SEP13BUFHOU-BUFDKINCAID86-4,KXNFLREC-26SEP13BUFHOU,KXNFLREC,receptions,football_player,Dalton Kincaid: 4+ receptions,FIRST_OBSERVED,2026-09-07T12:03:37.314325+00:00,2026-09-07T12:03:37.314325+00:00,0,0.44,0.46,0.54,0.56,market_object,PASS,
2026-09-07T12:03:37.314325+00:00,2026,1,2026_01_BUF_HOU,BUF@HOU,2026-09-13T17:00:00+00:00,KXNFLREC-26SEP13BUFHOU-BUFDKINCAID86-3,KXNFLREC-26SEP13BUFHOU,KXNFLREC,receptions,football_player,Dalton Kincaid: 3+ receptions,FIRST_OBSERVED,2026-09-07T12:03:37.314325+00:00,2026-09-07T12:03:37.314325+00:00,0,0.4,0.68,0.31999999999999995,0.6,market_object,PASS,
2026-09-07T12:03:37.314325+00:00,2026,1,2026_01_BUF_HOU,BUF@HOU,2026-09-13T17:00:00+00:00,KXNFLREC-26SEP13BUFHOU-BUFDKINCAID86-2,KXNFLREC-26SEP13BUFHOU,KXNFLREC,receptions,football_player,Dalton Kincaid: 2+ receptions,FIRST_OBSERVED,2026-09-07T12:03:37.314325+00:00,2026-09-07T12:03:37.314325+00:00,0,0.36,0.88,0.12,0.64,market_object,PASS,
2026-09-07T12:03:37.314325+00:00,2026,1,2026_01_NO_DET,NO@DET,2026-09-13T17:00:00+00:00,KXNFLREC-26SEP13NODET-NOJJOHNSON83-9,KXNFLREC-26SEP13NODET,KXNFLREC,receptions,football_player,Juwan Johnson: 9+ receptions,FIRST_OBSERVED,2026-09-07T12:03:37.314325+00:00,2026-09-07T12:03:37.314325+00:00,0,0.0,0.07,0.9299999999999999,1.0,market_object,PASS,
2026-09-07T12:03:37.314325+00:00,2026,1,2026_01_NO_DET,NO@DET,2026-09-13T17:00:00+00:00,KXNFLREC-26SEP13NODET-NOJJOHNSON83-8,KXNFLREC-26SEP13NODET,KXNFLREC,receptions,football_player,Juwan Johnson: 8+ receptions,FIRST_OBSERVED,2026-09-07T12:03:37.314325+00:00,2026-09-07T12:03:37.314325+00:00,0,0.0,0.11,0.89,1.0,market_object,PASS,
2026-09-07T12:03:37.314325+00:00,2026,1,2026_01_NO_DET,NO@DET,2026-09-13T17:00:00+00:00,KXNFLREC-26SEP13NODET-NOJJOHNSON83-7,KXNFLREC-26SEP13NODET,KXNFLREC,receptions,football_player,Juwan Johnson: 7+ receptions,FIRST_OBSERVED,2026-09-07T12:03:37.314325+00:00,2026-09-07T12:03:37.314325+00:00,0,0.0,0.17,0.83,1.0,market_object,PASS,
2026-09-07T12:03:37.314325+00:00,2026,1,2026_01_NO_DET,NO@DET,2026-09-13T17:00:00+00:00,KXNFLREC-26SEP13NODET-NOJJOHNSON83-6,KXNFLREC-26SEP13NODET,KXNFLREC,receptions,football_player,Juwan Johnson: 6+ receptions,FIRST_OBSERVED,2026-09-07T12:03:37.314325+00:00,2026-09-07T12:03:37.314325+00:00,0,0.0,0.28,0.72,1.0,market_object,PASS,
2026-09-07T12:03:37.314325+00:00,2026,1,2026_01_NO_DET,NO@DET,2026-09-13T17:00:00+00:00,KXNFLREC-26SEP13NODET-NOJJOHNSON83-5,KXNFLREC-26SEP13NODET,KXNFLREC,receptions,football_player,Juwan Johnson: 5+ receptions,FIRST_OBSERVED,2026-09-07T12:03:37.314325+00:00,2026-09-07T12:03:37.314325+00:00,0,0.4,0.42,0.5800000000000001,0.6,market_object,PASS,
2026-09-07T12:03:37.314325+00:00,2026,1,2026_01_NO_DET,NO@DET,2026-09-13T17:00:00+00:00,KXNFLREC-26SEP13NODET-NOJJOHNSON83-4,KXNFLREC-26SEP13NODET,KXNFLREC,receptions,football_player,Juwan Johnson: 4+ receptions,FIRST_OBSERVED,2026-09-07T12:03:37.314325+00:00,2026-09-07T12:03:37.314325+00:00,0,0.28,0.62,0.38,0.72,market_object,PASS,
2026-09-07T12:03:37.314325+00:00,2026,1,2026_01_NO_DET,NO@DET,2026-09-13T17:00:00+00:00,KXNFLREC-26SEP13NODET-NOJJOHNSON83-3,KXNFLREC-26SEP13NODET,KXNFLREC,receptions,football_player,Juwan Johnson: 3+ receptions,FIRST_OBSERVED,2026-09-07T12:03:37.314325+00:00,2026-09-07T12:03:37.314325+00:00,0,0.31,0.8,0.19999999999999996,0.69,market_object,PASS,
2026-09-07T12:03:37.314325+00:00,2026,1,2026_01_NO_DET,NO@DET,2026-09-13T17:00:00+00:00,KXNFLREC-26SEP13NODET-NOJJOHNSON83-2,KXNFLREC-26SEP13NODET,KXNFLREC,receptions,football_player,Juwan Johnson: 2+ receptions,FIRST_OBSERVED,2026-09-07T12:03:37.314325+00:00,2026-09-07T12:03:37.314325+00:00,0,0.28,0.95,0.050000000000000044,0.72,market_object,PASS,
2026-09-07T12:03:37.314325+00:00,2026,1,2026_01_NO_DET,NO@DET,2026-09-13T17:00:00+00:00,KXNFLREC-26SEP13NODET-NOJJOHNSON83-10,KXNFLREC-26SEP13NODET,KXNFLREC,receptions,football_player,Juwan Johnson: 10+ receptions,FIRST_OBSERVED,2026-09-07T12:03:37.314325+00:00,2026-09-07T12:03:37.314325+00:00,0,0.0,0.04,0.96,1.0,market_object,PASS,
2026-09-07T12:03:37.314325+00:00,2026,1,2026_01_NO_DET,NO@DET,2026-09-13T17:00:00+00:00,KXNFLREC-26SEP13NODET-NOCOLAVE12-9,KXNFLREC-26SEP13NODET,KXNFLREC,receptions,football_player,Chris Olave: 9+ receptions,FIRST_OBSERVED,2026-09-07T12:03:37.314325+00:00,2026-09-07T12:03:37.314325+00:00,0,0.0,0.22,0.78,1.0,market_object,PASS,
2026-09-07T12:03:37.314325+00:00,2026,1,2026_01_NO_DET,NO@DET,2026-09-13T17:00:00+00:00,KXNFLREC-26SEP13NODET-NOCOLAVE12-8,KXNFLREC-26SEP13NODET,KXNFLREC,receptions,football_player,Chris Olave: 8+ receptions,FIRST_OBSERVED,2026-09-07T12:03:37.314325+00:00,2026-09-07T12:03:37.314325+00:00,0,0.0,0.34,0.6599999999999999,1.0,market_object,PASS,
2026-09-07T12:03:37.314325+00:00,2026,1,2026_01_NO_DET,NO@DET,2026-09-13T17:00:00+00:00,KXNFLREC-26SEP13NODET-NOCOLAVE12-7,KXNFLREC-26SEP13NODET,KXNFLREC,receptions,football_player,Chris Olave: 7+ receptions,FIRST_OBSERVED,2026-09-07T12:03:37.314325+00:00,2026-09-07T12:03:37.314325+00:00,0,0.44,0.45,0.55,0.56,market_object,PASS,
2026-09-07T12:03:37.314325+00:00,2026,1,2026_01_NO_DET,NO@DET,2026-09-13T17:00:00+00:00,KXNFLREC-26SEP13NODET-NOCOLAVE12-6,KXNFLREC-26SEP13NODET,KXNFLREC,receptions,football_player,Chris Olave: 6+ receptions,FIRST_OBSERVED,2026-09-07T12:03:37.314325+00:00,2026-09-07T12:03:37.314325+00:00,0,0.31,0.61,0.39,0.69,market_object,PASS,
2026-09-07T12:03:37.314325+00:00,2026,1,2026_01_NO_DET,NO@DET,2026-09-13T17:00:00+00:00,KXNFLREC-26SEP13NODET-NOCOLAVE12-5,KXNFLREC-26SEP13NODET,KXNFLREC,receptions,football_player,Chris Olave: 5+ receptions,FIRST_OBSERVED,2026-09-07T12:03:37.314325+00:00,2026-09-07T12:03:37.314325+00:00,0,0.32,0.76,0.24,0.6799999999999999,market_object,PASS,
2026-09-07T12:03:37.314325+00:00,2026,1,2026_01_NO_DET,NO@DET,2026-09-13T17:00:00+00:00,KXNFLREC-26SEP13NODET-NOCOLAVE12-4,KXNFLREC-26SEP13NODET,KXNFLREC,receptions,football_player,Chris Olave: 4+ receptions,FIRST_OBSERVED,2026-09-07T12:03:37.314325+00:00,2026-09-07T12:03:37.314325+00:00,0,0.32,0.87,0.13,0.6799999999999999,market_object,PASS,
2026-09-07T12:03:37.314325+00:00,2026,1,2026_01_NO_DET,NO@DET,2026-09-13T17:00:00+00:00,KXNFLREC-26SEP13NODET-NOCOLAVE12-13,KXNFLREC-26SEP13NODET,KXNFLREC,receptions,football_player,Chris Olave: 13+ receptions,FIRST_OBSERVED,2026-09-07T12:03:37.314325+00:00,2026-09-07T12:03:37.314325+00:00,0,0.0,0.05,0.95,1.0,market_object,PASS,
2026-09-07T12:03:37.314325+00:00,2026,1,2026_01_NO_DET,NO@DET,2026-09-13T17:00:00+00:00,KXNFLREC-26SEP13NODET-NOCOLAVE12-12,KXNFLREC-26SEP13NODET,KXNFLREC,receptions,football_player,Chris Olave: 12+ receptions,FIRST_OBSERVED,2026-09-07T12:03:37.314325+00:00,2026-09-07T12:03:37.314325+00:00,0,0.0,0.07,0.9299999999999999,1.0,market_object,PASS,
2026-09-07T12:03:37.314325+00:00,2026,1,2026_01_NO_DET,NO@DET,2026-09-13T17:00:00+00:00,KXNFLREC-26SEP13NODET-NOCOLAVE12-11,KXNFLREC-26SEP13NODET,KXNFLREC,receptions,football_player,Chris Olave: 11+ receptions,FIRST_OBSERVED,2026-09-07T12:03:37.314325+00:00,2026-09-07T12:03:37.314325+00:00,0,0.0,0.1,0.9,1.0,market_object,PASS,
2026-09-07T12:03:37.314325+00:00,2026,1,2026_01_NO_DET,NO@DET,2026-09-13T17:00:00+00:00,KXNFLREC-26SEP13NODET-NOCOLAVE12-10,KXNFLREC-26SEP13NODET,KXNFLREC,receptions,football_player,Chris Olave: 10+ receptions,FIRST_OBSERVED,2026-09-07T12:03:37.314325+00:00,2026-09-07T12:03:37.314325+00:00,0,0.0,0.15,0.85,1.0,market_object,PASS,
2026-09-07T12:03:37.314325+00:00,2026,1,2026_01_NO_DET,NO@DET,2026-09-13T17:00:00+00:00,KXNFLREC-26SEP13NODET-DETJWILLIAMS1-9,KXNFLREC-26SEP13NODET,KXNFLREC,receptions,football_player,Jameson Williams: 9+ receptions,FIRST_OBSERVED,2026-09-07T12:03:37.314325+00:00,2026-09-07T12:03:37.314325+00:00,0,0.0,0.05,0.95,1.0,market_object,PASS,
2026-09-07T12:03:37.314325+00:00,2026,1,2026_01_NO_DET,NO@DET,2026-09-13T17:00:00+00:00,KXNFLREC-26SEP13NODET-DETJWILLIAMS1-8,KXNFLREC-26SEP13NODET,KXNFLREC,receptions,football_player,Jameson Williams: 8+ receptions,FIRST_OBSERVED,2026-09-07T12:03:37.314325+00:00,2026-09-07T12:03:37.314325+00:00,0,0.0,0.08,0.92,1.0,market_object,PASS,
2026-09-07T12:03:37.314325+00:00,2026,1,2026_01_NO_DET,NO@DET,2026-09-13T17:00:00+00:00,KXNFLREC-26SEP13NODET-DETJWILLIAMS1-7,KXNFLREC-26SEP13NODET,KXNFLREC,receptions,football_player,Jameson Williams: 7+ receptions,FIRST_OBSERVED,2026-09-07T12:03:37.314325+00:00,2026-09-07T12:03:37.314325+00:00,0,0.0,0.13,0.87,1.0,market_object,PASS,
2026-09-07T12:03:37.314325+00:00,2026,1,2026_01_NO_DET,NO@DET,2026-09-13T17:00:00+00:00,KXNFLREC-26SEP13NODET-DETJWILLIAMS1-6,KXNFLREC-26SEP13NODET,KXNFLREC,receptions,football_player,Jameson Williams: 6+ receptions,FIRST_OBSERVED,2026-09-07T12:03:37.314325+00:00,2026-09-07T12:03:37.314325+00:00,0,0.0,0.23,0.77,1.0,market_object,PASS,
2026-09-07T12:03:37.314325+00:00,2026,1,2026_01_NO_DET,NO@DET,2026-09-13T17:00:00+00:00,KXNFLREC-26SEP13NODET-DETJWILLIAMS1-5,KXNFLREC-26SEP13NODET,KXNFLREC,receptions,football_player,Jameson Williams: 5+ receptions,FIRST_OBSERVED,2026-09-07T12:03:37.314325+00:00,2026-09-07T12:03:37.314325+00:00,0,0.0,0.38,0.62,1.0,market_object,PASS,
2026-09-07T12:03:37.314325+00:00,2026,1,2026_01_NO_DET,NO@DET,2026-09-13T17:00:00+00:00,KXNFLREC-26SEP13NODET-DETJWILLIAMS1-4,KXNFLREC-26SEP13NODET,KXNFLREC,receptions,football_player,Jameson Williams: 4+ receptions,FIRST_OBSERVED,2026-09-07T12:03:37.314325+00:00,2026-09-07T12:03:37.314325+00:00,0,0.54,0.56,0.43999999999999995,0.45999999999999996,market_object,PASS,
2026-09-07T12:03:37.314325+00:00,2026,1,2026_01_NO_DET,NO@DET,2026-09-13T17:00:00+00:00,KXNFLREC-26SEP13NODET-DETJWILLIAMS1-3,KXNFLREC-26SEP13NODET,KXNFLREC,receptions,football_player,Jameson Williams: 3+ receptions,FIRST_OBSERVED,2026-09-07T12:03:37.314325+00:00,2026-09-07T12:03:37.314325+00:00,0,0.41,0.77,0.22999999999999998,0.5900000000000001,market_object,PASS,
2026-09-07T12:03:37.314325+00:00,2026,1,2026_01_NO_DET,NO@DET,2026-09-13T17:00:00+00:00,KXNFLREC-26SEP13NODET-DETJWILLIAMS1-2,KXNFLREC-26SEP13NODET,KXNFLREC,receptions,football_player,Jameson Williams: 2+ receptions,FIRST_OBSERVED,2026-09-07T12:03:37.314325+00:00,2026-09-07T12:03:37.314325+00:00,0,0.42,0.94,0.06000000000000005,0.5800000000000001,market_object,PASS,
2026-09-07T12:03:37.314325+00:00,2026,1,2026_01_NO_DET,NO@DET,2026-09-13T17:00:00+00:00,KXNFLREC-26SEP13NODET-DETJGIBBS0-9,KXNFLREC-26SEP13NODET,KXNFLREC,receptions,football_player,Jahmyr Gibbs: 9+ receptions,FIRST_OBSERVED,2026-09-07T12:03:37.314325+00:00,2026-09-07T12:03:37.314325+00:00,0,0.0,0.07,0.9299999999999999,1.0,market_object,PASS,
2026-09-07T12:03:37.314325+00:00,2026,1,2026_01_NO_DET,NO@DET,2026-09-13T17:00:00+00:00,KXNFLREC-26SEP13NODET-DETJGIBBS0-8,KXNFLREC-26SEP13NODET,KXNFLREC,receptions,football_player,Jahmyr Gibbs: 8+ receptions,FIRST_OBSERVED,2026-09-07T12:03:37.314325+00:00,2026-09-07T12:03:37.314325+00:00,0,0.0,0.11,0.89,1.0,market_object,PASS,
2026-09-07T12:03:37.314325+00:00,2026,1,2026_01_NO_DET,NO@DET,2026-09-13T17:00:00+00:00,KXNFLREC-26SEP13NODET-DETJGIBBS0-7,KXNFLREC-26SEP13NODET,KXNFLREC,receptions,football_player,Jahmyr Gibbs: 7+ receptions,FIRST_OBSERVED,2026-09-07T12:03:37.314325+00:00,2026-09-07T12:03:37.314325+00:00,0,0.0,0.18,0.8200000000000001,1.0,market_object,PASS,
2026-09-07T12:03:37.314325+00:00,2026,1,2026_01_NO_DET,NO@DET,2026-09-13T17:00:00+00:00,KXNFLREC-26SEP13NODET-DETJGIBBS0-6,KXNFLREC-26SEP13NODET,KXNFLREC,receptions,football_player,Jahmyr Gibbs: 6+ receptions,FIRST_OBSERVED,2026-09-07T12:03:37.314325+00:00,2026-09-07T12:03:37.314325+00:00,0,0.0,0.29,0.71,1.0,market_object,PASS,
2026-09-07T12:03:37.314325+00:00,2026,1,2026_01_NO_DET,NO@DET,2026-09-13T17:00:00+00:00,KXNFLREC-26SEP13NODET-DETJGIBBS0-5,KXNFLREC-26SEP13NODET,KXNFLREC,receptions,football_player,Jahmyr Gibbs: 5+ receptions,FIRST_OBSERVED,2026-09-07T12:03:37.314325+00:00,2026-09-07T12:03:37.314325+00:00,0,0.41,0.43,0.5700000000000001,0.5900000000000001,market_object,PASS,
2026-09-07T12:03:37.314325+00:00,2026,1,2026_01_NO_DET,NO@DET,2026-09-13T17:00:00+00:00,KXNFLREC-26SEP13NODET-DETJGIBBS0-4,KXNFLREC-26SEP13NODET,KXNFLREC,receptions,football_player,Jahmyr Gibbs: 4+ receptions,FIRST_OBSERVED,2026-09-07T12:03:37.314325+00:00,2026-09-07T12:03:37.314325+00:00,0,0.55,0.62,0.38,0.44999999999999996,market_object,PASS,
2026-09-07T12:03:37.314325+00:00,2026,1,2026_01_NO_DET,NO@DET,2026-09-13T17:00:00+00:00,KXNFLREC-26SEP13NODET-DETJGIBBS0-3,KXNFLREC-26SEP13NODET,KXNFLREC,receptions,football_player,Jahmyr Gibbs: 3+ receptions,FIRST_OBSERVED,2026-09-07T12:03:37.314325+00:00,2026-09-07T12:03:37.314325+00:00,0,0.42,0.8,0.19999999999999996,0.5800000000000001,market_object,PASS,
2026-09-07T12:03:37.314325+00:00,2026,1,2026_01_NO_DET,NO@DET,2026-09-13T17:00:00+00:00,KXNFLREC-26SEP13NODET-DETJGIBBS0-2,KXNFLREC-26SEP13NODET,KXNFLREC,receptions,football_player,Jahmyr Gibbs: 2+ receptions,FIRST_OBSERVED,2026-09-07T12:03:37.314325+00:00,2026-09-07T12:03:37.314325+00:00,0,0.43,0.94,0.06000000000000005,0.5700000000000001,market_object,PASS,
2026-09-07T12:03:37.314325+00:00,2026,1,2026_01_NO_DET,NO@DET,2026-09-13T17:00:00+00:00,KXNFLREC-26SEP13NODET-DETJGIBBS0-10,KXNFLREC-26SEP13NODET,KXNFLREC,receptions,football_player,Jahmyr Gibbs: 10+ receptions,FIRST_OBSERVED,2026-09-07T12:03:37.314325+00:00,2026-09-07T12:03:37.314325+00:00,0,0.0,0.04,0.96,1.0,market_object,PASS,
2026-09-07T12:03:37.314325+00:00,2026,1,2026_01_NO_DET,NO@DET,2026-09-13T17:00:00+00:00,KXNFLREC-26SEP13NODET-DETASTBROWN14-9,KXNFLREC-26SEP13NODET,KXNFLREC,receptions,football_player,Amon-Ra St. Brown: 9+ receptions,FIRST_OBSERVED,2026-09-07T12:03:37.314325+00:00,2026-09-07T12:03:37.314325+00:00,0,0.0,0.24,0.76,1.0,market_object,PASS,
2026-09-07T12:03:37.314325+00:00,2026,1,2026_01_NO_DET,NO@DET,2026-09-13T17:00:00+00:00,KXNFLREC-26SEP13NODET-DETASTBROWN14-8,KXNFLREC-26SEP13NODET,KXNFLREC,receptions,football_player,Amon-Ra St. Brown: 8+ receptions,FIRST_OBSERVED,2026-09-07T12:03:37.314325+00:00,2026-09-07T12:03:37.314325+00:00,0,0.0,0.35,0.65,1.0,market_object,PASS,
2026-09-07T12:03:37.314325+00:00,2026,1,2026_01_NO_DET,NO@DET,2026-09-13T17:00:00+00:00,KXNFLREC-26SEP13NODET-DETASTBROWN14-7,KXNFLREC-26SEP13NODET,KXNFLREC,receptions,football_player,Amon-Ra St. Brown: 7+ receptions,FIRST_OBSERVED,2026-09-07T12:03:37.314325+00:00,2026-09-07T12:03:37.314325+00:00,0,0.47,0.48,0.52,0.53,market_object,PASS,
2026-09-07T12:03:37.314325+00:00,2026,1,2026_01_NO_DET,NO@DET,2026-09-13T17:00:00+00:00,KXNFLREC-26SEP13NODET-DETASTBROWN14-6,KXNFLREC-26SEP13NODET,KXNFLREC,receptions,football_player,Amon-Ra St. Brown: 6+ receptions,FIRST_OBSERVED,2026-09-07T12:03:37.314325+00:00,2026-09-07T12:03:37.314325+00:00,0,0.35,0.63,0.37,0.65,market_object,PASS,
2026-09-07T12:03:37.314325+00:00,2026,1,2026_01_NO_DET,NO@DET,2026-09-13T17:00:00+00:00,KXNFLREC-26SEP13NODET-DETASTBROWN14-5,KXNFLREC-26SEP13NODET,KXNFLREC,receptions,football_player,Amon-Ra St. Brown: 5+ receptions,FIRST_OBSERVED,2026-09-07T12:03:37.314325+00:00,2026-09-07T12:03:37.314325+00:00,0,0.35,0.78,0.21999999999999997,0.65,market_object,PASS,
2026-09-07T12:03:37.314325+00:00,2026,1,2026_01_NO_DET,NO@DET,2026-09-13T17:00:00+00:00,KXNFLREC-26SEP13NODET-DETASTBROWN14-4,KXNFLREC-26SEP13NODET,KXNFLREC,receptions,football_player,Amon-Ra St. Brown: 4+ receptions,FIRST_OBSERVED,2026-09-07T12:03:37.314325+00:00,2026-09-07T12:03:37.314325+00:00,0,0.39,0.89,0.10999999999999999,0.61,market_object,PASS,
2026-09-07T12:03:37.314325+00:00,2026,1,2026_01_NO_DET,NO@DET,2026-09-13T17:00:00+00:00,KXNFLREC-26SEP13NODET-DETASTBROWN14-13,KXNFLREC-26SEP13NODET,KXNFLREC,receptions,football_player,Amon-Ra St. Brown: 13+ receptions,FIRST_OBSERVED,2026-09-07T12:03:37.314325+00:00,2026-09-07T12:03:37.314325+00:00,0,0.0,0.05,0.95,1.0,market_object,PASS,
2026-09-07T12:03:37.314325+00:00,2026,1,2026_01_NO_DET,NO@DET,2026-09-13T17:00:00+00:00,KXNFLREC-26SEP13NODET-DETASTBROWN14-12,KXNFLREC-26SEP13NODET,KXNFLREC,receptions,football_player,Amon-Ra St. Brown: 12+ receptions,FIRST_OBSERVED,2026-09-07T12:03:37.314325+00:00,2026-09-07T12:03:37.314325+00:00,0,0.0,0.07,0.9299999999999999,1.0,market_object,PASS,
2026-09-07T12:03:37.314325+00:00,2026,1,2026_01_NO_DET,NO@DET,2026-09-13T17:00:00+00:00,KXNFLREC-26SEP13NODET-DETASTBROWN14-11,KXNFLREC-26SEP13NODET,KXNFLREC,receptions,football_player,Amon-Ra St. Brown: 11+ receptions,FIRST_OBSERVED,2026-09-07T12:03:37.314325+00:00,2026-09-07T12:03:37.314325+00:00,0,0.0,0.1,0.9,1.0,market_object,PASS,
2026-09-07T12:03:37.314325+00:00,2026,1,2026_01_NO_DET,NO@DET,2026-09-13T17:00:00+00:00,KXNFLREC-26SEP13NODET-DETASTBROWN14-10,KXNFLREC-26SEP13NODET,KXNFLREC,receptions,football_player,Amon-Ra St. Brown: 10+ receptions,FIRST_OBSERVED,2026-09-07T12:03:37.314325+00:00,2026-09-07T12:03:37.314325+00:00,0,0.0,0.16,0.84,1.0,market_object,PASS,
2026-09-07T12:03:37.314325+00:00,2026,1,2026_01_NYJ_TEN,NYJ@TEN,2026-09-13T17:00:00+00:00,KXNFLREC-26SEP13NYJTEN-NYJGWILSON5-9,KXNFLREC-26SEP13NYJTEN,KXNFLREC,receptions,football_player,Garrett Wilson: 9+ receptions,FIRST_OBSERVED,2026-09-07T12:03:37.314325+00:00,2026-09-07T12:03:37.314325+00:00,0,0.0,0.16,0.84,1.0,market_object,PASS,
2026-09-07T12:03:37.314325+00:00,2026,1,2026_01_NYJ_TEN,NYJ@TEN,2026-09-13T17:00:00+00:00,KXNFLREC-26SEP13NYJTEN-NYJGWILSON5-8,KXNFLREC-26SEP13NYJTEN,KXNFLREC,receptions,football_player,Garrett Wilson: 8+ receptions,FIRST_OBSERVED,2026-09-07T12:03:37.314325+00:00,2026-09-07T12:03:37.314325+00:00,0,0.0,0.24,0.76,1.0,market_object,PASS,
2026-09-07T12:03:37.314325+00:00,2026,1,2026_01_NYJ_TEN,NYJ@TEN,2026-09-13T17:00:00+00:00,KXNFLREC-26SEP13NYJTEN-NYJGWILSON5-7,KXNFLREC-26SEP13NYJTEN,KXNFLREC,receptions,football_player,Garrett Wilson: 7+ receptions,FIRST_OBSERVED,2026-09-07T12:03:37.314325+00:00,2026-09-07T12:03:37.314325+00:00,0,0.0,0.36,0.64,1.0,market_object,PASS,
2026-09-07T12:03:37.314325+00:00,2026,1,2026_01_NYJ_TEN,NYJ@TEN,2026-09-13T17:00:00+00:00,KXNFLREC-26SEP13NYJTEN-NYJGWILSON5-6,KXNFLREC-26SEP13NYJTEN,KXNFLREC,receptions,football_player,Garrett Wilson: 6+ receptions,FIRST_OBSERVED,2026-09-07T12:03:37.314325+00:00,2026-09-07T12:03:37.314325+00:00,0,0.49,0.5,0.5,0.51,market_object,PASS,
2026-09-07T12:03:37.314325+00:00,2026,1,2026_01_NYJ_TEN,NYJ@TEN,2026-09-13T17:00:00+00:00,KXNFLREC-26SEP13NYJTEN-NYJGWILSON5-5,KXNFLREC-26SEP13NYJTEN,KXNFLREC,receptions,football_player,Garrett Wilson: 5+ receptions,FIRST_OBSERVED,2026-09-07T12:03:37.314325+00:00,2026-09-07T12:03:37.314325+00:00,0,0.37,0.67,0.32999999999999996,0.63,market_object,PASS,
2026-09-07T12:03:37.314325+00:00,2026,1,2026_01_NYJ_TEN,NYJ@TEN,2026-09-13T17:00:00+00:00,KXNFLREC-26SEP13NYJTEN-NYJGWILSON5-4,KXNFLREC-26SEP13NYJTEN,KXNFLREC,receptions,football_player,Garrett Wilson: 4+ receptions,FIRST_OBSERVED,2026-09-07T12:03:37.314325+00:00,2026-09-07T12:03:37.314325+00:00,0,0.37,0.83,0.17000000000000004,0.63,market_object,PASS,
2026-09-07T12:03:37.314325+00:00,2026,1,2026_01_NYJ_TEN,NYJ@TEN,2026-09-13T17:00:00+00:00,KXNFLREC-26SEP13NYJTEN-NYJGWILSON5-3,KXNFLREC-26SEP13NYJTEN,KXNFLREC,receptions,football_player,Garrett Wilson: 3+ receptions,FIRST_OBSERVED,2026-09-07T12:03:37.314325+00:00,2026-09-07T12:03:37.314325+00:00,0,0.37,0.94,0.06000000000000005,0.63,market_object,PASS,
2026-09-07T12:03:37.314325+00:00,2026,1,2026_01_NYJ_TEN,NYJ@TEN,2026-09-13T17:00:00+00:00,KXNFLREC-26SEP13NYJTEN-NYJGWILSON5-12,KXNFLREC-26SEP13NYJTEN,KXNFLREC,receptions,football_player,Garrett Wilson: 12+ receptions,FIRST_OBSERVED,2026-09-07T12:03:37.314325+00:00,2026-09-07T12:03:37.314325+00:00,0,0.0,0.04,0.96,1.0,market_object,PASS,
2026-09-07T12:03:37.314325+00:00,2026,1,2026_01_NYJ_TEN,NYJ@TEN,2026-09-13T17:00:00+00:00,KXNFLREC-26SEP13NYJTEN-NYJGWILSON5-11,KXNFLREC-26SEP13NYJTEN,KXNFLREC,receptions,football_player,Garrett Wilson: 11+ receptions,FIRST_OBSERVED,2026-09-07T12:03:37.314325+00:00,2026-09-07T12:03:37.314325+00:00,0,0.0,0.06,0.94,1.0,market_object,PASS,
2026-09-07T12:03:37.314325+00:00,2026,1,2026_01_NYJ_TEN,NYJ@TEN,2026-09-13T17:00:00+00:00,KXNFLREC-26SEP13NYJTEN-NYJGWILSON5-10,KXNFLREC-26SEP13NYJTEN,KXNFLREC,receptions,football_player,Garrett Wilson: 10+ receptions,FIRST_OBSERVED,2026-09-07T12:03:37.314325+00:00,2026-09-07T12:03:37.314325+00:00,0,0.0,0.1,0.9,1.0,market_object,PASS,
2026-09-07T12:03:37.314325+00:00,2026,1,2026_01_TB_CIN,TB@CIN,2026-09-13T17:00:00+00:00,KXNFLREC-26SEP13TBCIN-TBBIRVING7-3,KXNFLREC-26SEP13TBCIN,KXNFLREC,receptions,football_player,Bucky Irving: 3+ receptions,FIRST_OBSERVED,2026-09-07T12:03:37.314325+00:00,2026-09-07T12:03:37.314325+00:00,0,0.34,0.4,0.6,0.6599999999999999,market_object,PASS,
2026-09-07T12:03:37.314325+00:00,2026,1,2026_01_TB_CIN,TB@CIN,2026-09-13T17:00:00+00:00,KXNFLREC-26SEP13TBCIN-CINCBROWN30-9,KXNFLREC-26SEP13TBCIN,KXNFLREC,receptions,football_player,Chase Brown: 9+ receptions,FIRST_OBSERVED,2026-09-07T12:03:37.314325+00:00,2026-09-07T12:03:37.314325+00:00,0,0.0,0.05,0.95,1.0,market_object,PASS,
2026-09-07T12:03:37.314325+00:00,2026,1,2026_01_TB_CIN,TB@CIN,2026-09-13T17:00:00+00:00,KXNFLREC-26SEP13TBCIN-CINCBROWN30-8,KXNFLREC-26SEP13TBCIN,KXNFLREC,receptions,football_player,Chase Brown: 8+ receptions,FIRST_OBSERVED,2026-09-07T12:03:37.314325+00:00,2026-09-07T12:03:37.314325+00:00,0,0.0,0.07,0.9299999999999999,1.0,market_object,PASS,
2026-09-07T12:03:37.314325+00:00,2026,1,2026_01_TB_CIN,TB@CIN,2026-09-13T17:00:00+00:00,KXNFLREC-26SEP13TBCIN-CINCBROWN30-7,KXNFLREC-26SEP13TBCIN,KXNFLREC,receptions,football_player,Chase Brown: 7+ receptions,FIRST_OBSERVED,2026-09-07T12:03:37.314325+00:00,2026-09-07T12:03:37.314325+00:00,0,0.0,0.12,0.88,1.0,market_object,PASS,
2026-09-07T12:03:37.314325+00:00,2026,1,2026_01_TB_CIN,TB@CIN,2026-09-13T17:00:00+00:00,KXNFLREC-26SEP13TBCIN-CINCBROWN30-6,KXNFLREC-26SEP13TBCIN,KXNFLREC,receptions,football_player,Chase Brown: 6+ receptions,FIRST_OBSERVED,2026-09-07T12:03:37.314325+00:00,2026-09-07T12:03:37.314325+00:00,0,0.0,0.21,0.79,1.0,market_object,PASS,
2026-09-07T12:03:37.314325+00:00,2026,1,2026_01_TB_CIN,TB@CIN,2026-09-13T17:00:00+00:00,KXNFLREC-26SEP13TBCIN-CINCBROWN30-5,KXNFLREC-26SEP13TBCIN,KXNFLREC,receptions,football_player,Chase Brown: 5+ receptions,FIRST_OBSERVED,2026-09-07T12:03:37.314325+00:00,2026-09-07T12:03:37.314325+00:00,0,0.0,0.35,0.65,1.0,market_object,PASS,
2026-09-07T12:03:37.314325+00:00,2026,1,2026_01_TB_CIN,TB@CIN,2026-09-13T17:00:00+00:00,KXNFLREC-26SEP13TBCIN-CINCBROWN30-4,KXNFLREC-26SEP13TBCIN,KXNFLREC,receptions,football_player,Chase Brown: 4+ receptions,FIRST_OBSERVED,2026-09-07T12:03:37.314325+00:00,2026-09-07T12:03:37.314325+00:00,0,0.49,0.52,0.48,0.51,market_object,PASS,
2026-09-07T12:03:37.314325+00:00,2026,1,2026_01_TB_CIN,TB@CIN,2026-09-13T17:00:00+00:00,KXNFLREC-26SEP13TBCIN-CINCBROWN30-3,KXNFLREC-26SEP13TBCIN,KXNFLREC,receptions,football_player,Chase Brown: 3+ receptions,FIRST_OBSERVED,2026-09-07T12:03:37.314325+00:00,2026-09-07T12:03:37.314325+00:00,0,0.0,0.74,0.26,1.0,market_object,PASS,
2026-09-07T12:03:37.314325+00:00,2026,1,2026_01_TB_CIN,TB@CIN,2026-09-13T17:00:00+00:00,KXNFLREC-26SEP13TBCIN-CINCBROWN30-2,KXNFLREC-26SEP13TBCIN,KXNFLREC,receptions,football_player,Chase Brown: 2+ receptions,FIRST_OBSERVED,2026-09-07T12:03:37.314325+00:00,2026-09-07T12:03:37.314325+00:00,0,0.0,0.9,0.09999999999999998,1.0,market_object,PASS,
2026-09-07T12:03:37.314325+00:00,2026,1,2026_01_ATL_PIT,ATL@PIT,2026-09-13T17:00:00+00:00,KXNFLREC-26SEP13ATLPIT-PITPFREIERMUTH88-8,KXNFLREC-26SEP13ATLPIT,KXNFLREC,receptions,football_player,Pat Freiermuth: 8+ receptions,FIRST_OBSERVED,2026-09-07T12:03:37.314325+00:00,2026-09-07T12:03:37.314325+00:00,0,0.0,0.98,0.020000000000000018,1.0,market_object,PASS,
2026-09-07T12:03:37.314325+00:00,2026,1,2026_01_ATL_PIT,ATL@PIT,2026-09-13T17:00:00+00:00,KXNFLREC-26SEP13ATLPIT-PITPFREIERMUTH88-7,KXNFLREC-26SEP13ATLPIT,KXNFLREC,receptions,football_player,Pat Freiermuth: 7+ receptions,FIRST_OBSERVED,2026-09-07T12:03:37.314325+00:00,2026-09-07T12:03:37.314325+00:00,0,0.0,0.05,0.95,1.0,market_object,PASS,
2026-09-07T12:03:37.314325+00:00,2026,1,2026_01_ATL_PIT,ATL@PIT,2026-09-13T17:00:00+00:00,KXNFLREC-26SEP13ATLPIT-PITPFREIERMUTH88-6,KXNFLREC-26SEP13ATLPIT,KXNFLREC,receptions,football_player,Pat Freiermuth: 6+ receptions,FIRST_OBSERVED,2026-09-07T12:03:37.314325+00:00,2026-09-07T12:03:37.314325+00:00,0,0.0,0.09,0.91,1.0,market_object,PASS,
2026-09-07T12:03:37.314325+00:00,2026,1,2026_01_ATL_PIT,ATL@PIT,2026-09-13T17:00:00+00:00,KXNFLREC-26SEP13ATLPIT-PITPFREIERMUTH88-5,KXNFLREC-26SEP13ATLPIT,KXNFLREC,receptions,football_player,Pat Freiermuth: 5+ receptions,FIRST_OBSERVED,2026-09-07T12:03:37.314325+00:00,2026-09-07T12:03:37.314325+00:00,0,0.0,0.18,0.8200000000000001,1.0,market_object,PASS,
2026-09-07T12:03:37.314325+00:00,2026,1,2026_01_ATL_PIT,ATL@PIT,2026-09-13T17:00:00+00:00,KXNFLREC-26SEP13ATLPIT-PITPFREIERMUTH88-4,KXNFLREC-26SEP13ATLPIT,KXNFLREC,receptions,football_player,Pat Freiermuth: 4+ receptions,FIRST_OBSERVED,2026-09-07T12:03:37.314325+00:00,2026-09-07T12:03:37.314325+00:00,0,0.01,0.32,0.6799999999999999,0.99,market_object,PASS,
2026-09-07T12:03:37.314325+00:00,2026,1,2026_01_ATL_PIT,ATL@PIT,2026-09-13T17:00:00+00:00,KXNFLREC-26SEP13ATLPIT-PITPFREIERMUTH88-3,KXNFLREC-26SEP13ATLPIT,KXNFLREC,receptions,football_player,Pat Freiermuth: 3+ receptions,FIRST_OBSERVED,2026-09-07T12:03:37.314325+00:00,2026-09-07T12:03:37.314325+00:00,0,0.5,0.55,0.44999999999999996,0.5,market_object,PASS,
2026-09-07T12:03:37.314325+00:00,2026,1,2026_01_ATL_PIT,ATL@PIT,2026-09-13T17:00:00+00:00,KXNFLREC-26SEP13ATLPIT-PITPFREIERMUTH88-2,KXNFLREC-26SEP13ATLPIT,KXNFLREC,receptions,football_player,Pat Freiermuth: 2+ receptions,FIRST_OBSERVED,2026-09-07T12:03:37.314325+00:00,2026-09-07T12:03:37.314325+00:00,0,0.0,0.79,0.20999999999999996,1.0,market_object,PASS,
2026-09-07T12:03:37.314325+00:00,2026,1,2026_01_ATL_PIT,ATL@PIT,2026-09-13T17:00:00+00:00,KXNFLREC-26SEP13ATLPIT-PITJWARREN30-7,KXNFLREC-26SEP13ATLPIT,KXNFLREC,receptions,football_player,Jaylen Warren: 7+ receptions,FIRST_OBSERVED,2026-09-07T12:03:37.314325+00:00,2026-09-07T12:03:37.314325+00:00,0,0.0,0.05,0.95,1.0,market_object,PASS,
2026-09-07T12:03:37.314325+00:00,2026,1,2026_01_ATL_PIT,ATL@PIT,2026-09-13T17:00:00+00:00,KXNFLREC-26SEP13ATLPIT-PITJWARREN30-6,KXNFLREC-26SEP13ATLPIT,KXNFLREC,receptions,football_player,Jaylen Warren: 6+ receptions,FIRST_OBSERVED,2026-09-07T12:03:37.314325+00:00,2026-09-07T12:03:37.314325+00:00,0,0.0,0.09,0.91,1.0,market_object,PASS,
2026-09-07T12:03:37.314325+00:00,2026,1,2026_01_ATL_PIT,ATL@PIT,2026-09-13T17:00:00+00:00,KXNFLREC-26SEP13ATLPIT-PITJWARREN30-5,KXNFLREC-26SEP13ATLPIT,KXNFLREC,receptions,football_player,Jaylen Warren: 5+ receptions,FIRST_OBSERVED,2026-09-07T12:03:37.314325+00:00,2026-09-07T12:03:37.314325+00:00,0,0.0,0.17,0.83,1.0,market_object,PASS,
2026-09-07T12:03:37.314325+00:00,2026,1,2026_01_ATL_PIT,ATL@PIT,2026-09-13T17:00:00+00:00,KXNFLREC-26SEP13ATLPIT-PITJWARREN30-4,KXNFLREC-26SEP13ATLPIT,KXNFLREC,receptions,football_player,Jaylen Warren: 4+ receptions,FIRST_OBSERVED,2026-09-07T12:03:37.314325+00:00,2026-09-07T12:03:37.314325+00:00,0,0.0,0.31,0.69,1.0,market_object,PASS,
2026-09-07T12:03:37.314325+00:00,2026,1,2026_01_ATL_PIT,ATL@PIT,2026-09-13T17:00:00+00:00,KXNFLREC-26SEP13ATLPIT-PITJWARREN30-3,KXNFLREC-26SEP13ATLPIT,KXNFLREC,receptions,football_player,Jaylen Warren: 3+ receptions,FIRST_OBSERVED,2026-09-07T12:03:37.314325+00:00,2026-09-07T12:03:37.314325+00:00,0,0.46,0.51,0.49,0.54,market_object,PASS,
2026-09-07T12:03:37.314325+00:00,2026,1,2026_01_ATL_PIT,ATL@PIT,2026-09-13T17:00:00+00:00,KXNFLREC-26SEP13ATLPIT-PITJWARREN30-2,KXNFLREC-26SEP13ATLPIT,KXNFLREC,receptions,football_player,Jaylen Warren: 2+ receptions,FIRST_OBSERVED,2026-09-07T12:03:37.314325+00:00,2026-09-07T12:03:37.314325+00:00,0,0.0,0.74,0.26,1.0,market_object,PASS,
2026-09-07T12:03:37.314325+00:00,2026,1,2026_01_ATL_PIT,ATL@PIT,2026-09-13T17:00:00+00:00,KXNFLREC-26SEP13ATLPIT-ATLKPITTS8-9,KXNFLREC-26SEP13ATLPIT,KXNFLREC,receptions,football_player,Kyle Pitts Sr.: 9+ receptions,FIRST_OBSERVED,2026-09-07T12:03:37.314325+00:00,2026-09-07T12:03:37.314325+00:00,0,0.0,0.06,0.94,1.0,market_object,PASS,
2026-09-07T12:03:37.314325+00:00,2026,1,2026_01_ATL_PIT,ATL@PIT,2026-09-13T17:00:00+00:00,KXNFLREC-26SEP13ATLPIT-ATLKPITTS8-8,KXNFLREC-26SEP13ATLPIT,KXNFLREC,receptions,football_player,Kyle Pitts Sr.: 8+ receptions,FIRST_OBSERVED,2026-09-07T12:03:37.314325+00:00,2026-09-07T12:03:37.314325+00:00,0,0.0,0.1,0.9,1.0,market_object,PASS,
2026-09-07T12:03:37.314325+00:00,2026,1,2026_01_ATL_PIT,ATL@PIT,2026-09-13T17:00:00+00:00,KXNFLREC-26SEP13ATLPIT-ATLKPITTS8-7,KXNFLREC-26SEP13ATLPIT,KXNFLREC,receptions,football_player,Kyle Pitts Sr.: 7+ receptions,FIRST_OBSERVED,2026-09-07T12:03:37.314325+00:00,2026-09-07T12:03:37.314325+00:00,0,0.0,0.18,0.8200000000000001,1.0,market_object,PASS,
2026-09-07T12:03:37.314325+00:00,2026,1,2026_01_ATL_PIT,ATL@PIT,2026-09-13T17:00:00+00:00,KXNFLREC-26SEP13ATLPIT-ATLKPITTS8-6,KXNFLREC-26SEP13ATLPIT,KXNFLREC,receptions,football_player,Kyle Pitts Sr.: 6+ receptions,FIRST_OBSERVED,2026-09-07T12:03:37.314325+00:00,2026-09-07T12:03:37.314325+00:00,0,0.0,0.29,0.71,1.0,market_object,PASS,
2026-09-07T12:03:37.314325+00:00,2026,1,2026_01_ATL_PIT,ATL@PIT,2026-09-13T17:00:00+00:00,KXNFLREC-26SEP13ATLPIT-ATLKPITTS8-5,KXNFLREC-26SEP13ATLPIT,KXNFLREC,receptions,football_player,Kyle Pitts Sr.: 5+ receptions,FIRST_OBSERVED,2026-09-07T12:03:37.314325+00:00,2026-09-07T12:03:37.314325+00:00,0,0.4,0.45,0.55,0.6,market_object,PASS,
2026-09-07T12:03:37.314325+00:00,2026,1,2026_01_ATL_PIT,ATL@PIT,2026-09-13T17:00:00+00:00,KXNFLREC-26SEP13ATLPIT-ATLKPITTS8-4,KXNFLREC-26SEP13ATLPIT,KXNFLREC,receptions,football_player,Kyle Pitts Sr.: 4+ receptions,FIRST_OBSERVED,2026-09-07T12:03:37.314325+00:00,2026-09-07T12:03:37.314325+00:00,0,0.01,0.63,0.37,0.99,market_object,PASS,
2026-09-07T12:03:37.314325+00:00,2026,1,2026_01_ATL_PIT,ATL@PIT,2026-09-13T17:00:00+00:00,KXNFLREC-26SEP13ATLPIT-ATLKPITTS8-3,KXNFLREC-26SEP13ATLPIT,KXNFLREC,receptions,football_player,Kyle Pitts Sr.: 3+ receptions,FIRST_OBSERVED,2026-09-07T12:03:37.314325+00:00,2026-09-07T12:03:37.314325+00:00,0,0.0,0.82,0.18000000000000005,1.0,market_object,PASS,
2026-09-07T12:03:37.314325+00:00,2026,1,2026_01_ATL_PIT,ATL@PIT,2026-09-13T17:00:00+00:00,KXNFLREC-26SEP13ATLPIT-ATLKPITTS8-2,KXNFLREC-26SEP13ATLPIT,KXNFLREC,receptions,football_player,Kyle Pitts Sr.: 2+ receptions,FIRST_OBSERVED,2026-09-07T12:03:37.314325+00:00,2026-09-07T12:03:37.314325+00:00,0,0.0,0.95,0.050000000000000044,1.0,market_object,PASS,
2026-09-07T12:03:37.314325+00:00,2026,1,2026_01_ATL_PIT,ATL@PIT,2026-09-13T17:00:00+00:00,KXNFLREC-26SEP13ATLPIT-ATLKPITTS8-10,KXNFLREC-26SEP13ATLPIT,KXNFLREC,receptions,football_player,Kyle Pitts Sr.: 10+ receptions,FIRST_OBSERVED,2026-09-07T12:03:37.314325+00:00,2026-09-07T12:03:37.314325+00:00,0,0.0,0.04,0.96,1.0,market_object,PASS,
2026-09-07T12:03:37.314325+00:00,2026,1,2026_01_ATL_PIT,ATL@PIT,2026-09-13T17:00:00+00:00,KXNFLREC-26SEP13ATLPIT-ATLDLONDON5-9,KXNFLREC-26SEP13ATLPIT,KXNFLREC,receptions,football_player,Drake London: 9+ receptions,FIRST_OBSERVED,2026-09-07T12:03:37.314325+00:00,2026-09-07T12:03:37.314325+00:00,0,0.0,0.16,0.84,1.0,market_object,PASS,
2026-09-07T12:03:37.314325+00:00,2026,1,2026_01_ATL_PIT,ATL@PIT,2026-09-13T17:00:00+00:00,KXNFLREC-26SEP13ATLPIT-ATLDLONDON5-8,KXNFLREC-26SEP13ATLPIT,KXNFLREC,receptions,football_player,Drake London: 8+ receptions,FIRST_OBSERVED,2026-09-07T12:03:37.314325+00:00,2026-09-07T12:03:37.314325+00:00,0,0.0,0.25,0.75,1.0,market_object,PASS,
2026-09-07T12:03:37.314325+00:00,2026,1,2026_01_ATL_PIT,ATL@PIT,2026-09-13T17:00:00+00:00,KXNFLREC-26SEP13ATLPIT-ATLDLONDON5-7,KXNFLREC-26SEP13ATLPIT,KXNFLREC,receptions,football_player,Drake London: 7+ receptions,FIRST_OBSERVED,2026-09-07T12:03:37.314325+00:00,2026-09-07T12:03:37.314325+00:00,0,0.02,0.36,0.64,0.98,market_object,PASS,
2026-09-07T12:03:37.314325+00:00,2026,1,2026_01_ATL_PIT,ATL@PIT,2026-09-13T17:00:00+00:00,KXNFLREC-26SEP13ATLPIT-ATLDLONDON5-6,KXNFLREC-26SEP13ATLPIT,KXNFLREC,receptions,football_player,Drake London: 6+ receptions,FIRST_OBSERVED,2026-09-07T12:03:37.314325+00:00,2026-09-07T12:03:37.314325+00:00,0,0.48,0.51,0.49,0.52,market_object,PASS,
2026-09-07T12:03:37.314325+00:00,2026,1,2026_01_ATL_PIT,ATL@PIT,2026-09-13T17:00:00+00:00,KXNFLREC-26SEP13ATLPIT-ATLDLONDON5-5,KXNFLREC-26SEP13ATLPIT,KXNFLREC,receptions,football_player,Drake London: 5+ receptions,FIRST_OBSERVED,2026-09-07T12:03:37.314325+00:00,2026-09-07T12:03:37.314325+00:00,0,0.0,0.69,0.31000000000000005,1.0,market_object,PASS,
2026-09-07T12:03:37.314325+00:00,2026,1,2026_01_ATL_PIT,ATL@PIT,2026-09-13T17:00:00+00:00,KXNFLREC-26SEP13ATLPIT-ATLDLONDON5-4,KXNFLREC-26SEP13ATLPIT,KXNFLREC,receptions,football_player,Drake London: 4+ receptions,FIRST_OBSERVED,2026-09-07T12:03:37.314325+00:00,2026-09-07T12:03:37.314325+00:00,0,0.0,0.84,0.16000000000000003,1.0,market_object,PASS,
2026-09-07T12:03:37.314325+00:00,2026,1,2026_01_ATL_PIT,ATL@PIT,2026-09-13T17:00:00+00:00,KXNFLREC-26SEP13ATLPIT-ATLDLONDON5-3,KXNFLREC-26SEP13ATLPIT,KXNFLREC,receptions,football_player,Drake London: 3+ receptions,FIRST_OBSERVED,2026-09-07T12:03:37.314325+00:00,2026-09-07T12:03:37.314325+00:00,0,0.02,0.93,0.06999999999999995,0.98,market_object,PASS,
2026-09-07T12:03:37.314325+00:00,2026,1,2026_01_ATL_PIT,ATL@PIT,2026-09-13T17:00:00+00:00,KXNFLREC-26SEP13ATLPIT-ATLDLONDON5-12,KXNFLREC-26SEP13ATLPIT,KXNFLREC,receptions,football_player,Drake London: 12+ receptions,FIRST_OBSERVED,2026-09-07T12:03:37.314325+00:00,2026-09-07T12:03:37.314325+00:00,0,0.0,0.04,0.96,1.0,market_object,PASS,
2026-09-07T12:03:37.314325+00:00,2026,1,2026_01_ATL_PIT,ATL@PIT,2026-09-13T17:00:00+00:00,KXNFLREC-26SEP13ATLPIT-ATLDLONDON5-11,KXNFLREC-26SEP13ATLPIT,KXNFLREC,receptions,football_player,Drake London: 11+ receptions,FIRST_OBSERVED,2026-09-07T12:03:37.314325+00:00,2026-09-07T12:03:37.314325+00:00,0,0.0,0.06,0.94,1.0,market_object,PASS,
2026-09-07T12:03:37.314325+00:00,2026,1,2026_01_ATL_PIT,ATL@PIT,2026-09-13T17:00:00+00:00,KXNFLREC-26SEP13ATLPIT-ATLDLONDON5-10,KXNFLREC-26SEP13ATLPIT,KXNFLREC,receptions,football_player,Drake London: 10+ receptions,FIRST_OBSERVED,2026-09-07T12:03:37.314325+00:00,2026-09-07T12:03:37.314325+00:00,0,0.0,0.1,0.9,1.0,market_object,PASS,
2026-09-07T12:03:37.314325+00:00,2026,1,2026_01_ATL_PIT,ATL@PIT,2026-09-13T17:00:00+00:00,KXNFLREC-26SEP13ATLPIT-ATLBROBINSON7-9,KXNFLREC-26SEP13ATLPIT,KXNFLREC,receptions,football_player,Bijan Robinson: 9+ receptions,FIRST_OBSERVED,2026-09-07T12:03:37.314325+00:00,2026-09-07T12:03:37.314325+00:00,0,0.0,0.07,0.9299999999999999,1.0,market_object,PASS,
2026-09-07T12:03:37.314325+00:00,2026,1,2026_01_ATL_PIT,ATL@PIT,2026-09-13T17:00:00+00:00,KXNFLREC-26SEP13ATLPIT-ATLBROBINSON7-8,KXNFLREC-26SEP13ATLPIT,KXNFLREC,receptions,football_player,Bijan Robinson: 8+ receptions,FIRST_OBSERVED,2026-09-07T12:03:37.314325+00:00,2026-09-07T12:03:37.314325+00:00,0,0.0,0.12,0.88,1.0,market_object,PASS,
2026-09-07T12:03:37.314325+00:00,2026,1,2026_01_ATL_PIT,ATL@PIT,2026-09-13T17:00:00+00:00,KXNFLREC-26SEP13ATLPIT-ATLBROBINSON7-7,KXNFLREC-26SEP13ATLPIT,KXNFLREC,receptions,football_player,Bijan Robinson: 7+ receptions,FIRST_OBSERVED,2026-09-07T12:03:37.314325+00:00,2026-09-07T12:03:37.314325+00:00,0,0.0,0.2,0.8,1.0,market_object,PASS,
2026-09-07T12:03:37.314325+00:00,2026,1,2026_01_ATL_PIT,ATL@PIT,2026-09-13T17:00:00+00:00,KXNFLREC-26SEP13ATLPIT-ATLBROBINSON7-6,KXNFLREC-26SEP13ATLPIT,KXNFLREC,receptions,football_player,Bijan Robinson: 6+ receptions,FIRST_OBSERVED,2026-09-07T12:03:37.314325+00:00,2026-09-07T12:03:37.314325+00:00,0,0.0,0.32,0.6799999999999999,1.0,market_object,PASS,
2026-09-07T12:03:37.314325+00:00,2026,1,2026_01_ATL_PIT,ATL@PIT,2026-09-13T17:00:00+00:00,KXNFLREC-26SEP13ATLPIT-ATLBROBINSON7-5,KXNFLREC-26SEP13ATLPIT,KXNFLREC,receptions,football_player,Bijan Robinson: 5+ receptions,FIRST_OBSERVED,2026-09-07T12:03:37.314325+00:00,2026-09-07T12:03:37.314325+00:00,0,0.42,0.46,0.54,0.5800000000000001,market_object,PASS,
2026-09-07T12:03:37.314325+00:00,2026,1,2026_01_ATL_PIT,ATL@PIT,2026-09-13T17:00:00+00:00,KXNFLREC-26SEP13ATLPIT-ATLBROBINSON7-4,KXNFLREC-26SEP13ATLPIT,KXNFLREC,receptions,football_player,Bijan Robinson: 4+ receptions,FIRST_OBSERVED,2026-09-07T12:03:37.314325+00:00,2026-09-07T12:03:37.314325+00:00,0,0.0,0.66,0.33999999999999997,1.0,market_object,PASS,
2026-09-07T12:03:37.314325+00:00,2026,1,2026_01_ATL_PIT,ATL@PIT,2026-09-13T17:00:00+00:00,KXNFLREC-26SEP13ATLPIT-ATLBROBINSON7-3,KXNFLREC-26SEP13ATLPIT,KXNFLREC,receptions,football_player,Bijan Robinson: 3+ receptions,FIRST_OBSERVED,2026-09-07T12:03:37.314325+00:00,2026-09-07T12:03:37.314325+00:00,0,0.02,0.82,0.18000000000000005,0.98,market_object,PASS,
2026-09-07T12:03:37.314325+00:00,2026,1,2026_01_ATL_PIT,ATL@PIT,2026-09-13T17:00:00+00:00,KXNFLREC-26SEP13ATLPIT-ATLBROBINSON7-2,KXNFLREC-26SEP13ATLPIT,KXNFLREC,receptions,football_player,Bijan Robinson: 2+ receptions,FIRST_OBSERVED,2026-09-07T12:03:37.314325+00:00,2026-09-07T12:03:37.314325+00:00,0,0.0,0.96,0.040000000000000036,1.0,market_object,PASS,
2026-09-07T12:03:37.314325+00:00,2026,1,2026_01_ATL_PIT,ATL@PIT,2026-09-13T17:00:00+00:00,KXNFLREC-26SEP13ATLPIT-ATLBROBINSON7-10,KXNFLREC-26SEP13ATLPIT,KXNFLREC,receptions,football_player,Bijan Robinson: 10+ receptions,FIRST_OBSERVED,2026-09-07T12:03:37.314325+00:00,2026-09-07T12:03:37.314325+00:00,0,0.0,0.05,0.95,1.0,market_object,PASS,
2026-09-07T12:03:37.314325+00:00,2026,1,2026_01_BAL_IND,BAL@IND,2026-09-13T17:00:00+00:00,KXNFLREC-26SEP13BALIND-BALMANDREWS89-9,KXNFLREC-26SEP13BALIND,KXNFLREC,receptions,football_player,Mark Andrews: 9+ receptions,FIRST_OBSERVED,2026-09-07T12:03:37.314325+00:00,2026-09-07T12:03:37.314325+00:00,0,0.0,0.98,0.020000000000000018,1.0,market_object,PASS,
2026-09-07T12:03:37.314325+00:00,2026,1,2026_01_BAL_IND,BAL@IND,2026-09-13T17:00:00+00:00,KXNFLREC-26SEP13BALIND-BALMANDREWS89-8,KXNFLREC-26SEP13BALIND,KXNFLREC,receptions,football_player,Mark Andrews: 8+ receptions,FIRST_OBSERVED,2026-09-07T12:03:37.314325+00:00,2026-09-07T12:03:37.314325+00:00,0,0.0,0.05,0.95,1.0,market_object,PASS,
2026-09-07T12:03:37.314325+00:00,2026,1,2026_01_BAL_IND,BAL@IND,2026-09-13T17:00:00+00:00,KXNFLREC-26SEP13BALIND-BALMANDREWS89-7,KXNFLREC-26SEP13BALIND,KXNFLREC,receptions,football_player,Mark Andrews: 7+ receptions,FIRST_OBSERVED,2026-09-07T12:03:37.314325+00:00,2026-09-07T12:03:37.314325+00:00,0,0.0,0.08,0.92,1.0,market_object,PASS,
2026-09-07T12:03:37.314325+00:00,2026,1,2026_01_BAL_IND,BAL@IND,2026-09-13T17:00:00+00:00,KXNFLREC-26SEP13BALIND-BALMANDREWS89-6,KXNFLREC-26SEP13BALIND,KXNFLREC,receptions,football_player,Mark Andrews: 6+ receptions,FIRST_OBSERVED,2026-09-07T12:03:37.314325+00:00,2026-09-07T12:03:37.314325+00:00,0,0.01,0.15,0.85,0.99,market_object,PASS,
2026-09-07T12:03:37.314325+00:00,2026,1,2026_01_BAL_IND,BAL@IND,2026-09-13T17:00:00+00:00,KXNFLREC-26SEP13BALIND-BALMANDREWS89-5,KXNFLREC-26SEP13BALIND,KXNFLREC,receptions,football_player,Mark Andrews: 5+ receptions,FIRST_OBSERVED,2026-09-07T12:03:37.314325+00:00,2026-09-07T12:03:37.314325+00:00,0,0.0,0.28,0.72,1.0,market_object,PASS,
2026-09-07T12:03:37.314325+00:00,2026,1,2026_01_BAL_IND,BAL@IND,2026-09-13T17:00:00+00:00,KXNFLREC-26SEP13BALIND-BALMANDREWS89-4,KXNFLREC-26SEP13BALIND,KXNFLREC,receptions,football_player,Mark Andrews: 4+ receptions,FIRST_OBSERVED,2026-09-07T12:03:37.314325+00:00,2026-09-07T12:03:37.314325+00:00,0,0.39,0.44,0.56,0.61,market_object,PASS,
2026-09-07T12:03:37.314325+00:00,2026,1,2026_01_BAL_IND,BAL@IND,2026-09-13T17:00:00+00:00,KXNFLREC-26SEP13BALIND-BALMANDREWS89-3,KXNFLREC-26SEP13BALIND,KXNFLREC,receptions,football_player,Mark Andrews: 3+ receptions,FIRST_OBSERVED,2026-09-07T12:03:37.314325+00:00,2026-09-07T12:03:37.314325+00:00,0,0.0,0.67,0.32999999999999996,1.0,market_object,PASS,
2026-09-07T12:03:37.314325+00:00,2026,1,2026_01_BAL_IND,BAL@IND,2026-09-13T17:00:00+00:00,KXNFLREC-26SEP13BALIND-BALMANDREWS89-2,KXNFLREC-26SEP13BALIND,KXNFLREC,receptions,football_player,Mark Andrews: 2+ receptions,FIRST_OBSERVED,2026-09-07T12:03:37.314325+00:00,2026-09-07T12:03:37.314325+00:00,0,0.0,0.87,0.13,1.0,market_object,PASS,
2026-09-07T12:03:37.314325+00:00,2026,1,2026_01_CHI_CAR,CHI@CAR,2026-09-13T17:00:00+00:00,KXNFLREC-26SEP13CHICAR-CHICLOVELAND84-9,KXNFLREC-26SEP13CHICAR,KXNFLREC,receptions,football_player,Colston Loveland: 9+ receptions,FIRST_OBSERVED,2026-09-07T12:03:37.314325+00:00,2026-09-07T12:03:37.314325+00:00,0,0.0,0.09,0.91,1.0,market_object,PASS,
2026-09-07T12:03:37.314325+00:00,2026,1,2026_01_CHI_CAR,CHI@CAR,2026-09-13T17:00:00+00:00,KXNFLREC-26SEP13CHICAR-CHICLOVELAND84-8,KXNFLREC-26SEP13CHICAR,KXNFLREC,receptions,football_player,Colston Loveland: 8+ receptions,FIRST_OBSERVED,2026-09-07T12:03:37.314325+00:00,2026-09-07T12:03:37.314325+00:00,0,0.0,0.14,0.86,1.0,market_object,PASS,
2026-09-07T12:03:37.314325+00:00,2026,1,2026_01_CHI_CAR,CHI@CAR,2026-09-13T17:00:00+00:00,KXNFLREC-26SEP13CHICAR-CHICLOVELAND84-7,KXNFLREC-26SEP13CHICAR,KXNFLREC,receptions,football_player,Colston Loveland: 7+ receptions,FIRST_OBSERVED,2026-09-07T12:03:37.314325+00:00,2026-09-07T12:03:37.314325+00:00,0,0.0,0.22,0.78,1.0,market_object,PASS,
2026-09-07T12:03:37.314325+00:00,2026,1,2026_01_CHI_CAR,CHI@CAR,2026-09-13T17:00:00+00:00,KXNFLREC-26SEP13CHICAR-CHICLOVELAND84-6,KXNFLREC-26SEP13CHICAR,KXNFLREC,receptions,football_player,Colston Loveland: 6+ receptions,FIRST_OBSERVED,2026-09-07T12:03:37.314325+00:00,2026-09-07T12:03:37.314325+00:00,0,0.0,0.34,0.6599999999999999,1.0,market_object,PASS,
2026-09-07T12:03:37.314325+00:00,2026,1,2026_01_CHI_CAR,CHI@CAR,2026-09-13T17:00:00+00:00,KXNFLREC-26SEP13CHICAR-CHICLOVELAND84-5,KXNFLREC-26SEP13CHICAR,KXNFLREC,receptions,football_player,Colston Loveland: 5+ receptions,FIRST_OBSERVED,2026-09-07T12:03:37.314325+00:00,2026-09-07T12:03:37.314325+00:00,0,0.47,0.5,0.5,0.53,market_object,PASS,
2026-09-07T12:03:37.314325+00:00,2026,1,2026_01_CHI_CAR,CHI@CAR,2026-09-13T17:00:00+00:00,KXNFLREC-26SEP13CHICAR-CHICLOVELAND84-4,KXNFLREC-26SEP13CHICAR,KXNFLREC,receptions,football_player,Colston Loveland: 4+ receptions,FIRST_OBSERVED,2026-09-07T12:03:37.314325+00:00,2026-09-07T12:03:37.314325+00:00,0,0.35,0.71,0.29000000000000004,0.65,market_object,PASS,
2026-09-07T12:03:37.314325+00:00,2026,1,2026_01_CHI_CAR,CHI@CAR,2026-09-13T17:00:00+00:00,KXNFLREC-26SEP13CHICAR-CHICLOVELAND84-3,KXNFLREC-26SEP13CHICAR,KXNFLREC,receptions,football_player,Colston Loveland: 3+ receptions,FIRST_OBSERVED,2026-09-07T12:03:37.314325+00:00,2026-09-07T12:03:37.314325+00:00,0,0.35,0.85,0.15000000000000002,0.65,market_object,PASS,
2026-09-07T12:03:37.314325+00:00,2026,1,2026_01_CHI_CAR,CHI@CAR,2026-09-13T17:00:00+00:00,KXNFLREC-26SEP13CHICAR-CHICLOVELAND84-2,KXNFLREC-26SEP13CHICAR,KXNFLREC,receptions,football_player,Colston Loveland: 2+ receptions,FIRST_OBSERVED,2026-09-07T12:03:37.314325+00:00,2026-09-07T12:03:37.314325+00:00,0,0.35,0.96,0.040000000000000036,0.65,market_object,PASS,
2026-09-07T12:03:37.314325+00:00,2026,1,2026_01_CHI_CAR,CHI@CAR,2026-09-13T17:00:00+00:00,KXNFLREC-26SEP13CHICAR-CHICLOVELAND84-10,KXNFLREC-26SEP13CHICAR,KXNFLREC,receptions,football_player,Colston Loveland: 10+ receptions,FIRST_OBSERVED,2026-09-07T12:03:37.314325+00:00,2026-09-07T12:03:37.314325+00:00,0,0.0,0.06,0.94,1.0,market_object,PASS,
2026-09-07T12:03:37.314325+00:00,2026,1,2026_01_CHI_CAR,CHI@CAR,2026-09-13T17:00:00+00:00,KXNFLREC-26SEP13CHICAR-CHICKMET85-5,KXNFLREC-26SEP13CHICAR,KXNFLREC,receptions,football_player,Cole Kmet: 5+ receptions,FIRST_OBSERVED,2026-09-07T12:03:37.314325+00:00,2026-09-07T12:03:37.314325+00:00,0,0.0,0.07,0.9299999999999999,1.0,market_object,PASS,
2026-09-07T12:03:37.314325+00:00,2026,1,2026_01_CHI_CAR,CHI@CAR,2026-09-13T17:00:00+00:00,KXNFLREC-26SEP13CHICAR-CHICKMET85-4,KXNFLREC-26SEP13CHICAR,KXNFLREC,receptions,football_player,Cole Kmet: 4+ receptions,FIRST_OBSERVED,2026-09-07T12:03:37.314325+00:00,2026-09-07T12:03:37.314325+00:00,0,0.0,0.14,0.86,1.0,market_object,PASS,
2026-09-07T12:03:37.314325+00:00,2026,1,2026_01_CHI_CAR,CHI@CAR,2026-09-13T17:00:00+00:00,KXNFLREC-26SEP13CHICAR-CHICKMET85-3,KXNFLREC-26SEP13CHICAR,KXNFLREC,receptions,football_player,Cole Kmet: 3+ receptions,FIRST_OBSERVED,2026-09-07T12:03:37.314325+00:00,2026-09-07T12:03:37.314325+00:00,0,0.0,0.3,0.7,1.0,market_object,PASS,
2026-09-07T12:03:37.314325+00:00,2026,1,2026_01_CHI_CAR,CHI@CAR,2026-09-13T17:00:00+00:00,KXNFLREC-26SEP13CHICAR-CHICKMET85-2,KXNFLREC-26SEP13CHICAR,KXNFLREC,receptions,football_player,Cole Kmet: 2+ receptions,FIRST_OBSERVED,2026-09-07T12:03:37.314325+00:00,2026-09-07T12:03:37.314325+00:00,0,0.51,0.55,0.44999999999999996,0.49,market_object,PASS,
2026-09-07T12:03:37.314325+00:00,2026,1,2026_01_CHI_CAR,CHI@CAR,2026-09-13T17:00:00+00:00,KXNFLREC-26SEP13CHICAR-CARTMCMILLAN4-9,KXNFLREC-26SEP13CHICAR,KXNFLREC,receptions,football_player,Tetairoa McMillan: 9+ receptions,FIRST_OBSERVED,2026-09-07T12:03:37.314325+00:00,2026-09-07T12:03:37.314325+00:00,0,0.0,0.09,0.91,1.0,market_object,PASS,
2026-09-07T12:03:37.314325+00:00,2026,1,2026_01_CHI_CAR,CHI@CAR,2026-09-13T17:00:00+00:00,KXNFLREC-26SEP13CHICAR-CARTMCMILLAN4-8,KXNFLREC-26SEP13CHICAR,KXNFLREC,receptions,football_player,Tetairoa McMillan: 8+ receptions,FIRST_OBSERVED,2026-09-07T12:03:37.314325+00:00,2026-09-07T12:03:37.314325+00:00,0,0.0,0.14,0.86,1.0,market_object,PASS,
2026-09-07T12:03:37.314325+00:00,2026,1,2026_01_CHI_CAR,CHI@CAR,2026-09-13T17:00:00+00:00,KXNFLREC-26SEP13CHICAR-CARTMCMILLAN4-7,KXNFLREC-26SEP13CHICAR,KXNFLREC,receptions,football_player,Tetairoa McMillan: 7+ receptions,FIRST_OBSERVED,2026-09-07T12:03:37.314325+00:00,2026-09-07T12:03:37.314325+00:00,0,0.01,0.23,0.77,0.99,market_object,PASS,
2026-09-07T12:03:37.314325+00:00,2026,1,2026_01_CHI_CAR,CHI@CAR,2026-09-13T17:00:00+00:00,KXNFLREC-26SEP13CHICAR-CARTMCMILLAN4-6,KXNFLREC-26SEP13CHICAR,KXNFLREC,receptions,football_player,Tetairoa McMillan: 6+ receptions,FIRST_OBSERVED,2026-09-07T12:03:37.314325+00:00,2026-09-07T12:03:37.314325+00:00,0,0.0,0.35,0.65,1.0,market_object,PASS,
2026-09-07T12:03:37.314325+00:00,2026,1,2026_01_CHI_CAR,CHI@CAR,2026-09-13T17:00:00+00:00,KXNFLREC-26SEP13CHICAR-CARTMCMILLAN4-5,KXNFLREC-26SEP13CHICAR,KXNFLREC,receptions,football_player,Tetairoa McMillan: 5+ receptions,FIRST_OBSERVED,2026-09-07T12:03:37.314325+00:00,2026-09-07T12:03:37.314325+00:00,0,0.48,0.5,0.5,0.52,market_object,PASS,
2026-09-07T12:03:37.314325+00:00,2026,1,2026_01_CHI_CAR,CHI@CAR,2026-09-13T17:00:00+00:00,KXNFLREC-26SEP13CHICAR-CARTMCMILLAN4-4,KXNFLREC-26SEP13CHICAR,KXNFLREC,receptions,football_player,Tetairoa McMillan: 4+ receptions,FIRST_OBSERVED,2026-09-07T12:03:37.314325+00:00,2026-09-07T12:03:37.314325+00:00,0,0.36,0.7,0.30000000000000004,0.64,market_object,PASS,
2026-09-07T12:03:37.314325+00:00,2026,1,2026_01_CHI_CAR,CHI@CAR,2026-09-13T17:00:00+00:00,KXNFLREC-26SEP13CHICAR-CARTMCMILLAN4-3,KXNFLREC-26SEP13CHICAR,KXNFLREC,receptions,football_player,Tetairoa McMillan: 3+ receptions,FIRST_OBSERVED,2026-09-07T12:03:37.314325+00:00,2026-09-07T12:03:37.314325+00:00,0,0.36,0.86,0.14,0.64,market_object,PASS,
2026-09-07T12:03:37.314325+00:00,2026,1,2026_01_CHI_CAR,CHI@CAR,2026-09-13T17:00:00+00:00,KXNFLREC-26SEP13CHICAR-CARTMCMILLAN4-2,KXNFLREC-26SEP13CHICAR,KXNFLREC,receptions,football_player,Tetairoa McMillan: 2+ receptions,FIRST_OBSERVED,2026-09-07T12:03:37.314325+00:00,2026-09-07T12:03:37.314325+00:00,0,0.36,0.97,0.030000000000000027,0.64,market_object,PASS,
2026-09-07T12:03:37.314325+00:00,2026,1,2026_01_CHI_CAR,CHI@CAR,2026-09-13T17:00:00+00:00,KXNFLREC-26SEP13CHICAR-CARTMCMILLAN4-11,KXNFLREC-26SEP13CHICAR,KXNFLREC,receptions,football_player,Tetairoa McMillan: 11+ receptions,FIRST_OBSERVED,2026-09-07T12:03:37.314325+00:00,2026-09-07T12:03:37.314325+00:00,0,0.0,0.04,0.96,1.0,market_object,PASS,
2026-09-07T12:03:37.314325+00:00,2026,1,2026_01_CHI_CAR,CHI@CAR,2026-09-13T17:00:00+00:00,KXNFLREC-26SEP13CHICAR-CARTMCMILLAN4-10,KXNFLREC-26SEP13CHICAR,KXNFLREC,receptions,football_player,Tetairoa McMillan: 10+ receptions,FIRST_OBSERVED,2026-09-07T12:03:37.314325+00:00,2026-09-07T12:03:37.314325+00:00,0,0.0,0.05,0.95,1.0,market_object,PASS,
2026-09-07T12:03:37.314325+00:00,2026,1,2026_01_CHI_CAR,CHI@CAR,2026-09-13T17:00:00+00:00,KXNFLREC-26SEP13CHICAR-CARJCOKER18-9,KXNFLREC-26SEP13CHICAR,KXNFLREC,receptions,football_player,Jalen Coker: 9+ receptions,FIRST_OBSERVED,2026-09-07T12:03:37.314325+00:00,2026-09-07T12:03:37.314325+00:00,0,0.0,0.05,0.95,1.0,market_object,PASS,
2026-09-07T12:03:37.314325+00:00,2026,1,2026_01_CHI_CAR,CHI@CAR,2026-09-13T17:00:00+00:00,KXNFLREC-26SEP13CHICAR-CARJCOKER18-8,KXNFLREC-26SEP13CHICAR,KXNFLREC,receptions,football_player,Jalen Coker: 8+ receptions,FIRST_OBSERVED,2026-09-07T12:03:37.314325+00:00,2026-09-07T12:03:37.314325+00:00,0,0.0,0.08,0.92,1.0,market_object,PASS,
2026-09-07T12:03:37.314325+00:00,2026,1,2026_01_CHI_CAR,CHI@CAR,2026-09-13T17:00:00+00:00,KXNFLREC-26SEP13CHICAR-CARJCOKER18-7,KXNFLREC-26SEP13CHICAR,KXNFLREC,receptions,football_player,Jalen Coker: 7+ receptions,FIRST_OBSERVED,2026-09-07T12:03:37.314325+00:00,2026-09-07T12:03:37.314325+00:00,0,0.0,0.14,0.86,1.0,market_object,PASS,
2026-09-07T12:03:37.314325+00:00,2026,1,2026_01_CHI_CAR,CHI@CAR,2026-09-13T17:00:00+00:00,KXNFLREC-26SEP13CHICAR-CARJCOKER18-6,KXNFLREC-26SEP13CHICAR,KXNFLREC,receptions,football_player,Jalen Coker: 6+ receptions,FIRST_OBSERVED,2026-09-07T12:03:37.314325+00:00,2026-09-07T12:03:37.314325+00:00,0,0.0,0.22,0.78,1.0,market_object,PASS,
2026-09-07T12:03:37.314325+00:00,2026,1,2026_01_CHI_CAR,CHI@CAR,2026-09-13T17:00:00+00:00,KXNFLREC-26SEP13CHICAR-CARJCOKER18-5,KXNFLREC-26SEP13CHICAR,KXNFLREC,receptions,football_player,Jalen Coker: 5+ receptions,FIRST_OBSERVED,2026-09-07T12:03:37.314325+00:00,2026-09-07T12:03:37.314325+00:00,0,0.0,0.36,0.64,1.0,market_object,PASS,
2026-09-07T12:03:37.314325+00:00,2026,1,2026_01_CHI_CAR,CHI@CAR,2026-09-13T17:00:00+00:00,KXNFLREC-26SEP13CHICAR-CARJCOKER18-4,KXNFLREC-26SEP13CHICAR,KXNFLREC,receptions,football_player,Jalen Coker: 4+ receptions,FIRST_OBSERVED,2026-09-07T12:03:37.314325+00:00,2026-09-07T12:03:37.314325+00:00,0,0.52,0.54,0.45999999999999996,0.48,market_object,PASS,
2026-09-07T12:03:37.314325+00:00,2026,1,2026_01_CHI_CAR,CHI@CAR,2026-09-13T17:00:00+00:00,KXNFLREC-26SEP13CHICAR-CARJCOKER18-3,KXNFLREC-26SEP13CHICAR,KXNFLREC,receptions,football_player,Jalen Coker: 3+ receptions,FIRST_OBSERVED,2026-09-07T12:03:37.314325+00:00,2026-09-07T12:03:37.314325+00:00,0,0.43,0.75,0.25,0.5700000000000001,market_object,PASS,
2026-09-07T12:03:37.314325+00:00,2026,1,2026_01_CHI_CAR,CHI@CAR,2026-09-13T17:00:00+00:00,KXNFLREC-26SEP13CHICAR-CARJCOKER18-2,KXNFLREC-26SEP13CHICAR,KXNFLREC,receptions,football_player,Jalen Coker: 2+ receptions,FIRST_OBSERVED,2026-09-07T12:03:37.314325+00:00,2026-09-07T12:03:37.314325+00:00,0,0.4,0.92,0.07999999999999996,0.6,market_object,PASS,
2026-09-07T12:03:37.314325+00:00,2026,1,2026_01_NE_SEA,NE@SEA,2026-09-10T00:20:00+00:00,KXNFLREC-26SEP09NESEA-SEAJPRICE8-5,KXNFLREC-26SEP09NESEA,KXNFLREC,receptions,football_player,Jadarian Price: 5+ receptions,FIRST_OBSERVED,2026-09-07T12:03:37.314325+00:00,2026-09-07T12:03:37.314325+00:00,0,0.0,0.08,0.92,1.0,market_object,PASS,
2026-09-07T12:03:37.314325+00:00,2026,1,2026_01_NE_SEA,NE@SEA,2026-09-10T00:20:00+00:00,KXNFLREC-26SEP09NESEA-SEAJPRICE8-4,KXNFLREC-26SEP09NESEA,KXNFLREC,receptions,football_player,Jadarian Price: 4+ receptions,FIRST_OBSERVED,2026-09-07T12:03:37.314325+00:00,2026-09-07T12:03:37.314325+00:00,0,0.0,0.12,0.88,1.0,market_object,PASS,
2026-09-07T12:03:37.314325+00:00,2026,1,2026_01_NE_SEA,NE@SEA,2026-09-10T00:20:00+00:00,KXNFLREC-26SEP09NESEA-SEAJPRICE8-3,KXNFLREC-26SEP09NESEA,KXNFLREC,receptions,football_player,Jadarian Price: 3+ receptions,FIRST_OBSERVED,2026-09-07T12:03:37.314325+00:00,2026-09-07T12:03:37.314325+00:00,0,0.02,0.24,0.76,0.98,market_object,PASS,
2026-09-07T12:03:37.314325+00:00,2026,1,2026_01_NE_SEA,NE@SEA,2026-09-10T00:20:00+00:00,KXNFLREC-26SEP09NESEA-SEAJPRICE8-2,KXNFLREC-26SEP09NESEA,KXNFLREC,receptions,football_player,Jadarian Price: 2+ receptions,FIRST_OBSERVED,2026-09-07T12:03:37.314325+00:00,2026-09-07T12:03:37.314325+00:00,0,0.43,0.44,0.56,0.5700000000000001,market_object,PASS,
2026-09-07T12:03:37.314325+00:00,2026,1,2026_01_SF_LA,SF@LAR,2026-09-11T00:35:00+00:00,KXNFLREC-26SEP10SFLAR-LARDADAMS17-11,KXNFLREC-26SEP10SFLAR,KXNFLREC,receptions,football_player,Davante Adams: 11+ receptions,FIRST_OBSERVED,2026-09-07T12:03:37.314325+00:00,2026-09-07T12:03:37.314325+00:00,0,0.0,0.03,0.97,1.0,market_object,PASS,
2026-09-07T12:03:37.314325+00:00,2026,1,2026_01_SF_LA,SF@LAR,2026-09-11T00:35:00+00:00,KXNFLREC-26SEP10SFLAR-LARDADAMS17-10,KXNFLREC-26SEP10SFLAR,KXNFLREC,receptions,football_player,Davante Adams: 10+ receptions,FIRST_OBSERVED,2026-09-07T12:03:37.314325+00:00,2026-09-07T12:03:37.314325+00:00,0,0.0,0.06,0.94,1.0,market_object,PASS,
2026-09-07T12:03:37.314325+00:00,2026,1,2026_01_SF_LA,SF@LAR,2026-09-11T00:35:00+00:00,KXNFLREC-26SEP10SFLAR-LARDADAMS17-9,KXNFLREC-26SEP10SFLAR,KXNFLREC,receptions,football_player,Davante Adams: 9+ receptions,FIRST_OBSERVED,2026-09-07T12:03:37.314325+00:00,2026-09-07T12:03:37.314325+00:00,0,0.0,0.1,0.9,1.0,market_object,PASS,
2026-09-07T12:03:37.314325+00:00,2026,1,2026_01_SF_LA,SF@LAR,2026-09-11T00:35:00+00:00,KXNFLREC-26SEP10SFLAR-LARDADAMS17-8,KXNFLREC-26SEP10SFLAR,KXNFLREC,receptions,football_player,Davante Adams: 8+ receptions,FIRST_OBSERVED,2026-09-07T12:03:37.314325+00:00,2026-09-07T12:03:37.314325+00:00,0,0.0,0.14,0.86,1.0,market_object,PASS,
2026-09-07T12:03:37.314325+00:00,2026,1,2026_01_SF_LA,SF@LAR,2026-09-11T00:35:00+00:00,KXNFLREC-26SEP10SFLAR-LARDADAMS17-7,KXNFLREC-26SEP10SFLAR,KXNFLREC,receptions,football_player,Davante Adams: 7+ receptions,FIRST_OBSERVED,2026-09-07T12:03:37.314325+00:00,2026-09-07T12:03:37.314325+00:00,0,0.01,0.21,0.79,0.99,market_object,PASS,
2026-09-07T12:03:37.314325+00:00,2026,1,2026_01_SF_LA,SF@LAR,2026-09-11T00:35:00+00:00,KXNFLREC-26SEP10SFLAR-LARDADAMS17-6,KXNFLREC-26SEP10SFLAR,KXNFLREC,receptions,football_player,Davante Adams: 6+ receptions,FIRST_OBSERVED,2026-09-07T12:03:37.314325+00:00,2026-09-07T12:03:37.314325+00:00,0,0.01,0.33,0.6699999999999999,0.99,market_object,PASS,
2026-09-07T12:03:37.314325+00:00,2026,1,2026_01_SF_LA,SF@LAR,2026-09-11T00:35:00+00:00,KXNFLREC-26SEP10SFLAR-LARDADAMS17-5,KXNFLREC-26SEP10SFLAR,KXNFLREC,receptions,football_player,Davante Adams: 5+ receptions,FIRST_OBSERVED,2026-09-07T12:03:37.314325+00:00,2026-09-07T12:03:37.314325+00:00,0,0.44,0.45,0.55,0.56,market_object,PASS,
2026-09-07T12:03:37.314325+00:00,2026,1,2026_01_SF_LA,SF@LAR,2026-09-11T00:35:00+00:00,KXNFLREC-26SEP10SFLAR-LARDADAMS17-4,KXNFLREC-26SEP10SFLAR,KXNFLREC,receptions,football_player,Davante Adams: 4+ receptions,FIRST_OBSERVED,2026-09-07T12:03:37.314325+00:00,2026-09-07T12:03:37.314325+00:00,0,0.33,0.65,0.35,0.6699999999999999,market_object,PASS,
2026-09-07T12:03:37.314325+00:00,2026,1,2026_01_SF_LA,SF@LAR,2026-09-11T00:35:00+00:00,KXNFLREC-26SEP10SFLAR-LARDADAMS17-3,KXNFLREC-26SEP10SFLAR,KXNFLREC,receptions,football_player,Davante Adams: 3+ receptions,FIRST_OBSERVED,2026-09-07T12:03:37.314325+00:00,2026-09-07T12:03:37.314325+00:00,0,0.33,0.81,0.18999999999999995,0.6699999999999999,market_object,PASS,
2026-09-07T12:03:37.314325+00:00,2026,1,2026_01_SF_LA,SF@LAR,2026-09-11T00:35:00+00:00,KXNFLREC-26SEP10SFLAR-LARDADAMS17-2,KXNFLREC-26SEP10SFLAR,KXNFLREC,receptions,football_player,Davante Adams: 2+ receptions,FIRST_OBSERVED,2026-09-07T12:03:37.314325+00:00,2026-09-07T12:03:37.314325+00:00,0,0.35,0.94,0.06000000000000005,0.65,market_object,PASS,
2026-09-07T12:03:37.314325+00:00,2026,1,2026_01_SF_LA,SF@LAR,2026-09-11T00:35:00+00:00,KXNFLREC-26SEP10SFLAR-LARCPARKINSON84-7,KXNFLREC-26SEP10SFLAR,KXNFLREC,receptions,football_player,Colby Parkinson: 7+ receptions,FIRST_OBSERVED,2026-09-07T12:03:37.314325+00:00,2026-09-07T12:03:37.314325+00:00,0,0.0,0.03,0.97,1.0,market_object,PASS,
2026-09-07T12:03:37.314325+00:00,2026,1,2026_01_SF_LA,SF@LAR,2026-09-11T00:35:00+00:00,KXNFLREC-26SEP10SFLAR-LARCPARKINSON84-6,KXNFLREC-26SEP10SFLAR,KXNFLREC,receptions,football_player,Colby Parkinson: 6+ receptions,FIRST_OBSERVED,2026-09-07T12:03:37.314325+00:00,2026-09-07T12:03:37.314325+00:00,0,0.0,0.07,0.9299999999999999,1.0,market_object,PASS,
2026-09-07T12:03:37.314325+00:00,2026,1,2026_01_SF_LA,SF@LAR,2026-09-11T00:35:00+00:00,KXNFLREC-26SEP10SFLAR-LARCPARKINSON84-5,KXNFLREC-26SEP10SFLAR,KXNFLREC,receptions,football_player,Colby Parkinson: 5+ receptions,FIRST_OBSERVED,2026-09-07T12:03:37.314325+00:00,2026-09-07T12:03:37.314325+00:00,0,0.01,0.13,0.87,0.99,market_object,PASS,
2026-09-07T12:03:37.314325+00:00,2026,1,2026_01_SF_LA,SF@LAR,2026-09-11T00:35:00+00:00,KXNFLREC-26SEP10SFLAR-LARCPARKINSON84-4,KXNFLREC-26SEP10SFLAR,KXNFLREC,receptions,football_player,Colby Parkinson: 4+ receptions,FIRST_OBSERVED,2026-09-07T12:03:37.314325+00:00,2026-09-07T12:03:37.314325+00:00,0,0.01,0.23,0.77,0.99,market_object,PASS,
2026-09-07T12:03:37.314325+00:00,2026,1,2026_01_SF_LA,SF@LAR,2026-09-11T00:35:00+00:00,KXNFLREC-26SEP10SFLAR-LARCPARKINSON84-3,KXNFLREC-26SEP10SFLAR,KXNFLREC,receptions,football_player,Colby Parkinson: 3+ receptions,FIRST_OBSERVED,2026-09-07T12:03:37.314325+00:00,2026-09-07T12:03:37.314325+00:00,0,0.4,0.41,0.5900000000000001,0.6,market_object,PASS,
2026-09-07T12:03:37.314325+00:00,2026,1,2026_01_SF_LA,SF@LAR,2026-09-11T00:35:00+00:00,KXNFLREC-26SEP10SFLAR-LARCPARKINSON84-2,KXNFLREC-26SEP10SFLAR,KXNFLREC,receptions,football_player,Colby Parkinson: 2+ receptions,FIRST_OBSERVED,2026-09-07T12:03:37.314325+00:00,2026-09-07T12:03:37.314325+00:00,0,0.29,0.69,0.31000000000000005,0.71,market_object,PASS,
2026-09-07T12:03:37.314325+00:00,2026,1,2026_01_SF_LA,SF@LAR,2026-09-11T00:35:00+00:00,KXNFLREC-26SEP10SFLAR-LARKWILLIAMS23-4,KXNFLREC-26SEP10SFLAR,KXNFLREC,receptions,football_player,Kyren Williams: 4+ receptions,FIRST_OBSERVED,2026-09-07T12:03:37.314325+00:00,2026-09-07T12:03:37.314325+00:00,0,0.02,0.14,0.86,0.98,market_object,PASS,
2026-09-07T12:03:37.314325+00:00,2026,1,2026_01_SF_LA,SF@LAR,2026-09-11T00:35:00+00:00,KXNFLREC-26SEP10SFLAR-LARKWILLIAMS23-3,KXNFLREC-26SEP10SFLAR,KXNFLREC,receptions,football_player,Kyren Williams: 3+ receptions,FIRST_OBSERVED,2026-09-07T12:03:37.314325+00:00,2026-09-07T12:03:37.314325+00:00,0,0.01,0.32,0.6799999999999999,0.99,market_object,PASS,
2026-09-07T12:03:37.314325+00:00,2026,1,2026_01_SF_LA,SF@LAR,2026-09-11T00:35:00+00:00,KXNFLREC-26SEP10SFLAR-LARKWILLIAMS23-2,KXNFLREC-26SEP10SFLAR,KXNFLREC,receptions,football_player,Kyren Williams: 2+ receptions,FIRST_OBSERVED,2026-09-07T12:03:37.314325+00:00,2026-09-07T12:03:37.314325+00:00,0,0.55,0.58,0.42000000000000004,0.44999999999999996,market_object,PASS,
2026-09-07T12:03:37.314325+00:00,2026,1,2026_01_NE_SEA,NE@SEA,2026-09-10T00:20:00+00:00,KXNFLREC-26SEP09NESEA-NEDDOUGLAS3-6,KXNFLREC-26SEP09NESEA,KXNFLREC,receptions,football_player,DeMario Douglas: 6+ receptions,FIRST_OBSERVED,2026-09-07T12:03:37.314325+00:00,2026-09-07T12:03:37.314325+00:00,0,0.0,0.06,0.94,1.0,market_object,PASS,
2026-09-07T12:03:37.314325+00:00,2026,1,2026_01_NE_SEA,NE@SEA,2026-09-10T00:20:00+00:00,KXNFLREC-26SEP09NESEA-NEDDOUGLAS3-5,KXNFLREC-26SEP09NESEA,KXNFLREC,receptions,football_player,DeMario Douglas: 5+ receptions,FIRST_OBSERVED,2026-09-07T12:03:37.314325+00:00,2026-09-07T12:03:37.314325+00:00,0,0.0,0.1,0.9,1.0,market_object,PASS,
2026-09-07T12:03:37.314325+00:00,2026,1,2026_01_NE_SEA,NE@SEA,2026-09-10T00:20:00+00:00,KXNFLREC-26SEP09NESEA-NEDDOUGLAS3-4,KXNFLREC-26SEP09NESEA,KXNFLREC,receptions,football_player,DeMario Douglas: 4+ receptions,FIRST_OBSERVED,2026-09-07T12:03:37.314325+00:00,2026-09-07T12:03:37.314325+00:00,0,0.12,0.16,0.84,0.88,market_object,PASS,
2026-09-07T12:03:37.314325+00:00,2026,1,2026_01_NE_SEA,NE@SEA,2026-09-10T00:20:00+00:00,KXNFLREC-26SEP09NESEA-NEDDOUGLAS3-3,KXNFLREC-26SEP09NESEA,KXNFLREC,receptions,football_player,DeMario Douglas: 3+ receptions,FIRST_OBSERVED,2026-09-07T12:03:37.314325+00:00,2026-09-07T12:03:37.314325+00:00,0,0.11,0.35,0.65,0.89,market_object,PASS,
2026-09-07T12:03:37.314325+00:00,2026,1,2026_01_NE_SEA,NE@SEA,2026-09-10T00:20:00+00:00,KXNFLREC-26SEP09NESEA-NEDDOUGLAS3-2,KXNFLREC-26SEP09NESEA,KXNFLREC,receptions,football_player,DeMario Douglas: 2+ receptions,FIRST_OBSERVED,2026-09-07T12:03:37.314325+00:00,2026-09-07T12:03:37.314325+00:00,0,0.58,0.6,0.4,0.42000000000000004,market_object,PASS,
2026-09-07T12:03:37.314325+00:00,2026,1,2026_01_NE_SEA,NE@SEA,2026-09-10T00:20:00+00:00,KXNFLREC-26SEP09NESEA-NEHHENRY85-8,KXNFLREC-26SEP09NESEA,KXNFLREC,receptions,football_player,Hunter Henry: 8+ receptions,FIRST_OBSERVED,2026-09-07T12:03:37.314325+00:00,2026-09-07T12:03:37.314325+00:00,0,0.0,0.04,0.96,1.0,market_object,PASS,
2026-09-07T12:03:37.314325+00:00,2026,1,2026_01_NE_SEA,NE@SEA,2026-09-10T00:20:00+00:00,KXNFLREC-26SEP09NESEA-NEHHENRY85-7,KXNFLREC-26SEP09NESEA,KXNFLREC,receptions,football_player,Hunter Henry: 7+ receptions,FIRST_OBSERVED,2026-09-07T12:03:37.314325+00:00,2026-09-07T12:03:37.314325+00:00,0,0.0,0.08,0.92,1.0,market_object,PASS,
2026-09-07T12:03:37.314325+00:00,2026,1,2026_01_NE_SEA,NE@SEA,2026-09-10T00:20:00+00:00,KXNFLREC-26SEP09NESEA-NEHHENRY85-6,KXNFLREC-26SEP09NESEA,KXNFLREC,receptions,football_player,Hunter Henry: 6+ receptions,FIRST_OBSERVED,2026-09-07T12:03:37.314325+00:00,2026-09-07T12:03:37.314325+00:00,0,0.0,0.14,0.86,1.0,market_object,PASS,
2026-09-07T12:03:37.314325+00:00,2026,1,2026_01_NE_SEA,NE@SEA,2026-09-10T00:20:00+00:00,KXNFLREC-26SEP09NESEA-NEHHENRY85-5,KXNFLREC-26SEP09NESEA,KXNFLREC,receptions,football_player,Hunter Henry: 5+ receptions,FIRST_OBSERVED,2026-09-07T12:03:37.314325+00:00,2026-09-07T12:03:37.314325+00:00,0,0.02,0.24,0.76,0.98,market_object,PASS,
2026-09-07T12:03:37.314325+00:00,2026,1,2026_01_NE_SEA,NE@SEA,2026-09-10T00:20:00+00:00,KXNFLREC-26SEP09NESEA-NEHHENRY85-4,KXNFLREC-26SEP09NESEA,KXNFLREC,receptions,football_player,Hunter Henry: 4+ receptions,FIRST_OBSERVED,2026-09-07T12:03:37.314325+00:00,2026-09-07T12:03:37.314325+00:00,0,0.37,0.4,0.6,0.63,market_object,PASS,
2026-09-07T12:03:37.314325+00:00,2026,1,2026_01_NE_SEA,NE@SEA,2026-09-10T00:20:00+00:00,KXNFLREC-26SEP09NESEA-NEHHENRY85-3,KXNFLREC-26SEP09NESEA,KXNFLREC,receptions,football_player,Hunter Henry: 3+ receptions,FIRST_OBSERVED,2026-09-07T12:03:37.314325+00:00,2026-09-07T12:03:37.314325+00:00,0,0.34,0.6,0.4,0.6599999999999999,market_object,PASS,
2026-09-07T12:03:37.314325+00:00,2026,1,2026_01_NE_SEA,NE@SEA,2026-09-10T00:20:00+00:00,KXNFLREC-26SEP09NESEA-NEHHENRY85-2,KXNFLREC-26SEP09NESEA,KXNFLREC,receptions,football_player,Hunter Henry: 2+ receptions,FIRST_OBSERVED,2026-09-07T12:03:37.314325+00:00,2026-09-07T12:03:37.314325+00:00,0,0.29,0.83,0.17000000000000004,0.71,market_object,PASS,
2026-09-07T12:03:37.314325+00:00,2026,1,2026_01_NE_SEA,NE@SEA,2026-09-10T00:20:00+00:00,KXNFLREC-26SEP09NESEA-NERSTEVENSON38-8,KXNFLREC-26SEP09NESEA,KXNFLREC,receptions,football_player,Rhamondre Stevenson: 8+ receptions,FIRST_OBSERVED,2026-09-07T12:03:37.314325+00:00,2026-09-07T12:03:37.314325+00:00,0,0.0,0.04,0.96,1.0,market_object,PASS,
2026-09-07T12:03:37.314325+00:00,2026,1,2026_01_NE_SEA,NE@SEA,2026-09-10T00:20:00+00:00,KXNFLREC-26SEP09NESEA-NERSTEVENSON38-7,KXNFLREC-26SEP09NESEA,KXNFLREC,receptions,football_player,Rhamondre Stevenson: 7+ receptions,FIRST_OBSERVED,2026-09-07T12:03:37.314325+00:00,2026-09-07T12:03:37.314325+00:00,0,0.0,0.07,0.9299999999999999,1.0,market_object,PASS,
2026-09-07T12:03:37.314325+00:00,2026,1,2026_01_NE_SEA,NE@SEA,2026-09-10T00:20:00+00:00,KXNFLREC-26SEP09NESEA-NERSTEVENSON38-6,KXNFLREC-26SEP09NESEA,KXNFLREC,receptions,football_player,Rhamondre Stevenson: 6+ receptions,FIRST_OBSERVED,2026-09-07T12:03:37.314325+00:00,2026-09-07T12:03:37.314325+00:00,0,0.0,0.14,0.86,1.0,market_object,PASS,
2026-09-07T12:03:37.314325+00:00,2026,1,2026_01_NE_SEA,NE@SEA,2026-09-10T00:20:00+00:00,KXNFLREC-26SEP09NESEA-NERSTEVENSON38-5,KXNFLREC-26SEP09NESEA,KXNFLREC,receptions,football_player,Rhamondre Stevenson: 5+ receptions,FIRST_OBSERVED,2026-09-07T12:03:37.314325+00:00,2026-09-07T12:03:37.314325+00:00,0,0.04,0.22,0.78,0.96,market_object,PASS,
2026-09-07T12:03:37.314325+00:00,2026,1,2026_01_NE_SEA,NE@SEA,2026-09-10T00:20:00+00:00,KXNFLREC-26SEP09NESEA-NERSTEVENSON38-4,KXNFLREC-26SEP09NESEA,KXNFLREC,receptions,football_player,Rhamondre Stevenson: 4+ receptions,FIRST_OBSERVED,2026-09-07T12:03:37.314325+00:00,2026-09-07T12:03:37.314325+00:00,0,0.43,0.45,0.55,0.5700000000000001,market_object,PASS,
2026-09-07T12:03:37.314325+00:00,2026,1,2026_01_NE_SEA,NE@SEA,2026-09-10T00:20:00+00:00,KXNFLREC-26SEP09NESEA-NERSTEVENSON38-3,KXNFLREC-26SEP09NESEA,KXNFLREC,receptions,football_player,Rhamondre Stevenson: 3+ receptions,FIRST_OBSERVED,2026-09-07T12:03:37.314325+00:00,2026-09-07T12:03:37.314325+00:00,0,0.6,0.61,0.39,0.4,market_object,PASS,
2026-09-07T12:03:37.314325+00:00,2026,1,2026_01_NE_SEA,NE@SEA,2026-09-10T00:20:00+00:00,KXNFLREC-26SEP09NESEA-NERSTEVENSON38-2,KXNFLREC-26SEP09NESEA,KXNFLREC,receptions,football_player,Rhamondre Stevenson: 2+ receptions,FIRST_OBSERVED,2026-09-07T12:03:37.314325+00:00,2026-09-07T12:03:37.314325+00:00,0,0.51,0.82,0.18000000000000005,0.49,market_object,PASS,
2026-09-07T12:03:37.314325+00:00,2026,1,2026_01_SF_LA,SF@LAR,2026-09-11T00:35:00+00:00,KXNFLREC-26SEP10SFLAR-SFMEVANS5-9,KXNFLREC-26SEP10SFLAR,KXNFLREC,receptions,football_player,Mike Evans: 9+ receptions,FIRST_OBSERVED,2026-09-07T12:03:37.314325+00:00,2026-09-07T12:03:37.314325+00:00,0,0.02,0.04,0.96,0.98,market_object,PASS,
2026-09-07T12:03:37.314325+00:00,2026,1,2026_01_SF_LA,SF@LAR,2026-09-11T00:35:00+00:00,KXNFLREC-26SEP10SFLAR-SFMEVANS5-8,KXNFLREC-26SEP10SFLAR,KXNFLREC,receptions,football_player,Mike Evans: 8+ receptions,FIRST_OBSERVED,2026-09-07T12:03:37.314325+00:00,2026-09-07T12:03:37.314325+00:00,0,0.03,0.05,0.95,0.97,market_object,PASS,
2026-09-07T12:03:37.314325+00:00,2026,1,2026_01_SF_LA,SF@LAR,2026-09-11T00:35:00+00:00,KXNFLREC-26SEP10SFLAR-SFMEVANS5-7,KXNFLREC-26SEP10SFLAR,KXNFLREC,receptions,football_player,Mike Evans: 7+ receptions,FIRST_OBSERVED,2026-09-07T12:03:37.314325+00:00,2026-09-07T12:03:37.314325+00:00,0,0.02,0.1,0.9,0.98,market_object,PASS,
2026-09-07T12:03:37.314325+00:00,2026,1,2026_01_SF_LA,SF@LAR,2026-09-11T00:35:00+00:00,KXNFLREC-26SEP10SFLAR-SFMEVANS5-6,KXNFLREC-26SEP10SFLAR,KXNFLREC,receptions,football_player,Mike Evans: 6+ receptions,FIRST_OBSERVED,2026-09-07T12:03:37.314325+00:00,2026-09-07T12:03:37.314325+00:00,0,0.02,0.21,0.79,0.98,market_object,PASS,
2026-09-07T12:03:37.314325+00:00,2026,1,2026_01_SF_LA,SF@LAR,2026-09-11T00:35:00+00:00,KXNFLREC-26SEP10SFLAR-SFMEVANS5-5,KXNFLREC-26SEP10SFLAR,KXNFLREC,receptions,football_player,Mike Evans: 5+ receptions,FIRST_OBSERVED,2026-09-07T12:03:37.314325+00:00,2026-09-07T12:03:37.314325+00:00,0,0.1,0.34,0.6599999999999999,0.9,market_object,PASS,
2026-09-07T12:03:37.314325+00:00,2026,1,2026_01_SF_LA,SF@LAR,2026-09-11T00:35:00+00:00,KXNFLREC-26SEP10SFLAR-SFMEVANS5-4,KXNFLREC-26SEP10SFLAR,KXNFLREC,receptions,football_player,Mike Evans: 4+ receptions,FIRST_OBSERVED,2026-09-07T12:03:37.314325+00:00,2026-09-07T12:03:37.314325+00:00,0,0.53,0.54,0.45999999999999996,0.47,market_object,PASS,
2026-09-07T12:03:37.314325+00:00,2026,1,2026_01_SF_LA,SF@LAR,2026-09-11T00:35:00+00:00,KXNFLREC-26SEP10SFLAR-SFMEVANS5-3,KXNFLREC-26SEP10SFLAR,KXNFLREC,receptions,football_player,Mike Evans: 3+ receptions,FIRST_OBSERVED,2026-09-07T12:03:37.314325+00:00,2026-09-07T12:03:37.314325+00:00,0,0.42,0.75,0.25,0.5800000000000001,market_object,PASS,
2026-09-07T12:03:37.314325+00:00,2026,1,2026_01_SF_LA,SF@LAR,2026-09-11T00:35:00+00:00,KXNFLREC-26SEP10SFLAR-SFMEVANS5-2,KXNFLREC-26SEP10SFLAR,KXNFLREC,receptions,football_player,Mike Evans: 2+ receptions,FIRST_OBSERVED,2026-09-07T12:03:37.314325+00:00,2026-09-07T12:03:37.314325+00:00,0,0.73,0.92,0.07999999999999996,0.27,market_object,PASS,
2026-09-07T12:03:37.314325+00:00,2026,1,2026_01_SF_LA,SF@LAR,2026-09-11T00:35:00+00:00,KXNFLREC-26SEP10SFLAR-SFMEVANS5-10,KXNFLREC-26SEP10SFLAR,KXNFLREC,receptions,football_player,Mike Evans: 10+ receptions,FIRST_OBSERVED,2026-09-07T12:03:37.314325+00:00,2026-09-07T12:03:37.314325+00:00,0,0.01,0.03,0.97,0.99,market_object,PASS,
2026-09-07T12:03:37.314325+00:00,2026,1,2026_01_SF_LA,SF@LAR,2026-09-11T00:35:00+00:00,KXNFLREC-26SEP10SFLAR-SFDSAMUEL19-8,KXNFLREC-26SEP10SFLAR,KXNFLREC,receptions,football_player,Deebo Samuel Sr.: 8+ receptions,FIRST_OBSERVED,2026-09-07T12:03:37.314325+00:00,2026-09-07T12:03:37.314325+00:00,0,0.01,0.04,0.96,0.99,market_object,PASS,
2026-09-07T12:03:37.314325+00:00,2026,1,2026_01_SF_LA,SF@LAR,2026-09-11T00:35:00+00:00,KXNFLREC-26SEP10SFLAR-SFDSAMUEL19-7,KXNFLREC-26SEP10SFLAR,KXNFLREC,receptions,football_player,Deebo Samuel Sr.: 7+ receptions,FIRST_OBSERVED,2026-09-07T12:03:37.314325+00:00,2026-09-07T12:03:37.314325+00:00,0,0.04,0.06,0.94,0.96,market_object,PASS,
2026-09-07T12:03:37.314325+00:00,2026,1,2026_01_SF_LA,SF@LAR,2026-09-11T00:35:00+00:00,KXNFLREC-26SEP10SFLAR-SFDSAMUEL19-6,KXNFLREC-26SEP10SFLAR,KXNFLREC,receptions,football_player,Deebo Samuel Sr.: 6+ receptions,FIRST_OBSERVED,2026-09-07T12:03:37.314325+00:00,2026-09-07T12:03:37.314325+00:00,0,0.02,0.11,0.89,0.98,market_object,PASS,
2026-09-07T12:03:37.314325+00:00,2026,1,2026_01_SF_LA,SF@LAR,2026-09-11T00:35:00+00:00,KXNFLREC-26SEP10SFLAR-SFDSAMUEL19-5,KXNFLREC-26SEP10SFLAR,KXNFLREC,receptions,football_player,Deebo Samuel Sr.: 5+ receptions,FIRST_OBSERVED,2026-09-07T12:03:37.314325+00:00,2026-09-07T12:03:37.314325+00:00,0,0.1,0.21,0.79,0.9,market_object,PASS,
2026-09-07T12:03:37.314325+00:00,2026,1,2026_01_SF_LA,SF@LAR,2026-09-11T00:35:00+00:00,KXNFLREC-26SEP10SFLAR-SFDSAMUEL19-4,KXNFLREC-26SEP10SFLAR,KXNFLREC,receptions,football_player,Deebo Samuel Sr.: 4+ receptions,FIRST_OBSERVED,2026-09-07T12:03:37.314325+00:00,2026-09-07T12:03:37.314325+00:00,0,0.11,0.35,0.65,0.89,market_object,PASS,
2026-09-07T12:03:37.314325+00:00,2026,1,2026_01_SF_LA,SF@LAR,2026-09-11T00:35:00+00:00,KXNFLREC-26SEP10SFLAR-SFDSAMUEL19-3,KXNFLREC-26SEP10SFLAR,KXNFLREC,receptions,football_player,Deebo Samuel Sr.: 3+ receptions,FIRST_OBSERVED,2026-09-07T12:03:37.314325+00:00,2026-09-07T12:03:37.314325+00:00,0,0.54,0.55,0.44999999999999996,0.45999999999999996,market_object,PASS,
2026-09-07T12:03:37.314325+00:00,2026,1,2026_01_SF_LA,SF@LAR,2026-09-11T00:35:00+00:00,KXNFLREC-26SEP10SFLAR-SFDSAMUEL19-2,KXNFLREC-26SEP10SFLAR,KXNFLREC,receptions,football_player,Deebo Samuel Sr.: 2+ receptions,FIRST_OBSERVED,2026-09-07T12:03:37.314325+00:00,2026-09-07T12:03:37.314325+00:00,0,0.45,0.8,0.19999999999999996,0.55,market_object,PASS,
2026-09-07T12:03:37.314325+00:00,2026,1,2026_01_SF_LA,SF@LAR,2026-09-11T00:35:00+00:00,KXNFLREC-26SEP10SFLAR-SFCMCCAFFREY23-9,KXNFLREC-26SEP10SFLAR,KXNFLREC,receptions,football_player,Christian McCaffrey: 9+ receptions,FIRST_OBSERVED,2026-09-07T12:03:37.314325+00:00,2026-09-07T12:03:37.314325+00:00,0,0.02,0.07,0.9299999999999999,0.98,market_object,PASS,
2026-09-07T12:03:37.314325+00:00,2026,1,2026_01_SF_LA,SF@LAR,2026-09-11T00:35:00+00:00,KXNFLREC-26SEP10SFLAR-SFCMCCAFFREY23-8,KXNFLREC-26SEP10SFLAR,KXNFLREC,receptions,football_player,Christian McCaffrey: 8+ receptions,FIRST_OBSERVED,2026-09-07T12:03:37.314325+00:00,2026-09-07T12:03:37.314325+00:00,0,0.06,0.12,0.88,0.94,market_object,PASS,
2026-09-07T12:03:37.314325+00:00,2026,1,2026_01_SF_LA,SF@LAR,2026-09-11T00:35:00+00:00,KXNFLREC-26SEP10SFLAR-SFCMCCAFFREY23-7,KXNFLREC-26SEP10SFLAR,KXNFLREC,receptions,football_player,Christian McCaffrey: 7+ receptions,FIRST_OBSERVED,2026-09-07T12:03:37.314325+00:00,2026-09-07T12:03:37.314325+00:00,0,0.07,0.2,0.8,0.9299999999999999,market_object,PASS,
2026-09-07T12:03:37.314325+00:00,2026,1,2026_01_SF_LA,SF@LAR,2026-09-11T00:35:00+00:00,KXNFLREC-26SEP10SFLAR-SFCMCCAFFREY23-6,KXNFLREC-26SEP10SFLAR,KXNFLREC,receptions,football_player,Christian McCaffrey: 6+ receptions,FIRST_OBSERVED,2026-09-07T12:03:37.314325+00:00,2026-09-07T12:03:37.314325+00:00,0,0.08,0.34,0.6599999999999999,0.92,market_object,PASS,
2026-09-07T12:03:37.314325+00:00,2026,1,2026_01_SF_LA,SF@LAR,2026-09-11T00:35:00+00:00,KXNFLREC-26SEP10SFLAR-SFCMCCAFFREY23-5,KXNFLREC-26SEP10SFLAR,KXNFLREC,receptions,football_player,Christian McCaffrey: 5+ receptions,FIRST_OBSERVED,2026-09-07T12:03:37.314325+00:00,2026-09-07T12:03:37.314325+00:00,0,0.48,0.49,0.51,0.52,market_object,PASS,
2026-09-07T12:03:37.314325+00:00,2026,1,2026_01_SF_LA,SF@LAR,2026-09-11T00:35:00+00:00,KXNFLREC-26SEP10SFLAR-SFCMCCAFFREY23-4,KXNFLREC-26SEP10SFLAR,KXNFLREC,receptions,football_player,Christian McCaffrey: 4+ receptions,FIRST_OBSERVED,2026-09-07T12:03:37.314325+00:00,2026-09-07T12:03:37.314325+00:00,0,0.39,0.66,0.33999999999999997,0.61,market_object,PASS,
2026-09-07T12:03:37.314325+00:00,2026,1,2026_01_SF_LA,SF@LAR,2026-09-11T00:35:00+00:00,KXNFLREC-26SEP10SFLAR-SFCMCCAFFREY23-3,KXNFLREC-26SEP10SFLAR,KXNFLREC,receptions,football_player,Christian McCaffrey: 3+ receptions,FIRST_OBSERVED,2026-09-07T12:03:37.314325+00:00,2026-09-07T12:03:37.314325+00:00,0,0.39,0.83,0.17000000000000004,0.61,market_object,PASS,
2026-09-07T12:03:37.314325+00:00,2026,1,2026_01_SF_LA,SF@LAR,2026-09-11T00:35:00+00:00,KXNFLREC-26SEP10SFLAR-SFCMCCAFFREY23-2,KXNFLREC-26SEP10SFLAR,KXNFLREC,receptions,football_player,Christian McCaffrey: 2+ receptions,FIRST_OBSERVED,2026-09-07T12:03:37.314325+00:00,2026-09-07T12:03:37.314325+00:00,0,0.45,0.94,0.06000000000000005,0.55,market_object,PASS,
2026-09-07T12:03:37.314325+00:00,2026,1,2026_01_SF_LA,SF@LAR,2026-09-11T00:35:00+00:00,KXNFLREC-26SEP10SFLAR-SFCMCCAFFREY23-10,KXNFLREC-26SEP10SFLAR,KXNFLREC,receptions,football_player,Christian McCaffrey: 10+ receptions,FIRST_OBSERVED,2026-09-07T12:03:37.314325+00:00,2026-09-07T12:03:37.314325+00:00,0,0.02,0.05,0.95,0.98,market_object,PASS,
2026-09-07T12:03:37.314325+00:00,2026,1,2026_01_SF_LA,SF@LAR,2026-09-11T00:35:00+00:00,KXNFLREC-26SEP10SFLAR-LARPNACUA12-9,KXNFLREC-26SEP10SFLAR,KXNFLREC,receptions,football_player,Puka Nacua: 9+ receptions,FIRST_OBSERVED,2026-09-07T12:03:37.314325+00:00,2026-09-07T12:03:37.314325+00:00,0,0.06,0.31,0.69,0.94,market_object,PASS,
2026-09-07T12:03:37.314325+00:00,2026,1,2026_01_SF_LA,SF@LAR,2026-09-11T00:35:00+00:00,KXNFLREC-26SEP10SFLAR-LARPNACUA12-8,KXNFLREC-26SEP10SFLAR,KXNFLREC,receptions,football_player,Puka Nacua: 8+ receptions,FIRST_OBSERVED,2026-09-07T12:03:37.314325+00:00,2026-09-07T12:03:37.314325+00:00,0,0.42,0.44,0.56,0.5800000000000001,market_object,PASS,
2026-09-07T12:03:37.314325+00:00,2026,1,2026_01_SF_LA,SF@LAR,2026-09-11T00:35:00+00:00,KXNFLREC-26SEP10SFLAR-LARPNACUA12-7,KXNFLREC-26SEP10SFLAR,KXNFLREC,receptions,football_player,Puka Nacua: 7+ receptions,FIRST_OBSERVED,2026-09-07T12:03:37.314325+00:00,2026-09-07T12:03:37.314325+00:00,0,0.56,0.59,0.41000000000000003,0.43999999999999995,market_object,PASS,
2026-09-07T12:03:37.314325+00:00,2026,1,2026_01_SF_LA,SF@LAR,2026-09-11T00:35:00+00:00,KXNFLREC-26SEP10SFLAR-LARPNACUA12-6,KXNFLREC-26SEP10SFLAR,KXNFLREC,receptions,football_player,Puka Nacua: 6+ receptions,FIRST_OBSERVED,2026-09-07T12:03:37.314325+00:00,2026-09-07T12:03:37.314325+00:00,0,0.6,0.74,0.26,0.4,market_object,PASS,
2026-09-07T12:03:37.314325+00:00,2026,1,2026_01_SF_LA,SF@LAR,2026-09-11T00:35:00+00:00,KXNFLREC-26SEP10SFLAR-LARPNACUA12-5,KXNFLREC-26SEP10SFLAR,KXNFLREC,receptions,football_player,Puka Nacua: 5+ receptions,FIRST_OBSERVED,2026-09-07T12:03:37.314325+00:00,2026-09-07T12:03:37.314325+00:00,0,0.52,0.85,0.15000000000000002,0.48,market_object,PASS,
2026-09-07T12:03:37.314325+00:00,2026,1,2026_01_SF_LA,SF@LAR,2026-09-11T00:35:00+00:00,KXNFLREC-26SEP10SFLAR-LARPNACUA12-4,KXNFLREC-26SEP10SFLAR,KXNFLREC,receptions,football_player,Puka Nacua: 4+ receptions,FIRST_OBSERVED,2026-09-07T12:03:37.314325+00:00,2026-09-07T12:03:37.314325+00:00,0,0.49,0.93,0.06999999999999995,0.51,market_object,PASS,
2026-09-07T12:03:37.314325+00:00,2026,1,2026_01_SF_LA,SF@LAR,2026-09-11T00:35:00+00:00,KXNFLREC-26SEP10SFLAR-LARPNACUA12-3,KXNFLREC-26SEP10SFLAR,KXNFLREC,receptions,football_player,Puka Nacua: 3+ receptions,FIRST_OBSERVED,2026-09-07T12:03:37.314325+00:00,2026-09-07T12:03:37.314325+00:00,0,0.52,0.98,0.020000000000000018,0.48,market_object,PASS,
2026-09-07T12:03:37.314325+00:00,2026,1,2026_01_SF_LA,SF@LAR,2026-09-11T00:35:00+00:00,KXNFLREC-26SEP10SFLAR-LARPNACUA12-14,KXNFLREC-26SEP10SFLAR,KXNFLREC,receptions,football_player,Puka Nacua: 14+ receptions,FIRST_OBSERVED,2026-09-07T12:03:37.314325+00:00,2026-09-07T12:03:37.314325+00:00,0,0.02,0.03,0.97,0.98,market_object,PASS,
2026-09-07T12:03:37.314325+00:00,2026,1,2026_01_SF_LA,SF@LAR,2026-09-11T00:35:00+00:00,KXNFLREC-26SEP10SFLAR-LARPNACUA12-13,KXNFLREC-26SEP10SFLAR,KXNFLREC,receptions,football_player,Puka Nacua: 13+ receptions,FIRST_OBSERVED,2026-09-07T12:03:37.314325+00:00,2026-09-07T12:03:37.314325+00:00,0,0.03,0.06,0.94,0.97,market_object,PASS,
2026-09-07T12:03:37.314325+00:00,2026,1,2026_01_SF_LA,SF@LAR,2026-09-11T00:35:00+00:00,KXNFLREC-26SEP10SFLAR-LARPNACUA12-12,KXNFLREC-26SEP10SFLAR,KXNFLREC,receptions,football_player,Puka Nacua: 12+ receptions,FIRST_OBSERVED,2026-09-07T12:03:37.314325+00:00,2026-09-07T12:03:37.314325+00:00,0,0.01,0.07,0.9299999999999999,0.99,market_object,PASS,
2026-09-07T12:03:37.314325+00:00,2026,1,2026_01_SF_LA,SF@LAR,2026-09-11T00:35:00+00:00,KXNFLREC-26SEP10SFLAR-LARPNACUA12-11,KXNFLREC-26SEP10SFLAR,KXNFLREC,receptions,football_player,Puka Nacua: 11+ receptions,FIRST_OBSERVED,2026-09-07T12:03:37.314325+00:00,2026-09-07T12:03:37.314325+00:00,0,0.01,0.15,0.85,0.99,market_object,PASS,
2026-09-07T12:03:37.314325+00:00,2026,1,2026_01_SF_LA,SF@LAR,2026-09-11T00:35:00+00:00,KXNFLREC-26SEP10SFLAR-LARPNACUA12-10,KXNFLREC-26SEP10SFLAR,KXNFLREC,receptions,football_player,Puka Nacua: 10+ receptions,FIRST_OBSERVED,2026-09-07T12:03:37.314325+00:00,2026-09-07T12:03:37.314325+00:00,0,0.04,0.22,0.78,0.96,market_object,PASS,
2026-09-07T12:03:37.314325+00:00,2026,1,2026_01_NE_SEA,NE@SEA,2026-09-10T00:20:00+00:00,KXNFLREC-26SEP09NESEA-SEARSHAHEED22-8,KXNFLREC-26SEP09NESEA,KXNFLREC,receptions,football_player,Rashid Shaheed: 8+ receptions,FIRST_OBSERVED,2026-09-07T12:03:37.314325+00:00,2026-09-07T12:03:37.314325+00:00,0,0.01,0.03,0.97,0.99,market_object,PASS,
2026-09-07T12:03:37.314325+00:00,2026,1,2026_01_NE_SEA,NE@SEA,2026-09-10T00:20:00+00:00,KXNFLREC-26SEP09NESEA-SEARSHAHEED22-7,KXNFLREC-26SEP09NESEA,KXNFLREC,receptions,football_player,Rashid Shaheed: 7+ receptions,FIRST_OBSERVED,2026-09-07T12:03:37.314325+00:00,2026-09-07T12:03:37.314325+00:00,0,0.02,0.05,0.95,0.98,market_object,PASS,
2026-09-07T12:03:37.314325+00:00,2026,1,2026_01_NE_SEA,NE@SEA,2026-09-10T00:20:00+00:00,KXNFLREC-26SEP09NESEA-SEARSHAHEED22-6,KXNFLREC-26SEP09NESEA,KXNFLREC,receptions,football_player,Rashid Shaheed: 6+ receptions,FIRST_OBSERVED,2026-09-07T12:03:37.314325+00:00,2026-09-07T12:03:37.314325+00:00,0,0.03,0.09,0.91,0.97,market_object,PASS,
2026-09-07T12:03:37.314325+00:00,2026,1,2026_01_NE_SEA,NE@SEA,2026-09-10T00:20:00+00:00,KXNFLREC-26SEP09NESEA-SEARSHAHEED22-5,KXNFLREC-26SEP09NESEA,KXNFLREC,receptions,football_player,Rashid Shaheed: 5+ receptions,FIRST_OBSERVED,2026-09-07T12:03:37.314325+00:00,2026-09-07T12:03:37.314325+00:00,0,0.04,0.16,0.84,0.96,market_object,PASS,
2026-09-07T12:03:37.314325+00:00,2026,1,2026_01_NE_SEA,NE@SEA,2026-09-10T00:20:00+00:00,KXNFLREC-26SEP09NESEA-SEARSHAHEED22-4,KXNFLREC-26SEP09NESEA,KXNFLREC,receptions,football_player,Rashid Shaheed: 4+ receptions,FIRST_OBSERVED,2026-09-07T12:03:37.314325+00:00,2026-09-07T12:03:37.314325+00:00,0,0.03,0.28,0.72,0.97,market_object,PASS,
2026-09-07T12:03:37.314325+00:00,2026,1,2026_01_NE_SEA,NE@SEA,2026-09-10T00:20:00+00:00,KXNFLREC-26SEP09NESEA-SEARSHAHEED22-3,KXNFLREC-26SEP09NESEA,KXNFLREC,receptions,football_player,Rashid Shaheed: 3+ receptions,FIRST_OBSERVED,2026-09-07T12:03:37.314325+00:00,2026-09-07T12:03:37.314325+00:00,0,0.46,0.47,0.53,0.54,market_object,PASS,
2026-09-07T12:03:37.314325+00:00,2026,1,2026_01_NE_SEA,NE@SEA,2026-09-10T00:20:00+00:00,KXNFLREC-26SEP09NESEA-SEARSHAHEED22-2,KXNFLREC-26SEP09NESEA,KXNFLREC,receptions,football_player,Rashid Shaheed: 2+ receptions,FIRST_OBSERVED,2026-09-07T12:03:37.314325+00:00,2026-09-07T12:03:37.314325+00:00,0,0.35,0.71,0.29000000000000004,0.65,market_object,PASS,
2026-09-07T12:03:37.314325+00:00,2026,1,2026_01_NE_SEA,NE@SEA,2026-09-10T00:20:00+00:00,KXNFLREC-26SEP09NESEA-SEAJSMITHNJIGBA11-9,KXNFLREC-26SEP09NESEA,KXNFLREC,receptions,football_player,Jaxon Smith-Njigba: 9+ receptions,FIRST_OBSERVED,2026-09-07T12:03:37.314325+00:00,2026-09-07T12:03:37.314325+00:00,0,0.12,0.22,0.78,0.88,market_object,PASS,
2026-09-07T12:03:37.314325+00:00,2026,1,2026_01_NE_SEA,NE@SEA,2026-09-10T00:20:00+00:00,KXNFLREC-26SEP09NESEA-SEAJSMITHNJIGBA11-8,KXNFLREC-26SEP09NESEA,KXNFLREC,receptions,football_player,Jaxon Smith-Njigba: 8+ receptions,FIRST_OBSERVED,2026-09-07T12:03:37.314325+00:00,2026-09-07T12:03:37.314325+00:00,0,0.21,0.34,0.6599999999999999,0.79,market_object,PASS,
2026-09-07T12:03:37.314325+00:00,2026,1,2026_01_NE_SEA,NE@SEA,2026-09-10T00:20:00+00:00,KXNFLREC-26SEP09NESEA-SEAJSMITHNJIGBA11-7,KXNFLREC-26SEP09NESEA,KXNFLREC,receptions,football_player,Jaxon Smith-Njigba: 7+ receptions,FIRST_OBSERVED,2026-09-07T12:03:37.314325+00:00,2026-09-07T12:03:37.314325+00:00,0,0.44,0.45,0.55,0.56,market_object,PASS,
2026-09-07T12:03:37.314325+00:00,2026,1,2026_01_NE_SEA,NE@SEA,2026-09-10T00:20:00+00:00,KXNFLREC-26SEP09NESEA-SEAJSMITHNJIGBA11-6,KXNFLREC-26SEP09NESEA,KXNFLREC,receptions,football_player,Jaxon Smith-Njigba: 6+ receptions,FIRST_OBSERVED,2026-09-07T12:03:37.314325+00:00,2026-09-07T12:03:37.314325+00:00,0,0.53,0.65,0.35,0.47,market_object,PASS,
2026-09-07T12:03:37.314325+00:00,2026,1,2026_01_NE_SEA,NE@SEA,2026-09-10T00:20:00+00:00,KXNFLREC-26SEP09NESEA-SEAJSMITHNJIGBA11-5,KXNFLREC-26SEP09NESEA,KXNFLREC,receptions,football_player,Jaxon Smith-Njigba: 5+ receptions,FIRST_OBSERVED,2026-09-07T12:03:37.314325+00:00,2026-09-07T12:03:37.314325+00:00,0,0.63,0.77,0.22999999999999998,0.37,market_object,PASS,
2026-09-07T12:03:37.314325+00:00,2026,1,2026_01_NE_SEA,NE@SEA,2026-09-10T00:20:00+00:00,KXNFLREC-26SEP09NESEA-SEAJSMITHNJIGBA11-4,KXNFLREC-26SEP09NESEA,KXNFLREC,receptions,football_player,Jaxon Smith-Njigba: 4+ receptions,FIRST_OBSERVED,2026-09-07T12:03:37.314325+00:00,2026-09-07T12:03:37.314325+00:00,0,0.55,0.89,0.10999999999999999,0.44999999999999996,market_object,PASS,
2026-09-07T12:03:37.314325+00:00,2026,1,2026_01_NE_SEA,NE@SEA,2026-09-10T00:20:00+00:00,KXNFLREC-26SEP09NESEA-SEAJSMITHNJIGBA11-3,KXNFLREC-26SEP09NESEA,KXNFLREC,receptions,football_player,Jaxon Smith-Njigba: 3+ receptions,FIRST_OBSERVED,2026-09-07T12:03:37.314325+00:00,2026-09-07T12:03:37.314325+00:00,0,0.63,0.96,0.040000000000000036,0.37,market_object,PASS,
2026-09-07T12:03:37.314325+00:00,2026,1,2026_01_NE_SEA,NE@SEA,2026-09-10T00:20:00+00:00,KXNFLREC-26SEP09NESEA-SEAJSMITHNJIGBA11-14,KXNFLREC-26SEP09NESEA,KXNFLREC,receptions,football_player,Jaxon Smith-Njigba: 14+ receptions,FIRST_OBSERVED,2026-09-07T12:03:37.314325+00:00,2026-09-07T12:03:37.314325+00:00,0,0.01,0.06,0.94,0.99,market_object,PASS,
2026-09-07T12:03:37.314325+00:00,2026,1,2026_01_NE_SEA,NE@SEA,2026-09-10T00:20:00+00:00,KXNFLREC-26SEP09NESEA-SEAJSMITHNJIGBA11-13,KXNFLREC-26SEP09NESEA,KXNFLREC,receptions,football_player,Jaxon Smith-Njigba: 13+ receptions,FIRST_OBSERVED,2026-09-07T12:03:37.314325+00:00,2026-09-07T12:03:37.314325+00:00,0,0.01,0.03,0.97,0.99,market_object,PASS,
2026-09-07T12:03:37.314325+00:00,2026,1,2026_01_NE_SEA,NE@SEA,2026-09-10T00:20:00+00:00,KXNFLREC-26SEP09NESEA-SEAJSMITHNJIGBA11-12,KXNFLREC-26SEP09NESEA,KXNFLREC,receptions,football_player,Jaxon Smith-Njigba: 12+ receptions,FIRST_OBSERVED,2026-09-07T12:03:37.314325+00:00,2026-09-07T12:03:37.314325+00:00,0,0.02,0.05,0.95,0.98,market_object,PASS,
2026-09-07T12:03:37.314325+00:00,2026,1,2026_01_NE_SEA,NE@SEA,2026-09-10T00:20:00+00:00,KXNFLREC-26SEP09NESEA-SEAJSMITHNJIGBA11-11,KXNFLREC-26SEP09NESEA,KXNFLREC,receptions,football_player,Jaxon Smith-Njigba: 11+ receptions,FIRST_OBSERVED,2026-09-07T12:03:37.314325+00:00,2026-09-07T12:03:37.314325+00:00,0,0.01,0.07,0.9299999999999999,0.99,market_object,PASS,
2026-09-07T12:03:37.314325+00:00,2026,1,2026_01_NE_SEA,NE@SEA,2026-09-10T00:20:00+00:00,KXNFLREC-26SEP09NESEA-SEAJSMITHNJIGBA11-10,KXNFLREC-26SEP09NESEA,KXNFLREC,receptions,football_player,Jaxon Smith-Njigba: 10+ receptions,FIRST_OBSERVED,2026-09-07T12:03:37.314325+00:00,2026-09-07T12:03:37.314325+00:00,0,0.04,0.14,0.86,0.96,market_object,PASS,
2026-09-07T12:03:37.314325+00:00,2026,1,2026_01_NE_SEA,NE@SEA,2026-09-10T00:20:00+00:00,KXNFLREC-26SEP09NESEA-SEACKUPP10-8,KXNFLREC-26SEP09NESEA,KXNFLREC,receptions,football_player,Cooper Kupp: 8+ receptions,FIRST_OBSERVED,2026-09-07T12:03:37.314325+00:00,2026-09-07T12:03:37.314325+00:00,0,0.01,0.03,0.97,0.99,market_object,PASS,
2026-09-07T12:03:37.314325+00:00,2026,1,2026_01_NE_SEA,NE@SEA,2026-09-10T00:20:00+00:00,KXNFLREC-26SEP09NESEA-SEACKUPP10-7,KXNFLREC-26SEP09NESEA,KXNFLREC,receptions,football_player,Cooper Kupp: 7+ receptions,FIRST_OBSERVED,2026-09-07T12:03:37.314325+00:00,2026-09-07T12:03:37.314325+00:00,0,0.02,0.05,0.95,0.98,market_object,PASS,
2026-09-07T12:03:37.314325+00:00,2026,1,2026_01_NE_SEA,NE@SEA,2026-09-10T00:20:00+00:00,KXNFLREC-26SEP09NESEA-SEACKUPP10-6,KXNFLREC-26SEP09NESEA,KXNFLREC,receptions,football_player,Cooper Kupp: 6+ receptions,FIRST_OBSERVED,2026-09-07T12:03:37.314325+00:00,2026-09-07T12:03:37.314325+00:00,0,0.01,0.09,0.91,0.99,market_object,PASS,
2026-09-07T12:03:37.314325+00:00,2026,1,2026_01_NE_SEA,NE@SEA,2026-09-10T00:20:00+00:00,KXNFLREC-26SEP09NESEA-SEACKUPP10-5,KXNFLREC-26SEP09NESEA,KXNFLREC,receptions,football_player,Cooper Kupp: 5+ receptions,FIRST_OBSERVED,2026-09-07T12:03:37.314325+00:00,2026-09-07T12:03:37.314325+00:00,0,0.04,0.17,0.83,0.96,market_object,PASS,
2026-09-07T12:03:37.314325+00:00,2026,1,2026_01_NE_SEA,NE@SEA,2026-09-10T00:20:00+00:00,KXNFLREC-26SEP09NESEA-SEACKUPP10-4,KXNFLREC-26SEP09NESEA,KXNFLREC,receptions,football_player,Cooper Kupp: 4+ receptions,FIRST_OBSERVED,2026-09-07T12:03:37.314325+00:00,2026-09-07T12:03:37.314325+00:00,0,0.08,0.33,0.6699999999999999,0.92,market_object,PASS,
2026-09-07T12:03:37.314325+00:00,2026,1,2026_01_NE_SEA,NE@SEA,2026-09-10T00:20:00+00:00,KXNFLREC-26SEP09NESEA-SEACKUPP10-3,KXNFLREC-26SEP09NESEA,KXNFLREC,receptions,football_player,Cooper Kupp: 3+ receptions,FIRST_OBSERVED,2026-09-07T12:03:37.314325+00:00,2026-09-07T12:03:37.314325+00:00,0,0.56,0.57,0.43000000000000005,0.43999999999999995,market_object,PASS,
2026-09-07T12:03:37.314325+00:00,2026,1,2026_01_NE_SEA,NE@SEA,2026-09-10T00:20:00+00:00,KXNFLREC-26SEP09NESEA-SEACKUPP10-2,KXNFLREC-26SEP09NESEA,KXNFLREC,receptions,football_player,Cooper Kupp: 2+ receptions,FIRST_OBSERVED,2026-09-07T12:03:37.314325+00:00,2026-09-07T12:03:37.314325+00:00,0,0.51,0.79,0.20999999999999996,0.49,market_object,PASS,
2026-09-07T12:03:37.314325+00:00,2026,1,2026_01_NE_SEA,NE@SEA,2026-09-10T00:20:00+00:00,KXNFLREC-26SEP09NESEA-SEAABARNER88-8,KXNFLREC-26SEP09NESEA,KXNFLREC,receptions,football_player,AJ Barner: 8+ receptions,FIRST_OBSERVED,2026-09-07T12:03:37.314325+00:00,2026-09-07T12:03:37.314325+00:00,0,0.01,0.03,0.97,0.99,market_object,PASS,
2026-09-07T12:03:37.314325+00:00,2026,1,2026_01_NE_SEA,NE@SEA,2026-09-10T00:20:00+00:00,KXNFLREC-26SEP09NESEA-SEAABARNER88-7,KXNFLREC-26SEP09NESEA,KXNFLREC,receptions,football_player,AJ Barner: 7+ receptions,FIRST_OBSERVED,2026-09-07T12:03:37.314325+00:00,2026-09-07T12:03:37.314325+00:00,0,0.02,0.03,0.97,0.98,market_object,PASS,
2026-09-07T12:03:37.314325+00:00,2026,1,2026_01_NE_SEA,NE@SEA,2026-09-10T00:20:00+00:00,KXNFLREC-26SEP09NESEA-SEAABARNER88-6,KXNFLREC-26SEP09NESEA,KXNFLREC,receptions,football_player,AJ Barner: 6+ receptions,FIRST_OBSERVED,2026-09-07T12:03:37.314325+00:00,2026-09-07T12:03:37.314325+00:00,0,0.04,0.1,0.9,0.96,market_object,PASS,
2026-09-07T12:03:37.314325+00:00,2026,1,2026_01_NE_SEA,NE@SEA,2026-09-10T00:20:00+00:00,KXNFLREC-26SEP09NESEA-SEAABARNER88-5,KXNFLREC-26SEP09NESEA,KXNFLREC,receptions,football_player,AJ Barner: 5+ receptions,FIRST_OBSERVED,2026-09-07T12:03:37.314325+00:00,2026-09-07T12:03:37.314325+00:00,0,0.02,0.2,0.8,0.98,market_object,PASS,
2026-09-07T12:03:37.314325+00:00,2026,1,2026_01_NE_SEA,NE@SEA,2026-09-10T00:20:00+00:00,KXNFLREC-26SEP09NESEA-SEAABARNER88-4,KXNFLREC-26SEP09NESEA,KXNFLREC,receptions,football_player,AJ Barner: 4+ receptions,FIRST_OBSERVED,2026-09-07T12:03:37.314325+00:00,2026-09-07T12:03:37.314325+00:00,0,0.04,0.35,0.65,0.96,market_object,PASS,
2026-09-07T12:03:37.314325+00:00,2026,1,2026_01_NE_SEA,NE@SEA,2026-09-10T00:20:00+00:00,KXNFLREC-26SEP09NESEA-SEAABARNER88-3,KXNFLREC-26SEP09NESEA,KXNFLREC,receptions,football_player,AJ Barner: 3+ receptions,FIRST_OBSERVED,2026-09-07T12:03:37.314325+00:00,2026-09-07T12:03:37.314325+00:00,0,0.55,0.58,0.42000000000000004,0.44999999999999996,market_object,PASS,
2026-09-07T12:03:37.314325+00:00,2026,1,2026_01_NE_SEA,NE@SEA,2026-09-10T00:20:00+00:00,KXNFLREC-26SEP09NESEA-SEAABARNER88-2,KXNFLREC-26SEP09NESEA,KXNFLREC,receptions,football_player,AJ Barner: 2+ receptions,FIRST_OBSERVED,2026-09-07T12:03:37.314325+00:00,2026-09-07T12:03:37.314325+00:00,0,0.44,0.8,0.19999999999999996,0.56,market_object,PASS,
2026-09-07T12:03:37.314325+00:00,2026,1,2026_01_NE_SEA,NE@SEA,2026-09-10T00:20:00+00:00,KXNFLREC-26SEP09NESEA-NEABROWN1-9,KXNFLREC-26SEP09NESEA,KXNFLREC,receptions,football_player,A.J. Brown: 9+ receptions,FIRST_OBSERVED,2026-09-07T12:03:37.314325+00:00,2026-09-07T12:03:37.314325+00:00,0,0.01,0.1,0.9,0.99,market_object,PASS,
2026-09-07T12:03:37.314325+00:00,2026,1,2026_01_NE_SEA,NE@SEA,2026-09-10T00:20:00+00:00,KXNFLREC-26SEP09NESEA-NEABROWN1-8,KXNFLREC-26SEP09NESEA,KXNFLREC,receptions,football_player,A.J. Brown: 8+ receptions,FIRST_OBSERVED,2026-09-07T12:03:37.314325+00:00,2026-09-07T12:03:37.314325+00:00,0,0.01,0.16,0.84,0.99,market_object,PASS,
2026-09-07T12:03:37.314325+00:00,2026,1,2026_01_NE_SEA,NE@SEA,2026-09-10T00:20:00+00:00,KXNFLREC-26SEP09NESEA-NEABROWN1-7,KXNFLREC-26SEP09NESEA,KXNFLREC,receptions,football_player,A.J. Brown: 7+ receptions,FIRST_OBSERVED,2026-09-07T12:03:37.314325+00:00,2026-09-07T12:03:37.314325+00:00,0,0.04,0.27,0.73,0.96,market_object,PASS,
2026-09-07T12:03:37.314325+00:00,2026,1,2026_01_NE_SEA,NE@SEA,2026-09-10T00:20:00+00:00,KXNFLREC-26SEP09NESEA-NEABROWN1-6,KXNFLREC-26SEP09NESEA,KXNFLREC,receptions,football_player,A.J. Brown: 6+ receptions,FIRST_OBSERVED,2026-09-07T12:03:37.314325+00:00,2026-09-07T12:03:37.314325+00:00,0,0.36,0.39,0.61,0.64,market_object,PASS,
2026-09-07T12:03:37.314325+00:00,2026,1,2026_01_NE_SEA,NE@SEA,2026-09-10T00:20:00+00:00,KXNFLREC-26SEP09NESEA-NEABROWN1-5,KXNFLREC-26SEP09NESEA,KXNFLREC,receptions,football_player,A.J. Brown: 5+ receptions,FIRST_OBSERVED,2026-09-07T12:03:37.314325+00:00,2026-09-07T12:03:37.314325+00:00,0,0.56,0.57,0.43000000000000005,0.43999999999999995,market_object,PASS,
2026-09-07T12:03:37.314325+00:00,2026,1,2026_01_NE_SEA,NE@SEA,2026-09-10T00:20:00+00:00,KXNFLREC-26SEP09NESEA-NEABROWN1-4,KXNFLREC-26SEP09NESEA,KXNFLREC,receptions,football_player,A.J. Brown: 4+ receptions,FIRST_OBSERVED,2026-09-07T12:03:37.314325+00:00,2026-09-07T12:03:37.314325+00:00,0,0.57,0.75,0.25,0.43000000000000005,market_object,PASS,
2026-09-07T12:03:37.314325+00:00,2026,1,2026_01_NE_SEA,NE@SEA,2026-09-10T00:20:00+00:00,KXNFLREC-26SEP09NESEA-NEABROWN1-3,KXNFLREC-26SEP09NESEA,KXNFLREC,receptions,football_player,A.J. Brown: 3+ receptions,FIRST_OBSERVED,2026-09-07T12:03:37.314325+00:00,2026-09-07T12:03:37.314325+00:00,0,0.6,0.88,0.12,0.4,market_object,PASS,
2026-09-07T12:03:37.314325+00:00,2026,1,2026_01_NE_SEA,NE@SEA,2026-09-10T00:20:00+00:00,KXNFLREC-26SEP09NESEA-NEABROWN1-2,KXNFLREC-26SEP09NESEA,KXNFLREC,receptions,football_player,A.J. Brown: 2+ receptions,FIRST_OBSERVED,2026-09-07T12:03:37.314325+00:00,2026-09-07T12:03:37.314325+00:00,0,0.78,0.97,0.030000000000000027,0.21999999999999997,market_object,PASS,
2026-09-07T12:03:37.314325+00:00,2026,1,2026_01_NE_SEA,NE@SEA,2026-09-10T00:20:00+00:00,KXNFLREC-26SEP09NESEA-NEABROWN1-11,KXNFLREC-26SEP09NESEA,KXNFLREC,receptions,football_player,A.J. Brown: 11+ receptions,FIRST_OBSERVED,2026-09-07T12:03:37.314325+00:00,2026-09-07T12:03:37.314325+00:00,0,0.02,0.03,0.97,0.98,market_object,PASS,
2026-09-07T12:03:37.314325+00:00,2026,1,2026_01_NE_SEA,NE@SEA,2026-09-10T00:20:00+00:00,KXNFLREC-26SEP09NESEA-NEABROWN1-10,KXNFLREC-26SEP09NESEA,KXNFLREC,receptions,football_player,A.J. Brown: 10+ receptions,FIRST_OBSERVED,2026-09-07T12:03:37.314325+00:00,2026-09-07T12:03:37.314325+00:00,0,0.02,0.04,0.96,0.98,market_object,PASS,
2026-09-07T12:03:37.314325+00:00,2026,1,2026_01_DEN_KC,DEN@KC,2026-09-15T00:15:00+00:00,KXNFLRSHYDS-26SEP14DENKC-KCKWALKER9-90,KXNFLRSHYDS-26SEP14DENKC,KXNFLRSHYDS,rushing_yards,football_player,Kenneth Walker III: 90+ rushing yards,FIRST_OBSERVED,2026-09-07T12:03:37.314325+00:00,2026-09-07T12:03:37.314325+00:00,0,0.02,0.24,0.76,0.98,market_object,PASS,
2026-09-07T12:03:37.314325+00:00,2026,1,2026_01_DEN_KC,DEN@KC,2026-09-15T00:15:00+00:00,KXNFLRSHYDS-26SEP14DENKC-KCKWALKER9-80,KXNFLRSHYDS-26SEP14DENKC,KXNFLRSHYDS,rushing_yards,football_player,Kenneth Walker III: 80+ rushing yards,FIRST_OBSERVED,2026-09-07T12:03:37.314325+00:00,2026-09-07T12:03:37.314325+00:00,0,0.02,0.32,0.6799999999999999,0.98,market_object,PASS,
2026-09-07T12:03:37.314325+00:00,2026,1,2026_01_DEN_KC,DEN@KC,2026-09-15T00:15:00+00:00,KXNFLRSHYDS-26SEP14DENKC-KCKWALKER9-70,KXNFLRSHYDS-26SEP14DENKC,KXNFLRSHYDS,rushing_yards,football_player,Kenneth Walker III: 70+ rushing yards,FIRST_OBSERVED,2026-09-07T12:03:37.314325+00:00,2026-09-07T12:03:37.314325+00:00,0,0.02,0.41,0.5900000000000001,0.98,market_object,PASS,
2026-09-07T12:03:37.314325+00:00,2026,1,2026_01_DEN_KC,DEN@KC,2026-09-15T00:15:00+00:00,KXNFLRSHYDS-26SEP14DENKC-KCKWALKER9-65,KXNFLRSHYDS-26SEP14DENKC,KXNFLRSHYDS,rushing_yards,football_player,Kenneth Walker III: 65+ rushing yards,FIRST_OBSERVED,2026-09-07T12:03:37.314325+00:00,2026-09-07T12:03:37.314325+00:00,0,0.02,0.9,0.09999999999999998,0.98,market_object,PASS,
2026-09-07T12:03:37.314325+00:00,2026,1,2026_01_DEN_KC,DEN@KC,2026-09-15T00:15:00+00:00,KXNFLRSHYDS-26SEP14DENKC-KCKWALKER9-60,KXNFLRSHYDS-26SEP14DENKC,KXNFLRSHYDS,rushing_yards,football_player,Kenneth Walker III: 60+ rushing yards,FIRST_OBSERVED,2026-09-07T12:03:37.314325+00:00,2026-09-07T12:03:37.314325+00:00,0,0.48,0.51,0.49,0.52,market_object,PASS,
2026-09-07T12:03:37.314325+00:00,2026,1,2026_01_DEN_KC,DEN@KC,2026-09-15T00:15:00+00:00,KXNFLRSHYDS-26SEP14DENKC-KCKWALKER9-50,KXNFLRSHYDS-26SEP14DENKC,KXNFLRSHYDS,rushing_yards,football_player,Kenneth Walker III: 50+ rushing yards,FIRST_OBSERVED,2026-09-07T12:03:37.314325+00:00,2026-09-07T12:03:37.314325+00:00,0,0.02,0.68,0.31999999999999995,0.98,market_object,PASS,
2026-09-07T12:03:37.314325+00:00,2026,1,2026_01_DEN_KC,DEN@KC,2026-09-15T00:15:00+00:00,KXNFLRSHYDS-26SEP14DENKC-KCKWALKER9-40,KXNFLRSHYDS-26SEP14DENKC,KXNFLRSHYDS,rushing_yards,football_player,Kenneth Walker III: 40+ rushing yards,FIRST_OBSERVED,2026-09-07T12:03:37.314325+00:00,2026-09-07T12:03:37.314325+00:00,0,0.02,0.8,0.19999999999999996,0.98,market_object,PASS,
2026-09-07T12:03:37.314325+00:00,2026,1,2026_01_DEN_KC,DEN@KC,2026-09-15T00:15:00+00:00,KXNFLRSHYDS-26SEP14DENKC-KCKWALKER9-140,KXNFLRSHYDS-26SEP14DENKC,KXNFLRSHYDS,rushing_yards,football_player,Kenneth Walker III: 140+ rushing yards,FIRST_OBSERVED,2026-09-07T12:03:37.314325+00:00,2026-09-07T12:03:37.314325+00:00,0,0.02,0.05,0.95,0.98,market_object,PASS,
2026-09-07T12:03:37.314325+00:00,2026,1,2026_01_DEN_KC,DEN@KC,2026-09-15T00:15:00+00:00,KXNFLRSHYDS-26SEP14DENKC-KCKWALKER9-130,KXNFLRSHYDS-26SEP14DENKC,KXNFLRSHYDS,rushing_yards,football_player,Kenneth Walker III: 130+ rushing yards,FIRST_OBSERVED,2026-09-07T12:03:37.314325+00:00,2026-09-07T12:03:37.314325+00:00,0,0.02,0.06,0.94,0.98,market_object,PASS,
2026-09-07T12:03:37.314325+00:00,2026,1,2026_01_DEN_KC,DEN@KC,2026-09-15T00:15:00+00:00,KXNFLRSHYDS-26SEP14DENKC-KCKWALKER9-120,KXNFLRSHYDS-26SEP14DENKC,KXNFLRSHYDS,rushing_yards,football_player,Kenneth Walker III: 120+ rushing yards,FIRST_OBSERVED,2026-09-07T12:03:37.314325+00:00,2026-09-07T12:03:37.314325+00:00,0,0.02,0.09,0.91,0.98,market_object,PASS,
2026-09-07T12:03:37.314325+00:00,2026,1,2026_01_DEN_KC,DEN@KC,2026-09-15T00:15:00+00:00,KXNFLRSHYDS-26SEP14DENKC-KCKWALKER9-110,KXNFLRSHYDS-26SEP14DENKC,KXNFLRSHYDS,rushing_yards,football_player,Kenneth Walker III: 110+ rushing yards,FIRST_OBSERVED,2026-09-07T12:03:37.314325+00:00,2026-09-07T12:03:37.314325+00:00,0,0.02,0.11,0.89,0.98,market_object,PASS,
2026-09-07T12:03:37.314325+00:00,2026,1,2026_01_DEN_KC,DEN@KC,2026-09-15T00:15:00+00:00,KXNFLRSHYDS-26SEP14DENKC-KCKWALKER9-100,KXNFLRSHYDS-26SEP14DENKC,KXNFLRSHYDS,rushing_yards,football_player,Kenneth Walker III: 100+ rushing yards,FIRST_OBSERVED,2026-09-07T12:03:37.314325+00:00,2026-09-07T12:03:37.314325+00:00,0,0.02,0.18,0.8200000000000001,0.98,market_object,PASS,
2026-09-07T12:03:37.314325+00:00,2026,1,2026_01_DEN_KC,DEN@KC,2026-09-15T00:15:00+00:00,KXNFLRSHYDS-26SEP14DENKC-DENJDOBBINS27-90,KXNFLRSHYDS-26SEP14DENKC,KXNFLRSHYDS,rushing_yards,football_player,J.K. Dobbins: 90+ rushing yards,FIRST_OBSERVED,2026-09-07T12:03:37.314325+00:00,2026-09-07T12:03:37.314325+00:00,0,0.02,0.14,0.86,0.98,market_object,PASS,
2026-09-07T12:03:37.314325+00:00,2026,1,2026_01_DEN_KC,DEN@KC,2026-09-15T00:15:00+00:00,KXNFLRSHYDS-26SEP14DENKC-DENJDOBBINS27-80,KXNFLRSHYDS-26SEP14DENKC,KXNFLRSHYDS,rushing_yards,football_player,J.K. Dobbins: 80+ rushing yards,FIRST_OBSERVED,2026-09-07T12:03:37.314325+00:00,2026-09-07T12:03:37.314325+00:00,0,0.02,0.2,0.8,0.98,market_object,PASS,
2026-09-07T12:03:37.314325+00:00,2026,1,2026_01_DEN_KC,DEN@KC,2026-09-15T00:15:00+00:00,KXNFLRSHYDS-26SEP14DENKC-DENJDOBBINS27-70,KXNFLRSHYDS-26SEP14DENKC,KXNFLRSHYDS,rushing_yards,football_player,J.K. Dobbins: 70+ rushing yards,FIRST_OBSERVED,2026-09-07T12:03:37.314325+00:00,2026-09-07T12:03:37.314325+00:00,0,0.02,0.28,0.72,0.98,market_object,PASS,
2026-09-07T12:03:37.314325+00:00,2026,1,2026_01_DEN_KC,DEN@KC,2026-09-15T00:15:00+00:00,KXNFLRSHYDS-26SEP14DENKC-DENJDOBBINS27-60,KXNFLRSHYDS-26SEP14DENKC,KXNFLRSHYDS,rushing_yards,football_player,J.K. Dobbins: 60+ rushing yards,FIRST_OBSERVED,2026-09-07T12:03:37.314325+00:00,2026-09-07T12:03:37.314325+00:00,0,0.02,0.39,0.61,0.98,market_object,PASS,
2026-09-07T12:03:37.314325+00:00,2026,1,2026_01_DEN_KC,DEN@KC,2026-09-15T00:15:00+00:00,KXNFLRSHYDS-26SEP14DENKC-DENJDOBBINS27-50,KXNFLRSHYDS-26SEP14DENKC,KXNFLRSHYDS,rushing_yards,football_player,J.K. Dobbins: 50+ rushing yards,FIRST_OBSERVED,2026-09-07T12:03:37.314325+00:00,2026-09-07T12:03:37.314325+00:00,0,0.47,0.52,0.48,0.53,market_object,PASS,
2026-09-07T12:03:37.314325+00:00,2026,1,2026_01_DEN_KC,DEN@KC,2026-09-15T00:15:00+00:00,KXNFLRSHYDS-26SEP14DENKC-DENJDOBBINS27-40,KXNFLRSHYDS-26SEP14DENKC,KXNFLRSHYDS,rushing_yards,football_player,J.K. Dobbins: 40+ rushing yards,FIRST_OBSERVED,2026-09-07T12:03:37.314325+00:00,2026-09-07T12:03:37.314325+00:00,0,0.02,0.67,0.32999999999999996,0.98,market_object,PASS,
2026-09-07T12:03:37.314325+00:00,2026,1,2026_01_DEN_KC,DEN@KC,2026-09-15T00:15:00+00:00,KXNFLRSHYDS-26SEP14DENKC-DENJDOBBINS27-30,KXNFLRSHYDS-26SEP14DENKC,KXNFLRSHYDS,rushing_yards,football_player,J.K. Dobbins: 30+ rushing yards,FIRST_OBSERVED,2026-09-07T12:03:37.314325+00:00,2026-09-07T12:03:37.314325+00:00,0,0.02,0.81,0.18999999999999995,0.98,market_object,PASS,
2026-09-07T12:03:37.314325+00:00,2026,1,2026_01_DEN_KC,DEN@KC,2026-09-15T00:15:00+00:00,KXNFLRSHYDS-26SEP14DENKC-DENJDOBBINS27-25,KXNFLRSHYDS-26SEP14DENKC,KXNFLRSHYDS,rushing_yards,football_player,J.K. Dobbins: 25+ rushing yards,FIRST_OBSERVED,2026-09-07T12:03:37.314325+00:00,2026-09-07T12:03:37.314325+00:00,0,0.26,0.87,0.13,0.74,market_object,PASS,
2026-09-07T12:03:37.314325+00:00,2026,1,2026_01_DEN_KC,DEN@KC,2026-09-15T00:15:00+00:00,KXNFLRSHYDS-26SEP14DENKC-DENJDOBBINS27-110,KXNFLRSHYDS-26SEP14DENKC,KXNFLRSHYDS,rushing_yards,football_player,J.K. Dobbins: 110+ rushing yards,FIRST_OBSERVED,2026-09-07T12:03:37.314325+00:00,2026-09-07T12:03:37.314325+00:00,0,0.02,0.07,0.9299999999999999,0.98,market_object,PASS,
2026-09-07T12:03:37.314325+00:00,2026,1,2026_01_DEN_KC,DEN@KC,2026-09-15T00:15:00+00:00,KXNFLRSHYDS-26SEP14DENKC-DENJDOBBINS27-100,KXNFLRSHYDS-26SEP14DENKC,KXNFLRSHYDS,rushing_yards,football_player,J.K. Dobbins: 100+ rushing yards,FIRST_OBSERVED,2026-09-07T12:03:37.314325+00:00,2026-09-07T12:03:37.314325+00:00,0,0.02,0.09,0.91,0.98,market_object,PASS,
2026-09-07T12:03:37.314325+00:00,2026,1,2026_01_DEN_KC,DEN@KC,2026-09-15T00:15:00+00:00,KXNFLRSHYDS-26SEP14DENKC-DENBNIX10-60,KXNFLRSHYDS-26SEP14DENKC,KXNFLRSHYDS,rushing_yards,football_player,Bo Nix: 60+ rushing yards,FIRST_OBSERVED,2026-09-07T12:03:37.314325+00:00,2026-09-07T12:03:37.314325+00:00,0,0.02,0.04,0.96,0.98,market_object,PASS,
2026-09-07T12:03:37.314325+00:00,2026,1,2026_01_DEN_KC,DEN@KC,2026-09-15T00:15:00+00:00,KXNFLRSHYDS-26SEP14DENKC-DENBNIX10-50,KXNFLRSHYDS-26SEP14DENKC,KXNFLRSHYDS,rushing_yards,football_player,Bo Nix: 50+ rushing yards,FIRST_OBSERVED,2026-09-07T12:03:37.314325+00:00,2026-09-07T12:03:37.314325+00:00,0,0.02,0.08,0.92,0.98,market_object,PASS,
2026-09-07T12:03:37.314325+00:00,2026,1,2026_01_DEN_KC,DEN@KC,2026-09-15T00:15:00+00:00,KXNFLRSHYDS-26SEP14DENKC-DENBNIX10-40,KXNFLRSHYDS-26SEP14DENKC,KXNFLRSHYDS,rushing_yards,football_player,Bo Nix: 40+ rushing yards,FIRST_OBSERVED,2026-09-07T12:03:37.314325+00:00,2026-09-07T12:03:37.314325+00:00,0,0.02,0.11,0.89,0.98,market_object,PASS,
2026-09-07T12:03:37.314325+00:00,2026,1,2026_01_DEN_KC,DEN@KC,2026-09-15T00:15:00+00:00,KXNFLRSHYDS-26SEP14DENKC-DENBNIX10-30,KXNFLRSHYDS-26SEP14DENKC,KXNFLRSHYDS,rushing_yards,football_player,Bo Nix: 30+ rushing yards,FIRST_OBSERVED,2026-09-07T12:03:37.314325+00:00,2026-09-07T12:03:37.314325+00:00,0,0.02,0.23,0.77,0.98,market_object,PASS,
2026-09-07T12:03:37.314325+00:00,2026,1,2026_01_DEN_KC,DEN@KC,2026-09-15T00:15:00+00:00,KXNFLRSHYDS-26SEP14DENKC-DENBNIX10-25,KXNFLRSHYDS-26SEP14DENKC,KXNFLRSHYDS,rushing_yards,football_player,Bo Nix: 25+ rushing yards,FIRST_OBSERVED,2026-09-07T12:03:37.314325+00:00,2026-09-07T12:03:37.314325+00:00,0,0.02,0.32,0.6799999999999999,0.98,market_object,PASS,
2026-09-07T12:03:37.314325+00:00,2026,1,2026_01_DEN_KC,DEN@KC,2026-09-15T00:15:00+00:00,KXNFLRSHYDS-26SEP14DENKC-DENBNIX10-20,KXNFLRSHYDS-26SEP14DENKC,KXNFLRSHYDS,rushing_yards,football_player,Bo Nix: 20+ rushing yards,FIRST_OBSERVED,2026-09-07T12:03:37.314325+00:00,2026-09-07T12:03:37.314325+00:00,0,0.02,0.42,0.5800000000000001,0.98,market_object,PASS,
2026-09-07T12:03:37.314325+00:00,2026,1,2026_01_DEN_KC,DEN@KC,2026-09-15T00:15:00+00:00,KXNFLRSHYDS-26SEP14DENKC-DENBNIX10-15,KXNFLRSHYDS-26SEP14DENKC,KXNFLRSHYDS,rushing_yards,football_player,Bo Nix: 15+ rushing yards,FIRST_OBSERVED,2026-09-07T12:03:37.314325+00:00,2026-09-07T12:03:37.314325+00:00,0,0.47,0.55,0.44999999999999996,0.53,market_object,PASS,
2026-09-07T12:03:37.314325+00:00,2026,1,2026_01_DEN_KC,DEN@KC,2026-09-15T00:15:00+00:00,KXNFLRSHYDS-26SEP14DENKC-DENBNIX10-10,KXNFLRSHYDS-26SEP14DENKC,KXNFLRSHYDS,rushing_yards,football_player,Bo Nix: 10+ rushing yards,FIRST_OBSERVED,2026-09-07T12:03:37.314325+00:00,2026-09-07T12:03:37.314325+00:00,0,0.02,0.71,0.29000000000000004,0.98,market_object,PASS,
2026-09-07T12:03:37.314325+00:00,2026,1,2026_01_DAL_NYG,DAL@NYG,2026-09-14T00:20:00+00:00,KXNFLRSHYDS-26SEP13DALNYG-NYGJDART6-80,KXNFLRSHYDS-26SEP13DALNYG,KXNFLRSHYDS,rushing_yards,football_player,Jaxson Dart: 80+ rushing yards,FIRST_OBSERVED,2026-09-07T12:03:37.314325+00:00,2026-09-07T12:03:37.314325+00:00,0,0.02,0.08,0.92,0.98,market_object,PASS,
2026-09-07T12:03:37.314325+00:00,2026,1,2026_01_DAL_NYG,DAL@NYG,2026-09-14T00:20:00+00:00,KXNFLRSHYDS-26SEP13DALNYG-NYGJDART6-70,KXNFLRSHYDS-26SEP13DALNYG,KXNFLRSHYDS,rushing_yards,football_player,Jaxson Dart: 70+ rushing yards,FIRST_OBSERVED,2026-09-07T12:03:37.314325+00:00,2026-09-07T12:03:37.314325+00:00,0,0.02,0.09,0.91,0.98,market_object,PASS,
2026-09-07T12:03:37.314325+00:00,2026,1,2026_01_DAL_NYG,DAL@NYG,2026-09-14T00:20:00+00:00,KXNFLRSHYDS-26SEP13DALNYG-NYGJDART6-60,KXNFLRSHYDS-26SEP13DALNYG,KXNFLRSHYDS,rushing_yards,football_player,Jaxson Dart: 60+ rushing yards,FIRST_OBSERVED,2026-09-07T12:03:37.314325+00:00,2026-09-07T12:03:37.314325+00:00,0,0.02,0.14,0.86,0.98,market_object,PASS,
2026-09-07T12:03:37.314325+00:00,2026,1,2026_01_DAL_NYG,DAL@NYG,2026-09-14T00:20:00+00:00,KXNFLRSHYDS-26SEP13DALNYG-NYGJDART6-50,KXNFLRSHYDS-26SEP13DALNYG,KXNFLRSHYDS,rushing_yards,football_player,Jaxson Dart: 50+ rushing yards,FIRST_OBSERVED,2026-09-07T12:03:37.314325+00:00,2026-09-07T12:03:37.314325+00:00,0,0.02,0.22,0.78,0.98,market_object,PASS,
2026-09-07T12:03:37.314325+00:00,2026,1,2026_01_DAL_NYG,DAL@NYG,2026-09-14T00:20:00+00:00,KXNFLRSHYDS-26SEP13DALNYG-NYGJDART6-40,KXNFLRSHYDS-26SEP13DALNYG,KXNFLRSHYDS,rushing_yards,football_player,Jaxson Dart: 40+ rushing yards,FIRST_OBSERVED,2026-09-07T12:03:37.314325+00:00,2026-09-07T12:03:37.314325+00:00,0,0.02,0.34,0.6599999999999999,0.98,market_object,PASS,
2026-09-07T12:03:37.314325+00:00,2026,1,2026_01_DAL_NYG,DAL@NYG,2026-09-14T00:20:00+00:00,KXNFLRSHYDS-26SEP13DALNYG-NYGJDART6-30,KXNFLRSHYDS-26SEP13DALNYG,KXNFLRSHYDS,rushing_yards,football_player,Jaxson Dart: 30+ rushing yards,FIRST_OBSERVED,2026-09-07T12:03:37.314325+00:00,2026-09-07T12:03:37.314325+00:00,0,0.47,0.49,0.51,0.53,market_object,PASS,
2026-09-07T12:03:37.314325+00:00,2026,1,2026_01_DAL_NYG,DAL@NYG,2026-09-14T00:20:00+00:00,KXNFLRSHYDS-26SEP13DALNYG-NYGJDART6-25,KXNFLRSHYDS-26SEP13DALNYG,KXNFLRSHYDS,rushing_yards,football_player,Jaxson Dart: 25+ rushing yards,FIRST_OBSERVED,2026-09-07T12:03:37.314325+00:00,2026-09-07T12:03:37.314325+00:00,0,0.35,0.61,0.39,0.65,market_object,PASS,
2026-09-07T12:03:37.314325+00:00,2026,1,2026_01_DAL_NYG,DAL@NYG,2026-09-14T00:20:00+00:00,KXNFLRSHYDS-26SEP13DALNYG-NYGJDART6-20,KXNFLRSHYDS-26SEP13DALNYG,KXNFLRSHYDS,rushing_yards,football_player,Jaxson Dart: 20+ rushing yards,FIRST_OBSERVED,2026-09-07T12:03:37.314325+00:00,2026-09-07T12:03:37.314325+00:00,0,0.35,0.72,0.28,0.65,market_object,PASS,
2026-09-07T12:03:37.314325+00:00,2026,1,2026_01_DAL_NYG,DAL@NYG,2026-09-14T00:20:00+00:00,KXNFLRSHYDS-26SEP13DALNYG-NYGJDART6-15,KXNFLRSHYDS-26SEP13DALNYG,KXNFLRSHYDS,rushing_yards,football_player,Jaxson Dart: 15+ rushing yards,FIRST_OBSERVED,2026-09-07T12:03:37.314325+00:00,2026-09-07T12:03:37.314325+00:00,0,0.35,0.83,0.17000000000000004,0.65,market_object,PASS,
2026-09-07T12:03:37.314325+00:00,2026,1,2026_01_DAL_NYG,DAL@NYG,2026-09-14T00:20:00+00:00,KXNFLRSHYDS-26SEP13DALNYG-NYGCSKATTEBO44-90,KXNFLRSHYDS-26SEP13DALNYG,KXNFLRSHYDS,rushing_yards,football_player,Cam Skattebo: 90+ rushing yards,FIRST_OBSERVED,2026-09-07T12:03:37.314325+00:00,2026-09-07T12:03:37.314325+00:00,0,0.02,0.14,0.86,0.98,market_object,PASS,
2026-09-07T12:03:37.314325+00:00,2026,1,2026_01_DAL_NYG,DAL@NYG,2026-09-14T00:20:00+00:00,KXNFLRSHYDS-26SEP13DALNYG-NYGCSKATTEBO44-80,KXNFLRSHYDS-26SEP13DALNYG,KXNFLRSHYDS,rushing_yards,football_player,Cam Skattebo: 80+ rushing yards,FIRST_OBSERVED,2026-09-07T12:03:37.314325+00:00,2026-09-07T12:03:37.314325+00:00,0,0.02,0.2,0.8,0.98,market_object,PASS,
2026-09-07T12:03:37.314325+00:00,2026,1,2026_01_DAL_NYG,DAL@NYG,2026-09-14T00:20:00+00:00,KXNFLRSHYDS-26SEP13DALNYG-NYGCSKATTEBO44-70,KXNFLRSHYDS-26SEP13DALNYG,KXNFLRSHYDS,rushing_yards,football_player,Cam Skattebo: 70+ rushing yards,FIRST_OBSERVED,2026-09-07T12:03:37.314325+00:00,2026-09-07T12:03:37.314325+00:00,0,0.02,0.28,0.72,0.98,market_object,PASS,
2026-09-07T12:03:37.314325+00:00,2026,1,2026_01_DAL_NYG,DAL@NYG,2026-09-14T00:20:00+00:00,KXNFLRSHYDS-26SEP13DALNYG-NYGCSKATTEBO44-60,KXNFLRSHYDS-26SEP13DALNYG,KXNFLRSHYDS,rushing_yards,football_player,Cam Skattebo: 60+ rushing yards,FIRST_OBSERVED,2026-09-07T12:03:37.314325+00:00,2026-09-07T12:03:37.314325+00:00,0,0.02,0.39,0.61,0.98,market_object,PASS,
2026-09-07T12:03:37.314325+00:00,2026,1,2026_01_DAL_NYG,DAL@NYG,2026-09-14T00:20:00+00:00,KXNFLRSHYDS-26SEP13DALNYG-NYGCSKATTEBO44-50,KXNFLRSHYDS-26SEP13DALNYG,KXNFLRSHYDS,rushing_yards,football_player,Cam Skattebo: 50+ rushing yards,FIRST_OBSERVED,2026-09-07T12:03:37.314325+00:00,2026-09-07T12:03:37.314325+00:00,0,0.48,0.51,0.49,0.52,market_object,PASS,
2026-09-07T12:03:37.314325+00:00,2026,1,2026_01_DAL_NYG,DAL@NYG,2026-09-14T00:20:00+00:00,KXNFLRSHYDS-26SEP13DALNYG-NYGCSKATTEBO44-40,KXNFLRSHYDS-26SEP13DALNYG,KXNFLRSHYDS,rushing_yards,football_player,Cam Skattebo: 40+ rushing yards,FIRST_OBSERVED,2026-09-07T12:03:37.314325+00:00,2026-09-07T12:03:37.314325+00:00,0,0.36,0.68,0.31999999999999995,0.64,market_object,PASS,
2026-09-07T12:03:37.314325+00:00,2026,1,2026_01_DAL_NYG,DAL@NYG,2026-09-14T00:20:00+00:00,KXNFLRSHYDS-26SEP13DALNYG-NYGCSKATTEBO44-30,KXNFLRSHYDS-26SEP13DALNYG,KXNFLRSHYDS,rushing_yards,football_player,Cam Skattebo: 30+ rushing yards,FIRST_OBSERVED,2026-09-07T12:03:37.314325+00:00,2026-09-07T12:03:37.314325+00:00,0,0.36,0.81,0.18999999999999995,0.64,market_object,PASS,
2026-09-07T12:03:37.314325+00:00,2026,1,2026_01_DAL_NYG,DAL@NYG,2026-09-14T00:20:00+00:00,KXNFLRSHYDS-26SEP13DALNYG-NYGCSKATTEBO44-25,KXNFLRSHYDS-26SEP13DALNYG,KXNFLRSHYDS,rushing_yards,football_player,Cam Skattebo: 25+ rushing yards,FIRST_OBSERVED,2026-09-07T12:03:37.314325+00:00,2026-09-07T12:03:37.314325+00:00,0,0.36,0.87,0.13,0.64,market_object,PASS,
2026-09-07T12:03:37.314325+00:00,2026,1,2026_01_DAL_NYG,DAL@NYG,2026-09-14T00:20:00+00:00,KXNFLRSHYDS-26SEP13DALNYG-NYGCSKATTEBO44-120,KXNFLRSHYDS-26SEP13DALNYG,KXNFLRSHYDS,rushing_yards,football_player,Cam Skattebo: 120+ rushing yards,FIRST_OBSERVED,2026-09-07T12:03:37.314325+00:00,2026-09-07T12:03:37.314325+00:00,0,0.02,0.06,0.94,0.98,market_object,PASS,
2026-09-07T12:03:37.314325+00:00,2026,1,2026_01_DAL_NYG,DAL@NYG,2026-09-14T00:20:00+00:00,KXNFLRSHYDS-26SEP13DALNYG-NYGCSKATTEBO44-110,KXNFLRSHYDS-26SEP13DALNYG,KXNFLRSHYDS,rushing_yards,football_player,Cam Skattebo: 110+ rushing yards,FIRST_OBSERVED,2026-09-07T12:03:37.314325+00:00,2026-09-07T12:03:37.314325+00:00,0,0.02,0.08,0.92,0.98,market_object,PASS,
2026-09-07T12:03:37.314325+00:00,2026,1,2026_01_DAL_NYG,DAL@NYG,2026-09-14T00:20:00+00:00,KXNFLRSHYDS-26SEP13DALNYG-NYGCSKATTEBO44-100,KXNFLRSHYDS-26SEP13DALNYG,KXNFLRSHYDS,rushing_yards,football_player,Cam Skattebo: 100+ rushing yards,FIRST_OBSERVED,2026-09-07T12:03:37.314325+00:00,2026-09-07T12:03:37.314325+00:00,0,0.02,0.11,0.89,0.98,market_object,PASS,
2026-09-07T12:03:37.314325+00:00,2026,1,2026_01_DAL_NYG,DAL@NYG,2026-09-14T00:20:00+00:00,KXNFLRSHYDS-26SEP13DALNYG-DALJWILLIAMS33-90,KXNFLRSHYDS-26SEP13DALNYG,KXNFLRSHYDS,rushing_yards,football_player,Javonte Williams: 90+ rushing yards,FIRST_OBSERVED,2026-09-07T12:03:37.314325+00:00,2026-09-07T12:03:37.314325+00:00,0,0.02,0.36,0.64,0.98,market_object,PASS,
2026-09-07T12:03:37.314325+00:00,2026,1,2026_01_DAL_NYG,DAL@NYG,2026-09-14T00:20:00+00:00,KXNFLRSHYDS-26SEP13DALNYG-DALJWILLIAMS33-80,KXNFLRSHYDS-26SEP13DALNYG,KXNFLRSHYDS,rushing_yards,football_player,Javonte Williams: 80+ rushing yards,FIRST_OBSERVED,2026-09-07T12:03:37.314325+00:00,2026-09-07T12:03:37.314325+00:00,0,0.02,0.46,0.54,0.98,market_object,PASS,
2026-09-07T12:03:37.314325+00:00,2026,1,2026_01_DAL_NYG,DAL@NYG,2026-09-14T00:20:00+00:00,KXNFLRSHYDS-26SEP13DALNYG-DALJWILLIAMS33-70,KXNFLRSHYDS-26SEP13DALNYG,KXNFLRSHYDS,rushing_yards,football_player,Javonte Williams: 70+ rushing yards,FIRST_OBSERVED,2026-09-07T12:03:37.314325+00:00,2026-09-07T12:03:37.314325+00:00,0,0.02,0.56,0.43999999999999995,0.98,market_object,PASS,
2026-09-07T12:03:37.314325+00:00,2026,1,2026_01_DAL_NYG,DAL@NYG,2026-09-14T00:20:00+00:00,KXNFLRSHYDS-26SEP13DALNYG-DALJWILLIAMS33-60,KXNFLRSHYDS-26SEP13DALNYG,KXNFLRSHYDS,rushing_yards,football_player,Javonte Williams: 60+ rushing yards,FIRST_OBSERVED,2026-09-07T12:03:37.314325+00:00,2026-09-07T12:03:37.314325+00:00,0,0.02,0.68,0.31999999999999995,0.98,market_object,PASS,
2026-09-07T12:03:37.314325+00:00,2026,1,2026_01_DAL_NYG,DAL@NYG,2026-09-14T00:20:00+00:00,KXNFLRSHYDS-26SEP13DALNYG-DALJWILLIAMS33-50,KXNFLRSHYDS-26SEP13DALNYG,KXNFLRSHYDS,rushing_yards,football_player,Javonte Williams: 50+ rushing yards,FIRST_OBSERVED,2026-09-07T12:03:37.314325+00:00,2026-09-07T12:03:37.314325+00:00,0,0.02,0.78,0.21999999999999997,0.98,market_object,PASS,
2026-09-07T12:03:37.314325+00:00,2026,1,2026_01_DAL_NYG,DAL@NYG,2026-09-14T00:20:00+00:00,KXNFLRSHYDS-26SEP13DALNYG-DALJWILLIAMS33-40,KXNFLRSHYDS-26SEP13DALNYG,KXNFLRSHYDS,rushing_yards,football_player,Javonte Williams: 40+ rushing yards,FIRST_OBSERVED,2026-09-07T12:03:37.314325+00:00,2026-09-07T12:03:37.314325+00:00,0,0.26,0.88,0.12,0.74,market_object,PASS,
2026-09-07T12:03:37.314325+00:00,2026,1,2026_01_DAL_NYG,DAL@NYG,2026-09-14T00:20:00+00:00,KXNFLRSHYDS-26SEP13DALNYG-DALJWILLIAMS33-150,KXNFLRSHYDS-26SEP13DALNYG,KXNFLRSHYDS,rushing_yards,football_player,Javonte Williams: 150+ rushing yards,FIRST_OBSERVED,2026-09-07T12:03:37.314325+00:00,2026-09-07T12:03:37.314325+00:00,0,0.02,0.05,0.95,0.98,market_object,PASS,
2026-09-07T12:03:37.314325+00:00,2026,1,2026_01_DAL_NYG,DAL@NYG,2026-09-14T00:20:00+00:00,KXNFLRSHYDS-26SEP13DALNYG-DALJWILLIAMS33-140,KXNFLRSHYDS-26SEP13DALNYG,KXNFLRSHYDS,rushing_yards,football_player,Javonte Williams: 140+ rushing yards,FIRST_OBSERVED,2026-09-07T12:03:37.314325+00:00,2026-09-07T12:03:37.314325+00:00,0,0.02,0.08,0.92,0.98,market_object,PASS,
2026-09-07T12:03:37.314325+00:00,2026,1,2026_01_DAL_NYG,DAL@NYG,2026-09-14T00:20:00+00:00,KXNFLRSHYDS-26SEP13DALNYG-DALJWILLIAMS33-130,KXNFLRSHYDS-26SEP13DALNYG,KXNFLRSHYDS,rushing_yards,football_player,Javonte Williams: 130+ rushing yards,FIRST_OBSERVED,2026-09-07T12:03:37.314325+00:00,2026-09-07T12:03:37.314325+00:00,0,0.02,0.12,0.88,0.98,market_object,PASS,
2026-09-07T12:03:37.314325+00:00,2026,1,2026_01_DAL_NYG,DAL@NYG,2026-09-14T00:20:00+00:00,KXNFLRSHYDS-26SEP13DALNYG-DALJWILLIAMS33-120,KXNFLRSHYDS-26SEP13DALNYG,KXNFLRSHYDS,rushing_yards,football_player,Javonte Williams: 120+ rushing yards,FIRST_OBSERVED,2026-09-07T12:03:37.314325+00:00,2026-09-07T12:03:37.314325+00:00,0,0.02,0.15,0.85,0.98,market_object,PASS,
2026-09-07T12:03:37.314325+00:00,2026,1,2026_01_DAL_NYG,DAL@NYG,2026-09-14T00:20:00+00:00,KXNFLRSHYDS-26SEP13DALNYG-DALJWILLIAMS33-110,KXNFLRSHYDS-26SEP13DALNYG,KXNFLRSHYDS,rushing_yards,football_player,Javonte Williams: 110+ rushing yards,FIRST_OBSERVED,2026-09-07T12:03:37.314325+00:00,2026-09-07T12:03:37.314325+00:00,0,0.02,0.21,0.79,0.98,market_object,PASS,
2026-09-07T12:03:37.314325+00:00,2026,1,2026_01_DAL_NYG,DAL@NYG,2026-09-14T00:20:00+00:00,KXNFLRSHYDS-26SEP13DALNYG-DALJWILLIAMS33-100,KXNFLRSHYDS-26SEP13DALNYG,KXNFLRSHYDS,rushing_yards,football_player,Javonte Williams: 100+ rushing yards,FIRST_OBSERVED,2026-09-07T12:03:37.314325+00:00,2026-09-07T12:03:37.314325+00:00,0,0.02,0.28,0.72,0.98,market_object,PASS,
2026-09-07T12:03:37.314325+00:00,2026,1,2026_01_WAS_PHI,WAS@PHI,2026-09-13T20:25:00+00:00,KXNFLRSHYDS-26SEP13WASPHI-WASJDANIELS5-90,KXNFLRSHYDS-26SEP13WASPHI,KXNFLRSHYDS,rushing_yards,football_player,Jayden Daniels: 90+ rushing yards,FIRST_OBSERVED,2026-09-07T12:03:37.314325+00:00,2026-09-07T12:03:37.314325+00:00,0,0.02,0.06,0.94,0.98,market_object,PASS,
2026-09-07T12:03:37.314325+00:00,2026,1,2026_01_WAS_PHI,WAS@PHI,2026-09-13T20:25:00+00:00,KXNFLRSHYDS-26SEP13WASPHI-WASJDANIELS5-80,KXNFLRSHYDS-26SEP13WASPHI,KXNFLRSHYDS,rushing_yards,football_player,Jayden Daniels: 80+ rushing yards,FIRST_OBSERVED,2026-09-07T12:03:37.314325+00:00,2026-09-07T12:03:37.314325+00:00,0,0.02,0.1,0.9,0.98,market_object,PASS,
2026-09-07T12:03:37.314325+00:00,2026,1,2026_01_WAS_PHI,WAS@PHI,2026-09-13T20:25:00+00:00,KXNFLRSHYDS-26SEP13WASPHI-WASJDANIELS5-70,KXNFLRSHYDS-26SEP13WASPHI,KXNFLRSHYDS,rushing_yards,football_player,Jayden Daniels: 70+ rushing yards,FIRST_OBSERVED,2026-09-07T12:03:37.314325+00:00,2026-09-07T12:03:37.314325+00:00,0,0.02,0.14,0.86,0.98,market_object,PASS,
2026-09-07T12:03:37.314325+00:00,2026,1,2026_01_WAS_PHI,WAS@PHI,2026-09-13T20:25:00+00:00,KXNFLRSHYDS-26SEP13WASPHI-WASJDANIELS5-60,KXNFLRSHYDS-26SEP13WASPHI,KXNFLRSHYDS,rushing_yards,football_player,Jayden Daniels: 60+ rushing yards,FIRST_OBSERVED,2026-09-07T12:03:37.314325+00:00,2026-09-07T12:03:37.314325+00:00,0,0.02,0.24,0.76,0.98,market_object,PASS,
2026-09-07T12:03:37.314325+00:00,2026,1,2026_01_WAS_PHI,WAS@PHI,2026-09-13T20:25:00+00:00,KXNFLRSHYDS-26SEP13WASPHI-WASJDANIELS5-50,KXNFLRSHYDS-26SEP13WASPHI,KXNFLRSHYDS,rushing_yards,football_player,Jayden Daniels: 50+ rushing yards,FIRST_OBSERVED,2026-09-07T12:03:37.314325+00:00,2026-09-07T12:03:37.314325+00:00,0,0.02,0.35,0.65,0.98,market_object,PASS,
2026-09-07T12:03:37.314325+00:00,2026,1,2026_01_WAS_PHI,WAS@PHI,2026-09-13T20:25:00+00:00,KXNFLRSHYDS-26SEP13WASPHI-WASJDANIELS5-40,KXNFLRSHYDS-26SEP13WASPHI,KXNFLRSHYDS,rushing_yards,football_player,Jayden Daniels: 40+ rushing yards,FIRST_OBSERVED,2026-09-07T12:03:37.314325+00:00,2026-09-07T12:03:37.314325+00:00,0,0.44,0.49,0.51,0.56,market_object,PASS,
2026-09-07T12:03:37.314325+00:00,2026,1,2026_01_WAS_PHI,WAS@PHI,2026-09-13T20:25:00+00:00,KXNFLRSHYDS-26SEP13WASPHI-WASJDANIELS5-30,KXNFLRSHYDS-26SEP13WASPHI,KXNFLRSHYDS,rushing_yards,football_player,Jayden Daniels: 30+ rushing yards,FIRST_OBSERVED,2026-09-07T12:03:37.314325+00:00,2026-09-07T12:03:37.314325+00:00,0,0.32,0.67,0.32999999999999996,0.6799999999999999,market_object,PASS,
2026-09-07T12:03:37.314325+00:00,2026,1,2026_01_WAS_PHI,WAS@PHI,2026-09-13T20:25:00+00:00,KXNFLRSHYDS-26SEP13WASPHI-WASJDANIELS5-25,KXNFLRSHYDS-26SEP13WASPHI,KXNFLRSHYDS,rushing_yards,football_player,Jayden Daniels: 25+ rushing yards,FIRST_OBSERVED,2026-09-07T12:03:37.314325+00:00,2026-09-07T12:03:37.314325+00:00,0,0.32,0.76,0.24,0.6799999999999999,market_object,PASS,
2026-09-07T12:03:37.314325+00:00,2026,1,2026_01_WAS_PHI,WAS@PHI,2026-09-13T20:25:00+00:00,KXNFLRSHYDS-26SEP13WASPHI-WASJDANIELS5-20,KXNFLRSHYDS-26SEP13WASPHI,KXNFLRSHYDS,rushing_yards,football_player,Jayden Daniels: 20+ rushing yards,FIRST_OBSERVED,2026-09-07T12:03:37.314325+00:00,2026-09-07T12:03:37.314325+00:00,0,0.32,0.84,0.16000000000000003,0.6799999999999999,market_object,PASS,
2026-09-07T12:03:37.314325+00:00,2026,1,2026_01_WAS_PHI,WAS@PHI,2026-09-13T20:25:00+00:00,KXNFLRSHYDS-26SEP13WASPHI-PHISBARKLEY26-90,KXNFLRSHYDS-26SEP13WASPHI,KXNFLRSHYDS,rushing_yards,football_player,Saquon Barkley: 90+ rushing yards,FIRST_OBSERVED,2026-09-07T12:03:37.314325+00:00,2026-09-07T12:03:37.314325+00:00,0,0.02,0.38,0.62,0.98,market_object,PASS,
2026-09-07T12:03:37.314325+00:00,2026,1,2026_01_WAS_PHI,WAS@PHI,2026-09-13T20:25:00+00:00,KXNFLRSHYDS-26SEP13WASPHI-PHISBARKLEY26-80,KXNFLRSHYDS-26SEP13WASPHI,KXNFLRSHYDS,rushing_yards,football_player,Saquon Barkley: 80+ rushing yards,FIRST_OBSERVED,2026-09-07T12:03:37.314325+00:00,2026-09-07T12:03:37.314325+00:00,0,0.02,0.48,0.52,0.98,market_object,PASS,
2026-09-07T12:03:37.314325+00:00,2026,1,2026_01_WAS_PHI,WAS@PHI,2026-09-13T20:25:00+00:00,KXNFLRSHYDS-26SEP13WASPHI-PHISBARKLEY26-70,KXNFLRSHYDS-26SEP13WASPHI,KXNFLRSHYDS,rushing_yards,football_player,Saquon Barkley: 70+ rushing yards,FIRST_OBSERVED,2026-09-07T12:03:37.314325+00:00,2026-09-07T12:03:37.314325+00:00,0,0.02,0.6,0.4,0.98,market_object,PASS,
2026-09-07T12:03:37.314325+00:00,2026,1,2026_01_WAS_PHI,WAS@PHI,2026-09-13T20:25:00+00:00,KXNFLRSHYDS-26SEP13WASPHI-PHISBARKLEY26-60,KXNFLRSHYDS-26SEP13WASPHI,KXNFLRSHYDS,rushing_yards,football_player,Saquon Barkley: 60+ rushing yards,FIRST_OBSERVED,2026-09-07T12:03:37.314325+00:00,2026-09-07T12:03:37.314325+00:00,0,0.02,0.71,0.29000000000000004,0.98,market_object,PASS,
2026-09-07T12:03:37.314325+00:00,2026,1,2026_01_WAS_PHI,WAS@PHI,2026-09-13T20:25:00+00:00,KXNFLRSHYDS-26SEP13WASPHI-PHISBARKLEY26-50,KXNFLRSHYDS-26SEP13WASPHI,KXNFLRSHYDS,rushing_yards,football_player,Saquon Barkley: 50+ rushing yards,FIRST_OBSERVED,2026-09-07T12:03:37.314325+00:00,2026-09-07T12:03:37.314325+00:00,0,0.26,0.82,0.18000000000000005,0.74,market_object,PASS,
2026-09-07T12:03:37.314325+00:00,2026,1,2026_01_WAS_PHI,WAS@PHI,2026-09-13T20:25:00+00:00,KXNFLRSHYDS-26SEP13WASPHI-PHISBARKLEY26-40,KXNFLRSHYDS-26SEP13WASPHI,KXNFLRSHYDS,rushing_yards,football_player,Saquon Barkley: 40+ rushing yards,FIRST_OBSERVED,2026-09-07T12:03:37.314325+00:00,2026-09-07T12:03:37.314325+00:00,0,0.26,0.9,0.09999999999999998,0.74,market_object,PASS,
2026-09-07T12:03:37.314325+00:00,2026,1,2026_01_WAS_PHI,WAS@PHI,2026-09-13T20:25:00+00:00,KXNFLRSHYDS-26SEP13WASPHI-PHISBARKLEY26-160,KXNFLRSHYDS-26SEP13WASPHI,KXNFLRSHYDS,rushing_yards,football_player,Saquon Barkley: 160+ rushing yards,FIRST_OBSERVED,2026-09-07T12:03:37.314325+00:00,2026-09-07T12:03:37.314325+00:00,0,0.02,0.05,0.95,0.98,market_object,PASS,
2026-09-07T12:03:37.314325+00:00,2026,1,2026_01_WAS_PHI,WAS@PHI,2026-09-13T20:25:00+00:00,KXNFLRSHYDS-26SEP13WASPHI-PHISBARKLEY26-150,KXNFLRSHYDS-26SEP13WASPHI,KXNFLRSHYDS,rushing_yards,football_player,Saquon Barkley: 150+ rushing yards,FIRST_OBSERVED,2026-09-07T12:03:37.314325+00:00,2026-09-07T12:03:37.314325+00:00,0,0.02,0.06,0.94,0.98,market_object,PASS,
2026-09-07T12:03:37.314325+00:00,2026,1,2026_01_WAS_PHI,WAS@PHI,2026-09-13T20:25:00+00:00,KXNFLRSHYDS-26SEP13WASPHI-PHISBARKLEY26-140,KXNFLRSHYDS-26SEP13WASPHI,KXNFLRSHYDS,rushing_yards,football_player,Saquon Barkley: 140+ rushing yards,FIRST_OBSERVED,2026-09-07T12:03:37.314325+00:00,2026-09-07T12:03:37.314325+00:00,0,0.02,0.1,0.9,0.98,market_object,PASS,
2026-09-07T12:03:37.314325+00:00,2026,1,2026_01_WAS_PHI,WAS@PHI,2026-09-13T20:25:00+00:00,KXNFLRSHYDS-26SEP13WASPHI-PHISBARKLEY26-130,KXNFLRSHYDS-26SEP13WASPHI,KXNFLRSHYDS,rushing_yards,football_player,Saquon Barkley: 130+ rushing yards,FIRST_OBSERVED,2026-09-07T12:03:37.314325+00:00,2026-09-07T12:03:37.314325+00:00,0,0.02,0.13,0.87,0.98,market_object,PASS,
2026-09-07T12:03:37.314325+00:00,2026,1,2026_01_WAS_PHI,WAS@PHI,2026-09-13T20:25:00+00:00,KXNFLRSHYDS-26SEP13WASPHI-PHISBARKLEY26-120,KXNFLRSHYDS-26SEP13WASPHI,KXNFLRSHYDS,rushing_yards,football_player,Saquon Barkley: 120+ rushing yards,FIRST_OBSERVED,2026-09-07T12:03:37.314325+00:00,2026-09-07T12:03:37.314325+00:00,0,0.02,0.18,0.8200000000000001,0.98,market_object,PASS,
2026-09-07T12:03:37.314325+00:00,2026,1,2026_01_WAS_PHI,WAS@PHI,2026-09-13T20:25:00+00:00,KXNFLRSHYDS-26SEP13WASPHI-PHISBARKLEY26-110,KXNFLRSHYDS-26SEP13WASPHI,KXNFLRSHYDS,rushing_yards,football_player,Saquon Barkley: 110+ rushing yards,FIRST_OBSERVED,2026-09-07T12:03:37.314325+00:00,2026-09-07T12:03:37.314325+00:00,0,0.02,0.23,0.77,0.98,market_object,PASS,
2026-09-07T12:03:37.314325+00:00,2026,1,2026_01_WAS_PHI,WAS@PHI,2026-09-13T20:25:00+00:00,KXNFLRSHYDS-26SEP13WASPHI-PHISBARKLEY26-100,KXNFLRSHYDS-26SEP13WASPHI,KXNFLRSHYDS,rushing_yards,football_player,Saquon Barkley: 100+ rushing yards,FIRST_OBSERVED,2026-09-07T12:03:37.314325+00:00,2026-09-07T12:03:37.314325+00:00,0,0.02,0.3,0.7,0.98,market_object,PASS,
2026-09-07T12:03:37.314325+00:00,2026,1,2026_01_WAS_PHI,WAS@PHI,2026-09-13T20:25:00+00:00,KXNFLRSHYDS-26SEP13WASPHI-PHIJHURTS1-80,KXNFLRSHYDS-26SEP13WASPHI,KXNFLRSHYDS,rushing_yards,football_player,Jalen Hurts: 80+ rushing yards,FIRST_OBSERVED,2026-09-07T12:03:37.314325+00:00,2026-09-07T12:03:37.314325+00:00,0,0.02,0.06,0.94,0.98,market_object,PASS,
2026-09-07T12:03:37.314325+00:00,2026,1,2026_01_WAS_PHI,WAS@PHI,2026-09-13T20:25:00+00:00,KXNFLRSHYDS-26SEP13WASPHI-PHIJHURTS1-70,KXNFLRSHYDS-26SEP13WASPHI,KXNFLRSHYDS,rushing_yards,football_player,Jalen Hurts: 70+ rushing yards,FIRST_OBSERVED,2026-09-07T12:03:37.314325+00:00,2026-09-07T12:03:37.314325+00:00,0,0.02,0.09,0.91,0.98,market_object,PASS,
2026-09-07T12:03:37.314325+00:00,2026,1,2026_01_WAS_PHI,WAS@PHI,2026-09-13T20:25:00+00:00,KXNFLRSHYDS-26SEP13WASPHI-PHIJHURTS1-60,KXNFLRSHYDS-26SEP13WASPHI,KXNFLRSHYDS,rushing_yards,football_player,Jalen Hurts: 60+ rushing yards,FIRST_OBSERVED,2026-09-07T12:03:37.314325+00:00,2026-09-07T12:03:37.314325+00:00,0,0.02,0.12,0.88,0.98,market_object,PASS,
2026-09-07T12:03:37.314325+00:00,2026,1,2026_01_WAS_PHI,WAS@PHI,2026-09-13T20:25:00+00:00,KXNFLRSHYDS-26SEP13WASPHI-PHIJHURTS1-50,KXNFLRSHYDS-26SEP13WASPHI,KXNFLRSHYDS,rushing_yards,football_player,Jalen Hurts: 50+ rushing yards,FIRST_OBSERVED,2026-09-07T12:03:37.314325+00:00,2026-09-07T12:03:37.314325+00:00,0,0.02,0.19,0.81,0.98,market_object,PASS,
2026-09-07T12:03:37.314325+00:00,2026,1,2026_01_WAS_PHI,WAS@PHI,2026-09-13T20:25:00+00:00,KXNFLRSHYDS-26SEP13WASPHI-PHIJHURTS1-40,KXNFLRSHYDS-26SEP13WASPHI,KXNFLRSHYDS,rushing_yards,football_player,Jalen Hurts: 40+ rushing yards,FIRST_OBSERVED,2026-09-07T12:03:37.314325+00:00,2026-09-07T12:03:37.314325+00:00,0,0.02,0.31,0.69,0.98,market_object,PASS,
2026-09-07T12:03:37.314325+00:00,2026,1,2026_01_WAS_PHI,WAS@PHI,2026-09-13T20:25:00+00:00,KXNFLRSHYDS-26SEP13WASPHI-PHIJHURTS1-30,KXNFLRSHYDS-26SEP13WASPHI,KXNFLRSHYDS,rushing_yards,football_player,Jalen Hurts: 30+ rushing yards,FIRST_OBSERVED,2026-09-07T12:03:37.314325+00:00,2026-09-07T12:03:37.314325+00:00,0,0.02,0.49,0.51,0.98,market_object,PASS,
2026-09-07T12:03:37.314325+00:00,2026,1,2026_01_WAS_PHI,WAS@PHI,2026-09-13T20:25:00+00:00,KXNFLRSHYDS-26SEP13WASPHI-PHIJHURTS1-25,KXNFLRSHYDS-26SEP13WASPHI,KXNFLRSHYDS,rushing_yards,football_player,Jalen Hurts: 25+ rushing yards,FIRST_OBSERVED,2026-09-07T12:03:37.314325+00:00,2026-09-07T12:03:37.314325+00:00,0,0.02,0.59,0.41000000000000003,0.98,market_object,PASS,
2026-09-07T12:03:37.314325+00:00,2026,1,2026_01_WAS_PHI,WAS@PHI,2026-09-13T20:25:00+00:00,KXNFLRSHYDS-26SEP13WASPHI-PHIJHURTS1-20,KXNFLRSHYDS-26SEP13WASPHI,KXNFLRSHYDS,rushing_yards,football_player,Jalen Hurts: 20+ rushing yards,FIRST_OBSERVED,2026-09-07T12:03:37.314325+00:00,2026-09-07T12:03:37.314325+00:00,0,0.02,0.7,0.30000000000000004,0.98,market_object,PASS,
2026-09-07T12:03:37.314325+00:00,2026,1,2026_01_WAS_PHI,WAS@PHI,2026-09-13T20:25:00+00:00,KXNFLRSHYDS-26SEP13WASPHI-PHIJHURTS1-15,KXNFLRSHYDS-26SEP13WASPHI,KXNFLRSHYDS,rushing_yards,football_player,Jalen Hurts: 15+ rushing yards,FIRST_OBSERVED,2026-09-07T12:03:37.314325+00:00,2026-09-07T12:03:37.314325+00:00,0,0.02,0.8,0.19999999999999996,0.98,market_object,PASS,
2026-09-07T12:03:37.314325+00:00,2026,1,2026_01_WAS_PHI,WAS@PHI,2026-09-13T20:25:00+00:00,KXNFLRSHYDS-26SEP13WASPHI-PHIJHURTS1-10,KXNFLRSHYDS-26SEP13WASPHI,KXNFLRSHYDS,rushing_yards,football_player,Jalen Hurts: 10+ rushing yards,FIRST_OBSERVED,2026-09-07T12:03:37.314325+00:00,2026-09-07T12:03:37.314325+00:00,0,0.26,0.89,0.10999999999999999,0.74,market_object,PASS,
2026-09-07T12:03:37.314325+00:00,2026,1,2026_01_MIA_LV,MIA@LV,2026-09-13T20:25:00+00:00,KXNFLRSHYDS-26SEP13MIALV-MIADACHANE28-90,KXNFLRSHYDS-26SEP13MIALV,KXNFLRSHYDS,rushing_yards,football_player,De'Von Achane: 90+ rushing yards,FIRST_OBSERVED,2026-09-07T12:03:37.314325+00:00,2026-09-07T12:03:37.314325+00:00,0,0.02,0.31,0.69,0.98,market_object,PASS,
2026-09-07T12:03:37.314325+00:00,2026,1,2026_01_MIA_LV,MIA@LV,2026-09-13T20:25:00+00:00,KXNFLRSHYDS-26SEP13MIALV-MIADACHANE28-80,KXNFLRSHYDS-26SEP13MIALV,KXNFLRSHYDS,rushing_yards,football_player,De'Von Achane: 80+ rushing yards,FIRST_OBSERVED,2026-09-07T12:03:37.314325+00:00,2026-09-07T12:03:37.314325+00:00,0,0.02,0.42,0.5800000000000001,0.98,market_object,PASS,
2026-09-07T12:03:37.314325+00:00,2026,1,2026_01_MIA_LV,MIA@LV,2026-09-13T20:25:00+00:00,KXNFLRSHYDS-26SEP13MIALV-MIADACHANE28-70,KXNFLRSHYDS-26SEP13MIALV,KXNFLRSHYDS,rushing_yards,football_player,De'Von Achane: 70+ rushing yards,FIRST_OBSERVED,2026-09-07T12:03:37.314325+00:00,2026-09-07T12:03:37.314325+00:00,0,0.47,0.52,0.48,0.53,market_object,PASS,
2026-09-07T12:03:37.314325+00:00,2026,1,2026_01_MIA_LV,MIA@LV,2026-09-13T20:25:00+00:00,KXNFLRSHYDS-26SEP13MIALV-MIADACHANE28-60,KXNFLRSHYDS-26SEP13MIALV,KXNFLRSHYDS,rushing_yards,football_player,De'Von Achane: 60+ rushing yards,FIRST_OBSERVED,2026-09-07T12:03:37.314325+00:00,2026-09-07T12:03:37.314325+00:00,0,0.35,0.63,0.37,0.65,market_object,PASS,
2026-09-07T12:03:37.314325+00:00,2026,1,2026_01_MIA_LV,MIA@LV,2026-09-13T20:25:00+00:00,KXNFLRSHYDS-26SEP13MIALV-MIADACHANE28-50,KXNFLRSHYDS-26SEP13MIALV,KXNFLRSHYDS,rushing_yards,football_player,De'Von Achane: 50+ rushing yards,FIRST_OBSERVED,2026-09-07T12:03:37.314325+00:00,2026-09-07T12:03:37.314325+00:00,0,0.35,0.74,0.26,0.65,market_object,PASS,
2026-09-07T12:03:37.314325+00:00,2026,1,2026_01_MIA_LV,MIA@LV,2026-09-13T20:25:00+00:00,KXNFLRSHYDS-26SEP13MIALV-MIADACHANE28-40,KXNFLRSHYDS-26SEP13MIALV,KXNFLRSHYDS,rushing_yards,football_player,De'Von Achane: 40+ rushing yards,FIRST_OBSERVED,2026-09-07T12:03:37.314325+00:00,2026-09-07T12:03:37.314325+00:00,0,0.35,0.84,0.16000000000000003,0.65,market_object,PASS,
2026-09-07T12:03:37.314325+00:00,2026,1,2026_01_MIA_LV,MIA@LV,2026-09-13T20:25:00+00:00,KXNFLRSHYDS-26SEP13MIALV-MIADACHANE28-160,KXNFLRSHYDS-26SEP13MIALV,KXNFLRSHYDS,rushing_yards,football_player,De'Von Achane: 160+ rushing yards,FIRST_OBSERVED,2026-09-07T12:03:37.314325+00:00,2026-09-07T12:03:37.314325+00:00,0,0.02,0.05,0.95,0.98,market_object,PASS,
2026-09-07T12:03:37.314325+00:00,2026,1,2026_01_MIA_LV,MIA@LV,2026-09-13T20:25:00+00:00,KXNFLRSHYDS-26SEP13MIALV-MIADACHANE28-150,KXNFLRSHYDS-26SEP13MIALV,KXNFLRSHYDS,rushing_yards,football_player,De'Von Achane: 150+ rushing yards,FIRST_OBSERVED,2026-09-07T12:03:37.314325+00:00,2026-09-07T12:03:37.314325+00:00,0,0.02,0.06,0.94,0.98,market_object,PASS,
2026-09-07T12:03:37.314325+00:00,2026,1,2026_01_MIA_LV,MIA@LV,2026-09-13T20:25:00+00:00,KXNFLRSHYDS-26SEP13MIALV-MIADACHANE28-140,KXNFLRSHYDS-26SEP13MIALV,KXNFLRSHYDS,rushing_yards,football_player,De'Von Achane: 140+ rushing yards,FIRST_OBSERVED,2026-09-07T12:03:37.314325+00:00,2026-09-07T12:03:37.314325+00:00,0,0.02,0.08,0.92,0.98,market_object,PASS,
2026-09-07T12:03:37.314325+00:00,2026,1,2026_01_MIA_LV,MIA@LV,2026-09-13T20:25:00+00:00,KXNFLRSHYDS-26SEP13MIALV-MIADACHANE28-130,KXNFLRSHYDS-26SEP13MIALV,KXNFLRSHYDS,rushing_yards,football_player,De'Von Achane: 130+ rushing yards,FIRST_OBSERVED,2026-09-07T12:03:37.314325+00:00,2026-09-07T12:03:37.314325+00:00,0,0.02,0.11,0.89,0.98,market_object,PASS,
2026-09-07T12:03:37.314325+00:00,2026,1,2026_01_MIA_LV,MIA@LV,2026-09-13T20:25:00+00:00,KXNFLRSHYDS-26SEP13MIALV-MIADACHANE28-120,KXNFLRSHYDS-26SEP13MIALV,KXNFLRSHYDS,rushing_yards,football_player,De'Von Achane: 120+ rushing yards,FIRST_OBSERVED,2026-09-07T12:03:37.314325+00:00,2026-09-07T12:03:37.314325+00:00,0,0.02,0.14,0.86,0.98,market_object,PASS,
2026-09-07T12:03:37.314325+00:00,2026,1,2026_01_MIA_LV,MIA@LV,2026-09-13T20:25:00+00:00,KXNFLRSHYDS-26SEP13MIALV-MIADACHANE28-110,KXNFLRSHYDS-26SEP13MIALV,KXNFLRSHYDS,rushing_yards,football_player,De'Von Achane: 110+ rushing yards,FIRST_OBSERVED,2026-09-07T12:03:37.314325+00:00,2026-09-07T12:03:37.314325+00:00,0,0.02,0.18,0.8200000000000001,0.98,market_object,PASS,
2026-09-07T12:03:37.314325+00:00,2026,1,2026_01_MIA_LV,MIA@LV,2026-09-13T20:25:00+00:00,KXNFLRSHYDS-26SEP13MIALV-MIADACHANE28-100,KXNFLRSHYDS-26SEP13MIALV,KXNFLRSHYDS,rushing_yards,football_player,De'Von Achane: 100+ rushing yards,FIRST_OBSERVED,2026-09-07T12:03:37.314325+00:00,2026-09-07T12:03:37.314325+00:00,0,0.02,0.24,0.76,0.98,market_object,PASS,
2026-09-07T12:03:37.314325+00:00,2026,1,2026_01_GB_MIN,GB@MIN,2026-09-13T20:25:00+00:00,KXNFLRSHYDS-26SEP13GBMIN-MINKMURRAY1-70,KXNFLRSHYDS-26SEP13GBMIN,KXNFLRSHYDS,rushing_yards,football_player,Kyler Murray: 70+ rushing yards,FIRST_OBSERVED,2026-09-07T12:03:37.314325+00:00,2026-09-07T12:03:37.314325+00:00,0,0.02,0.06,0.94,0.98,market_object,PASS,
2026-09-07T12:03:37.314325+00:00,2026,1,2026_01_GB_MIN,GB@MIN,2026-09-13T20:25:00+00:00,KXNFLRSHYDS-26SEP13GBMIN-MINKMURRAY1-60,KXNFLRSHYDS-26SEP13GBMIN,KXNFLRSHYDS,rushing_yards,football_player,Kyler Murray: 60+ rushing yards,FIRST_OBSERVED,2026-09-07T12:03:37.314325+00:00,2026-09-07T12:03:37.314325+00:00,0,0.02,0.08,0.92,0.98,market_object,PASS,
2026-09-07T12:03:37.314325+00:00,2026,1,2026_01_GB_MIN,GB@MIN,2026-09-13T20:25:00+00:00,KXNFLRSHYDS-26SEP13GBMIN-MINKMURRAY1-50,KXNFLRSHYDS-26SEP13GBMIN,KXNFLRSHYDS,rushing_yards,football_player,Kyler Murray: 50+ rushing yards,FIRST_OBSERVED,2026-09-07T12:03:37.314325+00:00,2026-09-07T12:03:37.314325+00:00,0,0.02,0.13,0.87,0.98,market_object,PASS,
2026-09-07T12:03:37.314325+00:00,2026,1,2026_01_GB_MIN,GB@MIN,2026-09-13T20:25:00+00:00,KXNFLRSHYDS-26SEP13GBMIN-MINKMURRAY1-40,KXNFLRSHYDS-26SEP13GBMIN,KXNFLRSHYDS,rushing_yards,football_player,Kyler Murray: 40+ rushing yards,FIRST_OBSERVED,2026-09-07T12:03:37.314325+00:00,2026-09-07T12:03:37.314325+00:00,0,0.02,0.22,0.78,0.98,market_object,PASS,
2026-09-07T12:03:37.314325+00:00,2026,1,2026_01_GB_MIN,GB@MIN,2026-09-13T20:25:00+00:00,KXNFLRSHYDS-26SEP13GBMIN-MINKMURRAY1-30,KXNFLRSHYDS-26SEP13GBMIN,KXNFLRSHYDS,rushing_yards,football_player,Kyler Murray: 30+ rushing yards,FIRST_OBSERVED,2026-09-07T12:03:37.314325+00:00,2026-09-07T12:03:37.314325+00:00,0,0.02,0.37,0.63,0.98,market_object,PASS,
2026-09-07T12:03:37.314325+00:00,2026,1,2026_01_GB_MIN,GB@MIN,2026-09-13T20:25:00+00:00,KXNFLRSHYDS-26SEP13GBMIN-MINKMURRAY1-25,KXNFLRSHYDS-26SEP13GBMIN,KXNFLRSHYDS,rushing_yards,football_player,Kyler Murray: 25+ rushing yards,FIRST_OBSERVED,2026-09-07T12:03:37.314325+00:00,2026-09-07T12:03:37.314325+00:00,0,0.06,0.46,0.54,0.94,market_object,PASS,
2026-09-07T12:03:37.314325+00:00,2026,1,2026_01_GB_MIN,GB@MIN,2026-09-13T20:25:00+00:00,KXNFLRSHYDS-26SEP13GBMIN-MINKMURRAY1-20,KXNFLRSHYDS-26SEP13GBMIN,KXNFLRSHYDS,rushing_yards,football_player,Kyler Murray: 20+ rushing yards,FIRST_OBSERVED,2026-09-07T12:03:37.314325+00:00,2026-09-07T12:03:37.314325+00:00,0,0.34,0.57,0.43000000000000005,0.6599999999999999,market_object,PASS,
2026-09-07T12:03:37.314325+00:00,2026,1,2026_01_GB_MIN,GB@MIN,2026-09-13T20:25:00+00:00,KXNFLRSHYDS-26SEP13GBMIN-MINKMURRAY1-15,KXNFLRSHYDS-26SEP13GBMIN,KXNFLRSHYDS,rushing_yards,football_player,Kyler Murray: 15+ rushing yards,FIRST_OBSERVED,2026-09-07T12:03:37.314325+00:00,2026-09-07T12:03:37.314325+00:00,0,0.3,0.7,0.30000000000000004,0.7,market_object,PASS,
2026-09-07T12:03:37.314325+00:00,2026,1,2026_01_GB_MIN,GB@MIN,2026-09-13T20:25:00+00:00,KXNFLRSHYDS-26SEP13GBMIN-MINKMURRAY1-10,KXNFLRSHYDS-26SEP13GBMIN,KXNFLRSHYDS,rushing_yards,football_player,Kyler Murray: 10+ rushing yards,FIRST_OBSERVED,2026-09-07T12:03:37.314325+00:00,2026-09-07T12:03:37.314325+00:00,0,0.27,0.82,0.18000000000000005,0.73,market_object,PASS,
2026-09-07T12:03:37.314325+00:00,2026,1,2026_01_GB_MIN,GB@MIN,2026-09-13T20:25:00+00:00,KXNFLRSHYDS-26SEP13GBMIN-MINJMASON27-90,KXNFLRSHYDS-26SEP13GBMIN,KXNFLRSHYDS,rushing_yards,football_player,Jordan Mason: 90+ rushing yards,FIRST_OBSERVED,2026-09-07T12:03:37.314325+00:00,2026-09-07T12:03:37.314325+00:00,0,0.02,0.11,0.89,0.98,market_object,PASS,
2026-09-07T12:03:37.314325+00:00,2026,1,2026_01_GB_MIN,GB@MIN,2026-09-13T20:25:00+00:00,KXNFLRSHYDS-26SEP13GBMIN-MINJMASON27-80,KXNFLRSHYDS-26SEP13GBMIN,KXNFLRSHYDS,rushing_yards,football_player,Jordan Mason: 80+ rushing yards,FIRST_OBSERVED,2026-09-07T12:03:37.314325+00:00,2026-09-07T12:03:37.314325+00:00,0,0.02,0.16,0.84,0.98,market_object,PASS,
2026-09-07T12:03:37.314325+00:00,2026,1,2026_01_GB_MIN,GB@MIN,2026-09-13T20:25:00+00:00,KXNFLRSHYDS-26SEP13GBMIN-MINJMASON27-70,KXNFLRSHYDS-26SEP13GBMIN,KXNFLRSHYDS,rushing_yards,football_player,Jordan Mason: 70+ rushing yards,FIRST_OBSERVED,2026-09-07T12:03:37.314325+00:00,2026-09-07T12:03:37.314325+00:00,0,0.02,0.22,0.78,0.98,market_object,PASS,
2026-09-07T12:03:37.314325+00:00,2026,1,2026_01_GB_MIN,GB@MIN,2026-09-13T20:25:00+00:00,KXNFLRSHYDS-26SEP13GBMIN-MINJMASON27-60,KXNFLRSHYDS-26SEP13GBMIN,KXNFLRSHYDS,rushing_yards,football_player,Jordan Mason: 60+ rushing yards,FIRST_OBSERVED,2026-09-07T12:03:37.314325+00:00,2026-09-07T12:03:37.314325+00:00,0,0.02,0.32,0.6799999999999999,0.98,market_object,PASS,
2026-09-07T12:03:37.314325+00:00,2026,1,2026_01_GB_MIN,GB@MIN,2026-09-13T20:25:00+00:00,KXNFLRSHYDS-26SEP13GBMIN-MINJMASON27-50,KXNFLRSHYDS-26SEP13GBMIN,KXNFLRSHYDS,rushing_yards,football_player,Jordan Mason: 50+ rushing yards,FIRST_OBSERVED,2026-09-07T12:03:37.314325+00:00,2026-09-07T12:03:37.314325+00:00,0,0.02,0.45,0.55,0.98,market_object,PASS,
2026-09-07T12:03:37.314325+00:00,2026,1,2026_01_GB_MIN,GB@MIN,2026-09-13T20:25:00+00:00,KXNFLRSHYDS-26SEP13GBMIN-MINJMASON27-45,KXNFLRSHYDS-26SEP13GBMIN,KXNFLRSHYDS,rushing_yards,football_player,Jordan Mason: 45+ rushing yards,FIRST_OBSERVED,2026-09-07T12:03:37.314325+00:00,2026-09-07T12:03:37.314325+00:00,0,0.02,0.72,0.28,0.98,market_object,PASS,
2026-09-07T12:03:37.314325+00:00,2026,1,2026_01_GB_MIN,GB@MIN,2026-09-13T20:25:00+00:00,KXNFLRSHYDS-26SEP13GBMIN-MINJMASON27-40,KXNFLRSHYDS-26SEP13GBMIN,KXNFLRSHYDS,rushing_yards,football_player,Jordan Mason: 40+ rushing yards,FIRST_OBSERVED,2026-09-07T12:03:37.314325+00:00,2026-09-07T12:03:37.314325+00:00,0,0.02,0.59,0.41000000000000003,0.98,market_object,PASS,
2026-09-07T12:03:37.314325+00:00,2026,1,2026_01_GB_MIN,GB@MIN,2026-09-13T20:25:00+00:00,KXNFLRSHYDS-26SEP13GBMIN-MINJMASON27-30,KXNFLRSHYDS-26SEP13GBMIN,KXNFLRSHYDS,rushing_yards,football_player,Jordan Mason: 30+ rushing yards,FIRST_OBSERVED,2026-09-07T12:03:37.314325+00:00,2026-09-07T12:03:37.314325+00:00,0,0.02,0.73,0.27,0.98,market_object,PASS,
2026-09-07T12:03:37.314325+00:00,2026,1,2026_01_GB_MIN,GB@MIN,2026-09-13T20:25:00+00:00,KXNFLRSHYDS-26SEP13GBMIN-MINJMASON27-25,KXNFLRSHYDS-26SEP13GBMIN,KXNFLRSHYDS,rushing_yards,football_player,Jordan Mason: 25+ rushing yards,FIRST_OBSERVED,2026-09-07T12:03:37.314325+00:00,2026-09-07T12:03:37.314325+00:00,0,0.02,0.81,0.18999999999999995,0.98,market_object,PASS,
2026-09-07T12:03:37.314325+00:00,2026,1,2026_01_GB_MIN,GB@MIN,2026-09-13T20:25:00+00:00,KXNFLRSHYDS-26SEP13GBMIN-MINJMASON27-110,KXNFLRSHYDS-26SEP13GBMIN,KXNFLRSHYDS,rushing_yards,football_player,Jordan Mason: 110+ rushing yards,FIRST_OBSERVED,2026-09-07T12:03:37.314325+00:00,2026-09-07T12:03:37.314325+00:00,0,0.02,0.05,0.95,0.98,market_object,PASS,
2026-09-07T12:03:37.314325+00:00,2026,1,2026_01_GB_MIN,GB@MIN,2026-09-13T20:25:00+00:00,KXNFLRSHYDS-26SEP13GBMIN-MINJMASON27-100,KXNFLRSHYDS-26SEP13GBMIN,KXNFLRSHYDS,rushing_yards,football_player,Jordan Mason: 100+ rushing yards,FIRST_OBSERVED,2026-09-07T12:03:37.314325+00:00,2026-09-07T12:03:37.314325+00:00,0,0.02,0.06,0.94,0.98,market_object,PASS,
2026-09-07T12:03:37.314325+00:00,2026,1,2026_01_GB_MIN,GB@MIN,2026-09-13T20:25:00+00:00,KXNFLRSHYDS-26SEP13GBMIN-MINAJONES33-80,KXNFLRSHYDS-26SEP13GBMIN,KXNFLRSHYDS,rushing_yards,football_player,Aaron Jones Sr.: 80+ rushing yards,FIRST_OBSERVED,2026-09-07T12:03:37.314325+00:00,2026-09-07T12:03:37.314325+00:00,0,0.02,0.07,0.9299999999999999,0.98,market_object,PASS,
2026-09-07T12:03:37.314325+00:00,2026,1,2026_01_GB_MIN,GB@MIN,2026-09-13T20:25:00+00:00,KXNFLRSHYDS-26SEP13GBMIN-MINAJONES33-70,KXNFLRSHYDS-26SEP13GBMIN,KXNFLRSHYDS,rushing_yards,football_player,Aaron Jones Sr.: 70+ rushing yards,FIRST_OBSERVED,2026-09-07T12:03:37.314325+00:00,2026-09-07T12:03:37.314325+00:00,0,0.02,0.1,0.9,0.98,market_object,PASS,
2026-09-07T12:03:37.314325+00:00,2026,1,2026_01_GB_MIN,GB@MIN,2026-09-13T20:25:00+00:00,KXNFLRSHYDS-26SEP13GBMIN-MINAJONES33-60,KXNFLRSHYDS-26SEP13GBMIN,KXNFLRSHYDS,rushing_yards,football_player,Aaron Jones Sr.: 60+ rushing yards,FIRST_OBSERVED,2026-09-07T12:03:37.314325+00:00,2026-09-07T12:03:37.314325+00:00,0,0.02,0.14,0.86,0.98,market_object,PASS,
2026-09-07T12:03:37.314325+00:00,2026,1,2026_01_GB_MIN,GB@MIN,2026-09-13T20:25:00+00:00,KXNFLRSHYDS-26SEP13GBMIN-MINAJONES33-50,KXNFLRSHYDS-26SEP13GBMIN,KXNFLRSHYDS,rushing_yards,football_player,Aaron Jones Sr.: 50+ rushing yards,FIRST_OBSERVED,2026-09-07T12:03:37.314325+00:00,2026-09-07T12:03:37.314325+00:00,0,0.02,0.23,0.77,0.98,market_object,PASS,
2026-09-07T12:03:37.314325+00:00,2026,1,2026_01_GB_MIN,GB@MIN,2026-09-13T20:25:00+00:00,KXNFLRSHYDS-26SEP13GBMIN-MINAJONES33-40,KXNFLRSHYDS-26SEP13GBMIN,KXNFLRSHYDS,rushing_yards,football_player,Aaron Jones Sr.: 40+ rushing yards,FIRST_OBSERVED,2026-09-07T12:03:37.314325+00:00,2026-09-07T12:03:37.314325+00:00,0,0.02,0.35,0.65,0.98,market_object,PASS,
2026-09-07T12:03:37.314325+00:00,2026,1,2026_01_GB_MIN,GB@MIN,2026-09-13T20:25:00+00:00,KXNFLRSHYDS-26SEP13GBMIN-MINAJONES33-30,KXNFLRSHYDS-26SEP13GBMIN,KXNFLRSHYDS,rushing_yards,football_player,Aaron Jones Sr.: 30+ rushing yards,FIRST_OBSERVED,2026-09-07T12:03:37.314325+00:00,2026-09-07T12:03:37.314325+00:00,0,0.47,0.53,0.47,0.53,market_object,PASS,
2026-09-07T12:03:37.314325+00:00,2026,1,2026_01_GB_MIN,GB@MIN,2026-09-13T20:25:00+00:00,KXNFLRSHYDS-26SEP13GBMIN-MINAJONES33-25,KXNFLRSHYDS-26SEP13GBMIN,KXNFLRSHYDS,rushing_yards,football_player,Aaron Jones Sr.: 25+ rushing yards,FIRST_OBSERVED,2026-09-07T12:03:37.314325+00:00,2026-09-07T12:03:37.314325+00:00,0,0.35,0.64,0.36,0.65,market_object,PASS,
2026-09-07T12:03:37.314325+00:00,2026,1,2026_01_GB_MIN,GB@MIN,2026-09-13T20:25:00+00:00,KXNFLRSHYDS-26SEP13GBMIN-MINAJONES33-20,KXNFLRSHYDS-26SEP13GBMIN,KXNFLRSHYDS,rushing_yards,football_player,Aaron Jones Sr.: 20+ rushing yards,FIRST_OBSERVED,2026-09-07T12:03:37.314325+00:00,2026-09-07T12:03:37.314325+00:00,0,0.35,0.74,0.26,0.65,market_object,PASS,
2026-09-07T12:03:37.314325+00:00,2026,1,2026_01_GB_MIN,GB@MIN,2026-09-13T20:25:00+00:00,KXNFLRSHYDS-26SEP13GBMIN-MINAJONES33-15,KXNFLRSHYDS-26SEP13GBMIN,KXNFLRSHYDS,rushing_yards,football_player,Aaron Jones Sr.: 15+ rushing yards,FIRST_OBSERVED,2026-09-07T12:03:37.314325+00:00,2026-09-07T12:03:37.314325+00:00,0,0.35,0.84,0.16000000000000003,0.65,market_object,PASS,
2026-09-07T12:03:37.314325+00:00,2026,1,2026_01_GB_MIN,GB@MIN,2026-09-13T20:25:00+00:00,KXNFLRSHYDS-26SEP13GBMIN-GBMLLOYD32-90,KXNFLRSHYDS-26SEP13GBMIN,KXNFLRSHYDS,rushing_yards,football_player,MarShawn Lloyd: 90+ rushing yards,FIRST_OBSERVED,2026-09-07T12:03:37.314325+00:00,2026-09-07T12:03:37.314325+00:00,0,0.02,0.15,0.85,0.98,market_object,PASS,
2026-09-07T12:03:37.314325+00:00,2026,1,2026_01_GB_MIN,GB@MIN,2026-09-13T20:25:00+00:00,KXNFLRSHYDS-26SEP13GBMIN-GBMLLOYD32-80,KXNFLRSHYDS-26SEP13GBMIN,KXNFLRSHYDS,rushing_yards,football_player,MarShawn Lloyd: 80+ rushing yards,FIRST_OBSERVED,2026-09-07T12:03:37.314325+00:00,2026-09-07T12:03:37.314325+00:00,0,0.02,0.22,0.78,0.98,market_object,PASS,
2026-09-07T12:03:37.314325+00:00,2026,1,2026_01_GB_MIN,GB@MIN,2026-09-13T20:25:00+00:00,KXNFLRSHYDS-26SEP13GBMIN-GBMLLOYD32-70,KXNFLRSHYDS-26SEP13GBMIN,KXNFLRSHYDS,rushing_yards,football_player,MarShawn Lloyd: 70+ rushing yards,FIRST_OBSERVED,2026-09-07T12:03:37.314325+00:00,2026-09-07T12:03:37.314325+00:00,0,0.02,0.31,0.69,0.98,market_object,PASS,
2026-09-07T12:03:37.314325+00:00,2026,1,2026_01_GB_MIN,GB@MIN,2026-09-13T20:25:00+00:00,KXNFLRSHYDS-26SEP13GBMIN-GBMLLOYD32-60,KXNFLRSHYDS-26SEP13GBMIN,KXNFLRSHYDS,rushing_yards,football_player,MarShawn Lloyd: 60+ rushing yards,FIRST_OBSERVED,2026-09-07T12:03:37.314325+00:00,2026-09-07T12:03:37.314325+00:00,0,0.02,0.41,0.5900000000000001,0.98,market_object,PASS,
2026-09-07T12:03:37.314325+00:00,2026,1,2026_01_GB_MIN,GB@MIN,2026-09-13T20:25:00+00:00,KXNFLRSHYDS-26SEP13GBMIN-GBMLLOYD32-50,KXNFLRSHYDS-26SEP13GBMIN,KXNFLRSHYDS,rushing_yards,football_player,MarShawn Lloyd: 50+ rushing yards,FIRST_OBSERVED,2026-09-07T12:03:37.314325+00:00,2026-09-07T12:03:37.314325+00:00,0,0.31,0.54,0.45999999999999996,0.69,market_object,PASS,
2026-09-07T12:03:37.314325+00:00,2026,1,2026_01_GB_MIN,GB@MIN,2026-09-13T20:25:00+00:00,KXNFLRSHYDS-26SEP13GBMIN-GBMLLOYD32-40,KXNFLRSHYDS-26SEP13GBMIN,KXNFLRSHYDS,rushing_yards,football_player,MarShawn Lloyd: 40+ rushing yards,FIRST_OBSERVED,2026-09-07T12:03:37.314325+00:00,2026-09-07T12:03:37.314325+00:00,0,0.19,0.69,0.31000000000000005,0.81,market_object,PASS,
2026-09-07T12:03:37.314325+00:00,2026,1,2026_01_GB_MIN,GB@MIN,2026-09-13T20:25:00+00:00,KXNFLRSHYDS-26SEP13GBMIN-GBMLLOYD32-30,KXNFLRSHYDS-26SEP13GBMIN,KXNFLRSHYDS,rushing_yards,football_player,MarShawn Lloyd: 30+ rushing yards,FIRST_OBSERVED,2026-09-07T12:03:37.314325+00:00,2026-09-07T12:03:37.314325+00:00,0,0.28,0.82,0.18000000000000005,0.72,market_object,PASS,
2026-09-07T12:03:37.314325+00:00,2026,1,2026_01_GB_MIN,GB@MIN,2026-09-13T20:25:00+00:00,KXNFLRSHYDS-26SEP13GBMIN-GBMLLOYD32-25,KXNFLRSHYDS-26SEP13GBMIN,KXNFLRSHYDS,rushing_yards,football_player,MarShawn Lloyd: 25+ rushing yards,FIRST_OBSERVED,2026-09-07T12:03:37.314325+00:00,2026-09-07T12:03:37.314325+00:00,0,0.28,0.88,0.12,0.72,market_object,PASS,
2026-09-07T12:03:37.314325+00:00,2026,1,2026_01_GB_MIN,GB@MIN,2026-09-13T20:25:00+00:00,KXNFLRSHYDS-26SEP13GBMIN-GBMLLOYD32-120,KXNFLRSHYDS-26SEP13GBMIN,KXNFLRSHYDS,rushing_yards,football_player,MarShawn Lloyd: 120+ rushing yards,FIRST_OBSERVED,2026-09-07T12:03:37.314325+00:00,2026-09-07T12:03:37.314325+00:00,0,0.02,0.04,0.96,0.98,market_object,PASS,
2026-09-07T12:03:37.314325+00:00,2026,1,2026_01_GB_MIN,GB@MIN,2026-09-13T20:25:00+00:00,KXNFLRSHYDS-26SEP13GBMIN-GBMLLOYD32-110,KXNFLRSHYDS-26SEP13GBMIN,KXNFLRSHYDS,rushing_yards,football_player,MarShawn Lloyd: 110+ rushing yards,FIRST_OBSERVED,2026-09-07T12:03:37.314325+00:00,2026-09-07T12:03:37.314325+00:00,0,0.02,0.08,0.92,0.98,market_object,PASS,
2026-09-07T12:03:37.314325+00:00,2026,1,2026_01_GB_MIN,GB@MIN,2026-09-13T20:25:00+00:00,KXNFLRSHYDS-26SEP13GBMIN-GBMLLOYD32-100,KXNFLRSHYDS-26SEP13GBMIN,KXNFLRSHYDS,rushing_yards,football_player,MarShawn Lloyd: 100+ rushing yards,FIRST_OBSERVED,2026-09-07T12:03:37.314325+00:00,2026-09-07T12:03:37.314325+00:00,0,0.02,0.11,0.89,0.98,market_object,PASS,
2026-09-07T12:03:37.314325+00:00,2026,1,2026_01_GB_MIN,GB@MIN,2026-09-13T20:25:00+00:00,KXNFLRSHYDS-26SEP13GBMIN-GBJLOVE10-40,KXNFLRSHYDS-26SEP13GBMIN,KXNFLRSHYDS,rushing_yards,football_player,Jordan Love: 40+ rushing yards,FIRST_OBSERVED,2026-09-07T12:03:37.314325+00:00,2026-09-07T12:03:37.314325+00:00,0,0.02,0.06,0.94,0.98,market_object,PASS,
2026-09-07T12:03:37.314325+00:00,2026,1,2026_01_GB_MIN,GB@MIN,2026-09-13T20:25:00+00:00,KXNFLRSHYDS-26SEP13GBMIN-GBJLOVE10-30,KXNFLRSHYDS-26SEP13GBMIN,KXNFLRSHYDS,rushing_yards,football_player,Jordan Love: 30+ rushing yards,FIRST_OBSERVED,2026-09-07T12:03:37.314325+00:00,2026-09-07T12:03:37.314325+00:00,0,0.02,0.12,0.88,0.98,market_object,PASS,
2026-09-07T12:03:37.314325+00:00,2026,1,2026_01_GB_MIN,GB@MIN,2026-09-13T20:25:00+00:00,KXNFLRSHYDS-26SEP13GBMIN-GBJLOVE10-25,KXNFLRSHYDS-26SEP13GBMIN,KXNFLRSHYDS,rushing_yards,football_player,Jordan Love: 25+ rushing yards,FIRST_OBSERVED,2026-09-07T12:03:37.314325+00:00,2026-09-07T12:03:37.314325+00:00,0,0.02,0.17,0.83,0.98,market_object,PASS,
2026-09-07T12:03:37.314325+00:00,2026,1,2026_01_GB_MIN,GB@MIN,2026-09-13T20:25:00+00:00,KXNFLRSHYDS-26SEP13GBMIN-GBJLOVE10-20,KXNFLRSHYDS-26SEP13GBMIN,KXNFLRSHYDS,rushing_yards,football_player,Jordan Love: 20+ rushing yards,FIRST_OBSERVED,2026-09-07T12:03:37.314325+00:00,2026-09-07T12:03:37.314325+00:00,0,0.02,0.26,0.74,0.98,market_object,PASS,
2026-09-07T12:03:37.314325+00:00,2026,1,2026_01_GB_MIN,GB@MIN,2026-09-13T20:25:00+00:00,KXNFLRSHYDS-26SEP13GBMIN-GBJLOVE10-15,KXNFLRSHYDS-26SEP13GBMIN,KXNFLRSHYDS,rushing_yards,football_player,Jordan Love: 15+ rushing yards,FIRST_OBSERVED,2026-09-07T12:03:37.314325+00:00,2026-09-07T12:03:37.314325+00:00,0,0.02,0.39,0.61,0.98,market_object,PASS,
2026-09-07T12:03:37.314325+00:00,2026,1,2026_01_GB_MIN,GB@MIN,2026-09-13T20:25:00+00:00,KXNFLRSHYDS-26SEP13GBMIN-GBJLOVE10-10,KXNFLRSHYDS-26SEP13GBMIN,KXNFLRSHYDS,rushing_yards,football_player,Jordan Love: 10+ rushing yards,FIRST_OBSERVED,2026-09-07T12:03:37.314325+00:00,2026-09-07T12:03:37.314325+00:00,0,0.49,0.53,0.47,0.51,market_object,PASS,
2026-09-07T12:03:37.314325+00:00,2026,1,2026_01_ARI_LAC,ARI@LAC,2026-09-13T20:25:00+00:00,KXNFLRSHYDS-26SEP13ARILAC-LACOHAMPTON8-90,KXNFLRSHYDS-26SEP13ARILAC,KXNFLRSHYDS,rushing_yards,football_player,Omarion Hampton: 90+ rushing yards,FIRST_OBSERVED,2026-09-07T12:03:37.314325+00:00,2026-09-07T12:03:37.314325+00:00,0,0.02,0.28,0.72,0.98,market_object,PASS,
2026-09-07T12:03:37.314325+00:00,2026,1,2026_01_ARI_LAC,ARI@LAC,2026-09-13T20:25:00+00:00,KXNFLRSHYDS-26SEP13ARILAC-LACOHAMPTON8-80,KXNFLRSHYDS-26SEP13ARILAC,KXNFLRSHYDS,rushing_yards,football_player,Omarion Hampton: 80+ rushing yards,FIRST_OBSERVED,2026-09-07T12:03:37.314325+00:00,2026-09-07T12:03:37.314325+00:00,0,0.02,0.37,0.63,0.98,market_object,PASS,
2026-09-07T12:03:37.314325+00:00,2026,1,2026_01_ARI_LAC,ARI@LAC,2026-09-13T20:25:00+00:00,KXNFLRSHYDS-26SEP13ARILAC-LACOHAMPTON8-70,KXNFLRSHYDS-26SEP13ARILAC,KXNFLRSHYDS,rushing_yards,football_player,Omarion Hampton: 70+ rushing yards,FIRST_OBSERVED,2026-09-07T12:03:37.314325+00:00,2026-09-07T12:03:37.314325+00:00,0,0.02,0.48,0.52,0.98,market_object,PASS,
2026-09-07T12:03:37.314325+00:00,2026,1,2026_01_ARI_LAC,ARI@LAC,2026-09-13T20:25:00+00:00,KXNFLRSHYDS-26SEP13ARILAC-LACOHAMPTON8-60,KXNFLRSHYDS-26SEP13ARILAC,KXNFLRSHYDS,rushing_yards,football_player,Omarion Hampton: 60+ rushing yards,FIRST_OBSERVED,2026-09-07T12:03:37.314325+00:00,2026-09-07T12:03:37.314325+00:00,0,0.28,0.61,0.39,0.72,market_object,PASS,
2026-09-07T12:03:37.314325+00:00,2026,1,2026_01_ARI_LAC,ARI@LAC,2026-09-13T20:25:00+00:00,KXNFLRSHYDS-26SEP13ARILAC-LACOHAMPTON8-50,KXNFLRSHYDS-26SEP13ARILAC,KXNFLRSHYDS,rushing_yards,football_player,Omarion Hampton: 50+ rushing yards,FIRST_OBSERVED,2026-09-07T12:03:37.314325+00:00,2026-09-07T12:03:37.314325+00:00,0,0.27,0.73,0.27,0.73,market_object,PASS,
2026-09-07T12:03:37.314325+00:00,2026,1,2026_01_ARI_LAC,ARI@LAC,2026-09-13T20:25:00+00:00,KXNFLRSHYDS-26SEP13ARILAC-LACOHAMPTON8-40,KXNFLRSHYDS-26SEP13ARILAC,KXNFLRSHYDS,rushing_yards,football_player,Omarion Hampton: 40+ rushing yards,FIRST_OBSERVED,2026-09-07T12:03:37.314325+00:00,2026-09-07T12:03:37.314325+00:00,0,0.26,0.84,0.16000000000000003,0.74,market_object,PASS,
2026-09-07T12:03:37.314325+00:00,2026,1,2026_01_ARI_LAC,ARI@LAC,2026-09-13T20:25:00+00:00,KXNFLRSHYDS-26SEP13ARILAC-LACOHAMPTON8-140,KXNFLRSHYDS-26SEP13ARILAC,KXNFLRSHYDS,rushing_yards,football_player,Omarion Hampton: 140+ rushing yards,FIRST_OBSERVED,2026-09-07T12:03:37.314325+00:00,2026-09-07T12:03:37.314325+00:00,0,0.02,0.07,0.9299999999999999,0.98,market_object,PASS,
2026-09-07T12:03:37.314325+00:00,2026,1,2026_01_ARI_LAC,ARI@LAC,2026-09-13T20:25:00+00:00,KXNFLRSHYDS-26SEP13ARILAC-LACOHAMPTON8-130,KXNFLRSHYDS-26SEP13ARILAC,KXNFLRSHYDS,rushing_yards,football_player,Omarion Hampton: 130+ rushing yards,FIRST_OBSERVED,2026-09-07T12:03:37.314325+00:00,2026-09-07T12:03:37.314325+00:00,0,0.02,0.09,0.91,0.98,market_object,PASS,
2026-09-07T12:03:37.314325+00:00,2026,1,2026_01_ARI_LAC,ARI@LAC,2026-09-13T20:25:00+00:00,KXNFLRSHYDS-26SEP13ARILAC-LACOHAMPTON8-120,KXNFLRSHYDS-26SEP13ARILAC,KXNFLRSHYDS,rushing_yards,football_player,Omarion Hampton: 120+ rushing yards,FIRST_OBSERVED,2026-09-07T12:03:37.314325+00:00,2026-09-07T12:03:37.314325+00:00,0,0.02,0.12,0.88,0.98,market_object,PASS,
2026-09-07T12:03:37.314325+00:00,2026,1,2026_01_ARI_LAC,ARI@LAC,2026-09-13T20:25:00+00:00,KXNFLRSHYDS-26SEP13ARILAC-LACOHAMPTON8-110,KXNFLRSHYDS-26SEP13ARILAC,KXNFLRSHYDS,rushing_yards,football_player,Omarion Hampton: 110+ rushing yards,FIRST_OBSERVED,2026-09-07T12:03:37.314325+00:00,2026-09-07T12:03:37.314325+00:00,0,0.02,0.15,0.85,0.98,market_object,PASS,
2026-09-07T12:03:37.314325+00:00,2026,1,2026_01_ARI_LAC,ARI@LAC,2026-09-13T20:25:00+00:00,KXNFLRSHYDS-26SEP13ARILAC-LACOHAMPTON8-100,KXNFLRSHYDS-26SEP13ARILAC,KXNFLRSHYDS,rushing_yards,football_player,Omarion Hampton: 100+ rushing yards,FIRST_OBSERVED,2026-09-07T12:03:37.314325+00:00,2026-09-07T12:03:37.314325+00:00,0,0.02,0.22,0.78,0.98,market_object,PASS,
2026-09-07T12:03:37.314325+00:00,2026,1,2026_01_BUF_HOU,BUF@HOU,2026-09-13T17:00:00+00:00,KXNFLRSHYDS-26SEP13BUFHOU-HOUDMONTGOMERY32-90,KXNFLRSHYDS-26SEP13BUFHOU,KXNFLRSHYDS,rushing_yards,football_player,David Montgomery: 90+ rushing yards,FIRST_OBSERVED,2026-09-07T12:03:37.314325+00:00,2026-09-07T12:03:37.314325+00:00,0,0.02,0.18,0.8200000000000001,0.98,market_object,PASS,
2026-09-07T12:03:37.314325+00:00,2026,1,2026_01_BUF_HOU,BUF@HOU,2026-09-13T17:00:00+00:00,KXNFLRSHYDS-26SEP13BUFHOU-HOUDMONTGOMERY32-80,KXNFLRSHYDS-26SEP13BUFHOU,KXNFLRSHYDS,rushing_yards,football_player,David Montgomery: 80+ rushing yards,FIRST_OBSERVED,2026-09-07T12:03:37.314325+00:00,2026-09-07T12:03:37.314325+00:00,0,0.02,0.26,0.74,0.98,market_object,PASS,
2026-09-07T12:03:37.314325+00:00,2026,1,2026_01_BUF_HOU,BUF@HOU,2026-09-13T17:00:00+00:00,KXNFLRSHYDS-26SEP13BUFHOU-HOUDMONTGOMERY32-70,KXNFLRSHYDS-26SEP13BUFHOU,KXNFLRSHYDS,rushing_yards,football_player,David Montgomery: 70+ rushing yards,FIRST_OBSERVED,2026-09-07T12:03:37.314325+00:00,2026-09-07T12:03:37.314325+00:00,0,0.02,0.35,0.65,0.98,market_object,PASS,
2026-09-07T12:03:37.314325+00:00,2026,1,2026_01_BUF_HOU,BUF@HOU,2026-09-13T17:00:00+00:00,KXNFLRSHYDS-26SEP13BUFHOU-HOUDMONTGOMERY32-60,KXNFLRSHYDS-26SEP13BUFHOU,KXNFLRSHYDS,rushing_yards,football_player,David Montgomery: 60+ rushing yards,FIRST_OBSERVED,2026-09-07T12:03:37.314325+00:00,2026-09-07T12:03:37.314325+00:00,0,0.04,0.45,0.55,0.96,market_object,PASS,
2026-09-07T12:03:37.314325+00:00,2026,1,2026_01_BUF_HOU,BUF@HOU,2026-09-13T17:00:00+00:00,KXNFLRSHYDS-26SEP13BUFHOU-HOUDMONTGOMERY32-55,KXNFLRSHYDS-26SEP13BUFHOU,KXNFLRSHYDS,rushing_yards,football_player,David Montgomery: 55+ rushing yards,FIRST_OBSERVED,2026-09-07T12:03:37.314325+00:00,2026-09-07T12:03:37.314325+00:00,0,0.47,0.51,0.49,0.53,market_object,PASS,
2026-09-07T12:03:37.314325+00:00,2026,1,2026_01_BUF_HOU,BUF@HOU,2026-09-13T17:00:00+00:00,KXNFLRSHYDS-26SEP13BUFHOU-HOUDMONTGOMERY32-50,KXNFLRSHYDS-26SEP13BUFHOU,KXNFLRSHYDS,rushing_yards,football_player,David Montgomery: 50+ rushing yards,FIRST_OBSERVED,2026-09-07T12:03:37.314325+00:00,2026-09-07T12:03:37.314325+00:00,0,0.35,0.59,0.41000000000000003,0.65,market_object,PASS,
2026-09-07T12:03:37.314325+00:00,2026,1,2026_01_BUF_HOU,BUF@HOU,2026-09-13T17:00:00+00:00,KXNFLRSHYDS-26SEP13BUFHOU-HOUDMONTGOMERY32-40,KXNFLRSHYDS-26SEP13BUFHOU,KXNFLRSHYDS,rushing_yards,football_player,David Montgomery: 40+ rushing yards,FIRST_OBSERVED,2026-09-07T12:03:37.314325+00:00,2026-09-07T12:03:37.314325+00:00,0,0.35,0.73,0.27,0.65,market_object,PASS,
2026-09-07T12:03:37.314325+00:00,2026,1,2026_01_BUF_HOU,BUF@HOU,2026-09-13T17:00:00+00:00,KXNFLRSHYDS-26SEP13BUFHOU-HOUDMONTGOMERY32-30,KXNFLRSHYDS-26SEP13BUFHOU,KXNFLRSHYDS,rushing_yards,football_player,David Montgomery: 30+ rushing yards,FIRST_OBSERVED,2026-09-07T12:03:37.314325+00:00,2026-09-07T12:03:37.314325+00:00,0,0.35,0.85,0.15000000000000002,0.65,market_object,PASS,
2026-09-07T12:03:37.314325+00:00,2026,1,2026_01_BUF_HOU,BUF@HOU,2026-09-13T17:00:00+00:00,KXNFLRSHYDS-26SEP13BUFHOU-HOUDMONTGOMERY32-120,KXNFLRSHYDS-26SEP13BUFHOU,KXNFLRSHYDS,rushing_yards,football_player,David Montgomery: 120+ rushing yards,FIRST_OBSERVED,2026-09-07T12:03:37.314325+00:00,2026-09-07T12:03:37.314325+00:00,0,0.02,0.06,0.94,0.98,market_object,PASS,
2026-09-07T12:03:37.314325+00:00,2026,1,2026_01_BUF_HOU,BUF@HOU,2026-09-13T17:00:00+00:00,KXNFLRSHYDS-26SEP13BUFHOU-HOUDMONTGOMERY32-110,KXNFLRSHYDS-26SEP13BUFHOU,KXNFLRSHYDS,rushing_yards,football_player,David Montgomery: 110+ rushing yards,FIRST_OBSERVED,2026-09-07T12:03:37.314325+00:00,2026-09-07T12:03:37.314325+00:00,0,0.02,0.1,0.9,0.98,market_object,PASS,
2026-09-07T12:03:37.314325+00:00,2026,1,2026_01_BUF_HOU,BUF@HOU,2026-09-13T17:00:00+00:00,KXNFLRSHYDS-26SEP13BUFHOU-HOUDMONTGOMERY32-100,KXNFLRSHYDS-26SEP13BUFHOU,KXNFLRSHYDS,rushing_yards,football_player,David Montgomery: 100+ rushing yards,FIRST_OBSERVED,2026-09-07T12:03:37.314325+00:00,2026-09-07T12:03:37.314325+00:00,0,0.02,0.13,0.87,0.98,market_object,PASS,
2026-09-07T12:03:37.314325+00:00,2026,1,2026_01_BUF_HOU,BUF@HOU,2026-09-13T17:00:00+00:00,KXNFLRSHYDS-26SEP13BUFHOU-HOUCSTROUD7-40,KXNFLRSHYDS-26SEP13BUFHOU,KXNFLRSHYDS,rushing_yards,football_player,C.J. Stroud: 40+ rushing yards,FIRST_OBSERVED,2026-09-07T12:03:37.314325+00:00,2026-09-07T12:03:37.314325+00:00,0,0.02,0.08,0.92,0.98,market_object,PASS,
2026-09-07T12:03:37.314325+00:00,2026,1,2026_01_BUF_HOU,BUF@HOU,2026-09-13T17:00:00+00:00,KXNFLRSHYDS-26SEP13BUFHOU-HOUCSTROUD7-30,KXNFLRSHYDS-26SEP13BUFHOU,KXNFLRSHYDS,rushing_yards,football_player,C.J. Stroud: 30+ rushing yards,FIRST_OBSERVED,2026-09-07T12:03:37.314325+00:00,2026-09-07T12:03:37.314325+00:00,0,0.02,0.14,0.86,0.98,market_object,PASS,
2026-09-07T12:03:37.314325+00:00,2026,1,2026_01_BUF_HOU,BUF@HOU,2026-09-13T17:00:00+00:00,KXNFLRSHYDS-26SEP13BUFHOU-HOUCSTROUD7-25,KXNFLRSHYDS-26SEP13BUFHOU,KXNFLRSHYDS,rushing_yards,football_player,C.J. Stroud: 25+ rushing yards,FIRST_OBSERVED,2026-09-07T12:03:37.314325+00:00,2026-09-07T12:03:37.314325+00:00,0,0.02,0.2,0.8,0.98,market_object,PASS,
2026-09-07T12:03:37.314325+00:00,2026,1,2026_01_BUF_HOU,BUF@HOU,2026-09-13T17:00:00+00:00,KXNFLRSHYDS-26SEP13BUFHOU-HOUCSTROUD7-20,KXNFLRSHYDS-26SEP13BUFHOU,KXNFLRSHYDS,rushing_yards,football_player,C.J. Stroud: 20+ rushing yards,FIRST_OBSERVED,2026-09-07T12:03:37.314325+00:00,2026-09-07T12:03:37.314325+00:00,0,0.02,0.28,0.72,0.98,market_object,PASS,
2026-09-07T12:03:37.314325+00:00,2026,1,2026_01_BUF_HOU,BUF@HOU,2026-09-13T17:00:00+00:00,KXNFLRSHYDS-26SEP13BUFHOU-HOUCSTROUD7-15,KXNFLRSHYDS-26SEP13BUFHOU,KXNFLRSHYDS,rushing_yards,football_player,C.J. Stroud: 15+ rushing yards,FIRST_OBSERVED,2026-09-07T12:03:37.314325+00:00,2026-09-07T12:03:37.314325+00:00,0,0.02,0.39,0.61,0.98,market_object,PASS,
2026-09-07T12:03:37.314325+00:00,2026,1,2026_01_BUF_HOU,BUF@HOU,2026-09-13T17:00:00+00:00,KXNFLRSHYDS-26SEP13BUFHOU-HOUCSTROUD7-10,KXNFLRSHYDS-26SEP13BUFHOU,KXNFLRSHYDS,rushing_yards,football_player,C.J. Stroud: 10+ rushing yards,FIRST_OBSERVED,2026-09-07T12:03:37.314325+00:00,2026-09-07T12:03:37.314325+00:00,0,0.48,0.51,0.49,0.52,market_object,PASS,
2026-09-07T12:03:37.314325+00:00,2026,1,2026_01_BUF_HOU,BUF@HOU,2026-09-13T17:00:00+00:00,KXNFLRSHYDS-26SEP13BUFHOU-BUFJCOOK4-90,KXNFLRSHYDS-26SEP13BUFHOU,KXNFLRSHYDS,rushing_yards,football_player,James Cook III: 90+ rushing yards,FIRST_OBSERVED,2026-09-07T12:03:37.314325+00:00,2026-09-07T12:03:37.314325+00:00,0,0.02,0.36,0.64,0.98,market_object,PASS,
2026-09-07T12:03:37.314325+00:00,2026,1,2026_01_BUF_HOU,BUF@HOU,2026-09-13T17:00:00+00:00,KXNFLRSHYDS-26SEP13BUFHOU-BUFJCOOK4-80,KXNFLRSHYDS-26SEP13BUFHOU,KXNFLRSHYDS,rushing_yards,football_player,James Cook III: 80+ rushing yards,FIRST_OBSERVED,2026-09-07T12:03:37.314325+00:00,2026-09-07T12:03:37.314325+00:00,0,0.02,0.47,0.53,0.98,market_object,PASS,
2026-09-07T12:03:37.314325+00:00,2026,1,2026_01_BUF_HOU,BUF@HOU,2026-09-13T17:00:00+00:00,KXNFLRSHYDS-26SEP13BUFHOU-BUFJCOOK4-70,KXNFLRSHYDS-26SEP13BUFHOU,KXNFLRSHYDS,rushing_yards,football_player,James Cook III: 70+ rushing yards,FIRST_OBSERVED,2026-09-07T12:03:37.314325+00:00,2026-09-07T12:03:37.314325+00:00,0,0.02,0.58,0.42000000000000004,0.98,market_object,PASS,
2026-09-07T12:03:37.314325+00:00,2026,1,2026_01_BUF_HOU,BUF@HOU,2026-09-13T17:00:00+00:00,KXNFLRSHYDS-26SEP13BUFHOU-BUFJCOOK4-60,KXNFLRSHYDS-26SEP13BUFHOU,KXNFLRSHYDS,rushing_yards,football_player,James Cook III: 60+ rushing yards,FIRST_OBSERVED,2026-09-07T12:03:37.314325+00:00,2026-09-07T12:03:37.314325+00:00,0,0.02,0.69,0.31000000000000005,0.98,market_object,PASS,
2026-09-07T12:03:37.314325+00:00,2026,1,2026_01_BUF_HOU,BUF@HOU,2026-09-13T17:00:00+00:00,KXNFLRSHYDS-26SEP13BUFHOU-BUFJCOOK4-50,KXNFLRSHYDS-26SEP13BUFHOU,KXNFLRSHYDS,rushing_yards,football_player,James Cook III: 50+ rushing yards,FIRST_OBSERVED,2026-09-07T12:03:37.314325+00:00,2026-09-07T12:03:37.314325+00:00,0,0.02,0.8,0.19999999999999996,0.98,market_object,PASS,
2026-09-07T12:03:37.314325+00:00,2026,1,2026_01_BUF_HOU,BUF@HOU,2026-09-13T17:00:00+00:00,KXNFLRSHYDS-26SEP13BUFHOU-BUFJCOOK4-40,KXNFLRSHYDS-26SEP13BUFHOU,KXNFLRSHYDS,rushing_yards,football_player,James Cook III: 40+ rushing yards,FIRST_OBSERVED,2026-09-07T12:03:37.314325+00:00,2026-09-07T12:03:37.314325+00:00,0,0.26,0.89,0.10999999999999999,0.74,market_object,PASS,
2026-09-07T12:03:37.314325+00:00,2026,1,2026_01_BUF_HOU,BUF@HOU,2026-09-13T17:00:00+00:00,KXNFLRSHYDS-26SEP13BUFHOU-BUFJCOOK4-150,KXNFLRSHYDS-26SEP13BUFHOU,KXNFLRSHYDS,rushing_yards,football_player,James Cook III: 150+ rushing yards,FIRST_OBSERVED,2026-09-07T12:03:37.314325+00:00,2026-09-07T12:03:37.314325+00:00,0,0.02,0.06,0.94,0.98,market_object,PASS,
2026-09-07T12:03:37.314325+00:00,2026,1,2026_01_BUF_HOU,BUF@HOU,2026-09-13T17:00:00+00:00,KXNFLRSHYDS-26SEP13BUFHOU-BUFJCOOK4-140,KXNFLRSHYDS-26SEP13BUFHOU,KXNFLRSHYDS,rushing_yards,football_player,James Cook III: 140+ rushing yards,FIRST_OBSERVED,2026-09-07T12:03:37.314325+00:00,2026-09-07T12:03:37.314325+00:00,0,0.02,0.08,0.92,0.98,market_object,PASS,
2026-09-07T12:03:37.314325+00:00,2026,1,2026_01_BUF_HOU,BUF@HOU,2026-09-13T17:00:00+00:00,KXNFLRSHYDS-26SEP13BUFHOU-BUFJCOOK4-130,KXNFLRSHYDS-26SEP13BUFHOU,KXNFLRSHYDS,rushing_yards,football_player,James Cook III: 130+ rushing yards,FIRST_OBSERVED,2026-09-07T12:03:37.314325+00:00,2026-09-07T12:03:37.314325+00:00,0,0.02,0.11,0.89,0.98,market_object,PASS,
2026-09-07T12:03:37.314325+00:00,2026,1,2026_01_BUF_HOU,BUF@HOU,2026-09-13T17:00:00+00:00,KXNFLRSHYDS-26SEP13BUFHOU-BUFJCOOK4-120,KXNFLRSHYDS-26SEP13BUFHOU,KXNFLRSHYDS,rushing_yards,football_player,James Cook III: 120+ rushing yards,FIRST_OBSERVED,2026-09-07T12:03:37.314325+00:00,2026-09-07T12:03:37.314325+00:00,0,0.02,0.16,0.84,0.98,market_object,PASS,
2026-09-07T12:03:37.314325+00:00,2026,1,2026_01_BUF_HOU,BUF@HOU,2026-09-13T17:00:00+00:00,KXNFLRSHYDS-26SEP13BUFHOU-BUFJCOOK4-110,KXNFLRSHYDS-26SEP13BUFHOU,KXNFLRSHYDS,rushing_yards,football_player,James Cook III: 110+ rushing yards,FIRST_OBSERVED,2026-09-07T12:03:37.314325+00:00,2026-09-07T12:03:37.314325+00:00,0,0.05,0.18,0.8200000000000001,0.95,market_object,PASS,
2026-09-07T12:03:37.314325+00:00,2026,1,2026_01_BUF_HOU,BUF@HOU,2026-09-13T17:00:00+00:00,KXNFLRSHYDS-26SEP13BUFHOU-BUFJCOOK4-100,KXNFLRSHYDS-26SEP13BUFHOU,KXNFLRSHYDS,rushing_yards,football_player,James Cook III: 100+ rushing yards,FIRST_OBSERVED,2026-09-07T12:03:37.314325+00:00,2026-09-07T12:03:37.314325+00:00,0,0.02,0.28,0.72,0.98,market_object,PASS,
2026-09-07T12:03:37.314325+00:00,2026,1,2026_01_BUF_HOU,BUF@HOU,2026-09-13T17:00:00+00:00,KXNFLRSHYDS-26SEP13BUFHOU-BUFJALLEN17-90,KXNFLRSHYDS-26SEP13BUFHOU,KXNFLRSHYDS,rushing_yards,football_player,Josh Allen: 90+ rushing yards,FIRST_OBSERVED,2026-09-07T12:03:37.314325+00:00,2026-09-07T12:03:37.314325+00:00,0,0.02,0.05,0.95,0.98,market_object,PASS,
2026-09-07T12:03:37.314325+00:00,2026,1,2026_01_BUF_HOU,BUF@HOU,2026-09-13T17:00:00+00:00,KXNFLRSHYDS-26SEP13BUFHOU-BUFJALLEN17-80,KXNFLRSHYDS-26SEP13BUFHOU,KXNFLRSHYDS,rushing_yards,football_player,Josh Allen: 80+ rushing yards,FIRST_OBSERVED,2026-09-07T12:03:37.314325+00:00,2026-09-07T12:03:37.314325+00:00,0,0.02,0.08,0.92,0.98,market_object,PASS,
2026-09-07T12:03:37.314325+00:00,2026,1,2026_01_BUF_HOU,BUF@HOU,2026-09-13T17:00:00+00:00,KXNFLRSHYDS-26SEP13BUFHOU-BUFJALLEN17-70,KXNFLRSHYDS-26SEP13BUFHOU,KXNFLRSHYDS,rushing_yards,football_player,Josh Allen: 70+ rushing yards,FIRST_OBSERVED,2026-09-07T12:03:37.314325+00:00,2026-09-07T12:03:37.314325+00:00,0,0.02,0.12,0.88,0.98,market_object,PASS,
2026-09-07T12:03:37.314325+00:00,2026,1,2026_01_BUF_HOU,BUF@HOU,2026-09-13T17:00:00+00:00,KXNFLRSHYDS-26SEP13BUFHOU-BUFJALLEN17-60,KXNFLRSHYDS-26SEP13BUFHOU,KXNFLRSHYDS,rushing_yards,football_player,Josh Allen: 60+ rushing yards,FIRST_OBSERVED,2026-09-07T12:03:37.314325+00:00,2026-09-07T12:03:37.314325+00:00,0,0.02,0.16,0.84,0.98,market_object,PASS,
2026-09-07T12:03:37.314325+00:00,2026,1,2026_01_BUF_HOU,BUF@HOU,2026-09-13T17:00:00+00:00,KXNFLRSHYDS-26SEP13BUFHOU-BUFJALLEN17-50,KXNFLRSHYDS-26SEP13BUFHOU,KXNFLRSHYDS,rushing_yards,football_player,Josh Allen: 50+ rushing yards,FIRST_OBSERVED,2026-09-07T12:03:37.314325+00:00,2026-09-07T12:03:37.314325+00:00,0,0.02,0.25,0.75,0.98,market_object,PASS,
2026-09-07T12:03:37.314325+00:00,2026,1,2026_01_BUF_HOU,BUF@HOU,2026-09-13T17:00:00+00:00,KXNFLRSHYDS-26SEP13BUFHOU-BUFJALLEN17-40,KXNFLRSHYDS-26SEP13BUFHOU,KXNFLRSHYDS,rushing_yards,football_player,Josh Allen: 40+ rushing yards,FIRST_OBSERVED,2026-09-07T12:03:37.314325+00:00,2026-09-07T12:03:37.314325+00:00,0,0.02,0.36,0.64,0.98,market_object,PASS,
2026-09-07T12:03:37.314325+00:00,2026,1,2026_01_BUF_HOU,BUF@HOU,2026-09-13T17:00:00+00:00,KXNFLRSHYDS-26SEP13BUFHOU-BUFJALLEN17-30,KXNFLRSHYDS-26SEP13BUFHOU,KXNFLRSHYDS,rushing_yards,football_player,Josh Allen: 30+ rushing yards,FIRST_OBSERVED,2026-09-07T12:03:37.314325+00:00,2026-09-07T12:03:37.314325+00:00,0,0.49,0.52,0.48,0.51,market_object,PASS,
2026-09-07T12:03:37.314325+00:00,2026,1,2026_01_BUF_HOU,BUF@HOU,2026-09-13T17:00:00+00:00,KXNFLRSHYDS-26SEP13BUFHOU-BUFJALLEN17-25,KXNFLRSHYDS-26SEP13BUFHOU,KXNFLRSHYDS,rushing_yards,football_player,Josh Allen: 25+ rushing yards,FIRST_OBSERVED,2026-09-07T12:03:37.314325+00:00,2026-09-07T12:03:37.314325+00:00,0,0.37,0.65,0.35,0.63,market_object,PASS,
2026-09-07T12:03:37.314325+00:00,2026,1,2026_01_BUF_HOU,BUF@HOU,2026-09-13T17:00:00+00:00,KXNFLRSHYDS-26SEP13BUFHOU-BUFJALLEN17-20,KXNFLRSHYDS-26SEP13BUFHOU,KXNFLRSHYDS,rushing_yards,football_player,Josh Allen: 20+ rushing yards,FIRST_OBSERVED,2026-09-07T12:03:37.314325+00:00,2026-09-07T12:03:37.314325+00:00,0,0.37,0.74,0.26,0.63,market_object,PASS,
2026-09-07T12:03:37.314325+00:00,2026,1,2026_01_BUF_HOU,BUF@HOU,2026-09-13T17:00:00+00:00,KXNFLRSHYDS-26SEP13BUFHOU-BUFJALLEN17-15,KXNFLRSHYDS-26SEP13BUFHOU,KXNFLRSHYDS,rushing_yards,football_player,Josh Allen: 15+ rushing yards,FIRST_OBSERVED,2026-09-07T12:03:37.314325+00:00,2026-09-07T12:03:37.314325+00:00,0,0.37,0.83,0.17000000000000004,0.63,market_object,PASS,
2026-09-07T12:03:37.314325+00:00,2026,1,2026_01_NO_DET,NO@DET,2026-09-13T17:00:00+00:00,KXNFLRSHYDS-26SEP13NODET-DETJGIBBS0-90,KXNFLRSHYDS-26SEP13NODET,KXNFLRSHYDS,rushing_yards,football_player,Jahmyr Gibbs: 90+ rushing yards,FIRST_OBSERVED,2026-09-07T12:03:37.314325+00:00,2026-09-07T12:03:37.314325+00:00,0,0.02,0.46,0.54,0.98,market_object,PASS,
2026-09-07T12:03:37.314325+00:00,2026,1,2026_01_NO_DET,NO@DET,2026-09-13T17:00:00+00:00,KXNFLRSHYDS-26SEP13NODET-DETJGIBBS0-80,KXNFLRSHYDS-26SEP13NODET,KXNFLRSHYDS,rushing_yards,football_player,Jahmyr Gibbs: 80+ rushing yards,FIRST_OBSERVED,2026-09-07T12:03:37.314325+00:00,2026-09-07T12:03:37.314325+00:00,0,0.5,0.56,0.43999999999999995,0.5,market_object,PASS,
2026-09-07T12:03:37.314325+00:00,2026,1,2026_01_NO_DET,NO@DET,2026-09-13T17:00:00+00:00,KXNFLRSHYDS-26SEP13NODET-DETJGIBBS0-70,KXNFLRSHYDS-26SEP13NODET,KXNFLRSHYDS,rushing_yards,football_player,Jahmyr Gibbs: 70+ rushing yards,FIRST_OBSERVED,2026-09-07T12:03:37.314325+00:00,2026-09-07T12:03:37.314325+00:00,0,0.54,0.67,0.32999999999999996,0.45999999999999996,market_object,PASS,
2026-09-07T12:03:37.314325+00:00,2026,1,2026_01_NO_DET,NO@DET,2026-09-13T17:00:00+00:00,KXNFLRSHYDS-26SEP13NODET-DETJGIBBS0-60,KXNFLRSHYDS-26SEP13NODET,KXNFLRSHYDS,rushing_yards,football_player,Jahmyr Gibbs: 60+ rushing yards,FIRST_OBSERVED,2026-09-07T12:03:37.314325+00:00,2026-09-07T12:03:37.314325+00:00,0,0.62,0.77,0.22999999999999998,0.38,market_object,PASS,
2026-09-07T12:03:37.314325+00:00,2026,1,2026_01_NO_DET,NO@DET,2026-09-13T17:00:00+00:00,KXNFLRSHYDS-26SEP13NODET-DETJGIBBS0-50,KXNFLRSHYDS-26SEP13NODET,KXNFLRSHYDS,rushing_yards,football_player,Jahmyr Gibbs: 50+ rushing yards,FIRST_OBSERVED,2026-09-07T12:03:37.314325+00:00,2026-09-07T12:03:37.314325+00:00,0,0.73,0.84,0.16000000000000003,0.27,market_object,PASS,
2026-09-07T12:03:37.314325+00:00,2026,1,2026_01_NO_DET,NO@DET,2026-09-13T17:00:00+00:00,KXNFLRSHYDS-26SEP13NODET-DETJGIBBS0-160,KXNFLRSHYDS-26SEP13NODET,KXNFLRSHYDS,rushing_yards,football_player,Jahmyr Gibbs: 160+ rushing yards,FIRST_OBSERVED,2026-09-07T12:03:37.314325+00:00,2026-09-07T12:03:37.314325+00:00,0,0.02,0.06,0.94,0.98,market_object,PASS,
2026-09-07T12:03:37.314325+00:00,2026,1,2026_01_NO_DET,NO@DET,2026-09-13T17:00:00+00:00,KXNFLRSHYDS-26SEP13NODET-DETJGIBBS0-150,KXNFLRSHYDS-26SEP13NODET,KXNFLRSHYDS,rushing_yards,football_player,Jahmyr Gibbs: 150+ rushing yards,FIRST_OBSERVED,2026-09-07T12:03:37.314325+00:00,2026-09-07T12:03:37.314325+00:00,0,0.02,0.08,0.92,0.98,market_object,PASS,
2026-09-07T12:03:37.314325+00:00,2026,1,2026_01_NO_DET,NO@DET,2026-09-13T17:00:00+00:00,KXNFLRSHYDS-26SEP13NODET-DETJGIBBS0-140,KXNFLRSHYDS-26SEP13NODET,KXNFLRSHYDS,rushing_yards,football_player,Jahmyr Gibbs: 140+ rushing yards,FIRST_OBSERVED,2026-09-07T12:03:37.314325+00:00,2026-09-07T12:03:37.314325+00:00,0,0.02,0.11,0.89,0.98,market_object,PASS,
2026-09-07T12:03:37.314325+00:00,2026,1,2026_01_NO_DET,NO@DET,2026-09-13T17:00:00+00:00,KXNFLRSHYDS-26SEP13NODET-DETJGIBBS0-130,KXNFLRSHYDS-26SEP13NODET,KXNFLRSHYDS,rushing_yards,football_player,Jahmyr Gibbs: 130+ rushing yards,FIRST_OBSERVED,2026-09-07T12:03:37.314325+00:00,2026-09-07T12:03:37.314325+00:00,0,0.02,0.16,0.84,0.98,market_object,PASS,
2026-09-07T12:03:37.314325+00:00,2026,1,2026_01_NO_DET,NO@DET,2026-09-13T17:00:00+00:00,KXNFLRSHYDS-26SEP13NODET-DETJGIBBS0-120,KXNFLRSHYDS-26SEP13NODET,KXNFLRSHYDS,rushing_yards,football_player,Jahmyr Gibbs: 120+ rushing yards,FIRST_OBSERVED,2026-09-07T12:03:37.314325+00:00,2026-09-07T12:03:37.314325+00:00,0,0.02,0.22,0.78,0.98,market_object,PASS,
2026-09-07T12:03:37.314325+00:00,2026,1,2026_01_NO_DET,NO@DET,2026-09-13T17:00:00+00:00,KXNFLRSHYDS-26SEP13NODET-DETJGIBBS0-110,KXNFLRSHYDS-26SEP13NODET,KXNFLRSHYDS,rushing_yards,football_player,Jahmyr Gibbs: 110+ rushing yards,FIRST_OBSERVED,2026-09-07T12:03:37.314325+00:00,2026-09-07T12:03:37.314325+00:00,0,0.02,0.28,0.72,0.98,market_object,PASS,
2026-09-07T12:03:37.314325+00:00,2026,1,2026_01_NO_DET,NO@DET,2026-09-13T17:00:00+00:00,KXNFLRSHYDS-26SEP13NODET-DETJGIBBS0-100,KXNFLRSHYDS-26SEP13NODET,KXNFLRSHYDS,rushing_yards,football_player,Jahmyr Gibbs: 100+ rushing yards,FIRST_OBSERVED,2026-09-07T12:03:37.314325+00:00,2026-09-07T12:03:37.314325+00:00,0,0.02,0.36,0.64,0.98,market_object,PASS,
2026-09-07T12:03:37.314325+00:00,2026,1,2026_01_NYJ_TEN,NYJ@TEN,2026-09-13T17:00:00+00:00,KXNFLRSHYDS-26SEP13NYJTEN-TENCWARD1-10,KXNFLRSHYDS-26SEP13NYJTEN,KXNFLRSHYDS,rushing_yards,football_player,Cam Ward: 10+ rushing yards,FIRST_OBSERVED,2026-09-07T12:03:37.314325+00:00,2026-09-07T12:03:37.314325+00:00,0,0.47,0.49,0.51,0.53,market_object,PASS,
2026-09-07T12:03:37.314325+00:00,2026,1,2026_01_NYJ_TEN,NYJ@TEN,2026-09-13T17:00:00+00:00,KXNFLRSHYDS-26SEP13NYJTEN-NYJGSMITH7-30,KXNFLRSHYDS-26SEP13NYJTEN,KXNFLRSHYDS,rushing_yards,football_player,Geno Smith: 30+ rushing yards,FIRST_OBSERVED,2026-09-07T12:03:37.314325+00:00,2026-09-07T12:03:37.314325+00:00,0,0.02,0.07,0.9299999999999999,0.98,market_object,PASS,
2026-09-07T12:03:37.314325+00:00,2026,1,2026_01_NYJ_TEN,NYJ@TEN,2026-09-13T17:00:00+00:00,KXNFLRSHYDS-26SEP13NYJTEN-NYJGSMITH7-25,KXNFLRSHYDS-26SEP13NYJTEN,KXNFLRSHYDS,rushing_yards,football_player,Geno Smith: 25+ rushing yards,FIRST_OBSERVED,2026-09-07T12:03:37.314325+00:00,2026-09-07T12:03:37.314325+00:00,0,0.02,0.11,0.89,0.98,market_object,PASS,
2026-09-07T12:03:37.314325+00:00,2026,1,2026_01_NYJ_TEN,NYJ@TEN,2026-09-13T17:00:00+00:00,KXNFLRSHYDS-26SEP13NYJTEN-NYJGSMITH7-20,KXNFLRSHYDS-26SEP13NYJTEN,KXNFLRSHYDS,rushing_yards,football_player,Geno Smith: 20+ rushing yards,FIRST_OBSERVED,2026-09-07T12:03:37.314325+00:00,2026-09-07T12:03:37.314325+00:00,0,0.02,0.15,0.85,0.98,market_object,PASS,
2026-09-07T12:03:37.314325+00:00,2026,1,2026_01_NYJ_TEN,NYJ@TEN,2026-09-13T17:00:00+00:00,KXNFLRSHYDS-26SEP13NYJTEN-NYJGSMITH7-15,KXNFLRSHYDS-26SEP13NYJTEN,KXNFLRSHYDS,rushing_yards,football_player,Geno Smith: 15+ rushing yards,FIRST_OBSERVED,2026-09-07T12:03:37.314325+00:00,2026-09-07T12:03:37.314325+00:00,0,0.02,0.25,0.75,0.98,market_object,PASS,
2026-09-07T12:03:37.314325+00:00,2026,1,2026_01_NYJ_TEN,NYJ@TEN,2026-09-13T17:00:00+00:00,KXNFLRSHYDS-26SEP13NYJTEN-NYJGSMITH7-10,KXNFLRSHYDS-26SEP13NYJTEN,KXNFLRSHYDS,rushing_yards,football_player,Geno Smith: 10+ rushing yards,FIRST_OBSERVED,2026-09-07T12:03:37.314325+00:00,2026-09-07T12:03:37.314325+00:00,0,0.02,0.39,0.61,0.98,market_object,PASS,
2026-09-07T12:03:37.314325+00:00,2026,1,2026_01_TB_CIN,TB@CIN,2026-09-13T17:00:00+00:00,KXNFLRSHYDS-26SEP13TBCIN-TBBMAYFIELD6-50,KXNFLRSHYDS-26SEP13TBCIN,KXNFLRSHYDS,rushing_yards,football_player,Baker Mayfield: 50+ rushing yards,FIRST_OBSERVED,2026-09-07T12:03:37.314325+00:00,2026-09-07T12:03:37.314325+00:00,0,0.02,0.05,0.95,0.98,market_object,PASS,
2026-09-07T12:03:37.314325+00:00,2026,1,2026_01_TB_CIN,TB@CIN,2026-09-13T17:00:00+00:00,KXNFLRSHYDS-26SEP13TBCIN-TBBMAYFIELD6-40,KXNFLRSHYDS-26SEP13TBCIN,KXNFLRSHYDS,rushing_yards,football_player,Baker Mayfield: 40+ rushing yards,FIRST_OBSERVED,2026-09-07T12:03:37.314325+00:00,2026-09-07T12:03:37.314325+00:00,0,0.02,0.1,0.9,0.98,market_object,PASS,
2026-09-07T12:03:37.314325+00:00,2026,1,2026_01_TB_CIN,TB@CIN,2026-09-13T17:00:00+00:00,KXNFLRSHYDS-26SEP13TBCIN-TBBMAYFIELD6-30,KXNFLRSHYDS-26SEP13TBCIN,KXNFLRSHYDS,rushing_yards,football_player,Baker Mayfield: 30+ rushing yards,FIRST_OBSERVED,2026-09-07T12:03:37.314325+00:00,2026-09-07T12:03:37.314325+00:00,0,0.02,0.2,0.8,0.98,market_object,PASS,
2026-09-07T12:03:37.314325+00:00,2026,1,2026_01_TB_CIN,TB@CIN,2026-09-13T17:00:00+00:00,KXNFLRSHYDS-26SEP13TBCIN-TBBMAYFIELD6-25,KXNFLRSHYDS-26SEP13TBCIN,KXNFLRSHYDS,rushing_yards,football_player,Baker Mayfield: 25+ rushing yards,FIRST_OBSERVED,2026-09-07T12:03:37.314325+00:00,2026-09-07T12:03:37.314325+00:00,0,0.02,0.28,0.72,0.98,market_object,PASS,
2026-09-07T12:03:37.314325+00:00,2026,1,2026_01_TB_CIN,TB@CIN,2026-09-13T17:00:00+00:00,KXNFLRSHYDS-26SEP13TBCIN-TBBMAYFIELD6-20,KXNFLRSHYDS-26SEP13TBCIN,KXNFLRSHYDS,rushing_yards,football_player,Baker Mayfield: 20+ rushing yards,FIRST_OBSERVED,2026-09-07T12:03:37.314325+00:00,2026-09-07T12:03:37.314325+00:00,0,0.02,0.39,0.61,0.98,market_object,PASS,
2026-09-07T12:03:37.314325+00:00,2026,1,2026_01_TB_CIN,TB@CIN,2026-09-13T17:00:00+00:00,KXNFLRSHYDS-26SEP13TBCIN-TBBMAYFIELD6-15,KXNFLRSHYDS-26SEP13TBCIN,KXNFLRSHYDS,rushing_yards,football_player,Baker Mayfield: 15+ rushing yards,FIRST_OBSERVED,2026-09-07T12:03:37.314325+00:00,2026-09-07T12:03:37.314325+00:00,0,0.48,0.53,0.47,0.52,market_object,PASS,
2026-09-07T12:03:37.314325+00:00,2026,1,2026_01_TB_CIN,TB@CIN,2026-09-13T17:00:00+00:00,KXNFLRSHYDS-26SEP13TBCIN-TBBMAYFIELD6-10,KXNFLRSHYDS-26SEP13TBCIN,KXNFLRSHYDS,rushing_yards,football_player,Baker Mayfield: 10+ rushing yards,FIRST_OBSERVED,2026-09-07T12:03:37.314325+00:00,2026-09-07T12:03:37.314325+00:00,0,0.02,0.7,0.30000000000000004,0.98,market_object,PASS,
2026-09-07T12:03:37.314325+00:00,2026,1,2026_01_TB_CIN,TB@CIN,2026-09-13T17:00:00+00:00,KXNFLRSHYDS-26SEP13TBCIN-TBBIRVING7-90,KXNFLRSHYDS-26SEP13TBCIN,KXNFLRSHYDS,rushing_yards,football_player,Bucky Irving: 90+ rushing yards,FIRST_OBSERVED,2026-09-07T12:03:37.314325+00:00,2026-09-07T12:03:37.314325+00:00,0,0.02,0.19,0.81,0.98,market_object,PASS,
2026-09-07T12:03:37.314325+00:00,2026,1,2026_01_TB_CIN,TB@CIN,2026-09-13T17:00:00+00:00,KXNFLRSHYDS-26SEP13TBCIN-TBBIRVING7-80,KXNFLRSHYDS-26SEP13TBCIN,KXNFLRSHYDS,rushing_yards,football_player,Bucky Irving: 80+ rushing yards,FIRST_OBSERVED,2026-09-07T12:03:37.314325+00:00,2026-09-07T12:03:37.314325+00:00,0,0.02,0.28,0.72,0.98,market_object,PASS,
2026-09-07T12:03:37.314325+00:00,2026,1,2026_01_TB_CIN,TB@CIN,2026-09-13T17:00:00+00:00,KXNFLRSHYDS-26SEP13TBCIN-TBBIRVING7-70,KXNFLRSHYDS-26SEP13TBCIN,KXNFLRSHYDS,rushing_yards,football_player,Bucky Irving: 70+ rushing yards,FIRST_OBSERVED,2026-09-07T12:03:37.314325+00:00,2026-09-07T12:03:37.314325+00:00,0,0.02,0.37,0.63,0.98,market_object,PASS,
2026-09-07T12:03:37.314325+00:00,2026,1,2026_01_TB_CIN,TB@CIN,2026-09-13T17:00:00+00:00,KXNFLRSHYDS-26SEP13TBCIN-TBBIRVING7-60,KXNFLRSHYDS-26SEP13TBCIN,KXNFLRSHYDS,rushing_yards,football_player,Bucky Irving: 60+ rushing yards,FIRST_OBSERVED,2026-09-07T12:03:37.314325+00:00,2026-09-07T12:03:37.314325+00:00,0,0.02,0.5,0.5,0.98,market_object,PASS,
2026-09-07T12:03:37.314325+00:00,2026,1,2026_01_TB_CIN,TB@CIN,2026-09-13T17:00:00+00:00,KXNFLRSHYDS-26SEP13TBCIN-TBBIRVING7-50,KXNFLRSHYDS-26SEP13TBCIN,KXNFLRSHYDS,rushing_yards,football_player,Bucky Irving: 50+ rushing yards,FIRST_OBSERVED,2026-09-07T12:03:37.314325+00:00,2026-09-07T12:03:37.314325+00:00,0,0.02,0.63,0.37,0.98,market_object,PASS,
2026-09-07T12:03:37.314325+00:00,2026,1,2026_01_TB_CIN,TB@CIN,2026-09-13T17:00:00+00:00,KXNFLRSHYDS-26SEP13TBCIN-TBBIRVING7-40,KXNFLRSHYDS-26SEP13TBCIN,KXNFLRSHYDS,rushing_yards,football_player,Bucky Irving: 40+ rushing yards,FIRST_OBSERVED,2026-09-07T12:03:37.314325+00:00,2026-09-07T12:03:37.314325+00:00,0,0.02,0.77,0.22999999999999998,0.98,market_object,PASS,
2026-09-07T12:03:37.314325+00:00,2026,1,2026_01_TB_CIN,TB@CIN,2026-09-13T17:00:00+00:00,KXNFLRSHYDS-26SEP13TBCIN-TBBIRVING7-30,KXNFLRSHYDS-26SEP13TBCIN,KXNFLRSHYDS,rushing_yards,football_player,Bucky Irving: 30+ rushing yards,FIRST_OBSERVED,2026-09-07T12:03:37.314325+00:00,2026-09-07T12:03:37.314325+00:00,0,0.26,0.88,0.12,0.74,market_object,PASS,
2026-09-07T12:03:37.314325+00:00,2026,1,2026_01_TB_CIN,TB@CIN,2026-09-13T17:00:00+00:00,KXNFLRSHYDS-26SEP13TBCIN-TBBIRVING7-130,KXNFLRSHYDS-26SEP13TBCIN,KXNFLRSHYDS,rushing_yards,football_player,Bucky Irving: 130+ rushing yards,FIRST_OBSERVED,2026-09-07T12:03:37.314325+00:00,2026-09-07T12:03:37.314325+00:00,0,0.02,0.05,0.95,0.98,market_object,PASS,
2026-09-07T12:03:37.314325+00:00,2026,1,2026_01_TB_CIN,TB@CIN,2026-09-13T17:00:00+00:00,KXNFLRSHYDS-26SEP13TBCIN-TBBIRVING7-120,KXNFLRSHYDS-26SEP13TBCIN,KXNFLRSHYDS,rushing_yards,football_player,Bucky Irving: 120+ rushing yards,FIRST_OBSERVED,2026-09-07T12:03:37.314325+00:00,2026-09-07T12:03:37.314325+00:00,0,0.02,0.07,0.9299999999999999,0.98,market_object,PASS,
2026-09-07T12:03:37.314325+00:00,2026,1,2026_01_TB_CIN,TB@CIN,2026-09-13T17:00:00+00:00,KXNFLRSHYDS-26SEP13TBCIN-TBBIRVING7-110,KXNFLRSHYDS-26SEP13TBCIN,KXNFLRSHYDS,rushing_yards,football_player,Bucky Irving: 110+ rushing yards,FIRST_OBSERVED,2026-09-07T12:03:37.314325+00:00,2026-09-07T12:03:37.314325+00:00,0,0.02,0.1,0.9,0.98,market_object,PASS,
2026-09-07T12:03:37.314325+00:00,2026,1,2026_01_TB_CIN,TB@CIN,2026-09-13T17:00:00+00:00,KXNFLRSHYDS-26SEP13TBCIN-TBBIRVING7-100,KXNFLRSHYDS-26SEP13TBCIN,KXNFLRSHYDS,rushing_yards,football_player,Bucky Irving: 100+ rushing yards,FIRST_OBSERVED,2026-09-07T12:03:37.314325+00:00,2026-09-07T12:03:37.314325+00:00,0,0.02,0.14,0.86,0.98,market_object,PASS,
2026-09-07T12:03:37.314325+00:00,2026,1,2026_01_TB_CIN,TB@CIN,2026-09-13T17:00:00+00:00,KXNFLRSHYDS-26SEP13TBCIN-CINJBURROW9-30,KXNFLRSHYDS-26SEP13TBCIN,KXNFLRSHYDS,rushing_yards,football_player,Joe Burrow: 30+ rushing yards,FIRST_OBSERVED,2026-09-07T12:03:37.314325+00:00,2026-09-07T12:03:37.314325+00:00,0,0.02,0.08,0.92,0.98,market_object,PASS,
2026-09-07T12:03:37.314325+00:00,2026,1,2026_01_TB_CIN,TB@CIN,2026-09-13T17:00:00+00:00,KXNFLRSHYDS-26SEP13TBCIN-CINJBURROW9-25,KXNFLRSHYDS-26SEP13TBCIN,KXNFLRSHYDS,rushing_yards,football_player,Joe Burrow: 25+ rushing yards,FIRST_OBSERVED,2026-09-07T12:03:37.314325+00:00,2026-09-07T12:03:37.314325+00:00,0,0.02,0.12,0.88,0.98,market_object,PASS,
2026-09-07T12:03:37.314325+00:00,2026,1,2026_01_TB_CIN,TB@CIN,2026-09-13T17:00:00+00:00,KXNFLRSHYDS-26SEP13TBCIN-CINJBURROW9-20,KXNFLRSHYDS-26SEP13TBCIN,KXNFLRSHYDS,rushing_yards,football_player,Joe Burrow: 20+ rushing yards,FIRST_OBSERVED,2026-09-07T12:03:37.314325+00:00,2026-09-07T12:03:37.314325+00:00,0,0.02,0.17,0.83,0.98,market_object,PASS,
2026-09-07T12:03:37.314325+00:00,2026,1,2026_01_TB_CIN,TB@CIN,2026-09-13T17:00:00+00:00,KXNFLRSHYDS-26SEP13TBCIN-CINJBURROW9-15,KXNFLRSHYDS-26SEP13TBCIN,KXNFLRSHYDS,rushing_yards,football_player,Joe Burrow: 15+ rushing yards,FIRST_OBSERVED,2026-09-07T12:03:37.314325+00:00,2026-09-07T12:03:37.314325+00:00,0,0.02,0.28,0.72,0.98,market_object,PASS,
2026-09-07T12:03:37.314325+00:00,2026,1,2026_01_TB_CIN,TB@CIN,2026-09-13T17:00:00+00:00,KXNFLRSHYDS-26SEP13TBCIN-CINJBURROW9-10,KXNFLRSHYDS-26SEP13TBCIN,KXNFLRSHYDS,rushing_yards,football_player,Joe Burrow: 10+ rushing yards,FIRST_OBSERVED,2026-09-07T12:03:37.314325+00:00,2026-09-07T12:03:37.314325+00:00,0,0.02,0.42,0.5800000000000001,0.98,market_object,PASS,
2026-09-07T12:03:37.314325+00:00,2026,1,2026_01_TB_CIN,TB@CIN,2026-09-13T17:00:00+00:00,KXNFLRSHYDS-26SEP13TBCIN-CINCBROWN30-90,KXNFLRSHYDS-26SEP13TBCIN,KXNFLRSHYDS,rushing_yards,football_player,Chase Brown: 90+ rushing yards,FIRST_OBSERVED,2026-09-07T12:03:37.314325+00:00,2026-09-07T12:03:37.314325+00:00,0,0.02,0.22,0.78,0.98,market_object,PASS,
2026-09-07T12:03:37.314325+00:00,2026,1,2026_01_TB_CIN,TB@CIN,2026-09-13T17:00:00+00:00,KXNFLRSHYDS-26SEP13TBCIN-CINCBROWN30-80,KXNFLRSHYDS-26SEP13TBCIN,KXNFLRSHYDS,rushing_yards,football_player,Chase Brown: 80+ rushing yards,FIRST_OBSERVED,2026-09-07T12:03:37.314325+00:00,2026-09-07T12:03:37.314325+00:00,0,0.02,0.3,0.7,0.98,market_object,PASS,
2026-09-07T12:03:37.314325+00:00,2026,1,2026_01_TB_CIN,TB@CIN,2026-09-13T17:00:00+00:00,KXNFLRSHYDS-26SEP13TBCIN-CINCBROWN30-70,KXNFLRSHYDS-26SEP13TBCIN,KXNFLRSHYDS,rushing_yards,football_player,Chase Brown: 70+ rushing yards,FIRST_OBSERVED,2026-09-07T12:03:37.314325+00:00,2026-09-07T12:03:37.314325+00:00,0,0.02,0.4,0.6,0.98,market_object,PASS,
2026-09-07T12:03:37.314325+00:00,2026,1,2026_01_TB_CIN,TB@CIN,2026-09-13T17:00:00+00:00,KXNFLRSHYDS-26SEP13TBCIN-CINCBROWN30-60,KXNFLRSHYDS-26SEP13TBCIN,KXNFLRSHYDS,rushing_yards,football_player,Chase Brown: 60+ rushing yards,FIRST_OBSERVED,2026-09-07T12:03:37.314325+00:00,2026-09-07T12:03:37.314325+00:00,0,0.02,0.51,0.49,0.98,market_object,PASS,
2026-09-07T12:03:37.314325+00:00,2026,1,2026_01_TB_CIN,TB@CIN,2026-09-13T17:00:00+00:00,KXNFLRSHYDS-26SEP13TBCIN-CINCBROWN30-50,KXNFLRSHYDS-26SEP13TBCIN,KXNFLRSHYDS,rushing_yards,football_player,Chase Brown: 50+ rushing yards,FIRST_OBSERVED,2026-09-07T12:03:37.314325+00:00,2026-09-07T12:03:37.314325+00:00,0,0.02,0.64,0.36,0.98,market_object,PASS,
2026-09-07T12:03:37.314325+00:00,2026,1,2026_01_TB_CIN,TB@CIN,2026-09-13T17:00:00+00:00,KXNFLRSHYDS-26SEP13TBCIN-CINCBROWN30-40,KXNFLRSHYDS-26SEP13TBCIN,KXNFLRSHYDS,rushing_yards,football_player,Chase Brown: 40+ rushing yards,FIRST_OBSERVED,2026-09-07T12:03:37.314325+00:00,2026-09-07T12:03:37.314325+00:00,0,0.02,0.77,0.22999999999999998,0.98,market_object,PASS,
2026-09-07T12:03:37.314325+00:00,2026,1,2026_01_TB_CIN,TB@CIN,2026-09-13T17:00:00+00:00,KXNFLRSHYDS-26SEP13TBCIN-CINCBROWN30-30,KXNFLRSHYDS-26SEP13TBCIN,KXNFLRSHYDS,rushing_yards,football_player,Chase Brown: 30+ rushing yards,FIRST_OBSERVED,2026-09-07T12:03:37.314325+00:00,2026-09-07T12:03:37.314325+00:00,0,0.26,0.88,0.12,0.74,market_object,PASS,
2026-09-07T12:03:37.314325+00:00,2026,1,2026_01_TB_CIN,TB@CIN,2026-09-13T17:00:00+00:00,KXNFLRSHYDS-26SEP13TBCIN-CINCBROWN30-130,KXNFLRSHYDS-26SEP13TBCIN,KXNFLRSHYDS,rushing_yards,football_player,Chase Brown: 130+ rushing yards,FIRST_OBSERVED,2026-09-07T12:03:37.314325+00:00,2026-09-07T12:03:37.314325+00:00,0,0.02,0.06,0.94,0.98,market_object,PASS,
2026-09-07T12:03:37.314325+00:00,2026,1,2026_01_TB_CIN,TB@CIN,2026-09-13T17:00:00+00:00,KXNFLRSHYDS-26SEP13TBCIN-CINCBROWN30-120,KXNFLRSHYDS-26SEP13TBCIN,KXNFLRSHYDS,rushing_yards,football_player,Chase Brown: 120+ rushing yards,FIRST_OBSERVED,2026-09-07T12:03:37.314325+00:00,2026-09-07T12:03:37.314325+00:00,0,0.02,0.08,0.92,0.98,market_object,PASS,
2026-09-07T12:03:37.314325+00:00,2026,1,2026_01_TB_CIN,TB@CIN,2026-09-13T17:00:00+00:00,KXNFLRSHYDS-26SEP13TBCIN-CINCBROWN30-110,KXNFLRSHYDS-26SEP13TBCIN,KXNFLRSHYDS,rushing_yards,football_player,Chase Brown: 110+ rushing yards,FIRST_OBSERVED,2026-09-07T12:03:37.314325+00:00,2026-09-07T12:03:37.314325+00:00,0,0.02,0.11,0.89,0.98,market_object,PASS,
2026-09-07T12:03:37.314325+00:00,2026,1,2026_01_TB_CIN,TB@CIN,2026-09-13T17:00:00+00:00,KXNFLRSHYDS-26SEP13TBCIN-CINCBROWN30-100,KXNFLRSHYDS-26SEP13TBCIN,KXNFLRSHYDS,rushing_yards,football_player,Chase Brown: 100+ rushing yards,FIRST_OBSERVED,2026-09-07T12:03:37.314325+00:00,2026-09-07T12:03:37.314325+00:00,0,0.02,0.16,0.84,0.98,market_object,PASS,
2026-09-07T12:03:37.314325+00:00,2026,1,2026_01_ATL_PIT,ATL@PIT,2026-09-13T17:00:00+00:00,KXNFLRSHYDS-26SEP13ATLPIT-PITJWARREN30-90,KXNFLRSHYDS-26SEP13ATLPIT,KXNFLRSHYDS,rushing_yards,football_player,Jaylen Warren: 90+ rushing yards,FIRST_OBSERVED,2026-09-07T12:03:37.314325+00:00,2026-09-07T12:03:37.314325+00:00,0,0.02,0.08,0.92,0.98,market_object,PASS,
2026-09-07T12:03:37.314325+00:00,2026,1,2026_01_ATL_PIT,ATL@PIT,2026-09-13T17:00:00+00:00,KXNFLRSHYDS-26SEP13ATLPIT-PITJWARREN30-80,KXNFLRSHYDS-26SEP13ATLPIT,KXNFLRSHYDS,rushing_yards,football_player,Jaylen Warren: 80+ rushing yards,FIRST_OBSERVED,2026-09-07T12:03:37.314325+00:00,2026-09-07T12:03:37.314325+00:00,0,0.02,0.12,0.88,0.98,market_object,PASS,
2026-09-07T12:03:37.314325+00:00,2026,1,2026_01_ATL_PIT,ATL@PIT,2026-09-13T17:00:00+00:00,KXNFLRSHYDS-26SEP13ATLPIT-PITJWARREN30-70,KXNFLRSHYDS-26SEP13ATLPIT,KXNFLRSHYDS,rushing_yards,football_player,Jaylen Warren: 70+ rushing yards,FIRST_OBSERVED,2026-09-07T12:03:37.314325+00:00,2026-09-07T12:03:37.314325+00:00,0,0.02,0.19,0.81,0.98,market_object,PASS,
2026-09-07T12:03:37.314325+00:00,2026,1,2026_01_ATL_PIT,ATL@PIT,2026-09-13T17:00:00+00:00,KXNFLRSHYDS-26SEP13ATLPIT-PITJWARREN30-60,KXNFLRSHYDS-26SEP13ATLPIT,KXNFLRSHYDS,rushing_yards,football_player,Jaylen Warren: 60+ rushing yards,FIRST_OBSERVED,2026-09-07T12:03:37.314325+00:00,2026-09-07T12:03:37.314325+00:00,0,0.02,0.27,0.73,0.98,market_object,PASS,
2026-09-07T12:03:37.314325+00:00,2026,1,2026_01_ATL_PIT,ATL@PIT,2026-09-13T17:00:00+00:00,KXNFLRSHYDS-26SEP13ATLPIT-PITJWARREN30-50,KXNFLRSHYDS-26SEP13ATLPIT,KXNFLRSHYDS,rushing_yards,football_player,Jaylen Warren: 50+ rushing yards,FIRST_OBSERVED,2026-09-07T12:03:37.314325+00:00,2026-09-07T12:03:37.314325+00:00,0,0.02,0.39,0.61,0.98,market_object,PASS,
2026-09-07T12:03:37.314325+00:00,2026,1,2026_01_ATL_PIT,ATL@PIT,2026-09-13T17:00:00+00:00,KXNFLRSHYDS-26SEP13ATLPIT-PITJWARREN30-40,KXNFLRSHYDS-26SEP13ATLPIT,KXNFLRSHYDS,rushing_yards,football_player,Jaylen Warren: 40+ rushing yards,FIRST_OBSERVED,2026-09-07T12:03:37.314325+00:00,2026-09-07T12:03:37.314325+00:00,0,0.5,0.54,0.45999999999999996,0.5,market_object,PASS,
2026-09-07T12:03:37.314325+00:00,2026,1,2026_01_ATL_PIT,ATL@PIT,2026-09-13T17:00:00+00:00,KXNFLRSHYDS-26SEP13ATLPIT-PITJWARREN30-30,KXNFLRSHYDS-26SEP13ATLPIT,KXNFLRSHYDS,rushing_yards,football_player,Jaylen Warren: 30+ rushing yards,FIRST_OBSERVED,2026-09-07T12:03:37.314325+00:00,2026-09-07T12:03:37.314325+00:00,0,0.02,0.72,0.28,0.98,market_object,PASS,
2026-09-07T12:03:37.314325+00:00,2026,1,2026_01_ATL_PIT,ATL@PIT,2026-09-13T17:00:00+00:00,KXNFLRSHYDS-26SEP13ATLPIT-PITJWARREN30-25,KXNFLRSHYDS-26SEP13ATLPIT,KXNFLRSHYDS,rushing_yards,football_player,Jaylen Warren: 25+ rushing yards,FIRST_OBSERVED,2026-09-07T12:03:37.314325+00:00,2026-09-07T12:03:37.314325+00:00,0,0.02,0.8,0.19999999999999996,0.98,market_object,PASS,
2026-09-07T12:03:37.314325+00:00,2026,1,2026_01_ATL_PIT,ATL@PIT,2026-09-13T17:00:00+00:00,KXNFLRSHYDS-26SEP13ATLPIT-PITJWARREN30-20,KXNFLRSHYDS-26SEP13ATLPIT,KXNFLRSHYDS,rushing_yards,football_player,Jaylen Warren: 20+ rushing yards,FIRST_OBSERVED,2026-09-07T12:03:37.314325+00:00,2026-09-07T12:03:37.314325+00:00,0,0.26,0.87,0.13,0.74,market_object,PASS,
2026-09-07T12:03:37.314325+00:00,2026,1,2026_01_ATL_PIT,ATL@PIT,2026-09-13T17:00:00+00:00,KXNFLRSHYDS-26SEP13ATLPIT-PITJWARREN30-100,KXNFLRSHYDS-26SEP13ATLPIT,KXNFLRSHYDS,rushing_yards,football_player,Jaylen Warren: 100+ rushing yards,FIRST_OBSERVED,2026-09-07T12:03:37.314325+00:00,2026-09-07T12:03:37.314325+00:00,0,0.02,0.06,0.94,0.98,market_object,PASS,
2026-09-07T12:03:37.314325+00:00,2026,1,2026_01_ATL_PIT,ATL@PIT,2026-09-13T17:00:00+00:00,KXNFLRSHYDS-26SEP13ATLPIT-ATLBROBINSON7-90,KXNFLRSHYDS-26SEP13ATLPIT,KXNFLRSHYDS,rushing_yards,football_player,Bijan Robinson: 90+ rushing yards,FIRST_OBSERVED,2026-09-07T12:03:37.314325+00:00,2026-09-07T12:03:37.314325+00:00,0,0.02,0.37,0.63,0.98,market_object,PASS,
2026-09-07T12:03:37.314325+00:00,2026,1,2026_01_ATL_PIT,ATL@PIT,2026-09-13T17:00:00+00:00,KXNFLRSHYDS-26SEP13ATLPIT-ATLBROBINSON7-80,KXNFLRSHYDS-26SEP13ATLPIT,KXNFLRSHYDS,rushing_yards,football_player,Bijan Robinson: 80+ rushing yards,FIRST_OBSERVED,2026-09-07T12:03:37.314325+00:00,2026-09-07T12:03:37.314325+00:00,0,0.02,0.47,0.53,0.98,market_object,PASS,
2026-09-07T12:03:37.314325+00:00,2026,1,2026_01_ATL_PIT,ATL@PIT,2026-09-13T17:00:00+00:00,KXNFLRSHYDS-26SEP13ATLPIT-ATLBROBINSON7-70,KXNFLRSHYDS-26SEP13ATLPIT,KXNFLRSHYDS,rushing_yards,football_player,Bijan Robinson: 70+ rushing yards,FIRST_OBSERVED,2026-09-07T12:03:37.314325+00:00,2026-09-07T12:03:37.314325+00:00,0,0.02,0.59,0.41000000000000003,0.98,market_object,PASS,
2026-09-07T12:03:37.314325+00:00,2026,1,2026_01_ATL_PIT,ATL@PIT,2026-09-13T17:00:00+00:00,KXNFLRSHYDS-26SEP13ATLPIT-ATLBROBINSON7-60,KXNFLRSHYDS-26SEP13ATLPIT,KXNFLRSHYDS,rushing_yards,football_player,Bijan Robinson: 60+ rushing yards,FIRST_OBSERVED,2026-09-07T12:03:37.314325+00:00,2026-09-07T12:03:37.314325+00:00,0,0.02,0.69,0.31000000000000005,0.98,market_object,PASS,
2026-09-07T12:03:37.314325+00:00,2026,1,2026_01_ATL_PIT,ATL@PIT,2026-09-13T17:00:00+00:00,KXNFLRSHYDS-26SEP13ATLPIT-ATLBROBINSON7-50,KXNFLRSHYDS-26SEP13ATLPIT,KXNFLRSHYDS,rushing_yards,football_player,Bijan Robinson: 50+ rushing yards,FIRST_OBSERVED,2026-09-07T12:03:37.314325+00:00,2026-09-07T12:03:37.314325+00:00,0,0.26,0.81,0.18999999999999995,0.74,market_object,PASS,
2026-09-07T12:03:37.314325+00:00,2026,1,2026_01_ATL_PIT,ATL@PIT,2026-09-13T17:00:00+00:00,KXNFLRSHYDS-26SEP13ATLPIT-ATLBROBINSON7-40,KXNFLRSHYDS-26SEP13ATLPIT,KXNFLRSHYDS,rushing_yards,football_player,Bijan Robinson: 40+ rushing yards,FIRST_OBSERVED,2026-09-07T12:03:37.314325+00:00,2026-09-07T12:03:37.314325+00:00,0,0.26,0.89,0.10999999999999999,0.74,market_object,PASS,
2026-09-07T12:03:37.314325+00:00,2026,1,2026_01_ATL_PIT,ATL@PIT,2026-09-13T17:00:00+00:00,KXNFLRSHYDS-26SEP13ATLPIT-ATLBROBINSON7-150,KXNFLRSHYDS-26SEP13ATLPIT,KXNFLRSHYDS,rushing_yards,football_player,Bijan Robinson: 150+ rushing yards,FIRST_OBSERVED,2026-09-07T12:03:37.314325+00:00,2026-09-07T12:03:37.314325+00:00,0,0.02,0.06,0.94,0.98,market_object,PASS,
2026-09-07T12:03:37.314325+00:00,2026,1,2026_01_ATL_PIT,ATL@PIT,2026-09-13T17:00:00+00:00,KXNFLRSHYDS-26SEP13ATLPIT-ATLBROBINSON7-140,KXNFLRSHYDS-26SEP13ATLPIT,KXNFLRSHYDS,rushing_yards,football_player,Bijan Robinson: 140+ rushing yards,FIRST_OBSERVED,2026-09-07T12:03:37.314325+00:00,2026-09-07T12:03:37.314325+00:00,0,0.02,0.09,0.91,0.98,market_object,PASS,
2026-09-07T12:03:37.314325+00:00,2026,1,2026_01_ATL_PIT,ATL@PIT,2026-09-13T17:00:00+00:00,KXNFLRSHYDS-26SEP13ATLPIT-ATLBROBINSON7-130,KXNFLRSHYDS-26SEP13ATLPIT,KXNFLRSHYDS,rushing_yards,football_player,Bijan Robinson: 130+ rushing yards,FIRST_OBSERVED,2026-09-07T12:03:37.314325+00:00,2026-09-07T12:03:37.314325+00:00,0,0.02,0.11,0.89,0.98,market_object,PASS,
2026-09-07T12:03:37.314325+00:00,2026,1,2026_01_ATL_PIT,ATL@PIT,2026-09-13T17:00:00+00:00,KXNFLRSHYDS-26SEP13ATLPIT-ATLBROBINSON7-120,KXNFLRSHYDS-26SEP13ATLPIT,KXNFLRSHYDS,rushing_yards,football_player,Bijan Robinson: 120+ rushing yards,FIRST_OBSERVED,2026-09-07T12:03:37.314325+00:00,2026-09-07T12:03:37.314325+00:00,0,0.02,0.16,0.84,0.98,market_object,PASS,
2026-09-07T12:03:37.314325+00:00,2026,1,2026_01_ATL_PIT,ATL@PIT,2026-09-13T17:00:00+00:00,KXNFLRSHYDS-26SEP13ATLPIT-ATLBROBINSON7-110,KXNFLRSHYDS-26SEP13ATLPIT,KXNFLRSHYDS,rushing_yards,football_player,Bijan Robinson: 110+ rushing yards,FIRST_OBSERVED,2026-09-07T12:03:37.314325+00:00,2026-09-07T12:03:37.314325+00:00,0,0.02,0.22,0.78,0.98,market_object,PASS,
2026-09-07T12:03:37.314325+00:00,2026,1,2026_01_ATL_PIT,ATL@PIT,2026-09-13T17:00:00+00:00,KXNFLRSHYDS-26SEP13ATLPIT-ATLBROBINSON7-100,KXNFLRSHYDS-26SEP13ATLPIT,KXNFLRSHYDS,rushing_yards,football_player,Bijan Robinson: 100+ rushing yards,FIRST_OBSERVED,2026-09-07T12:03:37.314325+00:00,2026-09-07T12:03:37.314325+00:00,0,0.02,0.28,0.72,0.98,market_object,PASS,
2026-09-07T12:03:37.314325+00:00,2026,1,2026_01_BAL_IND,BAL@IND,2026-09-13T17:00:00+00:00,KXNFLRSHYDS-26SEP13BALIND-INDJTAYLOR28-90,KXNFLRSHYDS-26SEP13BALIND,KXNFLRSHYDS,rushing_yards,football_player,Jonathan Taylor: 90+ rushing yards,FIRST_OBSERVED,2026-09-07T12:03:37.314325+00:00,2026-09-07T12:03:37.314325+00:00,0,0.02,0.41,0.5900000000000001,0.98,market_object,PASS,
2026-09-07T12:03:37.314325+00:00,2026,1,2026_01_BAL_IND,BAL@IND,2026-09-13T17:00:00+00:00,KXNFLRSHYDS-26SEP13BALIND-INDJTAYLOR28-80,KXNFLRSHYDS-26SEP13BALIND,KXNFLRSHYDS,rushing_yards,football_player,Jonathan Taylor: 80+ rushing yards,FIRST_OBSERVED,2026-09-07T12:03:37.314325+00:00,2026-09-07T12:03:37.314325+00:00,0,0.02,0.5,0.5,0.98,market_object,PASS,
2026-09-07T12:03:37.314325+00:00,2026,1,2026_01_BAL_IND,BAL@IND,2026-09-13T17:00:00+00:00,KXNFLRSHYDS-26SEP13BALIND-INDJTAYLOR28-70,KXNFLRSHYDS-26SEP13BALIND,KXNFLRSHYDS,rushing_yards,football_player,Jonathan Taylor: 70+ rushing yards,FIRST_OBSERVED,2026-09-07T12:03:37.314325+00:00,2026-09-07T12:03:37.314325+00:00,0,0.02,0.61,0.39,0.98,market_object,PASS,
2026-09-07T12:03:37.314325+00:00,2026,1,2026_01_BAL_IND,BAL@IND,2026-09-13T17:00:00+00:00,KXNFLRSHYDS-26SEP13BALIND-INDJTAYLOR28-60,KXNFLRSHYDS-26SEP13BALIND,KXNFLRSHYDS,rushing_yards,football_player,Jonathan Taylor: 60+ rushing yards,FIRST_OBSERVED,2026-09-07T12:03:37.314325+00:00,2026-09-07T12:03:37.314325+00:00,0,0.04,0.72,0.28,0.96,market_object,PASS,
2026-09-07T12:03:37.314325+00:00,2026,1,2026_01_BAL_IND,BAL@IND,2026-09-13T17:00:00+00:00,KXNFLRSHYDS-26SEP13BALIND-INDJTAYLOR28-50,KXNFLRSHYDS-26SEP13BALIND,KXNFLRSHYDS,rushing_yards,football_player,Jonathan Taylor: 50+ rushing yards,FIRST_OBSERVED,2026-09-07T12:03:37.314325+00:00,2026-09-07T12:03:37.314325+00:00,0,0.28,0.82,0.18000000000000005,0.72,market_object,PASS,
2026-09-07T12:03:37.314325+00:00,2026,1,2026_01_BAL_IND,BAL@IND,2026-09-13T17:00:00+00:00,KXNFLRSHYDS-26SEP13BALIND-INDJTAYLOR28-160,KXNFLRSHYDS-26SEP13BALIND,KXNFLRSHYDS,rushing_yards,football_player,Jonathan Taylor: 160+ rushing yards,FIRST_OBSERVED,2026-09-07T12:03:37.314325+00:00,2026-09-07T12:03:37.314325+00:00,0,0.02,0.06,0.94,0.98,market_object,PASS,
2026-09-07T12:03:37.314325+00:00,2026,1,2026_01_BAL_IND,BAL@IND,2026-09-13T17:00:00+00:00,KXNFLRSHYDS-26SEP13BALIND-INDJTAYLOR28-150,KXNFLRSHYDS-26SEP13BALIND,KXNFLRSHYDS,rushing_yards,football_player,Jonathan Taylor: 150+ rushing yards,FIRST_OBSERVED,2026-09-07T12:03:37.314325+00:00,2026-09-07T12:03:37.314325+00:00,0,0.02,0.08,0.92,0.98,market_object,PASS,
2026-09-07T12:03:37.314325+00:00,2026,1,2026_01_BAL_IND,BAL@IND,2026-09-13T17:00:00+00:00,KXNFLRSHYDS-26SEP13BALIND-INDJTAYLOR28-140,KXNFLRSHYDS-26SEP13BALIND,KXNFLRSHYDS,rushing_yards,football_player,Jonathan Taylor: 140+ rushing yards,FIRST_OBSERVED,2026-09-07T12:03:37.314325+00:00,2026-09-07T12:03:37.314325+00:00,0,0.02,0.11,0.89,0.98,market_object,PASS,
2026-09-07T12:03:37.314325+00:00,2026,1,2026_01_BAL_IND,BAL@IND,2026-09-13T17:00:00+00:00,KXNFLRSHYDS-26SEP13BALIND-INDJTAYLOR28-130,KXNFLRSHYDS-26SEP13BALIND,KXNFLRSHYDS,rushing_yards,football_player,Jonathan Taylor: 130+ rushing yards,FIRST_OBSERVED,2026-09-07T12:03:37.314325+00:00,2026-09-07T12:03:37.314325+00:00,0,0.02,0.14,0.86,0.98,market_object,PASS,
2026-09-07T12:03:37.314325+00:00,2026,1,2026_01_BAL_IND,BAL@IND,2026-09-13T17:00:00+00:00,KXNFLRSHYDS-26SEP13BALIND-INDJTAYLOR28-120,KXNFLRSHYDS-26SEP13BALIND,KXNFLRSHYDS,rushing_yards,football_player,Jonathan Taylor: 120+ rushing yards,FIRST_OBSERVED,2026-09-07T12:03:37.314325+00:00,2026-09-07T12:03:37.314325+00:00,0,0.02,0.19,0.81,0.98,market_object,PASS,
2026-09-07T12:03:37.314325+00:00,2026,1,2026_01_BAL_IND,BAL@IND,2026-09-13T17:00:00+00:00,KXNFLRSHYDS-26SEP13BALIND-INDJTAYLOR28-110,KXNFLRSHYDS-26SEP13BALIND,KXNFLRSHYDS,rushing_yards,football_player,Jonathan Taylor: 110+ rushing yards,FIRST_OBSERVED,2026-09-07T12:03:37.314325+00:00,2026-09-07T12:03:37.314325+00:00,0,0.02,0.24,0.76,0.98,market_object,PASS,
2026-09-07T12:03:37.314325+00:00,2026,1,2026_01_BAL_IND,BAL@IND,2026-09-13T17:00:00+00:00,KXNFLRSHYDS-26SEP13BALIND-INDJTAYLOR28-100,KXNFLRSHYDS-26SEP13BALIND,KXNFLRSHYDS,rushing_yards,football_player,Jonathan Taylor: 100+ rushing yards,FIRST_OBSERVED,2026-09-07T12:03:37.314325+00:00,2026-09-07T12:03:37.314325+00:00,0,0.02,0.33,0.6699999999999999,0.98,market_object,PASS,
2026-09-07T12:03:37.314325+00:00,2026,1,2026_01_BAL_IND,BAL@IND,2026-09-13T17:00:00+00:00,KXNFLRSHYDS-26SEP13BALIND-BALLJACKSON8-90,KXNFLRSHYDS-26SEP13BALIND,KXNFLRSHYDS,rushing_yards,football_player,Lamar Jackson: 90+ rushing yards,FIRST_OBSERVED,2026-09-07T12:03:37.314325+00:00,2026-09-07T12:03:37.314325+00:00,0,0.02,0.07,0.9299999999999999,0.98,market_object,PASS,
2026-09-07T12:03:37.314325+00:00,2026,1,2026_01_BAL_IND,BAL@IND,2026-09-13T17:00:00+00:00,KXNFLRSHYDS-26SEP13BALIND-BALLJACKSON8-80,KXNFLRSHYDS-26SEP13BALIND,KXNFLRSHYDS,rushing_yards,football_player,Lamar Jackson: 80+ rushing yards,FIRST_OBSERVED,2026-09-07T12:03:37.314325+00:00,2026-09-07T12:03:37.314325+00:00,0,0.02,0.1,0.9,0.98,market_object,PASS,
2026-09-07T12:03:37.314325+00:00,2026,1,2026_01_BAL_IND,BAL@IND,2026-09-13T17:00:00+00:00,KXNFLRSHYDS-26SEP13BALIND-BALLJACKSON8-70,KXNFLRSHYDS-26SEP13BALIND,KXNFLRSHYDS,rushing_yards,football_player,Lamar Jackson: 70+ rushing yards,FIRST_OBSERVED,2026-09-07T12:03:37.314325+00:00,2026-09-07T12:03:37.314325+00:00,0,0.02,0.15,0.85,0.98,market_object,PASS,
2026-09-07T12:03:37.314325+00:00,2026,1,2026_01_BAL_IND,BAL@IND,2026-09-13T17:00:00+00:00,KXNFLRSHYDS-26SEP13BALIND-BALLJACKSON8-60,KXNFLRSHYDS-26SEP13BALIND,KXNFLRSHYDS,rushing_yards,football_player,Lamar Jackson: 60+ rushing yards,FIRST_OBSERVED,2026-09-07T12:03:37.314325+00:00,2026-09-07T12:03:37.314325+00:00,0,0.02,0.22,0.78,0.98,market_object,PASS,
2026-09-07T12:03:37.314325+00:00,2026,1,2026_01_BAL_IND,BAL@IND,2026-09-13T17:00:00+00:00,KXNFLRSHYDS-26SEP13BALIND-BALLJACKSON8-50,KXNFLRSHYDS-26SEP13BALIND,KXNFLRSHYDS,rushing_yards,football_player,Lamar Jackson: 50+ rushing yards,FIRST_OBSERVED,2026-09-07T12:03:37.314325+00:00,2026-09-07T12:03:37.314325+00:00,0,0.02,0.33,0.6699999999999999,0.98,market_object,PASS,
2026-09-07T12:03:37.314325+00:00,2026,1,2026_01_BAL_IND,BAL@IND,2026-09-13T17:00:00+00:00,KXNFLRSHYDS-26SEP13BALIND-BALLJACKSON8-40,KXNFLRSHYDS-26SEP13BALIND,KXNFLRSHYDS,rushing_yards,football_player,Lamar Jackson: 40+ rushing yards,FIRST_OBSERVED,2026-09-07T12:03:37.314325+00:00,2026-09-07T12:03:37.314325+00:00,0,0.02,0.48,0.52,0.98,market_object,PASS,
2026-09-07T12:03:37.314325+00:00,2026,1,2026_01_BAL_IND,BAL@IND,2026-09-13T17:00:00+00:00,KXNFLRSHYDS-26SEP13BALIND-BALLJACKSON8-30,KXNFLRSHYDS-26SEP13BALIND,KXNFLRSHYDS,rushing_yards,football_player,Lamar Jackson: 30+ rushing yards,FIRST_OBSERVED,2026-09-07T12:03:37.314325+00:00,2026-09-07T12:03:37.314325+00:00,0,0.02,0.65,0.35,0.98,market_object,PASS,
2026-09-07T12:03:37.314325+00:00,2026,1,2026_01_BAL_IND,BAL@IND,2026-09-13T17:00:00+00:00,KXNFLRSHYDS-26SEP13BALIND-BALLJACKSON8-25,KXNFLRSHYDS-26SEP13BALIND,KXNFLRSHYDS,rushing_yards,football_player,Lamar Jackson: 25+ rushing yards,FIRST_OBSERVED,2026-09-07T12:03:37.314325+00:00,2026-09-07T12:03:37.314325+00:00,0,0.02,0.74,0.26,0.98,market_object,PASS,
2026-09-07T12:03:37.314325+00:00,2026,1,2026_01_BAL_IND,BAL@IND,2026-09-13T17:00:00+00:00,KXNFLRSHYDS-26SEP13BALIND-BALLJACKSON8-20,KXNFLRSHYDS-26SEP13BALIND,KXNFLRSHYDS,rushing_yards,football_player,Lamar Jackson: 20+ rushing yards,FIRST_OBSERVED,2026-09-07T12:03:37.314325+00:00,2026-09-07T12:03:37.314325+00:00,0,0.26,0.82,0.18000000000000005,0.74,market_object,PASS,
2026-09-07T12:03:37.314325+00:00,2026,1,2026_01_BAL_IND,BAL@IND,2026-09-13T17:00:00+00:00,KXNFLRSHYDS-26SEP13BALIND-BALLJACKSON8-15,KXNFLRSHYDS-26SEP13BALIND,KXNFLRSHYDS,rushing_yards,football_player,Lamar Jackson: 15+ rushing yards,FIRST_OBSERVED,2026-09-07T12:03:37.314325+00:00,2026-09-07T12:03:37.314325+00:00,0,0.26,0.89,0.10999999999999999,0.74,market_object,PASS,
2026-09-07T12:03:37.314325+00:00,2026,1,2026_01_BAL_IND,BAL@IND,2026-09-13T17:00:00+00:00,KXNFLRSHYDS-26SEP13BALIND-BALDHENRY22-90,KXNFLRSHYDS-26SEP13BALIND,KXNFLRSHYDS,rushing_yards,football_player,Derrick Henry: 90+ rushing yards,FIRST_OBSERVED,2026-09-07T12:03:37.314325+00:00,2026-09-07T12:03:37.314325+00:00,0,0.02,0.43,0.5700000000000001,0.98,market_object,PASS,
2026-09-07T12:03:37.314325+00:00,2026,1,2026_01_BAL_IND,BAL@IND,2026-09-13T17:00:00+00:00,KXNFLRSHYDS-26SEP13BALIND-BALDHENRY22-80,KXNFLRSHYDS-26SEP13BALIND,KXNFLRSHYDS,rushing_yards,football_player,Derrick Henry: 80+ rushing yards,FIRST_OBSERVED,2026-09-07T12:03:37.314325+00:00,2026-09-07T12:03:37.314325+00:00,0,0.04,0.53,0.47,0.96,market_object,PASS,
2026-09-07T12:03:37.314325+00:00,2026,1,2026_01_BAL_IND,BAL@IND,2026-09-13T17:00:00+00:00,KXNFLRSHYDS-26SEP13BALIND-BALDHENRY22-70,KXNFLRSHYDS-26SEP13BALIND,KXNFLRSHYDS,rushing_yards,football_player,Derrick Henry: 70+ rushing yards,FIRST_OBSERVED,2026-09-07T12:03:37.314325+00:00,2026-09-07T12:03:37.314325+00:00,0,0.02,0.63,0.37,0.98,market_object,PASS,
2026-09-07T12:03:37.314325+00:00,2026,1,2026_01_BAL_IND,BAL@IND,2026-09-13T17:00:00+00:00,KXNFLRSHYDS-26SEP13BALIND-BALDHENRY22-60,KXNFLRSHYDS-26SEP13BALIND,KXNFLRSHYDS,rushing_yards,football_player,Derrick Henry: 60+ rushing yards,FIRST_OBSERVED,2026-09-07T12:03:37.314325+00:00,2026-09-07T12:03:37.314325+00:00,0,0.02,0.74,0.26,0.98,market_object,PASS,
2026-09-07T12:03:37.314325+00:00,2026,1,2026_01_BAL_IND,BAL@IND,2026-09-13T17:00:00+00:00,KXNFLRSHYDS-26SEP13BALIND-BALDHENRY22-50,KXNFLRSHYDS-26SEP13BALIND,KXNFLRSHYDS,rushing_yards,football_player,Derrick Henry: 50+ rushing yards,FIRST_OBSERVED,2026-09-07T12:03:37.314325+00:00,2026-09-07T12:03:37.314325+00:00,0,0.26,0.83,0.17000000000000004,0.74,market_object,PASS,
2026-09-07T12:03:37.314325+00:00,2026,1,2026_01_BAL_IND,BAL@IND,2026-09-13T17:00:00+00:00,KXNFLRSHYDS-26SEP13BALIND-BALDHENRY22-170,KXNFLRSHYDS-26SEP13BALIND,KXNFLRSHYDS,rushing_yards,football_player,Derrick Henry: 170+ rushing yards,FIRST_OBSERVED,2026-09-07T12:03:37.314325+00:00,2026-09-07T12:03:37.314325+00:00,0,0.02,0.05,0.95,0.98,market_object,PASS,
2026-09-07T12:03:37.314325+00:00,2026,1,2026_01_BAL_IND,BAL@IND,2026-09-13T17:00:00+00:00,KXNFLRSHYDS-26SEP13BALIND-BALDHENRY22-160,KXNFLRSHYDS-26SEP13BALIND,KXNFLRSHYDS,rushing_yards,football_player,Derrick Henry: 160+ rushing yards,FIRST_OBSERVED,2026-09-07T12:03:37.314325+00:00,2026-09-07T12:03:37.314325+00:00,0,0.02,0.07,0.9299999999999999,0.98,market_object,PASS,
2026-09-07T12:03:37.314325+00:00,2026,1,2026_01_BAL_IND,BAL@IND,2026-09-13T17:00:00+00:00,KXNFLRSHYDS-26SEP13BALIND-BALDHENRY22-150,KXNFLRSHYDS-26SEP13BALIND,KXNFLRSHYDS,rushing_yards,football_player,Derrick Henry: 150+ rushing yards,FIRST_OBSERVED,2026-09-07T12:03:37.314325+00:00,2026-09-07T12:03:37.314325+00:00,0,0.02,0.1,0.9,0.98,market_object,PASS,
2026-09-07T12:03:37.314325+00:00,2026,1,2026_01_BAL_IND,BAL@IND,2026-09-13T17:00:00+00:00,KXNFLRSHYDS-26SEP13BALIND-BALDHENRY22-140,KXNFLRSHYDS-26SEP13BALIND,KXNFLRSHYDS,rushing_yards,football_player,Derrick Henry: 140+ rushing yards,FIRST_OBSERVED,2026-09-07T12:03:37.314325+00:00,2026-09-07T12:03:37.314325+00:00,0,0.02,0.12,0.88,0.98,market_object,PASS,
2026-09-07T12:03:37.314325+00:00,2026,1,2026_01_BAL_IND,BAL@IND,2026-09-13T17:00:00+00:00,KXNFLRSHYDS-26SEP13BALIND-BALDHENRY22-130,KXNFLRSHYDS-26SEP13BALIND,KXNFLRSHYDS,rushing_yards,football_player,Derrick Henry: 130+ rushing yards,FIRST_OBSERVED,2026-09-07T12:03:37.314325+00:00,2026-09-07T12:03:37.314325+00:00,0,0.02,0.16,0.84,0.98,market_object,PASS,
2026-09-07T12:03:37.314325+00:00,2026,1,2026_01_BAL_IND,BAL@IND,2026-09-13T17:00:00+00:00,KXNFLRSHYDS-26SEP13BALIND-BALDHENRY22-120,KXNFLRSHYDS-26SEP13BALIND,KXNFLRSHYDS,rushing_yards,football_player,Derrick Henry: 120+ rushing yards,FIRST_OBSERVED,2026-09-07T12:03:37.314325+00:00,2026-09-07T12:03:37.314325+00:00,0,0.02,0.2,0.8,0.98,market_object,PASS,
2026-09-07T12:03:37.314325+00:00,2026,1,2026_01_BAL_IND,BAL@IND,2026-09-13T17:00:00+00:00,KXNFLRSHYDS-26SEP13BALIND-BALDHENRY22-110,KXNFLRSHYDS-26SEP13BALIND,KXNFLRSHYDS,rushing_yards,football_player,Derrick Henry: 110+ rushing yards,FIRST_OBSERVED,2026-09-07T12:03:37.314325+00:00,2026-09-07T12:03:37.314325+00:00,0,0.02,0.27,0.73,0.98,market_object,PASS,
2026-09-07T12:03:37.314325+00:00,2026,1,2026_01_BAL_IND,BAL@IND,2026-09-13T17:00:00+00:00,KXNFLRSHYDS-26SEP13BALIND-BALDHENRY22-100,KXNFLRSHYDS-26SEP13BALIND,KXNFLRSHYDS,rushing_yards,football_player,Derrick Henry: 100+ rushing yards,FIRST_OBSERVED,2026-09-07T12:03:37.314325+00:00,2026-09-07T12:03:37.314325+00:00,0,0.02,0.34,0.6599999999999999,0.98,market_object,PASS,
2026-09-07T12:03:37.314325+00:00,2026,1,2026_01_CHI_CAR,CHI@CAR,2026-09-13T17:00:00+00:00,KXNFLRSHYDS-26SEP13CHICAR-CHICWILLIAMS18-60,KXNFLRSHYDS-26SEP13CHICAR,KXNFLRSHYDS,rushing_yards,football_player,Caleb Williams: 60+ rushing yards,FIRST_OBSERVED,2026-09-07T12:03:37.314325+00:00,2026-09-07T12:03:37.314325+00:00,0,0.02,0.06,0.94,0.98,market_object,PASS,
2026-09-07T12:03:37.314325+00:00,2026,1,2026_01_CHI_CAR,CHI@CAR,2026-09-13T17:00:00+00:00,KXNFLRSHYDS-26SEP13CHICAR-CHICWILLIAMS18-50,KXNFLRSHYDS-26SEP13CHICAR,KXNFLRSHYDS,rushing_yards,football_player,Caleb Williams: 50+ rushing yards,FIRST_OBSERVED,2026-09-07T12:03:37.314325+00:00,2026-09-07T12:03:37.314325+00:00,0,0.02,0.11,0.89,0.98,market_object,PASS,
2026-09-07T12:03:37.314325+00:00,2026,1,2026_01_CHI_CAR,CHI@CAR,2026-09-13T17:00:00+00:00,KXNFLRSHYDS-26SEP13CHICAR-CHICWILLIAMS18-40,KXNFLRSHYDS-26SEP13CHICAR,KXNFLRSHYDS,rushing_yards,football_player,Caleb Williams: 40+ rushing yards,FIRST_OBSERVED,2026-09-07T12:03:37.314325+00:00,2026-09-07T12:03:37.314325+00:00,0,0.02,0.18,0.8200000000000001,0.98,market_object,PASS,
2026-09-07T12:03:37.314325+00:00,2026,1,2026_01_CHI_CAR,CHI@CAR,2026-09-13T17:00:00+00:00,KXNFLRSHYDS-26SEP13CHICAR-CHICWILLIAMS18-30,KXNFLRSHYDS-26SEP13CHICAR,KXNFLRSHYDS,rushing_yards,football_player,Caleb Williams: 30+ rushing yards,FIRST_OBSERVED,2026-09-07T12:03:37.314325+00:00,2026-09-07T12:03:37.314325+00:00,0,0.02,0.32,0.6799999999999999,0.98,market_object,PASS,
2026-09-07T12:03:37.314325+00:00,2026,1,2026_01_CHI_CAR,CHI@CAR,2026-09-13T17:00:00+00:00,KXNFLRSHYDS-26SEP13CHICAR-CHICWILLIAMS18-25,KXNFLRSHYDS-26SEP13CHICAR,KXNFLRSHYDS,rushing_yards,football_player,Caleb Williams: 25+ rushing yards,FIRST_OBSERVED,2026-09-07T12:03:37.314325+00:00,2026-09-07T12:03:37.314325+00:00,0,0.02,0.41,0.5900000000000001,0.98,market_object,PASS,
2026-09-07T12:03:37.314325+00:00,2026,1,2026_01_CHI_CAR,CHI@CAR,2026-09-13T17:00:00+00:00,KXNFLRSHYDS-26SEP13CHICAR-CHICWILLIAMS18-20,KXNFLRSHYDS-26SEP13CHICAR,KXNFLRSHYDS,rushing_yards,football_player,Caleb Williams: 20+ rushing yards,FIRST_OBSERVED,2026-09-07T12:03:37.314325+00:00,2026-09-07T12:03:37.314325+00:00,0,0.48,0.52,0.48,0.52,market_object,PASS,
2026-09-07T12:03:37.314325+00:00,2026,1,2026_01_CHI_CAR,CHI@CAR,2026-09-13T17:00:00+00:00,KXNFLRSHYDS-26SEP13CHICAR-CHICWILLIAMS18-15,KXNFLRSHYDS-26SEP13CHICAR,KXNFLRSHYDS,rushing_yards,football_player,Caleb Williams: 15+ rushing yards,FIRST_OBSERVED,2026-09-07T12:03:37.314325+00:00,2026-09-07T12:03:37.314325+00:00,0,0.36,0.63,0.37,0.64,market_object,PASS,
2026-09-07T12:03:37.314325+00:00,2026,1,2026_01_CHI_CAR,CHI@CAR,2026-09-13T17:00:00+00:00,KXNFLRSHYDS-26SEP13CHICAR-CHICWILLIAMS18-10,KXNFLRSHYDS-26SEP13CHICAR,KXNFLRSHYDS,rushing_yards,football_player,Caleb Williams: 10+ rushing yards,FIRST_OBSERVED,2026-09-07T12:03:37.314325+00:00,2026-09-07T12:03:37.314325+00:00,0,0.36,0.78,0.21999999999999997,0.64,market_object,PASS,
2026-09-07T12:03:37.314325+00:00,2026,1,2026_01_CHI_CAR,CHI@CAR,2026-09-13T17:00:00+00:00,KXNFLRSHYDS-26SEP13CHICAR-CARBYOUNG9-50,KXNFLRSHYDS-26SEP13CHICAR,KXNFLRSHYDS,rushing_yards,football_player,Bryce Young: 50+ rushing yards,FIRST_OBSERVED,2026-09-07T12:03:37.314325+00:00,2026-09-07T12:03:37.314325+00:00,0,0.02,0.05,0.95,0.98,market_object,PASS,
2026-09-07T12:03:37.314325+00:00,2026,1,2026_01_CHI_CAR,CHI@CAR,2026-09-13T17:00:00+00:00,KXNFLRSHYDS-26SEP13CHICAR-CARBYOUNG9-40,KXNFLRSHYDS-26SEP13CHICAR,KXNFLRSHYDS,rushing_yards,football_player,Bryce Young: 40+ rushing yards,FIRST_OBSERVED,2026-09-07T12:03:37.314325+00:00,2026-09-07T12:03:37.314325+00:00,0,0.02,0.1,0.9,0.98,market_object,PASS,
2026-09-07T12:03:37.314325+00:00,2026,1,2026_01_CHI_CAR,CHI@CAR,2026-09-13T17:00:00+00:00,KXNFLRSHYDS-26SEP13CHICAR-CARBYOUNG9-30,KXNFLRSHYDS-26SEP13CHICAR,KXNFLRSHYDS,rushing_yards,football_player,Bryce Young: 30+ rushing yards,FIRST_OBSERVED,2026-09-07T12:03:37.314325+00:00,2026-09-07T12:03:37.314325+00:00,0,0.02,0.19,0.81,0.98,market_object,PASS,
2026-09-07T12:03:37.314325+00:00,2026,1,2026_01_CHI_CAR,CHI@CAR,2026-09-13T17:00:00+00:00,KXNFLRSHYDS-26SEP13CHICAR-CARBYOUNG9-25,KXNFLRSHYDS-26SEP13CHICAR,KXNFLRSHYDS,rushing_yards,football_player,Bryce Young: 25+ rushing yards,FIRST_OBSERVED,2026-09-07T12:03:37.314325+00:00,2026-09-07T12:03:37.314325+00:00,0,0.02,0.28,0.72,0.98,market_object,PASS,
2026-09-07T12:03:37.314325+00:00,2026,1,2026_01_CHI_CAR,CHI@CAR,2026-09-13T17:00:00+00:00,KXNFLRSHYDS-26SEP13CHICAR-CARBYOUNG9-20,KXNFLRSHYDS-26SEP13CHICAR,KXNFLRSHYDS,rushing_yards,football_player,Bryce Young: 20+ rushing yards,FIRST_OBSERVED,2026-09-07T12:03:37.314325+00:00,2026-09-07T12:03:37.314325+00:00,0,0.02,0.36,0.64,0.98,market_object,PASS,
2026-09-07T12:03:37.314325+00:00,2026,1,2026_01_CHI_CAR,CHI@CAR,2026-09-13T17:00:00+00:00,KXNFLRSHYDS-26SEP13CHICAR-CARBYOUNG9-15,KXNFLRSHYDS-26SEP13CHICAR,KXNFLRSHYDS,rushing_yards,football_player,Bryce Young: 15+ rushing yards,FIRST_OBSERVED,2026-09-07T12:03:37.314325+00:00,2026-09-07T12:03:37.314325+00:00,0,0.46,0.49,0.51,0.54,market_object,PASS,
2026-09-07T12:03:37.314325+00:00,2026,1,2026_01_CHI_CAR,CHI@CAR,2026-09-13T17:00:00+00:00,KXNFLRSHYDS-26SEP13CHICAR-CARBYOUNG9-10,KXNFLRSHYDS-26SEP13CHICAR,KXNFLRSHYDS,rushing_yards,football_player,Bryce Young: 10+ rushing yards,FIRST_OBSERVED,2026-09-07T12:03:37.314325+00:00,2026-09-07T12:03:37.314325+00:00,0,0.34,0.67,0.32999999999999996,0.6599999999999999,market_object,PASS,
2026-09-07T12:03:37.314325+00:00,2026,1,2026_01_NE_SEA,NE@SEA,2026-09-10T00:20:00+00:00,KXNFLRSHYDS-26SEP09NESEA-NERSTEVENSON38-100,KXNFLRSHYDS-26SEP09NESEA,KXNFLRSHYDS,rushing_yards,football_player,Rhamondre Stevenson: 100+ rushing yards,FIRST_OBSERVED,2026-09-07T12:03:37.314325+00:00,2026-09-07T12:03:37.314325+00:00,0,0.02,0.09,0.91,0.98,market_object,PASS,
2026-09-07T12:03:37.314325+00:00,2026,1,2026_01_NE_SEA,NE@SEA,2026-09-10T00:20:00+00:00,KXNFLRSHYDS-26SEP09NESEA-NERSTEVENSON38-90,KXNFLRSHYDS-26SEP09NESEA,KXNFLRSHYDS,rushing_yards,football_player,Rhamondre Stevenson: 90+ rushing yards,FIRST_OBSERVED,2026-09-07T12:03:37.314325+00:00,2026-09-07T12:03:37.314325+00:00,0,0.01,0.13,0.87,0.99,market_object,PASS,
2026-09-07T12:03:37.314325+00:00,2026,1,2026_01_NE_SEA,NE@SEA,2026-09-10T00:20:00+00:00,KXNFLRSHYDS-26SEP09NESEA-NERSTEVENSON38-80,KXNFLRSHYDS-26SEP09NESEA,KXNFLRSHYDS,rushing_yards,football_player,Rhamondre Stevenson: 80+ rushing yards,FIRST_OBSERVED,2026-09-07T12:03:37.314325+00:00,2026-09-07T12:03:37.314325+00:00,0,0.02,0.16,0.84,0.98,market_object,PASS,
2026-09-07T12:03:37.314325+00:00,2026,1,2026_01_NE_SEA,NE@SEA,2026-09-10T00:20:00+00:00,KXNFLRSHYDS-26SEP09NESEA-NERSTEVENSON38-70,KXNFLRSHYDS-26SEP09NESEA,KXNFLRSHYDS,rushing_yards,football_player,Rhamondre Stevenson: 70+ rushing yards,FIRST_OBSERVED,2026-09-07T12:03:37.314325+00:00,2026-09-07T12:03:37.314325+00:00,0,0.18,0.24,0.76,0.8200000000000001,market_object,PASS,
2026-09-07T12:03:37.314325+00:00,2026,1,2026_01_NE_SEA,NE@SEA,2026-09-10T00:20:00+00:00,KXNFLRSHYDS-26SEP09NESEA-NERSTEVENSON38-60,KXNFLRSHYDS-26SEP09NESEA,KXNFLRSHYDS,rushing_yards,football_player,Rhamondre Stevenson: 60+ rushing yards,FIRST_OBSERVED,2026-09-07T12:03:37.314325+00:00,2026-09-07T12:03:37.314325+00:00,0,0.31,0.43,0.5700000000000001,0.69,market_object,PASS,
2026-09-07T12:03:37.314325+00:00,2026,1,2026_01_NE_SEA,NE@SEA,2026-09-10T00:20:00+00:00,KXNFLRSHYDS-26SEP09NESEA-NERSTEVENSON38-50,KXNFLRSHYDS-26SEP09NESEA,KXNFLRSHYDS,rushing_yards,football_player,Rhamondre Stevenson: 50+ rushing yards,FIRST_OBSERVED,2026-09-07T12:03:37.314325+00:00,2026-09-07T12:03:37.314325+00:00,0,0.57,0.58,0.42000000000000004,0.43000000000000005,market_object,PASS,
2026-09-07T12:03:37.314325+00:00,2026,1,2026_01_NE_SEA,NE@SEA,2026-09-10T00:20:00+00:00,KXNFLRSHYDS-26SEP09NESEA-NERSTEVENSON38-40,KXNFLRSHYDS-26SEP09NESEA,KXNFLRSHYDS,rushing_yards,football_player,Rhamondre Stevenson: 40+ rushing yards,FIRST_OBSERVED,2026-09-07T12:03:37.314325+00:00,2026-09-07T12:03:37.314325+00:00,0,0.62,0.63,0.37,0.38,market_object,PASS,
2026-09-07T12:03:37.314325+00:00,2026,1,2026_01_NE_SEA,NE@SEA,2026-09-10T00:20:00+00:00,KXNFLRSHYDS-26SEP09NESEA-NERSTEVENSON38-30,KXNFLRSHYDS-26SEP09NESEA,KXNFLRSHYDS,rushing_yards,football_player,Rhamondre Stevenson: 30+ rushing yards,FIRST_OBSERVED,2026-09-07T12:03:37.314325+00:00,2026-09-07T12:03:37.314325+00:00,0,0.69,0.84,0.16000000000000003,0.31000000000000005,market_object,PASS,
2026-09-07T12:03:37.314325+00:00,2026,1,2026_01_NE_SEA,NE@SEA,2026-09-10T00:20:00+00:00,KXNFLRSHYDS-26SEP09NESEA-NERSTEVENSON38-25,KXNFLRSHYDS-26SEP09NESEA,KXNFLRSHYDS,rushing_yards,football_player,Rhamondre Stevenson: 25+ rushing yards,FIRST_OBSERVED,2026-09-07T12:03:37.314325+00:00,2026-09-07T12:03:37.314325+00:00,0,0.66,0.84,0.16000000000000003,0.33999999999999997,market_object,PASS,
2026-09-07T12:03:37.314325+00:00,2026,1,2026_01_NE_SEA,NE@SEA,2026-09-10T00:20:00+00:00,KXNFLRSHYDS-26SEP09NESEA-NERSTEVENSON38-20,KXNFLRSHYDS-26SEP09NESEA,KXNFLRSHYDS,rushing_yards,football_player,Rhamondre Stevenson: 20+ rushing yards,FIRST_OBSERVED,2026-09-07T12:03:37.314325+00:00,2026-09-07T12:03:37.314325+00:00,0,0.61,0.89,0.10999999999999999,0.39,market_object,PASS,
2026-09-07T12:03:37.314325+00:00,2026,1,2026_01_NE_SEA,NE@SEA,2026-09-10T00:20:00+00:00,KXNFLRSHYDS-26SEP09NESEA-SEAGHOLANI36-80,KXNFLRSHYDS-26SEP09NESEA,KXNFLRSHYDS,rushing_yards,football_player,George Holani: 80+ rushing yards,FIRST_OBSERVED,2026-09-07T12:03:37.314325+00:00,2026-09-07T12:03:37.314325+00:00,0,0.01,0.03,0.97,0.99,market_object,PASS,
2026-09-07T12:03:37.314325+00:00,2026,1,2026_01_NE_SEA,NE@SEA,2026-09-10T00:20:00+00:00,KXNFLRSHYDS-26SEP09NESEA-SEAGHOLANI36-70,KXNFLRSHYDS-26SEP09NESEA,KXNFLRSHYDS,rushing_yards,football_player,George Holani: 70+ rushing yards,FIRST_OBSERVED,2026-09-07T12:03:37.314325+00:00,2026-09-07T12:03:37.314325+00:00,0,0.02,0.07,0.9299999999999999,0.98,market_object,PASS,
2026-09-07T12:03:37.314325+00:00,2026,1,2026_01_NE_SEA,NE@SEA,2026-09-10T00:20:00+00:00,KXNFLRSHYDS-26SEP09NESEA-SEAGHOLANI36-60,KXNFLRSHYDS-26SEP09NESEA,KXNFLRSHYDS,rushing_yards,football_player,George Holani: 60+ rushing yards,FIRST_OBSERVED,2026-09-07T12:03:37.314325+00:00,2026-09-07T12:03:37.314325+00:00,0,0.02,0.09,0.91,0.98,market_object,PASS,
2026-09-07T12:03:37.314325+00:00,2026,1,2026_01_NE_SEA,NE@SEA,2026-09-10T00:20:00+00:00,KXNFLRSHYDS-26SEP09NESEA-SEAGHOLANI36-50,KXNFLRSHYDS-26SEP09NESEA,KXNFLRSHYDS,rushing_yards,football_player,George Holani: 50+ rushing yards,FIRST_OBSERVED,2026-09-07T12:03:37.314325+00:00,2026-09-07T12:03:37.314325+00:00,0,0.1,0.13,0.87,0.9,market_object,PASS,
2026-09-07T12:03:37.314325+00:00,2026,1,2026_01_NE_SEA,NE@SEA,2026-09-10T00:20:00+00:00,KXNFLRSHYDS-26SEP09NESEA-SEAGHOLANI36-40,KXNFLRSHYDS-26SEP09NESEA,KXNFLRSHYDS,rushing_yards,football_player,George Holani: 40+ rushing yards,FIRST_OBSERVED,2026-09-07T12:03:37.314325+00:00,2026-09-07T12:03:37.314325+00:00,0,0.16,0.2,0.8,0.84,market_object,PASS,
2026-09-07T12:03:37.314325+00:00,2026,1,2026_01_NE_SEA,NE@SEA,2026-09-10T00:20:00+00:00,KXNFLRSHYDS-26SEP09NESEA-SEAGHOLANI36-30,KXNFLRSHYDS-26SEP09NESEA,KXNFLRSHYDS,rushing_yards,football_player,George Holani: 30+ rushing yards,FIRST_OBSERVED,2026-09-07T12:03:37.314325+00:00,2026-09-07T12:03:37.314325+00:00,0,0.3,0.34,0.6599999999999999,0.7,market_object,PASS,
2026-09-07T12:03:37.314325+00:00,2026,1,2026_01_NE_SEA,NE@SEA,2026-09-10T00:20:00+00:00,KXNFLRSHYDS-26SEP09NESEA-SEAGHOLANI36-25,KXNFLRSHYDS-26SEP09NESEA,KXNFLRSHYDS,rushing_yards,football_player,George Holani: 25+ rushing yards,FIRST_OBSERVED,2026-09-07T12:03:37.314325+00:00,2026-09-07T12:03:37.314325+00:00,0,0.37,0.42,0.5800000000000001,0.63,market_object,PASS,
2026-09-07T12:03:37.314325+00:00,2026,1,2026_01_NE_SEA,NE@SEA,2026-09-10T00:20:00+00:00,KXNFLRSHYDS-26SEP09NESEA-SEAGHOLANI36-20,KXNFLRSHYDS-26SEP09NESEA,KXNFLRSHYDS,rushing_yards,football_player,George Holani: 20+ rushing yards,FIRST_OBSERVED,2026-09-07T12:03:37.314325+00:00,2026-09-07T12:03:37.314325+00:00,0,0.51,0.52,0.48,0.49,market_object,PASS,
2026-09-07T12:03:37.314325+00:00,2026,1,2026_01_NE_SEA,NE@SEA,2026-09-10T00:20:00+00:00,KXNFLRSHYDS-26SEP09NESEA-SEAGHOLANI36-15,KXNFLRSHYDS-26SEP09NESEA,KXNFLRSHYDS,rushing_yards,football_player,George Holani: 15+ rushing yards,FIRST_OBSERVED,2026-09-07T12:03:37.314325+00:00,2026-09-07T12:03:37.314325+00:00,0,0.57,0.62,0.38,0.43000000000000005,market_object,PASS,
2026-09-07T12:03:37.314325+00:00,2026,1,2026_01_NE_SEA,NE@SEA,2026-09-10T00:20:00+00:00,KXNFLRSHYDS-26SEP09NESEA-SEAGHOLANI36-10,KXNFLRSHYDS-26SEP09NESEA,KXNFLRSHYDS,rushing_yards,football_player,George Holani: 10+ rushing yards,FIRST_OBSERVED,2026-09-07T12:03:37.314325+00:00,2026-09-07T12:03:37.314325+00:00,0,0.63,0.73,0.27,0.37,market_object,PASS,
2026-09-07T12:03:37.314325+00:00,2026,1,2026_01_NE_SEA,NE@SEA,2026-09-10T00:20:00+00:00,KXNFLRSHYDS-26SEP09NESEA-SEASDARNOLD14-30,KXNFLRSHYDS-26SEP09NESEA,KXNFLRSHYDS,rushing_yards,football_player,Sam Darnold: 30+ rushing yards,FIRST_OBSERVED,2026-09-07T12:03:37.314325+00:00,2026-09-07T12:03:37.314325+00:00,0,0.02,0.06,0.94,0.98,market_object,PASS,
2026-09-07T12:03:37.314325+00:00,2026,1,2026_01_NE_SEA,NE@SEA,2026-09-10T00:20:00+00:00,KXNFLRSHYDS-26SEP09NESEA-SEASDARNOLD14-25,KXNFLRSHYDS-26SEP09NESEA,KXNFLRSHYDS,rushing_yards,football_player,Sam Darnold: 25+ rushing yards,FIRST_OBSERVED,2026-09-07T12:03:37.314325+00:00,2026-09-07T12:03:37.314325+00:00,0,0.02,0.09,0.91,0.98,market_object,PASS,
2026-09-07T12:03:37.314325+00:00,2026,1,2026_01_NE_SEA,NE@SEA,2026-09-10T00:20:00+00:00,KXNFLRSHYDS-26SEP09NESEA-SEASDARNOLD14-20,KXNFLRSHYDS-26SEP09NESEA,KXNFLRSHYDS,rushing_yards,football_player,Sam Darnold: 20+ rushing yards,FIRST_OBSERVED,2026-09-07T12:03:37.314325+00:00,2026-09-07T12:03:37.314325+00:00,0,0.02,0.14,0.86,0.98,market_object,PASS,
2026-09-07T12:03:37.314325+00:00,2026,1,2026_01_NE_SEA,NE@SEA,2026-09-10T00:20:00+00:00,KXNFLRSHYDS-26SEP09NESEA-SEASDARNOLD14-15,KXNFLRSHYDS-26SEP09NESEA,KXNFLRSHYDS,rushing_yards,football_player,Sam Darnold: 15+ rushing yards,FIRST_OBSERVED,2026-09-07T12:03:37.314325+00:00,2026-09-07T12:03:37.314325+00:00,0,0.06,0.23,0.77,0.94,market_object,PASS,
2026-09-07T12:03:37.314325+00:00,2026,1,2026_01_NE_SEA,NE@SEA,2026-09-10T00:20:00+00:00,KXNFLRSHYDS-26SEP09NESEA-SEASDARNOLD14-10,KXNFLRSHYDS-26SEP09NESEA,KXNFLRSHYDS,rushing_yards,football_player,Sam Darnold: 10+ rushing yards,FIRST_OBSERVED,2026-09-07T12:03:37.314325+00:00,2026-09-07T12:03:37.314325+00:00,0,0.04,0.35,0.65,0.96,market_object,PASS,
2026-09-07T12:03:37.314325+00:00,2026,1,2026_01_SF_LA,SF@LAR,2026-09-11T00:35:00+00:00,KXNFLRSHYDS-26SEP10SFLAR-SFCMCCAFFREY23-90,KXNFLRSHYDS-26SEP10SFLAR,KXNFLRSHYDS,rushing_yards,football_player,Christian McCaffrey: 90+ rushing yards,FIRST_OBSERVED,2026-09-07T12:03:37.314325+00:00,2026-09-07T12:03:37.314325+00:00,0,0.02,0.18,0.8200000000000001,0.98,market_object,PASS,
2026-09-07T12:03:37.314325+00:00,2026,1,2026_01_SF_LA,SF@LAR,2026-09-11T00:35:00+00:00,KXNFLRSHYDS-26SEP10SFLAR-SFCMCCAFFREY23-80,KXNFLRSHYDS-26SEP10SFLAR,KXNFLRSHYDS,rushing_yards,football_player,Christian McCaffrey: 80+ rushing yards,FIRST_OBSERVED,2026-09-07T12:03:37.314325+00:00,2026-09-07T12:03:37.314325+00:00,0,0.09,0.25,0.75,0.91,market_object,PASS,
2026-09-07T12:03:37.314325+00:00,2026,1,2026_01_SF_LA,SF@LAR,2026-09-11T00:35:00+00:00,KXNFLRSHYDS-26SEP10SFLAR-SFCMCCAFFREY23-70,KXNFLRSHYDS-26SEP10SFLAR,KXNFLRSHYDS,rushing_yards,football_player,Christian McCaffrey: 70+ rushing yards,FIRST_OBSERVED,2026-09-07T12:03:37.314325+00:00,2026-09-07T12:03:37.314325+00:00,0,0.07,0.37,0.63,0.9299999999999999,market_object,PASS,
2026-09-07T12:03:37.314325+00:00,2026,1,2026_01_SF_LA,SF@LAR,2026-09-11T00:35:00+00:00,KXNFLRSHYDS-26SEP10SFLAR-SFCMCCAFFREY23-60,KXNFLRSHYDS-26SEP10SFLAR,KXNFLRSHYDS,rushing_yards,football_player,Christian McCaffrey: 60+ rushing yards,FIRST_OBSERVED,2026-09-07T12:03:37.314325+00:00,2026-09-07T12:03:37.314325+00:00,0,0.47,0.48,0.52,0.53,market_object,PASS,
2026-09-07T12:03:37.314325+00:00,2026,1,2026_01_SF_LA,SF@LAR,2026-09-11T00:35:00+00:00,KXNFLRSHYDS-26SEP10SFLAR-SFCMCCAFFREY23-50,KXNFLRSHYDS-26SEP10SFLAR,KXNFLRSHYDS,rushing_yards,football_player,Christian McCaffrey: 50+ rushing yards,FIRST_OBSERVED,2026-09-07T12:03:37.314325+00:00,2026-09-07T12:03:37.314325+00:00,0,0.39,0.63,0.37,0.61,market_object,PASS,
2026-09-07T12:03:37.314325+00:00,2026,1,2026_01_SF_LA,SF@LAR,2026-09-11T00:35:00+00:00,KXNFLRSHYDS-26SEP10SFLAR-SFCMCCAFFREY23-40,KXNFLRSHYDS-26SEP10SFLAR,KXNFLRSHYDS,rushing_yards,football_player,Christian McCaffrey: 40+ rushing yards,FIRST_OBSERVED,2026-09-07T12:03:37.314325+00:00,2026-09-07T12:03:37.314325+00:00,0,0.62,0.73,0.27,0.38,market_object,PASS,
2026-09-07T12:03:37.314325+00:00,2026,1,2026_01_SF_LA,SF@LAR,2026-09-11T00:35:00+00:00,KXNFLRSHYDS-26SEP10SFLAR-SFCMCCAFFREY23-30,KXNFLRSHYDS-26SEP10SFLAR,KXNFLRSHYDS,rushing_yards,football_player,Christian McCaffrey: 30+ rushing yards,FIRST_OBSERVED,2026-09-07T12:03:37.314325+00:00,2026-09-07T12:03:37.314325+00:00,0,0.8,0.9,0.09999999999999998,0.19999999999999996,market_object,PASS,
2026-09-07T12:03:37.314325+00:00,2026,1,2026_01_SF_LA,SF@LAR,2026-09-11T00:35:00+00:00,KXNFLRSHYDS-26SEP10SFLAR-SFCMCCAFFREY23-130,KXNFLRSHYDS-26SEP10SFLAR,KXNFLRSHYDS,rushing_yards,football_player,Christian McCaffrey: 130+ rushing yards,FIRST_OBSERVED,2026-09-07T12:03:37.314325+00:00,2026-09-07T12:03:37.314325+00:00,0,0.02,0.04,0.96,0.98,market_object,PASS,
2026-09-07T12:03:37.314325+00:00,2026,1,2026_01_SF_LA,SF@LAR,2026-09-11T00:35:00+00:00,KXNFLRSHYDS-26SEP10SFLAR-SFCMCCAFFREY23-120,KXNFLRSHYDS-26SEP10SFLAR,KXNFLRSHYDS,rushing_yards,football_player,Christian McCaffrey: 120+ rushing yards,FIRST_OBSERVED,2026-09-07T12:03:37.314325+00:00,2026-09-07T12:03:37.314325+00:00,0,0.02,0.07,0.9299999999999999,0.98,market_object,PASS,
2026-09-07T12:03:37.314325+00:00,2026,1,2026_01_SF_LA,SF@LAR,2026-09-11T00:35:00+00:00,KXNFLRSHYDS-26SEP10SFLAR-SFCMCCAFFREY23-110,KXNFLRSHYDS-26SEP10SFLAR,KXNFLRSHYDS,rushing_yards,football_player,Christian McCaffrey: 110+ rushing yards,FIRST_OBSERVED,2026-09-07T12:03:37.314325+00:00,2026-09-07T12:03:37.314325+00:00,0,0.02,0.11,0.89,0.98,market_object,PASS,
2026-09-07T12:03:37.314325+00:00,2026,1,2026_01_SF_LA,SF@LAR,2026-09-11T00:35:00+00:00,KXNFLRSHYDS-26SEP10SFLAR-SFCMCCAFFREY23-100,KXNFLRSHYDS-26SEP10SFLAR,KXNFLRSHYDS,rushing_yards,football_player,Christian McCaffrey: 100+ rushing yards,FIRST_OBSERVED,2026-09-07T12:03:37.314325+00:00,2026-09-07T12:03:37.314325+00:00,0,0.09,0.13,0.87,0.91,market_object,PASS,
2026-09-07T12:03:37.314325+00:00,2026,1,2026_01_SF_LA,SF@LAR,2026-09-11T00:35:00+00:00,KXNFLRSHYDS-26SEP10SFLAR-SFBPURDY13-50,KXNFLRSHYDS-26SEP10SFLAR,KXNFLRSHYDS,rushing_yards,football_player,Brock Purdy: 50+ rushing yards,FIRST_OBSERVED,2026-09-07T12:03:37.314325+00:00,2026-09-07T12:03:37.314325+00:00,0,0.03,0.06,0.94,0.97,market_object,PASS,
2026-09-07T12:03:37.314325+00:00,2026,1,2026_01_SF_LA,SF@LAR,2026-09-11T00:35:00+00:00,KXNFLRSHYDS-26SEP10SFLAR-SFBPURDY13-40,KXNFLRSHYDS-26SEP10SFLAR,KXNFLRSHYDS,rushing_yards,football_player,Brock Purdy: 40+ rushing yards,FIRST_OBSERVED,2026-09-07T12:03:37.314325+00:00,2026-09-07T12:03:37.314325+00:00,0,0.03,0.14,0.86,0.97,market_object,PASS,
2026-09-07T12:03:37.314325+00:00,2026,1,2026_01_SF_LA,SF@LAR,2026-09-11T00:35:00+00:00,KXNFLRSHYDS-26SEP10SFLAR-SFBPURDY13-30,KXNFLRSHYDS-26SEP10SFLAR,KXNFLRSHYDS,rushing_yards,football_player,Brock Purdy: 30+ rushing yards,FIRST_OBSERVED,2026-09-07T12:03:37.314325+00:00,2026-09-07T12:03:37.314325+00:00,0,0.04,0.25,0.75,0.96,market_object,PASS,
2026-09-07T12:03:37.314325+00:00,2026,1,2026_01_SF_LA,SF@LAR,2026-09-11T00:35:00+00:00,KXNFLRSHYDS-26SEP10SFLAR-SFBPURDY13-25,KXNFLRSHYDS-26SEP10SFLAR,KXNFLRSHYDS,rushing_yards,football_player,Brock Purdy: 25+ rushing yards,FIRST_OBSERVED,2026-09-07T12:03:37.314325+00:00,2026-09-07T12:03:37.314325+00:00,0,0.07,0.34,0.6599999999999999,0.9299999999999999,market_object,PASS,
2026-09-07T12:03:37.314325+00:00,2026,1,2026_01_SF_LA,SF@LAR,2026-09-11T00:35:00+00:00,KXNFLRSHYDS-26SEP10SFLAR-SFBPURDY13-20,KXNFLRSHYDS-26SEP10SFLAR,KXNFLRSHYDS,rushing_yards,football_player,Brock Purdy: 20+ rushing yards,FIRST_OBSERVED,2026-09-07T12:03:37.314325+00:00,2026-09-07T12:03:37.314325+00:00,0,0.44,0.47,0.53,0.56,market_object,PASS,
2026-09-07T12:03:37.314325+00:00,2026,1,2026_01_SF_LA,SF@LAR,2026-09-11T00:35:00+00:00,KXNFLRSHYDS-26SEP10SFLAR-SFBPURDY13-15,KXNFLRSHYDS-26SEP10SFLAR,KXNFLRSHYDS,rushing_yards,football_player,Brock Purdy: 15+ rushing yards,FIRST_OBSERVED,2026-09-07T12:03:37.314325+00:00,2026-09-07T12:03:37.314325+00:00,0,0.56,0.59,0.41000000000000003,0.43999999999999995,market_object,PASS,
2026-09-07T12:03:37.314325+00:00,2026,1,2026_01_SF_LA,SF@LAR,2026-09-11T00:35:00+00:00,KXNFLRSHYDS-26SEP10SFLAR-SFBPURDY13-10,KXNFLRSHYDS-26SEP10SFLAR,KXNFLRSHYDS,rushing_yards,football_player,Brock Purdy: 10+ rushing yards,FIRST_OBSERVED,2026-09-07T12:03:37.314325+00:00,2026-09-07T12:03:37.314325+00:00,0,0.48,0.71,0.29000000000000004,0.52,market_object,PASS,
2026-09-07T12:03:37.314325+00:00,2026,1,2026_01_SF_LA,SF@LAR,2026-09-11T00:35:00+00:00,KXNFLRSHYDS-26SEP10SFLAR-LARKWILLIAMS23-90,KXNFLRSHYDS-26SEP10SFLAR,KXNFLRSHYDS,rushing_yards,football_player,Kyren Williams: 90+ rushing yards,FIRST_OBSERVED,2026-09-07T12:03:37.314325+00:00,2026-09-07T12:03:37.314325+00:00,0,0.04,0.16,0.84,0.96,market_object,PASS,
2026-09-07T12:03:37.314325+00:00,2026,1,2026_01_SF_LA,SF@LAR,2026-09-11T00:35:00+00:00,KXNFLRSHYDS-26SEP10SFLAR-LARKWILLIAMS23-80,KXNFLRSHYDS-26SEP10SFLAR,KXNFLRSHYDS,rushing_yards,football_player,Kyren Williams: 80+ rushing yards,FIRST_OBSERVED,2026-09-07T12:03:37.314325+00:00,2026-09-07T12:03:37.314325+00:00,0,0.19,0.25,0.75,0.81,market_object,PASS,
2026-09-07T12:03:37.314325+00:00,2026,1,2026_01_SF_LA,SF@LAR,2026-09-11T00:35:00+00:00,KXNFLRSHYDS-26SEP10SFLAR-LARKWILLIAMS23-70,KXNFLRSHYDS-26SEP10SFLAR,KXNFLRSHYDS,rushing_yards,football_player,Kyren Williams: 70+ rushing yards,FIRST_OBSERVED,2026-09-07T12:03:37.314325+00:00,2026-09-07T12:03:37.314325+00:00,0,0.09,0.34,0.6599999999999999,0.91,market_object,PASS,
2026-09-07T12:03:37.314325+00:00,2026,1,2026_01_SF_LA,SF@LAR,2026-09-11T00:35:00+00:00,KXNFLRSHYDS-26SEP10SFLAR-LARKWILLIAMS23-60,KXNFLRSHYDS-26SEP10SFLAR,KXNFLRSHYDS,rushing_yards,football_player,Kyren Williams: 60+ rushing yards,FIRST_OBSERVED,2026-09-07T12:03:37.314325+00:00,2026-09-07T12:03:37.314325+00:00,0,0.33,0.44,0.56,0.6699999999999999,market_object,PASS,
2026-09-07T12:03:37.314325+00:00,2026,1,2026_01_SF_LA,SF@LAR,2026-09-11T00:35:00+00:00,KXNFLRSHYDS-26SEP10SFLAR-LARKWILLIAMS23-50,KXNFLRSHYDS-26SEP10SFLAR,KXNFLRSHYDS,rushing_yards,football_player,Kyren Williams: 50+ rushing yards,FIRST_OBSERVED,2026-09-07T12:03:37.314325+00:00,2026-09-07T12:03:37.314325+00:00,0,0.32,0.61,0.39,0.6799999999999999,market_object,PASS,
2026-09-07T12:03:37.314325+00:00,2026,1,2026_01_SF_LA,SF@LAR,2026-09-11T00:35:00+00:00,KXNFLRSHYDS-26SEP10SFLAR-LARKWILLIAMS23-40,KXNFLRSHYDS-26SEP10SFLAR,KXNFLRSHYDS,rushing_yards,football_player,Kyren Williams: 40+ rushing yards,FIRST_OBSERVED,2026-09-07T12:03:37.314325+00:00,2026-09-07T12:03:37.314325+00:00,0,0.5,0.74,0.26,0.5,market_object,PASS,
2026-09-07T12:03:37.314325+00:00,2026,1,2026_01_SF_LA,SF@LAR,2026-09-11T00:35:00+00:00,KXNFLRSHYDS-26SEP10SFLAR-LARKWILLIAMS23-30,KXNFLRSHYDS-26SEP10SFLAR,KXNFLRSHYDS,rushing_yards,football_player,Kyren Williams: 30+ rushing yards,FIRST_OBSERVED,2026-09-07T12:03:37.314325+00:00,2026-09-07T12:03:37.314325+00:00,0,0.34,0.86,0.14,0.6599999999999999,market_object,PASS,
2026-09-07T12:03:37.314325+00:00,2026,1,2026_01_SF_LA,SF@LAR,2026-09-11T00:35:00+00:00,KXNFLRSHYDS-26SEP10SFLAR-LARKWILLIAMS23-140,KXNFLRSHYDS-26SEP10SFLAR,KXNFLRSHYDS,rushing_yards,football_player,Kyren Williams: 140+ rushing yards,FIRST_OBSERVED,2026-09-07T12:03:37.314325+00:00,2026-09-07T12:03:37.314325+00:00,0,0.02,0.03,0.97,0.98,market_object,PASS,
2026-09-07T12:03:37.314325+00:00,2026,1,2026_01_SF_LA,SF@LAR,2026-09-11T00:35:00+00:00,KXNFLRSHYDS-26SEP10SFLAR-LARKWILLIAMS23-130,KXNFLRSHYDS-26SEP10SFLAR,KXNFLRSHYDS,rushing_yards,football_player,Kyren Williams: 130+ rushing yards,FIRST_OBSERVED,2026-09-07T12:03:37.314325+00:00,2026-09-07T12:03:37.314325+00:00,0,0.02,0.04,0.96,0.98,market_object,PASS,
2026-09-07T12:03:37.314325+00:00,2026,1,2026_01_SF_LA,SF@LAR,2026-09-11T00:35:00+00:00,KXNFLRSHYDS-26SEP10SFLAR-LARKWILLIAMS23-120,KXNFLRSHYDS-26SEP10SFLAR,KXNFLRSHYDS,rushing_yards,football_player,Kyren Williams: 120+ rushing yards,FIRST_OBSERVED,2026-09-07T12:03:37.314325+00:00,2026-09-07T12:03:37.314325+00:00,0,0.02,0.05,0.95,0.98,market_object,PASS,
2026-09-07T12:03:37.314325+00:00,2026,1,2026_01_SF_LA,SF@LAR,2026-09-11T00:35:00+00:00,KXNFLRSHYDS-26SEP10SFLAR-LARKWILLIAMS23-110,KXNFLRSHYDS-26SEP10SFLAR,KXNFLRSHYDS,rushing_yards,football_player,Kyren Williams: 110+ rushing yards,FIRST_OBSERVED,2026-09-07T12:03:37.314325+00:00,2026-09-07T12:03:37.314325+00:00,0,0.02,0.08,0.92,0.98,market_object,PASS,
2026-09-07T12:03:37.314325+00:00,2026,1,2026_01_SF_LA,SF@LAR,2026-09-11T00:35:00+00:00,KXNFLRSHYDS-26SEP10SFLAR-LARKWILLIAMS23-100,KXNFLRSHYDS-26SEP10SFLAR,KXNFLRSHYDS,rushing_yards,football_player,Kyren Williams: 100+ rushing yards,FIRST_OBSERVED,2026-09-07T12:03:37.314325+00:00,2026-09-07T12:03:37.314325+00:00,0,0.02,0.12,0.88,0.98,market_object,PASS,
2026-09-07T12:03:37.314325+00:00,2026,1,2026_01_SF_LA,SF@LAR,2026-09-11T00:35:00+00:00,KXNFLRSHYDS-26SEP10SFLAR-LARBCORUM24-90,KXNFLRSHYDS-26SEP10SFLAR,KXNFLRSHYDS,rushing_yards,football_player,Blake Corum: 90+ rushing yards,FIRST_OBSERVED,2026-09-07T12:03:37.314325+00:00,2026-09-07T12:03:37.314325+00:00,0,0.02,0.07,0.9299999999999999,0.98,market_object,PASS,
2026-09-07T12:03:37.314325+00:00,2026,1,2026_01_SF_LA,SF@LAR,2026-09-11T00:35:00+00:00,KXNFLRSHYDS-26SEP10SFLAR-LARBCORUM24-80,KXNFLRSHYDS-26SEP10SFLAR,KXNFLRSHYDS,rushing_yards,football_player,Blake Corum: 80+ rushing yards,FIRST_OBSERVED,2026-09-07T12:03:37.314325+00:00,2026-09-07T12:03:37.314325+00:00,0,0.02,0.11,0.89,0.98,market_object,PASS,
2026-09-07T12:03:37.314325+00:00,2026,1,2026_01_SF_LA,SF@LAR,2026-09-11T00:35:00+00:00,KXNFLRSHYDS-26SEP10SFLAR-LARBCORUM24-70,KXNFLRSHYDS-26SEP10SFLAR,KXNFLRSHYDS,rushing_yards,football_player,Blake Corum: 70+ rushing yards,FIRST_OBSERVED,2026-09-07T12:03:37.314325+00:00,2026-09-07T12:03:37.314325+00:00,0,0.02,0.16,0.84,0.98,market_object,PASS,
2026-09-07T12:03:37.314325+00:00,2026,1,2026_01_SF_LA,SF@LAR,2026-09-11T00:35:00+00:00,KXNFLRSHYDS-26SEP10SFLAR-LARBCORUM24-60,KXNFLRSHYDS-26SEP10SFLAR,KXNFLRSHYDS,rushing_yards,football_player,Blake Corum: 60+ rushing yards,FIRST_OBSERVED,2026-09-07T12:03:37.314325+00:00,2026-09-07T12:03:37.314325+00:00,0,0.04,0.22,0.78,0.96,market_object,PASS,
2026-09-07T12:03:37.314325+00:00,2026,1,2026_01_SF_LA,SF@LAR,2026-09-11T00:35:00+00:00,KXNFLRSHYDS-26SEP10SFLAR-LARBCORUM24-50,KXNFLRSHYDS-26SEP10SFLAR,KXNFLRSHYDS,rushing_yards,football_player,Blake Corum: 50+ rushing yards,FIRST_OBSERVED,2026-09-07T12:03:37.314325+00:00,2026-09-07T12:03:37.314325+00:00,0,0.07,0.32,0.6799999999999999,0.9299999999999999,market_object,PASS,
2026-09-07T12:03:37.314325+00:00,2026,1,2026_01_SF_LA,SF@LAR,2026-09-11T00:35:00+00:00,KXNFLRSHYDS-26SEP10SFLAR-LARBCORUM24-40,KXNFLRSHYDS-26SEP10SFLAR,KXNFLRSHYDS,rushing_yards,football_player,Blake Corum: 40+ rushing yards,FIRST_OBSERVED,2026-09-07T12:03:37.314325+00:00,2026-09-07T12:03:37.314325+00:00,0,0.46,0.47,0.53,0.54,market_object,PASS,
2026-09-07T12:03:37.314325+00:00,2026,1,2026_01_SF_LA,SF@LAR,2026-09-11T00:35:00+00:00,KXNFLRSHYDS-26SEP10SFLAR-LARBCORUM24-30,KXNFLRSHYDS-26SEP10SFLAR,KXNFLRSHYDS,rushing_yards,football_player,Blake Corum: 30+ rushing yards,FIRST_OBSERVED,2026-09-07T12:03:37.314325+00:00,2026-09-07T12:03:37.314325+00:00,0,0.38,0.64,0.36,0.62,market_object,PASS,
2026-09-07T12:03:37.314325+00:00,2026,1,2026_01_SF_LA,SF@LAR,2026-09-11T00:35:00+00:00,KXNFLRSHYDS-26SEP10SFLAR-LARBCORUM24-25,KXNFLRSHYDS-26SEP10SFLAR,KXNFLRSHYDS,rushing_yards,football_player,Blake Corum: 25+ rushing yards,FIRST_OBSERVED,2026-09-07T12:03:37.314325+00:00,2026-09-07T12:03:37.314325+00:00,0,0.38,0.73,0.27,0.62,market_object,PASS,
2026-09-07T12:03:37.314325+00:00,2026,1,2026_01_SF_LA,SF@LAR,2026-09-11T00:35:00+00:00,KXNFLRSHYDS-26SEP10SFLAR-LARBCORUM24-20,KXNFLRSHYDS-26SEP10SFLAR,KXNFLRSHYDS,rushing_yards,football_player,Blake Corum: 20+ rushing yards,FIRST_OBSERVED,2026-09-07T12:03:37.314325+00:00,2026-09-07T12:03:37.314325+00:00,0,0.38,0.81,0.18999999999999995,0.62,market_object,PASS,
2026-09-07T12:03:37.314325+00:00,2026,1,2026_01_SF_LA,SF@LAR,2026-09-11T00:35:00+00:00,KXNFLRSHYDS-26SEP10SFLAR-LARBCORUM24-15,KXNFLRSHYDS-26SEP10SFLAR,KXNFLRSHYDS,rushing_yards,football_player,Blake Corum: 15+ rushing yards,FIRST_OBSERVED,2026-09-07T12:03:37.314325+00:00,2026-09-07T12:03:37.314325+00:00,0,0.78,0.89,0.10999999999999999,0.21999999999999997,market_object,PASS,
2026-09-07T12:03:37.314325+00:00,2026,1,2026_01_SF_LA,SF@LAR,2026-09-11T00:35:00+00:00,KXNFLRSHYDS-26SEP10SFLAR-LARBCORUM24-130,KXNFLRSHYDS-26SEP10SFLAR,KXNFLRSHYDS,rushing_yards,football_player,Blake Corum: 130+ rushing yards,FIRST_OBSERVED,2026-09-07T12:03:37.314325+00:00,2026-09-07T12:03:37.314325+00:00,0,0.02,0.08,0.92,0.98,market_object,PASS,
2026-09-07T12:03:37.314325+00:00,2026,1,2026_01_SF_LA,SF@LAR,2026-09-11T00:35:00+00:00,KXNFLRSHYDS-26SEP10SFLAR-LARBCORUM24-120,KXNFLRSHYDS-26SEP10SFLAR,KXNFLRSHYDS,rushing_yards,football_player,Blake Corum: 120+ rushing yards,FIRST_OBSERVED,2026-09-07T12:03:37.314325+00:00,2026-09-07T12:03:37.314325+00:00,0,0.01,0.03,0.97,0.99,market_object,PASS,
2026-09-07T12:03:37.314325+00:00,2026,1,2026_01_SF_LA,SF@LAR,2026-09-11T00:35:00+00:00,KXNFLRSHYDS-26SEP10SFLAR-LARBCORUM24-110,KXNFLRSHYDS-26SEP10SFLAR,KXNFLRSHYDS,rushing_yards,football_player,Blake Corum: 110+ rushing yards,FIRST_OBSERVED,2026-09-07T12:03:37.314325+00:00,2026-09-07T12:03:37.314325+00:00,0,0.01,0.03,0.97,0.99,market_object,PASS,
2026-09-07T12:03:37.314325+00:00,2026,1,2026_01_SF_LA,SF@LAR,2026-09-11T00:35:00+00:00,KXNFLRSHYDS-26SEP10SFLAR-LARBCORUM24-100,KXNFLRSHYDS-26SEP10SFLAR,KXNFLRSHYDS,rushing_yards,football_player,Blake Corum: 100+ rushing yards,FIRST_OBSERVED,2026-09-07T12:03:37.314325+00:00,2026-09-07T12:03:37.314325+00:00,0,0.02,0.04,0.96,0.98,market_object,PASS,
2026-09-07T12:03:37.314325+00:00,2026,1,2026_01_NE_SEA,NE@SEA,2026-09-10T00:20:00+00:00,KXNFLRSHYDS-26SEP09NESEA-SEAJPRICE8-90,KXNFLRSHYDS-26SEP09NESEA,KXNFLRSHYDS,rushing_yards,football_player,Jadarian Price: 90+ rushing yards,FIRST_OBSERVED,2026-09-07T12:03:37.314325+00:00,2026-09-07T12:03:37.314325+00:00,0,0.12,0.13,0.87,0.88,market_object,PASS,
2026-09-07T12:03:37.314325+00:00,2026,1,2026_01_NE_SEA,NE@SEA,2026-09-10T00:20:00+00:00,KXNFLRSHYDS-26SEP09NESEA-SEAJPRICE8-80,KXNFLRSHYDS-26SEP09NESEA,KXNFLRSHYDS,rushing_yards,football_player,Jadarian Price: 80+ rushing yards,FIRST_OBSERVED,2026-09-07T12:03:37.314325+00:00,2026-09-07T12:03:37.314325+00:00,0,0.17,0.21,0.79,0.83,market_object,PASS,
2026-09-07T12:03:37.314325+00:00,2026,1,2026_01_NE_SEA,NE@SEA,2026-09-10T00:20:00+00:00,KXNFLRSHYDS-26SEP09NESEA-SEAJPRICE8-70,KXNFLRSHYDS-26SEP09NESEA,KXNFLRSHYDS,rushing_yards,football_player,Jadarian Price: 70+ rushing yards,FIRST_OBSERVED,2026-09-07T12:03:37.314325+00:00,2026-09-07T12:03:37.314325+00:00,0,0.25,0.3,0.7,0.75,market_object,PASS,
2026-09-07T12:03:37.314325+00:00,2026,1,2026_01_NE_SEA,NE@SEA,2026-09-10T00:20:00+00:00,KXNFLRSHYDS-26SEP09NESEA-SEAJPRICE8-60,KXNFLRSHYDS-26SEP09NESEA,KXNFLRSHYDS,rushing_yards,football_player,Jadarian Price: 60+ rushing yards,FIRST_OBSERVED,2026-09-07T12:03:37.314325+00:00,2026-09-07T12:03:37.314325+00:00,0,0.39,0.4,0.6,0.61,market_object,PASS,
2026-09-07T12:03:37.314325+00:00,2026,1,2026_01_NE_SEA,NE@SEA,2026-09-10T00:20:00+00:00,KXNFLRSHYDS-26SEP09NESEA-SEAJPRICE8-50,KXNFLRSHYDS-26SEP09NESEA,KXNFLRSHYDS,rushing_yards,football_player,Jadarian Price: 50+ rushing yards,FIRST_OBSERVED,2026-09-07T12:03:37.314325+00:00,2026-09-07T12:03:37.314325+00:00,0,0.52,0.53,0.47,0.48,market_object,PASS,
2026-09-07T12:03:37.314325+00:00,2026,1,2026_01_NE_SEA,NE@SEA,2026-09-10T00:20:00+00:00,KXNFLRSHYDS-26SEP09NESEA-SEAJPRICE8-40,KXNFLRSHYDS-26SEP09NESEA,KXNFLRSHYDS,rushing_yards,football_player,Jadarian Price: 40+ rushing yards,FIRST_OBSERVED,2026-09-07T12:03:37.314325+00:00,2026-09-07T12:03:37.314325+00:00,0,0.58,0.69,0.31000000000000005,0.42000000000000004,market_object,PASS,
2026-09-07T12:03:37.314325+00:00,2026,1,2026_01_NE_SEA,NE@SEA,2026-09-10T00:20:00+00:00,KXNFLRSHYDS-26SEP09NESEA-SEAJPRICE8-30,KXNFLRSHYDS-26SEP09NESEA,KXNFLRSHYDS,rushing_yards,football_player,Jadarian Price: 30+ rushing yards,FIRST_OBSERVED,2026-09-07T12:03:37.314325+00:00,2026-09-07T12:03:37.314325+00:00,0,0.7,0.81,0.18999999999999995,0.30000000000000004,market_object,PASS,
2026-09-07T12:03:37.314325+00:00,2026,1,2026_01_NE_SEA,NE@SEA,2026-09-10T00:20:00+00:00,KXNFLRSHYDS-26SEP09NESEA-SEAJPRICE8-25,KXNFLRSHYDS-26SEP09NESEA,KXNFLRSHYDS,rushing_yards,football_player,Jadarian Price: 25+ rushing yards,FIRST_OBSERVED,2026-09-07T12:03:37.314325+00:00,2026-09-07T12:03:37.314325+00:00,0,0.76,0.87,0.13,0.24,market_object,PASS,
2026-09-07T12:03:37.314325+00:00,2026,1,2026_01_NE_SEA,NE@SEA,2026-09-10T00:20:00+00:00,KXNFLRSHYDS-26SEP09NESEA-SEAJPRICE8-120,KXNFLRSHYDS-26SEP09NESEA,KXNFLRSHYDS,rushing_yards,football_player,Jadarian Price: 120+ rushing yards,FIRST_OBSERVED,2026-09-07T12:03:37.314325+00:00,2026-09-07T12:03:37.314325+00:00,0,0.03,0.04,0.96,0.97,market_object,PASS,
2026-09-07T12:03:37.314325+00:00,2026,1,2026_01_NE_SEA,NE@SEA,2026-09-10T00:20:00+00:00,KXNFLRSHYDS-26SEP09NESEA-SEAJPRICE8-110,KXNFLRSHYDS-26SEP09NESEA,KXNFLRSHYDS,rushing_yards,football_player,Jadarian Price: 110+ rushing yards,FIRST_OBSERVED,2026-09-07T12:03:37.314325+00:00,2026-09-07T12:03:37.314325+00:00,0,0.02,0.07,0.9299999999999999,0.98,market_object,PASS,
2026-09-07T12:03:37.314325+00:00,2026,1,2026_01_NE_SEA,NE@SEA,2026-09-10T00:20:00+00:00,KXNFLRSHYDS-26SEP09NESEA-SEAJPRICE8-100,KXNFLRSHYDS-26SEP09NESEA,KXNFLRSHYDS,rushing_yards,football_player,Jadarian Price: 100+ rushing yards,FIRST_OBSERVED,2026-09-07T12:03:37.314325+00:00,2026-09-07T12:03:37.314325+00:00,0,0.08,0.09,0.91,0.92,market_object,PASS,
2026-09-07T12:03:37.314325+00:00,2026,1,2026_01_NE_SEA,NE@SEA,2026-09-10T00:20:00+00:00,KXNFLRSHYDS-26SEP09NESEA-NEDMAYE10-70,KXNFLRSHYDS-26SEP09NESEA,KXNFLRSHYDS,rushing_yards,football_player,Drake Maye: 70+ rushing yards,FIRST_OBSERVED,2026-09-07T12:03:37.314325+00:00,2026-09-07T12:03:37.314325+00:00,0,0.03,0.04,0.96,0.97,market_object,PASS,
2026-09-07T12:03:37.314325+00:00,2026,1,2026_01_NE_SEA,NE@SEA,2026-09-10T00:20:00+00:00,KXNFLRSHYDS-26SEP09NESEA-NEDMAYE10-60,KXNFLRSHYDS-26SEP09NESEA,KXNFLRSHYDS,rushing_yards,football_player,Drake Maye: 60+ rushing yards,FIRST_OBSERVED,2026-09-07T12:03:37.314325+00:00,2026-09-07T12:03:37.314325+00:00,0,0.02,0.08,0.92,0.98,market_object,PASS,
2026-09-07T12:03:37.314325+00:00,2026,1,2026_01_NE_SEA,NE@SEA,2026-09-10T00:20:00+00:00,KXNFLRSHYDS-26SEP09NESEA-NEDMAYE10-50,KXNFLRSHYDS-26SEP09NESEA,KXNFLRSHYDS,rushing_yards,football_player,Drake Maye: 50+ rushing yards,FIRST_OBSERVED,2026-09-07T12:03:37.314325+00:00,2026-09-07T12:03:37.314325+00:00,0,0.13,0.14,0.86,0.87,market_object,PASS,
2026-09-07T12:03:37.314325+00:00,2026,1,2026_01_NE_SEA,NE@SEA,2026-09-10T00:20:00+00:00,KXNFLRSHYDS-26SEP09NESEA-NEDMAYE10-40,KXNFLRSHYDS-26SEP09NESEA,KXNFLRSHYDS,rushing_yards,football_player,Drake Maye: 40+ rushing yards,FIRST_OBSERVED,2026-09-07T12:03:37.314325+00:00,2026-09-07T12:03:37.314325+00:00,0,0.1,0.24,0.76,0.9,market_object,PASS,
2026-09-07T12:03:37.314325+00:00,2026,1,2026_01_NE_SEA,NE@SEA,2026-09-10T00:20:00+00:00,KXNFLRSHYDS-26SEP09NESEA-NEDMAYE10-30,KXNFLRSHYDS-26SEP09NESEA,KXNFLRSHYDS,rushing_yards,football_player,Drake Maye: 30+ rushing yards,FIRST_OBSERVED,2026-09-07T12:03:37.314325+00:00,2026-09-07T12:03:37.314325+00:00,0,0.37,0.4,0.6,0.63,market_object,PASS,
2026-09-07T12:03:37.314325+00:00,2026,1,2026_01_NE_SEA,NE@SEA,2026-09-10T00:20:00+00:00,KXNFLRSHYDS-26SEP09NESEA-NEDMAYE10-25,KXNFLRSHYDS-26SEP09NESEA,KXNFLRSHYDS,rushing_yards,football_player,Drake Maye: 25+ rushing yards,FIRST_OBSERVED,2026-09-07T12:03:37.314325+00:00,2026-09-07T12:03:37.314325+00:00,0,0.49,0.5,0.5,0.51,market_object,PASS,
2026-09-07T12:03:37.314325+00:00,2026,1,2026_01_NE_SEA,NE@SEA,2026-09-10T00:20:00+00:00,KXNFLRSHYDS-26SEP09NESEA-NEDMAYE10-20,KXNFLRSHYDS-26SEP09NESEA,KXNFLRSHYDS,rushing_yards,football_player,Drake Maye: 20+ rushing yards,FIRST_OBSERVED,2026-09-07T12:03:37.314325+00:00,2026-09-07T12:03:37.314325+00:00,0,0.54,0.62,0.38,0.45999999999999996,market_object,PASS,
2026-09-07T12:03:37.314325+00:00,2026,1,2026_01_NE_SEA,NE@SEA,2026-09-10T00:20:00+00:00,KXNFLRSHYDS-26SEP09NESEA-NEDMAYE10-15,KXNFLRSHYDS-26SEP09NESEA,KXNFLRSHYDS,rushing_yards,football_player,Drake Maye: 15+ rushing yards,FIRST_OBSERVED,2026-09-07T12:03:37.314325+00:00,2026-09-07T12:03:37.314325+00:00,0,0.64,0.74,0.26,0.36,market_object,PASS,
2026-09-07T12:03:37.314325+00:00,2026,1,2026_01_NE_SEA,NE@SEA,2026-09-10T00:20:00+00:00,KXNFLRSHYDS-26SEP09NESEA-NEDMAYE10-10,KXNFLRSHYDS-26SEP09NESEA,KXNFLRSHYDS,rushing_yards,football_player,Drake Maye: 10+ rushing yards,FIRST_OBSERVED,2026-09-07T12:03:37.314325+00:00,2026-09-07T12:03:37.314325+00:00,0,0.73,0.84,0.16000000000000003,0.27,market_object,PASS,
2026-09-07T12:03:37.314325+00:00,2026,1,2026_01_DEN_KC,DEN@KC,2026-09-15T00:15:00+00:00,KXNFLPASSYDS-26SEP14DENKC-DENBNIX10-350,KXNFLPASSYDS-26SEP14DENKC,KXNFLPASSYDS,passing_yards,football_player,Bo Nix: 350+ passing yards,FIRST_OBSERVED,2026-09-07T12:03:37.314325+00:00,2026-09-07T12:03:37.314325+00:00,0,0.05,0.06,0.94,0.95,market_object,PASS,
2026-09-07T12:03:37.314325+00:00,2026,1,2026_01_DEN_KC,DEN@KC,2026-09-15T00:15:00+00:00,KXNFLPASSYDS-26SEP14DENKC-DENBNIX10-325,KXNFLPASSYDS-26SEP14DENKC,KXNFLPASSYDS,passing_yards,football_player,Bo Nix: 325+ passing yards,FIRST_OBSERVED,2026-09-07T12:03:37.314325+00:00,2026-09-07T12:03:37.314325+00:00,0,0.06,0.12,0.88,0.94,market_object,PASS,
2026-09-07T12:03:37.314325+00:00,2026,1,2026_01_DEN_KC,DEN@KC,2026-09-15T00:15:00+00:00,KXNFLPASSYDS-26SEP14DENKC-DENBNIX10-300,KXNFLPASSYDS-26SEP14DENKC,KXNFLPASSYDS,passing_yards,football_player,Bo Nix: 300+ passing yards,FIRST_OBSERVED,2026-09-07T12:03:37.314325+00:00,2026-09-07T12:03:37.314325+00:00,0,0.09,0.13,0.87,0.91,market_object,PASS,
2026-09-07T12:03:37.314325+00:00,2026,1,2026_01_DEN_KC,DEN@KC,2026-09-15T00:15:00+00:00,KXNFLPASSYDS-26SEP14DENKC-DENBNIX10-275,KXNFLPASSYDS-26SEP14DENKC,KXNFLPASSYDS,passing_yards,football_player,Bo Nix: 275+ passing yards,FIRST_OBSERVED,2026-09-07T12:03:37.314325+00:00,2026-09-07T12:03:37.314325+00:00,0,0.06,0.25,0.75,0.94,market_object,PASS,
2026-09-07T12:03:37.314325+00:00,2026,1,2026_01_DEN_KC,DEN@KC,2026-09-15T00:15:00+00:00,KXNFLPASSYDS-26SEP14DENKC-DENBNIX10-250,KXNFLPASSYDS-26SEP14DENKC,KXNFLPASSYDS,passing_yards,football_player,Bo Nix: 250+ passing yards,FIRST_OBSERVED,2026-09-07T12:03:37.314325+00:00,2026-09-07T12:03:37.314325+00:00,0,0.18,0.38,0.62,0.8200000000000001,market_object,PASS,
2026-09-07T12:03:37.314325+00:00,2026,1,2026_01_DEN_KC,DEN@KC,2026-09-15T00:15:00+00:00,KXNFLPASSYDS-26SEP14DENKC-DENBNIX10-225,KXNFLPASSYDS-26SEP14DENKC,KXNFLPASSYDS,passing_yards,football_player,Bo Nix: 225+ passing yards,FIRST_OBSERVED,2026-09-07T12:03:37.314325+00:00,2026-09-07T12:03:37.314325+00:00,0,0.48,0.51,0.49,0.52,market_object,PASS,
2026-09-07T12:03:37.314325+00:00,2026,1,2026_01_DEN_KC,DEN@KC,2026-09-15T00:15:00+00:00,KXNFLPASSYDS-26SEP14DENKC-DENBNIX10-200,KXNFLPASSYDS-26SEP14DENKC,KXNFLPASSYDS,passing_yards,football_player,Bo Nix: 200+ passing yards,FIRST_OBSERVED,2026-09-07T12:03:37.314325+00:00,2026-09-07T12:03:37.314325+00:00,0,0.52,0.68,0.31999999999999995,0.48,market_object,PASS,
2026-09-07T12:03:37.314325+00:00,2026,1,2026_01_DEN_KC,DEN@KC,2026-09-15T00:15:00+00:00,KXNFLPASSYDS-26SEP14DENKC-DENBNIX10-175,KXNFLPASSYDS-26SEP14DENKC,KXNFLPASSYDS,passing_yards,football_player,Bo Nix: 175+ passing yards,FIRST_OBSERVED,2026-09-07T12:03:37.314325+00:00,2026-09-07T12:03:37.314325+00:00,0,0.64,0.8,0.19999999999999996,0.36,market_object,PASS,
2026-09-07T12:03:37.314325+00:00,2026,1,2026_01_DEN_KC,DEN@KC,2026-09-15T00:15:00+00:00,KXNFLPASSYDS-26SEP14DENKC-DENBNIX10-150,KXNFLPASSYDS-26SEP14DENKC,KXNFLPASSYDS,passing_yards,football_player,Bo Nix: 150+ passing yards,FIRST_OBSERVED,2026-09-07T12:03:37.314325+00:00,2026-09-07T12:03:37.314325+00:00,0,0.72,0.86,0.14,0.28,market_object,PASS,
2026-09-07T12:03:37.314325+00:00,2026,1,2026_01_DAL_NYG,DAL@NYG,2026-09-14T00:20:00+00:00,KXNFLPASSYDS-26SEP13DALNYG-NYGJDART6-350,KXNFLPASSYDS-26SEP13DALNYG,KXNFLPASSYDS,passing_yards,football_player,Jaxson Dart: 350+ passing yards,FIRST_OBSERVED,2026-09-07T12:03:37.314325+00:00,2026-09-07T12:03:37.314325+00:00,0,0.02,0.04,0.96,0.98,market_object,PASS,
2026-09-07T12:03:37.314325+00:00,2026,1,2026_01_DAL_NYG,DAL@NYG,2026-09-14T00:20:00+00:00,KXNFLPASSYDS-26SEP13DALNYG-NYGJDART6-325,KXNFLPASSYDS-26SEP13DALNYG,KXNFLPASSYDS,passing_yards,football_player,Jaxson Dart: 325+ passing yards,FIRST_OBSERVED,2026-09-07T12:03:37.314325+00:00,2026-09-07T12:03:37.314325+00:00,0,0.06,0.1,0.9,0.94,market_object,PASS,
2026-09-07T12:03:37.314325+00:00,2026,1,2026_01_DAL_NYG,DAL@NYG,2026-09-14T00:20:00+00:00,KXNFLPASSYDS-26SEP13DALNYG-NYGJDART6-300,KXNFLPASSYDS-26SEP13DALNYG,KXNFLPASSYDS,passing_yards,football_player,Jaxson Dart: 300+ passing yards,FIRST_OBSERVED,2026-09-07T12:03:37.314325+00:00,2026-09-07T12:03:37.314325+00:00,0,0.06,0.1,0.9,0.94,market_object,PASS,
2026-09-07T12:03:37.314325+00:00,2026,1,2026_01_DAL_NYG,DAL@NYG,2026-09-14T00:20:00+00:00,KXNFLPASSYDS-26SEP13DALNYG-NYGJDART6-275,KXNFLPASSYDS-26SEP13DALNYG,KXNFLPASSYDS,passing_yards,football_player,Jaxson Dart: 275+ passing yards,FIRST_OBSERVED,2026-09-07T12:03:37.314325+00:00,2026-09-07T12:03:37.314325+00:00,0,0.06,0.22,0.78,0.94,market_object,PASS,
2026-09-07T12:03:37.314325+00:00,2026,1,2026_01_DAL_NYG,DAL@NYG,2026-09-14T00:20:00+00:00,KXNFLPASSYDS-26SEP13DALNYG-NYGJDART6-250,KXNFLPASSYDS-26SEP13DALNYG,KXNFLPASSYDS,passing_yards,football_player,Jaxson Dart: 250+ passing yards,FIRST_OBSERVED,2026-09-07T12:03:37.314325+00:00,2026-09-07T12:03:37.314325+00:00,0,0.07,0.28,0.72,0.9299999999999999,market_object,PASS,
2026-09-07T12:03:37.314325+00:00,2026,1,2026_01_DAL_NYG,DAL@NYG,2026-09-14T00:20:00+00:00,KXNFLPASSYDS-26SEP13DALNYG-NYGJDART6-225,KXNFLPASSYDS-26SEP13DALNYG,KXNFLPASSYDS,passing_yards,football_player,Jaxson Dart: 225+ passing yards,FIRST_OBSERVED,2026-09-07T12:03:37.314325+00:00,2026-09-07T12:03:37.314325+00:00,0,0.21,0.47,0.53,0.79,market_object,PASS,
2026-09-07T12:03:37.314325+00:00,2026,1,2026_01_DAL_NYG,DAL@NYG,2026-09-14T00:20:00+00:00,KXNFLPASSYDS-26SEP13DALNYG-NYGJDART6-200,KXNFLPASSYDS-26SEP13DALNYG,KXNFLPASSYDS,passing_yards,football_player,Jaxson Dart: 200+ passing yards,FIRST_OBSERVED,2026-09-07T12:03:37.314325+00:00,2026-09-07T12:03:37.314325+00:00,0,0.38,0.59,0.41000000000000003,0.62,market_object,PASS,
2026-09-07T12:03:37.314325+00:00,2026,1,2026_01_DAL_NYG,DAL@NYG,2026-09-14T00:20:00+00:00,KXNFLPASSYDS-26SEP13DALNYG-NYGJDART6-175,KXNFLPASSYDS-26SEP13DALNYG,KXNFLPASSYDS,passing_yards,football_player,Jaxson Dart: 175+ passing yards,FIRST_OBSERVED,2026-09-07T12:03:37.314325+00:00,2026-09-07T12:03:37.314325+00:00,0,0.53,0.76,0.24,0.47,market_object,PASS,
2026-09-07T12:03:37.314325+00:00,2026,1,2026_01_DAL_NYG,DAL@NYG,2026-09-14T00:20:00+00:00,KXNFLPASSYDS-26SEP13DALNYG-NYGJDART6-150,KXNFLPASSYDS-26SEP13DALNYG,KXNFLPASSYDS,passing_yards,football_player,Jaxson Dart: 150+ passing yards,FIRST_OBSERVED,2026-09-07T12:03:37.314325+00:00,2026-09-07T12:03:37.314325+00:00,0,0.69,0.84,0.16000000000000003,0.31000000000000005,market_object,PASS,
2026-09-07T12:03:37.314325+00:00,2026,1,2026_01_DAL_NYG,DAL@NYG,2026-09-14T00:20:00+00:00,KXNFLPASSYDS-26SEP13DALNYG-DALDPRESCOTT4-400,KXNFLPASSYDS-26SEP13DALNYG,KXNFLPASSYDS,passing_yards,football_player,Dak Prescott: 400+ passing yards,FIRST_OBSERVED,2026-09-07T12:03:37.314325+00:00,2026-09-07T12:03:37.314325+00:00,0,0.05,0.06,0.94,0.95,market_object,PASS,
2026-09-07T12:03:37.314325+00:00,2026,1,2026_01_DAL_NYG,DAL@NYG,2026-09-14T00:20:00+00:00,KXNFLPASSYDS-26SEP13DALNYG-DALDPRESCOTT4-375,KXNFLPASSYDS-26SEP13DALNYG,KXNFLPASSYDS,passing_yards,football_player,Dak Prescott: 375+ passing yards,FIRST_OBSERVED,2026-09-07T12:03:37.314325+00:00,2026-09-07T12:03:37.314325+00:00,0,0.06,0.1,0.9,0.94,market_object,PASS,
2026-09-07T12:03:37.314325+00:00,2026,1,2026_01_DAL_NYG,DAL@NYG,2026-09-14T00:20:00+00:00,KXNFLPASSYDS-26SEP13DALNYG-DALDPRESCOTT4-350,KXNFLPASSYDS-26SEP13DALNYG,KXNFLPASSYDS,passing_yards,football_player,Dak Prescott: 350+ passing yards,FIRST_OBSERVED,2026-09-07T12:03:37.314325+00:00,2026-09-07T12:03:37.314325+00:00,0,0.06,0.11,0.89,0.94,market_object,PASS,
2026-09-07T12:03:37.314325+00:00,2026,1,2026_01_DAL_NYG,DAL@NYG,2026-09-14T00:20:00+00:00,KXNFLPASSYDS-26SEP13DALNYG-DALDPRESCOTT4-325,KXNFLPASSYDS-26SEP13DALNYG,KXNFLPASSYDS,passing_yards,football_player,Dak Prescott: 325+ passing yards,FIRST_OBSERVED,2026-09-07T12:03:37.314325+00:00,2026-09-07T12:03:37.314325+00:00,0,0.06,0.21,0.79,0.94,market_object,PASS,
2026-09-07T12:03:37.314325+00:00,2026,1,2026_01_DAL_NYG,DAL@NYG,2026-09-14T00:20:00+00:00,KXNFLPASSYDS-26SEP13DALNYG-DALDPRESCOTT4-300,KXNFLPASSYDS-26SEP13DALNYG,KXNFLPASSYDS,passing_yards,football_player,Dak Prescott: 300+ passing yards,FIRST_OBSERVED,2026-09-07T12:03:37.314325+00:00,2026-09-07T12:03:37.314325+00:00,0,0.09,0.29,0.71,0.91,market_object,PASS,
2026-09-07T12:03:37.314325+00:00,2026,1,2026_01_DAL_NYG,DAL@NYG,2026-09-14T00:20:00+00:00,KXNFLPASSYDS-26SEP13DALNYG-DALDPRESCOTT4-275,KXNFLPASSYDS-26SEP13DALNYG,KXNFLPASSYDS,passing_yards,football_player,Dak Prescott: 275+ passing yards,FIRST_OBSERVED,2026-09-07T12:03:37.314325+00:00,2026-09-07T12:03:37.314325+00:00,0,0.23,0.45,0.55,0.77,market_object,PASS,
2026-09-07T12:03:37.314325+00:00,2026,1,2026_01_DAL_NYG,DAL@NYG,2026-09-14T00:20:00+00:00,KXNFLPASSYDS-26SEP13DALNYG-DALDPRESCOTT4-250,KXNFLPASSYDS-26SEP13DALNYG,KXNFLPASSYDS,passing_yards,football_player,Dak Prescott: 250+ passing yards,FIRST_OBSERVED,2026-09-07T12:03:37.314325+00:00,2026-09-07T12:03:37.314325+00:00,0,0.39,0.58,0.42000000000000004,0.61,market_object,PASS,
2026-09-07T12:03:37.314325+00:00,2026,1,2026_01_DAL_NYG,DAL@NYG,2026-09-14T00:20:00+00:00,KXNFLPASSYDS-26SEP13DALNYG-DALDPRESCOTT4-225,KXNFLPASSYDS-26SEP13DALNYG,KXNFLPASSYDS,passing_yards,football_player,Dak Prescott: 225+ passing yards,FIRST_OBSERVED,2026-09-07T12:03:37.314325+00:00,2026-09-07T12:03:37.314325+00:00,0,0.52,0.73,0.27,0.48,market_object,PASS,
2026-09-07T12:03:37.314325+00:00,2026,1,2026_01_DAL_NYG,DAL@NYG,2026-09-14T00:20:00+00:00,KXNFLPASSYDS-26SEP13DALNYG-DALDPRESCOTT4-200,KXNFLPASSYDS-26SEP13DALNYG,KXNFLPASSYDS,passing_yards,football_player,Dak Prescott: 200+ passing yards,FIRST_OBSERVED,2026-09-07T12:03:37.314325+00:00,2026-09-07T12:03:37.314325+00:00,0,0.65,0.8,0.19999999999999996,0.35,market_object,PASS,
2026-09-07T12:03:37.314325+00:00,2026,1,2026_01_DAL_NYG,DAL@NYG,2026-09-14T00:20:00+00:00,KXNFLPASSYDS-26SEP13DALNYG-DALDPRESCOTT4-175,KXNFLPASSYDS-26SEP13DALNYG,KXNFLPASSYDS,passing_yards,football_player,Dak Prescott: 175+ passing yards,FIRST_OBSERVED,2026-09-07T12:03:37.314325+00:00,2026-09-07T12:03:37.314325+00:00,0,0.8,0.87,0.13,0.19999999999999996,market_object,PASS,
2026-09-07T12:03:37.314325+00:00,2026,1,2026_01_WAS_PHI,WAS@PHI,2026-09-13T20:25:00+00:00,KXNFLPASSYDS-26SEP13WASPHI-WASJDANIELS5-325,KXNFLPASSYDS-26SEP13WASPHI,KXNFLPASSYDS,passing_yards,football_player,Jayden Daniels: 325+ passing yards,FIRST_OBSERVED,2026-09-07T12:03:37.314325+00:00,2026-09-07T12:03:37.314325+00:00,0,0.05,0.06,0.94,0.95,market_object,PASS,
2026-09-07T12:03:37.314325+00:00,2026,1,2026_01_WAS_PHI,WAS@PHI,2026-09-13T20:25:00+00:00,KXNFLPASSYDS-26SEP13WASPHI-WASJDANIELS5-300,KXNFLPASSYDS-26SEP13WASPHI,KXNFLPASSYDS,passing_yards,football_player,Jayden Daniels: 300+ passing yards,FIRST_OBSERVED,2026-09-07T12:03:37.314325+00:00,2026-09-07T12:03:37.314325+00:00,0,0.06,0.07,0.9299999999999999,0.94,market_object,PASS,
2026-09-07T12:03:37.314325+00:00,2026,1,2026_01_WAS_PHI,WAS@PHI,2026-09-13T20:25:00+00:00,KXNFLPASSYDS-26SEP13WASPHI-WASJDANIELS5-275,KXNFLPASSYDS-26SEP13WASPHI,KXNFLPASSYDS,passing_yards,football_player,Jayden Daniels: 275+ passing yards,FIRST_OBSERVED,2026-09-07T12:03:37.314325+00:00,2026-09-07T12:03:37.314325+00:00,0,0.06,0.18,0.8200000000000001,0.94,market_object,PASS,
2026-09-07T12:03:37.314325+00:00,2026,1,2026_01_WAS_PHI,WAS@PHI,2026-09-13T20:25:00+00:00,KXNFLPASSYDS-26SEP13WASPHI-WASJDANIELS5-250,KXNFLPASSYDS-26SEP13WASPHI,KXNFLPASSYDS,passing_yards,football_player,Jayden Daniels: 250+ passing yards,FIRST_OBSERVED,2026-09-07T12:03:37.314325+00:00,2026-09-07T12:03:37.314325+00:00,0,0.06,0.21,0.79,0.94,market_object,PASS,
2026-09-07T12:03:37.314325+00:00,2026,1,2026_01_WAS_PHI,WAS@PHI,2026-09-13T20:25:00+00:00,KXNFLPASSYDS-26SEP13WASPHI-WASJDANIELS5-225,KXNFLPASSYDS-26SEP13WASPHI,KXNFLPASSYDS,passing_yards,football_player,Jayden Daniels: 225+ passing yards,FIRST_OBSERVED,2026-09-07T12:03:37.314325+00:00,2026-09-07T12:03:37.314325+00:00,0,0.16,0.39,0.61,0.84,market_object,PASS,
2026-09-07T12:03:37.314325+00:00,2026,1,2026_01_WAS_PHI,WAS@PHI,2026-09-13T20:25:00+00:00,KXNFLPASSYDS-26SEP13WASPHI-WASJDANIELS5-200,KXNFLPASSYDS-26SEP13WASPHI,KXNFLPASSYDS,passing_yards,football_player,Jayden Daniels: 200+ passing yards,FIRST_OBSERVED,2026-09-07T12:03:37.314325+00:00,2026-09-07T12:03:37.314325+00:00,0,0.33,0.52,0.48,0.6699999999999999,market_object,PASS,
2026-09-07T12:03:37.314325+00:00,2026,1,2026_01_WAS_PHI,WAS@PHI,2026-09-13T20:25:00+00:00,KXNFLPASSYDS-26SEP13WASPHI-WASJDANIELS5-175,KXNFLPASSYDS-26SEP13WASPHI,KXNFLPASSYDS,passing_yards,football_player,Jayden Daniels: 175+ passing yards,FIRST_OBSERVED,2026-09-07T12:03:37.314325+00:00,2026-09-07T12:03:37.314325+00:00,0,0.48,0.72,0.28,0.52,market_object,PASS,
2026-09-07T12:03:37.314325+00:00,2026,1,2026_01_WAS_PHI,WAS@PHI,2026-09-13T20:25:00+00:00,KXNFLPASSYDS-26SEP13WASPHI-WASJDANIELS5-150,KXNFLPASSYDS-26SEP13WASPHI,KXNFLPASSYDS,passing_yards,football_player,Jayden Daniels: 150+ passing yards,FIRST_OBSERVED,2026-09-07T12:03:37.314325+00:00,2026-09-07T12:03:37.314325+00:00,0,0.62,0.8,0.19999999999999996,0.38,market_object,PASS,
2026-09-07T12:03:37.314325+00:00,2026,1,2026_01_WAS_PHI,WAS@PHI,2026-09-13T20:25:00+00:00,KXNFLPASSYDS-26SEP13WASPHI-WASJDANIELS5-125,KXNFLPASSYDS-26SEP13WASPHI,KXNFLPASSYDS,passing_yards,football_player,Jayden Daniels: 125+ passing yards,FIRST_OBSERVED,2026-09-07T12:03:37.314325+00:00,2026-09-07T12:03:37.314325+00:00,0,0.76,0.84,0.16000000000000003,0.24,market_object,PASS,
2026-09-07T12:03:37.314325+00:00,2026,1,2026_01_WAS_PHI,WAS@PHI,2026-09-13T20:25:00+00:00,KXNFLPASSYDS-26SEP13WASPHI-PHIJHURTS1-350,KXNFLPASSYDS-26SEP13WASPHI,KXNFLPASSYDS,passing_yards,football_player,Jalen Hurts: 350+ passing yards,FIRST_OBSERVED,2026-09-07T12:03:37.314325+00:00,2026-09-07T12:03:37.314325+00:00,0,0.02,0.03,0.97,0.98,market_object,PASS,
2026-09-07T12:03:37.314325+00:00,2026,1,2026_01_WAS_PHI,WAS@PHI,2026-09-13T20:25:00+00:00,KXNFLPASSYDS-26SEP13WASPHI-PHIJHURTS1-325,KXNFLPASSYDS-26SEP13WASPHI,KXNFLPASSYDS,passing_yards,football_player,Jalen Hurts: 325+ passing yards,FIRST_OBSERVED,2026-09-07T12:03:37.314325+00:00,2026-09-07T12:03:37.314325+00:00,0,0.06,0.08,0.92,0.94,market_object,PASS,
2026-09-07T12:03:37.314325+00:00,2026,1,2026_01_WAS_PHI,WAS@PHI,2026-09-13T20:25:00+00:00,KXNFLPASSYDS-26SEP13WASPHI-PHIJHURTS1-300,KXNFLPASSYDS-26SEP13WASPHI,KXNFLPASSYDS,passing_yards,football_player,Jalen Hurts: 300+ passing yards,FIRST_OBSERVED,2026-09-07T12:03:37.314325+00:00,2026-09-07T12:03:37.314325+00:00,0,0.06,0.1,0.9,0.94,market_object,PASS,
2026-09-07T12:03:37.314325+00:00,2026,1,2026_01_WAS_PHI,WAS@PHI,2026-09-13T20:25:00+00:00,KXNFLPASSYDS-26SEP13WASPHI-PHIJHURTS1-275,KXNFLPASSYDS-26SEP13WASPHI,KXNFLPASSYDS,passing_yards,football_player,Jalen Hurts: 275+ passing yards,FIRST_OBSERVED,2026-09-07T12:03:37.314325+00:00,2026-09-07T12:03:37.314325+00:00,0,0.06,0.2,0.8,0.94,market_object,PASS,
2026-09-07T12:03:37.314325+00:00,2026,1,2026_01_WAS_PHI,WAS@PHI,2026-09-13T20:25:00+00:00,KXNFLPASSYDS-26SEP13WASPHI-PHIJHURTS1-250,KXNFLPASSYDS-26SEP13WASPHI,KXNFLPASSYDS,passing_yards,football_player,Jalen Hurts: 250+ passing yards,FIRST_OBSERVED,2026-09-07T12:03:37.314325+00:00,2026-09-07T12:03:37.314325+00:00,0,0.06,0.26,0.74,0.94,market_object,PASS,
2026-09-07T12:03:37.314325+00:00,2026,1,2026_01_WAS_PHI,WAS@PHI,2026-09-13T20:25:00+00:00,KXNFLPASSYDS-26SEP13WASPHI-PHIJHURTS1-225,KXNFLPASSYDS-26SEP13WASPHI,KXNFLPASSYDS,passing_yards,football_player,Jalen Hurts: 225+ passing yards,FIRST_OBSERVED,2026-09-07T12:03:37.314325+00:00,2026-09-07T12:03:37.314325+00:00,0,0.2,0.45,0.55,0.8,market_object,PASS,
2026-09-07T12:03:37.314325+00:00,2026,1,2026_01_WAS_PHI,WAS@PHI,2026-09-13T20:25:00+00:00,KXNFLPASSYDS-26SEP13WASPHI-PHIJHURTS1-200,KXNFLPASSYDS-26SEP13WASPHI,KXNFLPASSYDS,passing_yards,football_player,Jalen Hurts: 200+ passing yards,FIRST_OBSERVED,2026-09-07T12:03:37.314325+00:00,2026-09-07T12:03:37.314325+00:00,0,0.37,0.58,0.42000000000000004,0.63,market_object,PASS,
2026-09-07T12:03:37.314325+00:00,2026,1,2026_01_WAS_PHI,WAS@PHI,2026-09-13T20:25:00+00:00,KXNFLPASSYDS-26SEP13WASPHI-PHIJHURTS1-175,KXNFLPASSYDS-26SEP13WASPHI,KXNFLPASSYDS,passing_yards,football_player,Jalen Hurts: 175+ passing yards,FIRST_OBSERVED,2026-09-07T12:03:37.314325+00:00,2026-09-07T12:03:37.314325+00:00,0,0.53,0.76,0.24,0.47,market_object,PASS,
2026-09-07T12:03:37.314325+00:00,2026,1,2026_01_WAS_PHI,WAS@PHI,2026-09-13T20:25:00+00:00,KXNFLPASSYDS-26SEP13WASPHI-PHIJHURTS1-150,KXNFLPASSYDS-26SEP13WASPHI,KXNFLPASSYDS,passing_yards,football_player,Jalen Hurts: 150+ passing yards,FIRST_OBSERVED,2026-09-07T12:03:37.314325+00:00,2026-09-07T12:03:37.314325+00:00,0,0.68,0.84,0.16000000000000003,0.31999999999999995,market_object,PASS,
2026-09-07T12:03:37.314325+00:00,2026,1,2026_01_MIA_LV,MIA@LV,2026-09-13T20:25:00+00:00,KXNFLPASSYDS-26SEP13MIALV-MIAMWILLIS2-300,KXNFLPASSYDS-26SEP13MIALV,KXNFLPASSYDS,passing_yards,football_player,Malik Willis: 300+ passing yards,FIRST_OBSERVED,2026-09-07T12:03:37.314325+00:00,2026-09-07T12:03:37.314325+00:00,0,0.05,0.06,0.94,0.95,market_object,PASS,
2026-09-07T12:03:37.314325+00:00,2026,1,2026_01_MIA_LV,MIA@LV,2026-09-13T20:25:00+00:00,KXNFLPASSYDS-26SEP13MIALV-MIAMWILLIS2-275,KXNFLPASSYDS-26SEP13MIALV,KXNFLPASSYDS,passing_yards,football_player,Malik Willis: 275+ passing yards,FIRST_OBSERVED,2026-09-07T12:03:37.314325+00:00,2026-09-07T12:03:37.314325+00:00,0,0.06,0.1,0.9,0.94,market_object,PASS,
2026-09-07T12:03:37.314325+00:00,2026,1,2026_01_MIA_LV,MIA@LV,2026-09-13T20:25:00+00:00,KXNFLPASSYDS-26SEP13MIALV-MIAMWILLIS2-250,KXNFLPASSYDS-26SEP13MIALV,KXNFLPASSYDS,passing_yards,football_player,Malik Willis: 250+ passing yards,FIRST_OBSERVED,2026-09-07T12:03:37.314325+00:00,2026-09-07T12:03:37.314325+00:00,0,0.06,0.15,0.85,0.94,market_object,PASS,
2026-09-07T12:03:37.314325+00:00,2026,1,2026_01_MIA_LV,MIA@LV,2026-09-13T20:25:00+00:00,KXNFLPASSYDS-26SEP13MIALV-MIAMWILLIS2-225,KXNFLPASSYDS-26SEP13MIALV,KXNFLPASSYDS,passing_yards,football_player,Malik Willis: 225+ passing yards,FIRST_OBSERVED,2026-09-07T12:03:37.314325+00:00,2026-09-07T12:03:37.314325+00:00,0,0.06,0.26,0.74,0.94,market_object,PASS,
2026-09-07T12:03:37.314325+00:00,2026,1,2026_01_MIA_LV,MIA@LV,2026-09-13T20:25:00+00:00,KXNFLPASSYDS-26SEP13MIALV-MIAMWILLIS2-200,KXNFLPASSYDS-26SEP13MIALV,KXNFLPASSYDS,passing_yards,football_player,Malik Willis: 200+ passing yards,FIRST_OBSERVED,2026-09-07T12:03:37.314325+00:00,2026-09-07T12:03:37.314325+00:00,0,0.19,0.35,0.65,0.81,market_object,PASS,
2026-09-07T12:03:37.314325+00:00,2026,1,2026_01_MIA_LV,MIA@LV,2026-09-13T20:25:00+00:00,KXNFLPASSYDS-26SEP13MIALV-MIAMWILLIS2-175,KXNFLPASSYDS-26SEP13MIALV,KXNFLPASSYDS,passing_yards,football_player,Malik Willis: 175+ passing yards,FIRST_OBSERVED,2026-09-07T12:03:37.314325+00:00,2026-09-07T12:03:37.314325+00:00,0,0.56,0.58,0.42000000000000004,0.43999999999999995,market_object,PASS,
2026-09-07T12:03:37.314325+00:00,2026,1,2026_01_MIA_LV,MIA@LV,2026-09-13T20:25:00+00:00,KXNFLPASSYDS-26SEP13MIALV-MIAMWILLIS2-150,KXNFLPASSYDS-26SEP13MIALV,KXNFLPASSYDS,passing_yards,football_player,Malik Willis: 150+ passing yards,FIRST_OBSERVED,2026-09-07T12:03:37.314325+00:00,2026-09-07T12:03:37.314325+00:00,0,0.67,0.72,0.28,0.32999999999999996,market_object,PASS,
2026-09-07T12:03:37.314325+00:00,2026,1,2026_01_MIA_LV,MIA@LV,2026-09-13T20:25:00+00:00,KXNFLPASSYDS-26SEP13MIALV-MIAMWILLIS2-125,KXNFLPASSYDS-26SEP13MIALV,KXNFLPASSYDS,passing_yards,football_player,Malik Willis: 125+ passing yards,FIRST_OBSERVED,2026-09-07T12:03:37.314325+00:00,2026-09-07T12:03:37.314325+00:00,0,0.73,0.8,0.19999999999999996,0.27,market_object,PASS,
2026-09-07T12:03:37.314325+00:00,2026,1,2026_01_MIA_LV,MIA@LV,2026-09-13T20:25:00+00:00,KXNFLPASSYDS-26SEP13MIALV-LVKCOUSINS8-350,KXNFLPASSYDS-26SEP13MIALV,KXNFLPASSYDS,passing_yards,football_player,Kirk Cousins: 350+ passing yards,FIRST_OBSERVED,2026-09-07T12:03:37.314325+00:00,2026-09-07T12:03:37.314325+00:00,0,0.02,0.04,0.96,0.98,market_object,PASS,
2026-09-07T12:03:37.314325+00:00,2026,1,2026_01_MIA_LV,MIA@LV,2026-09-13T20:25:00+00:00,KXNFLPASSYDS-26SEP13MIALV-LVKCOUSINS8-325,KXNFLPASSYDS-26SEP13MIALV,KXNFLPASSYDS,passing_yards,football_player,Kirk Cousins: 325+ passing yards,FIRST_OBSERVED,2026-09-07T12:03:37.314325+00:00,2026-09-07T12:03:37.314325+00:00,0,0.06,0.08,0.92,0.94,market_object,PASS,
2026-09-07T12:03:37.314325+00:00,2026,1,2026_01_MIA_LV,MIA@LV,2026-09-13T20:25:00+00:00,KXNFLPASSYDS-26SEP13MIALV-LVKCOUSINS8-300,KXNFLPASSYDS-26SEP13MIALV,KXNFLPASSYDS,passing_yards,football_player,Kirk Cousins: 300+ passing yards,FIRST_OBSERVED,2026-09-07T12:03:37.314325+00:00,2026-09-07T12:03:37.314325+00:00,0,0.06,0.1,0.9,0.94,market_object,PASS,
2026-09-07T12:03:37.314325+00:00,2026,1,2026_01_MIA_LV,MIA@LV,2026-09-13T20:25:00+00:00,KXNFLPASSYDS-26SEP13MIALV-LVKCOUSINS8-275,KXNFLPASSYDS-26SEP13MIALV,KXNFLPASSYDS,passing_yards,football_player,Kirk Cousins: 275+ passing yards,FIRST_OBSERVED,2026-09-07T12:03:37.314325+00:00,2026-09-07T12:03:37.314325+00:00,0,0.06,0.21,0.79,0.94,market_object,PASS,
2026-09-07T12:03:37.314325+00:00,2026,1,2026_01_MIA_LV,MIA@LV,2026-09-13T20:25:00+00:00,KXNFLPASSYDS-26SEP13MIALV-LVKCOUSINS8-250,KXNFLPASSYDS-26SEP13MIALV,KXNFLPASSYDS,passing_yards,football_player,Kirk Cousins: 250+ passing yards,FIRST_OBSERVED,2026-09-07T12:03:37.314325+00:00,2026-09-07T12:03:37.314325+00:00,0,0.1,0.3,0.7,0.9,market_object,PASS,
2026-09-07T12:03:37.314325+00:00,2026,1,2026_01_MIA_LV,MIA@LV,2026-09-13T20:25:00+00:00,KXNFLPASSYDS-26SEP13MIALV-LVKCOUSINS8-225,KXNFLPASSYDS-26SEP13MIALV,KXNFLPASSYDS,passing_yards,football_player,Kirk Cousins: 225+ passing yards,FIRST_OBSERVED,2026-09-07T12:03:37.314325+00:00,2026-09-07T12:03:37.314325+00:00,0,0.25,0.44,0.56,0.75,market_object,PASS,
2026-09-07T12:03:37.314325+00:00,2026,1,2026_01_MIA_LV,MIA@LV,2026-09-13T20:25:00+00:00,KXNFLPASSYDS-26SEP13MIALV-LVKCOUSINS8-200,KXNFLPASSYDS-26SEP13MIALV,KXNFLPASSYDS,passing_yards,football_player,Kirk Cousins: 200+ passing yards,FIRST_OBSERVED,2026-09-07T12:03:37.314325+00:00,2026-09-07T12:03:37.314325+00:00,0,0.43,0.63,0.37,0.5700000000000001,market_object,PASS,
2026-09-07T12:03:37.314325+00:00,2026,1,2026_01_MIA_LV,MIA@LV,2026-09-13T20:25:00+00:00,KXNFLPASSYDS-26SEP13MIALV-LVKCOUSINS8-175,KXNFLPASSYDS-26SEP13MIALV,KXNFLPASSYDS,passing_yards,football_player,Kirk Cousins: 175+ passing yards,FIRST_OBSERVED,2026-09-07T12:03:37.314325+00:00,2026-09-07T12:03:37.314325+00:00,0,0.57,0.77,0.22999999999999998,0.43000000000000005,market_object,PASS,
2026-09-07T12:03:37.314325+00:00,2026,1,2026_01_MIA_LV,MIA@LV,2026-09-13T20:25:00+00:00,KXNFLPASSYDS-26SEP13MIALV-LVKCOUSINS8-150,KXNFLPASSYDS-26SEP13MIALV,KXNFLPASSYDS,passing_yards,football_player,Kirk Cousins: 150+ passing yards,FIRST_OBSERVED,2026-09-07T12:03:37.314325+00:00,2026-09-07T12:03:37.314325+00:00,0,0.71,0.83,0.17000000000000004,0.29000000000000004,market_object,PASS,
2026-09-07T12:03:37.314325+00:00,2026,1,2026_01_GB_MIN,GB@MIN,2026-09-13T20:25:00+00:00,KXNFLPASSYDS-26SEP13GBMIN-MINKMURRAY1-350,KXNFLPASSYDS-26SEP13GBMIN,KXNFLPASSYDS,passing_yards,football_player,Kyler Murray: 350+ passing yards,FIRST_OBSERVED,2026-09-07T12:03:37.314325+00:00,2026-09-07T12:03:37.314325+00:00,0,0.05,0.06,0.94,0.95,market_object,PASS,
2026-09-07T12:03:37.314325+00:00,2026,1,2026_01_GB_MIN,GB@MIN,2026-09-13T20:25:00+00:00,KXNFLPASSYDS-26SEP13GBMIN-MINKMURRAY1-325,KXNFLPASSYDS-26SEP13GBMIN,KXNFLPASSYDS,passing_yards,football_player,Kyler Murray: 325+ passing yards,FIRST_OBSERVED,2026-09-07T12:03:37.314325+00:00,2026-09-07T12:03:37.314325+00:00,0,0.06,0.07,0.9299999999999999,0.94,market_object,PASS,
2026-09-07T12:03:37.314325+00:00,2026,1,2026_01_GB_MIN,GB@MIN,2026-09-13T20:25:00+00:00,KXNFLPASSYDS-26SEP13GBMIN-MINKMURRAY1-300,KXNFLPASSYDS-26SEP13GBMIN,KXNFLPASSYDS,passing_yards,football_player,Kyler Murray: 300+ passing yards,FIRST_OBSERVED,2026-09-07T12:03:37.314325+00:00,2026-09-07T12:03:37.314325+00:00,0,0.09,0.11,0.89,0.91,market_object,PASS,
2026-09-07T12:03:37.314325+00:00,2026,1,2026_01_GB_MIN,GB@MIN,2026-09-13T20:25:00+00:00,KXNFLPASSYDS-26SEP13GBMIN-MINKMURRAY1-275,KXNFLPASSYDS-26SEP13GBMIN,KXNFLPASSYDS,passing_yards,football_player,Kyler Murray: 275+ passing yards,FIRST_OBSERVED,2026-09-07T12:03:37.314325+00:00,2026-09-07T12:03:37.314325+00:00,0,0.07,0.23,0.77,0.9299999999999999,market_object,PASS,
2026-09-07T12:03:37.314325+00:00,2026,1,2026_01_GB_MIN,GB@MIN,2026-09-13T20:25:00+00:00,KXNFLPASSYDS-26SEP13GBMIN-MINKMURRAY1-250,KXNFLPASSYDS-26SEP13GBMIN,KXNFLPASSYDS,passing_yards,football_player,Kyler Murray: 250+ passing yards,FIRST_OBSERVED,2026-09-07T12:03:37.314325+00:00,2026-09-07T12:03:37.314325+00:00,0,0.13,0.34,0.6599999999999999,0.87,market_object,PASS,
2026-09-07T12:03:37.314325+00:00,2026,1,2026_01_GB_MIN,GB@MIN,2026-09-13T20:25:00+00:00,KXNFLPASSYDS-26SEP13GBMIN-MINKMURRAY1-225,KXNFLPASSYDS-26SEP13GBMIN,KXNFLPASSYDS,passing_yards,football_player,Kyler Murray: 225+ passing yards,FIRST_OBSERVED,2026-09-07T12:03:37.314325+00:00,2026-09-07T12:03:37.314325+00:00,0,0.29,0.5,0.5,0.71,market_object,PASS,
2026-09-07T12:03:37.314325+00:00,2026,1,2026_01_GB_MIN,GB@MIN,2026-09-13T20:25:00+00:00,KXNFLPASSYDS-26SEP13GBMIN-MINKMURRAY1-200,KXNFLPASSYDS-26SEP13GBMIN,KXNFLPASSYDS,passing_yards,football_player,Kyler Murray: 200+ passing yards,FIRST_OBSERVED,2026-09-07T12:03:37.314325+00:00,2026-09-07T12:03:37.314325+00:00,0,0.46,0.65,0.35,0.54,market_object,PASS,
2026-09-07T12:03:37.314325+00:00,2026,1,2026_01_GB_MIN,GB@MIN,2026-09-13T20:25:00+00:00,KXNFLPASSYDS-26SEP13GBMIN-MINKMURRAY1-175,KXNFLPASSYDS-26SEP13GBMIN,KXNFLPASSYDS,passing_yards,football_player,Kyler Murray: 175+ passing yards,FIRST_OBSERVED,2026-09-07T12:03:37.314325+00:00,2026-09-07T12:03:37.314325+00:00,0,0.6,0.79,0.20999999999999996,0.4,market_object,PASS,
2026-09-07T12:03:37.314325+00:00,2026,1,2026_01_GB_MIN,GB@MIN,2026-09-13T20:25:00+00:00,KXNFLPASSYDS-26SEP13GBMIN-MINKMURRAY1-150,KXNFLPASSYDS-26SEP13GBMIN,KXNFLPASSYDS,passing_yards,football_player,Kyler Murray: 150+ passing yards,FIRST_OBSERVED,2026-09-07T12:03:37.314325+00:00,2026-09-07T12:03:37.314325+00:00,0,0.74,0.87,0.13,0.26,market_object,PASS,
2026-09-07T12:03:37.314325+00:00,2026,1,2026_01_GB_MIN,GB@MIN,2026-09-13T20:25:00+00:00,KXNFLPASSYDS-26SEP13GBMIN-GBJLOVE10-350,KXNFLPASSYDS-26SEP13GBMIN,KXNFLPASSYDS,passing_yards,football_player,Jordan Love: 350+ passing yards,FIRST_OBSERVED,2026-09-07T12:03:37.314325+00:00,2026-09-07T12:03:37.314325+00:00,0,0.06,0.07,0.9299999999999999,0.94,market_object,PASS,
2026-09-07T12:03:37.314325+00:00,2026,1,2026_01_GB_MIN,GB@MIN,2026-09-13T20:25:00+00:00,KXNFLPASSYDS-26SEP13GBMIN-GBJLOVE10-325,KXNFLPASSYDS-26SEP13GBMIN,KXNFLPASSYDS,passing_yards,football_player,Jordan Love: 325+ passing yards,FIRST_OBSERVED,2026-09-07T12:03:37.314325+00:00,2026-09-07T12:03:37.314325+00:00,0,0.06,0.13,0.87,0.94,market_object,PASS,
2026-09-07T12:03:37.314325+00:00,2026,1,2026_01_GB_MIN,GB@MIN,2026-09-13T20:25:00+00:00,KXNFLPASSYDS-26SEP13GBMIN-GBJLOVE10-300,KXNFLPASSYDS-26SEP13GBMIN,KXNFLPASSYDS,passing_yards,football_player,Jordan Love: 300+ passing yards,FIRST_OBSERVED,2026-09-07T12:03:37.314325+00:00,2026-09-07T12:03:37.314325+00:00,0,0.06,0.18,0.8200000000000001,0.94,market_object,PASS,
2026-09-07T12:03:37.314325+00:00,2026,1,2026_01_GB_MIN,GB@MIN,2026-09-13T20:25:00+00:00,KXNFLPASSYDS-26SEP13GBMIN-GBJLOVE10-275,KXNFLPASSYDS-26SEP13GBMIN,KXNFLPASSYDS,passing_yards,football_player,Jordan Love: 275+ passing yards,FIRST_OBSERVED,2026-09-07T12:03:37.314325+00:00,2026-09-07T12:03:37.314325+00:00,0,0.1,0.31,0.69,0.9,market_object,PASS,
2026-09-07T12:03:37.314325+00:00,2026,1,2026_01_GB_MIN,GB@MIN,2026-09-13T20:25:00+00:00,KXNFLPASSYDS-26SEP13GBMIN-GBJLOVE10-250,KXNFLPASSYDS-26SEP13GBMIN,KXNFLPASSYDS,passing_yards,football_player,Jordan Love: 250+ passing yards,FIRST_OBSERVED,2026-09-07T12:03:37.314325+00:00,2026-09-07T12:03:37.314325+00:00,0,0.25,0.46,0.54,0.75,market_object,PASS,
2026-09-07T12:03:37.314325+00:00,2026,1,2026_01_GB_MIN,GB@MIN,2026-09-13T20:25:00+00:00,KXNFLPASSYDS-26SEP13GBMIN-GBJLOVE10-225,KXNFLPASSYDS-26SEP13GBMIN,KXNFLPASSYDS,passing_yards,football_player,Jordan Love: 225+ passing yards,FIRST_OBSERVED,2026-09-07T12:03:37.314325+00:00,2026-09-07T12:03:37.314325+00:00,0,0.41,0.6,0.4,0.5900000000000001,market_object,PASS,
2026-09-07T12:03:37.314325+00:00,2026,1,2026_01_GB_MIN,GB@MIN,2026-09-13T20:25:00+00:00,KXNFLPASSYDS-26SEP13GBMIN-GBJLOVE10-200,KXNFLPASSYDS-26SEP13GBMIN,KXNFLPASSYDS,passing_yards,football_player,Jordan Love: 200+ passing yards,FIRST_OBSERVED,2026-09-07T12:03:37.314325+00:00,2026-09-07T12:03:37.314325+00:00,0,0.58,0.75,0.25,0.42000000000000004,market_object,PASS,
2026-09-07T12:03:37.314325+00:00,2026,1,2026_01_GB_MIN,GB@MIN,2026-09-13T20:25:00+00:00,KXNFLPASSYDS-26SEP13GBMIN-GBJLOVE10-175,KXNFLPASSYDS-26SEP13GBMIN,KXNFLPASSYDS,passing_yards,football_player,Jordan Love: 175+ passing yards,FIRST_OBSERVED,2026-09-07T12:03:37.314325+00:00,2026-09-07T12:03:37.314325+00:00,0,0.69,0.81,0.18999999999999995,0.31000000000000005,market_object,PASS,
2026-09-07T12:03:37.314325+00:00,2026,1,2026_01_GB_MIN,GB@MIN,2026-09-13T20:25:00+00:00,KXNFLPASSYDS-26SEP13GBMIN-GBJLOVE10-150,KXNFLPASSYDS-26SEP13GBMIN,KXNFLPASSYDS,passing_yards,football_player,Jordan Love: 150+ passing yards,FIRST_OBSERVED,2026-09-07T12:03:37.314325+00:00,2026-09-07T12:03:37.314325+00:00,0,0.77,0.85,0.15000000000000002,0.22999999999999998,market_object,PASS,
2026-09-07T12:03:37.314325+00:00,2026,1,2026_01_ARI_LAC,ARI@LAC,2026-09-13T20:25:00+00:00,KXNFLPASSYDS-26SEP13ARILAC-LACJHERBERT10-350,KXNFLPASSYDS-26SEP13ARILAC,KXNFLPASSYDS,passing_yards,football_player,Justin Herbert: 350+ passing yards,FIRST_OBSERVED,2026-09-07T12:03:37.314325+00:00,2026-09-07T12:03:37.314325+00:00,0,0.05,0.06,0.94,0.95,market_object,PASS,
2026-09-07T12:03:37.314325+00:00,2026,1,2026_01_ARI_LAC,ARI@LAC,2026-09-13T20:25:00+00:00,KXNFLPASSYDS-26SEP13ARILAC-LACJHERBERT10-325,KXNFLPASSYDS-26SEP13ARILAC,KXNFLPASSYDS,passing_yards,football_player,Justin Herbert: 325+ passing yards,FIRST_OBSERVED,2026-09-07T12:03:37.314325+00:00,2026-09-07T12:03:37.314325+00:00,0,0.06,0.13,0.87,0.94,market_object,PASS,
2026-09-07T12:03:37.314325+00:00,2026,1,2026_01_ARI_LAC,ARI@LAC,2026-09-13T20:25:00+00:00,KXNFLPASSYDS-26SEP13ARILAC-LACJHERBERT10-300,KXNFLPASSYDS-26SEP13ARILAC,KXNFLPASSYDS,passing_yards,football_player,Justin Herbert: 300+ passing yards,FIRST_OBSERVED,2026-09-07T12:03:37.314325+00:00,2026-09-07T12:03:37.314325+00:00,0,0.06,0.19,0.81,0.94,market_object,PASS,
2026-09-07T12:03:37.314325+00:00,2026,1,2026_01_ARI_LAC,ARI@LAC,2026-09-13T20:25:00+00:00,KXNFLPASSYDS-26SEP13ARILAC-LACJHERBERT10-275,KXNFLPASSYDS-26SEP13ARILAC,KXNFLPASSYDS,passing_yards,football_player,Justin Herbert: 275+ passing yards,FIRST_OBSERVED,2026-09-07T12:03:37.314325+00:00,2026-09-07T12:03:37.314325+00:00,0,0.1,0.27,0.73,0.9,market_object,PASS,
2026-09-07T12:03:37.314325+00:00,2026,1,2026_01_ARI_LAC,ARI@LAC,2026-09-13T20:25:00+00:00,KXNFLPASSYDS-26SEP13ARILAC-LACJHERBERT10-250,KXNFLPASSYDS-26SEP13ARILAC,KXNFLPASSYDS,passing_yards,football_player,Justin Herbert: 250+ passing yards,FIRST_OBSERVED,2026-09-07T12:03:37.314325+00:00,2026-09-07T12:03:37.314325+00:00,0,0.25,0.43,0.5700000000000001,0.75,market_object,PASS,
2026-09-07T12:03:37.314325+00:00,2026,1,2026_01_ARI_LAC,ARI@LAC,2026-09-13T20:25:00+00:00,KXNFLPASSYDS-26SEP13ARILAC-LACJHERBERT10-225,KXNFLPASSYDS-26SEP13ARILAC,KXNFLPASSYDS,passing_yards,football_player,Justin Herbert: 225+ passing yards,FIRST_OBSERVED,2026-09-07T12:03:37.314325+00:00,2026-09-07T12:03:37.314325+00:00,0,0.43,0.57,0.43000000000000005,0.5700000000000001,market_object,PASS,
2026-09-07T12:03:37.314325+00:00,2026,1,2026_01_ARI_LAC,ARI@LAC,2026-09-13T20:25:00+00:00,KXNFLPASSYDS-26SEP13ARILAC-LACJHERBERT10-200,KXNFLPASSYDS-26SEP13ARILAC,KXNFLPASSYDS,passing_yards,football_player,Justin Herbert: 200+ passing yards,FIRST_OBSERVED,2026-09-07T12:03:37.314325+00:00,2026-09-07T12:03:37.314325+00:00,0,0.56,0.72,0.28,0.43999999999999995,market_object,PASS,
2026-09-07T12:03:37.314325+00:00,2026,1,2026_01_ARI_LAC,ARI@LAC,2026-09-13T20:25:00+00:00,KXNFLPASSYDS-26SEP13ARILAC-LACJHERBERT10-175,KXNFLPASSYDS-26SEP13ARILAC,KXNFLPASSYDS,passing_yards,football_player,Justin Herbert: 175+ passing yards,FIRST_OBSERVED,2026-09-07T12:03:37.314325+00:00,2026-09-07T12:03:37.314325+00:00,0,0.7,0.8,0.19999999999999996,0.30000000000000004,market_object,PASS,
2026-09-07T12:03:37.314325+00:00,2026,1,2026_01_ARI_LAC,ARI@LAC,2026-09-13T20:25:00+00:00,KXNFLPASSYDS-26SEP13ARILAC-LACJHERBERT10-150,KXNFLPASSYDS-26SEP13ARILAC,KXNFLPASSYDS,passing_yards,football_player,Justin Herbert: 150+ passing yards,FIRST_OBSERVED,2026-09-07T12:03:37.314325+00:00,2026-09-07T12:03:37.314325+00:00,0,0.77,0.92,0.07999999999999996,0.22999999999999998,market_object,PASS,
2026-09-07T12:03:37.314325+00:00,2026,1,2026_01_ARI_LAC,ARI@LAC,2026-09-13T20:25:00+00:00,KXNFLPASSYDS-26SEP13ARILAC-ARIJBRISSETT7-350,KXNFLPASSYDS-26SEP13ARILAC,KXNFLPASSYDS,passing_yards,football_player,Jacoby Brissett: 350+ passing yards,FIRST_OBSERVED,2026-09-07T12:03:37.314325+00:00,2026-09-07T12:03:37.314325+00:00,0,0.05,0.06,0.94,0.95,market_object,PASS,
2026-09-07T12:03:37.314325+00:00,2026,1,2026_01_ARI_LAC,ARI@LAC,2026-09-13T20:25:00+00:00,KXNFLPASSYDS-26SEP13ARILAC-ARIJBRISSETT7-325,KXNFLPASSYDS-26SEP13ARILAC,KXNFLPASSYDS,passing_yards,football_player,Jacoby Brissett: 325+ passing yards,FIRST_OBSERVED,2026-09-07T12:03:37.314325+00:00,2026-09-07T12:03:37.314325+00:00,0,0.06,0.09,0.91,0.94,market_object,PASS,
2026-09-07T12:03:37.314325+00:00,2026,1,2026_01_ARI_LAC,ARI@LAC,2026-09-13T20:25:00+00:00,KXNFLPASSYDS-26SEP13ARILAC-ARIJBRISSETT7-300,KXNFLPASSYDS-26SEP13ARILAC,KXNFLPASSYDS,passing_yards,football_player,Jacoby Brissett: 300+ passing yards,FIRST_OBSERVED,2026-09-07T12:03:37.314325+00:00,2026-09-07T12:03:37.314325+00:00,0,0.06,0.16,0.84,0.94,market_object,PASS,
2026-09-07T12:03:37.314325+00:00,2026,1,2026_01_ARI_LAC,ARI@LAC,2026-09-13T20:25:00+00:00,KXNFLPASSYDS-26SEP13ARILAC-ARIJBRISSETT7-275,KXNFLPASSYDS-26SEP13ARILAC,KXNFLPASSYDS,passing_yards,football_player,Jacoby Brissett: 275+ passing yards,FIRST_OBSERVED,2026-09-07T12:03:37.314325+00:00,2026-09-07T12:03:37.314325+00:00,0,0.06,0.24,0.76,0.94,market_object,PASS,
2026-09-07T12:03:37.314325+00:00,2026,1,2026_01_ARI_LAC,ARI@LAC,2026-09-13T20:25:00+00:00,KXNFLPASSYDS-26SEP13ARILAC-ARIJBRISSETT7-250,KXNFLPASSYDS-26SEP13ARILAC,KXNFLPASSYDS,passing_yards,football_player,Jacoby Brissett: 250+ passing yards,FIRST_OBSERVED,2026-09-07T12:03:37.314325+00:00,2026-09-07T12:03:37.314325+00:00,0,0.19,0.35,0.65,0.81,market_object,PASS,
2026-09-07T12:03:37.314325+00:00,2026,1,2026_01_ARI_LAC,ARI@LAC,2026-09-13T20:25:00+00:00,KXNFLPASSYDS-26SEP13ARILAC-ARIJBRISSETT7-225,KXNFLPASSYDS-26SEP13ARILAC,KXNFLPASSYDS,passing_yards,football_player,Jacoby Brissett: 225+ passing yards,FIRST_OBSERVED,2026-09-07T12:03:37.314325+00:00,2026-09-07T12:03:37.314325+00:00,0,0.36,0.49,0.51,0.64,market_object,PASS,
2026-09-07T12:03:37.314325+00:00,2026,1,2026_01_ARI_LAC,ARI@LAC,2026-09-13T20:25:00+00:00,KXNFLPASSYDS-26SEP13ARILAC-ARIJBRISSETT7-200,KXNFLPASSYDS-26SEP13ARILAC,KXNFLPASSYDS,passing_yards,football_player,Jacoby Brissett: 200+ passing yards,FIRST_OBSERVED,2026-09-07T12:03:37.314325+00:00,2026-09-07T12:03:37.314325+00:00,0,0.5,0.65,0.35,0.5,market_object,PASS,
2026-09-07T12:03:37.314325+00:00,2026,1,2026_01_ARI_LAC,ARI@LAC,2026-09-13T20:25:00+00:00,KXNFLPASSYDS-26SEP13ARILAC-ARIJBRISSETT7-175,KXNFLPASSYDS-26SEP13ARILAC,KXNFLPASSYDS,passing_yards,football_player,Jacoby Brissett: 175+ passing yards,FIRST_OBSERVED,2026-09-07T12:03:37.314325+00:00,2026-09-07T12:03:37.314325+00:00,0,0.63,0.78,0.21999999999999997,0.37,market_object,PASS,
2026-09-07T12:03:37.314325+00:00,2026,1,2026_01_ARI_LAC,ARI@LAC,2026-09-13T20:25:00+00:00,KXNFLPASSYDS-26SEP13ARILAC-ARIJBRISSETT7-150,KXNFLPASSYDS-26SEP13ARILAC,KXNFLPASSYDS,passing_yards,football_player,Jacoby Brissett: 150+ passing yards,FIRST_OBSERVED,2026-09-07T12:03:37.314325+00:00,2026-09-07T12:03:37.314325+00:00,0,0.74,0.85,0.15000000000000002,0.26,market_object,PASS,
2026-09-07T12:03:37.314325+00:00,2026,1,2026_01_BUF_HOU,BUF@HOU,2026-09-13T17:00:00+00:00,KXNFLPASSYDS-26SEP13BUFHOU-HOUCSTROUD7-350,KXNFLPASSYDS-26SEP13BUFHOU,KXNFLPASSYDS,passing_yards,football_player,C.J. Stroud: 350+ passing yards,FIRST_OBSERVED,2026-09-07T12:03:37.314325+00:00,2026-09-07T12:03:37.314325+00:00,0,0.02,0.03,0.97,0.98,market_object,PASS,
2026-09-07T12:03:37.314325+00:00,2026,1,2026_01_BUF_HOU,BUF@HOU,2026-09-13T17:00:00+00:00,KXNFLPASSYDS-26SEP13BUFHOU-HOUCSTROUD7-325,KXNFLPASSYDS-26SEP13BUFHOU,KXNFLPASSYDS,passing_yards,football_player,C.J. Stroud: 325+ passing yards,FIRST_OBSERVED,2026-09-07T12:03:37.314325+00:00,2026-09-07T12:03:37.314325+00:00,0,0.06,0.09,0.91,0.94,market_object,PASS,
2026-09-07T12:03:37.314325+00:00,2026,1,2026_01_BUF_HOU,BUF@HOU,2026-09-13T17:00:00+00:00,KXNFLPASSYDS-26SEP13BUFHOU-HOUCSTROUD7-300,KXNFLPASSYDS-26SEP13BUFHOU,KXNFLPASSYDS,passing_yards,football_player,C.J. Stroud: 300+ passing yards,FIRST_OBSERVED,2026-09-07T12:03:37.314325+00:00,2026-09-07T12:03:37.314325+00:00,0,0.06,0.11,0.89,0.94,market_object,PASS,
2026-09-07T12:03:37.314325+00:00,2026,1,2026_01_BUF_HOU,BUF@HOU,2026-09-13T17:00:00+00:00,KXNFLPASSYDS-26SEP13BUFHOU-HOUCSTROUD7-275,KXNFLPASSYDS-26SEP13BUFHOU,KXNFLPASSYDS,passing_yards,football_player,C.J. Stroud: 275+ passing yards,FIRST_OBSERVED,2026-09-07T12:03:37.314325+00:00,2026-09-07T12:03:37.314325+00:00,0,0.06,0.22,0.78,0.94,market_object,PASS,
2026-09-07T12:03:37.314325+00:00,2026,1,2026_01_BUF_HOU,BUF@HOU,2026-09-13T17:00:00+00:00,KXNFLPASSYDS-26SEP13BUFHOU-HOUCSTROUD7-250,KXNFLPASSYDS-26SEP13BUFHOU,KXNFLPASSYDS,passing_yards,football_player,C.J. Stroud: 250+ passing yards,FIRST_OBSERVED,2026-09-07T12:03:37.314325+00:00,2026-09-07T12:03:37.314325+00:00,0,0.13,0.33,0.6699999999999999,0.87,market_object,PASS,
2026-09-07T12:03:37.314325+00:00,2026,1,2026_01_BUF_HOU,BUF@HOU,2026-09-13T17:00:00+00:00,KXNFLPASSYDS-26SEP13BUFHOU-HOUCSTROUD7-225,KXNFLPASSYDS-26SEP13BUFHOU,KXNFLPASSYDS,passing_yards,football_player,C.J. Stroud: 225+ passing yards,FIRST_OBSERVED,2026-09-07T12:03:37.314325+00:00,2026-09-07T12:03:37.314325+00:00,0,0.3,0.47,0.53,0.7,market_object,PASS,
2026-09-07T12:03:37.314325+00:00,2026,1,2026_01_BUF_HOU,BUF@HOU,2026-09-13T17:00:00+00:00,KXNFLPASSYDS-26SEP13BUFHOU-HOUCSTROUD7-200,KXNFLPASSYDS-26SEP13BUFHOU,KXNFLPASSYDS,passing_yards,football_player,C.J. Stroud: 200+ passing yards,FIRST_OBSERVED,2026-09-07T12:03:37.314325+00:00,2026-09-07T12:03:37.314325+00:00,0,0.44,0.64,0.36,0.56,market_object,PASS,
2026-09-07T12:03:37.314325+00:00,2026,1,2026_01_BUF_HOU,BUF@HOU,2026-09-13T17:00:00+00:00,KXNFLPASSYDS-26SEP13BUFHOU-HOUCSTROUD7-175,KXNFLPASSYDS-26SEP13BUFHOU,KXNFLPASSYDS,passing_yards,football_player,C.J. Stroud: 175+ passing yards,FIRST_OBSERVED,2026-09-07T12:03:37.314325+00:00,2026-09-07T12:03:37.314325+00:00,0,0.58,0.78,0.21999999999999997,0.42000000000000004,market_object,PASS,
2026-09-07T12:03:37.314325+00:00,2026,1,2026_01_BUF_HOU,BUF@HOU,2026-09-13T17:00:00+00:00,KXNFLPASSYDS-26SEP13BUFHOU-HOUCSTROUD7-150,KXNFLPASSYDS-26SEP13BUFHOU,KXNFLPASSYDS,passing_yards,football_player,C.J. Stroud: 150+ passing yards,FIRST_OBSERVED,2026-09-07T12:03:37.314325+00:00,2026-09-07T12:03:37.314325+00:00,0,0.69,0.84,0.16000000000000003,0.31000000000000005,market_object,PASS,
2026-09-07T12:03:37.314325+00:00,2026,1,2026_01_BUF_HOU,BUF@HOU,2026-09-13T17:00:00+00:00,KXNFLPASSYDS-26SEP13BUFHOU-HOUCSTROUD7-125,KXNFLPASSYDS-26SEP13BUFHOU,KXNFLPASSYDS,passing_yards,football_player,C.J. Stroud: 125+ passing yards,FIRST_OBSERVED,2026-09-07T12:03:37.314325+00:00,2026-09-07T12:03:37.314325+00:00,0,0.78,0.92,0.07999999999999996,0.21999999999999997,market_object,PASS,
2026-09-07T12:03:37.314325+00:00,2026,1,2026_01_BUF_HOU,BUF@HOU,2026-09-13T17:00:00+00:00,KXNFLPASSYDS-26SEP13BUFHOU-BUFJALLEN17-350,KXNFLPASSYDS-26SEP13BUFHOU,KXNFLPASSYDS,passing_yards,football_player,Josh Allen: 350+ passing yards,FIRST_OBSERVED,2026-09-07T12:03:37.314325+00:00,2026-09-07T12:03:37.314325+00:00,0,0.05,0.06,0.94,0.95,market_object,PASS,
2026-09-07T12:03:37.314325+00:00,2026,1,2026_01_BUF_HOU,BUF@HOU,2026-09-13T17:00:00+00:00,KXNFLPASSYDS-26SEP13BUFHOU-BUFJALLEN17-325,KXNFLPASSYDS-26SEP13BUFHOU,KXNFLPASSYDS,passing_yards,football_player,Josh Allen: 325+ passing yards,FIRST_OBSERVED,2026-09-07T12:03:37.314325+00:00,2026-09-07T12:03:37.314325+00:00,0,0.06,0.07,0.9299999999999999,0.94,market_object,PASS,
2026-09-07T12:03:37.314325+00:00,2026,1,2026_01_BUF_HOU,BUF@HOU,2026-09-13T17:00:00+00:00,KXNFLPASSYDS-26SEP13BUFHOU-BUFJALLEN17-300,KXNFLPASSYDS-26SEP13BUFHOU,KXNFLPASSYDS,passing_yards,football_player,Josh Allen: 300+ passing yards,FIRST_OBSERVED,2026-09-07T12:03:37.314325+00:00,2026-09-07T12:03:37.314325+00:00,0,0.06,0.13,0.87,0.94,market_object,PASS,
2026-09-07T12:03:37.314325+00:00,2026,1,2026_01_BUF_HOU,BUF@HOU,2026-09-13T17:00:00+00:00,KXNFLPASSYDS-26SEP13BUFHOU-BUFJALLEN17-275,KXNFLPASSYDS-26SEP13BUFHOU,KXNFLPASSYDS,passing_yards,football_player,Josh Allen: 275+ passing yards,FIRST_OBSERVED,2026-09-07T12:03:37.314325+00:00,2026-09-07T12:03:37.314325+00:00,0,0.06,0.2,0.8,0.94,market_object,PASS,
2026-09-07T12:03:37.314325+00:00,2026,1,2026_01_BUF_HOU,BUF@HOU,2026-09-13T17:00:00+00:00,KXNFLPASSYDS-26SEP13BUFHOU-BUFJALLEN17-250,KXNFLPASSYDS-26SEP13BUFHOU,KXNFLPASSYDS,passing_yards,football_player,Josh Allen: 250+ passing yards,FIRST_OBSERVED,2026-09-07T12:03:37.314325+00:00,2026-09-07T12:03:37.314325+00:00,0,0.13,0.31,0.69,0.87,market_object,PASS,
2026-09-07T12:03:37.314325+00:00,2026,1,2026_01_BUF_HOU,BUF@HOU,2026-09-13T17:00:00+00:00,KXNFLPASSYDS-26SEP13BUFHOU-BUFJALLEN17-225,KXNFLPASSYDS-26SEP13BUFHOU,KXNFLPASSYDS,passing_yards,football_player,Josh Allen: 225+ passing yards,FIRST_OBSERVED,2026-09-07T12:03:37.314325+00:00,2026-09-07T12:03:37.314325+00:00,0,0.3,0.51,0.49,0.7,market_object,PASS,
2026-09-07T12:03:37.314325+00:00,2026,1,2026_01_BUF_HOU,BUF@HOU,2026-09-13T17:00:00+00:00,KXNFLPASSYDS-26SEP13BUFHOU-BUFJALLEN17-200,KXNFLPASSYDS-26SEP13BUFHOU,KXNFLPASSYDS,passing_yards,football_player,Josh Allen: 200+ passing yards,FIRST_OBSERVED,2026-09-07T12:03:37.314325+00:00,2026-09-07T12:03:37.314325+00:00,0,0.46,0.65,0.35,0.54,market_object,PASS,
2026-09-07T12:03:37.314325+00:00,2026,1,2026_01_BUF_HOU,BUF@HOU,2026-09-13T17:00:00+00:00,KXNFLPASSYDS-26SEP13BUFHOU-BUFJALLEN17-175,KXNFLPASSYDS-26SEP13BUFHOU,KXNFLPASSYDS,passing_yards,football_player,Josh Allen: 175+ passing yards,FIRST_OBSERVED,2026-09-07T12:03:37.314325+00:00,2026-09-07T12:03:37.314325+00:00,0,0.59,0.8,0.19999999999999996,0.41000000000000003,market_object,PASS,
2026-09-07T12:03:37.314325+00:00,2026,1,2026_01_BUF_HOU,BUF@HOU,2026-09-13T17:00:00+00:00,KXNFLPASSYDS-26SEP13BUFHOU-BUFJALLEN17-150,KXNFLPASSYDS-26SEP13BUFHOU,KXNFLPASSYDS,passing_yards,football_player,Josh Allen: 150+ passing yards,FIRST_OBSERVED,2026-09-07T12:03:37.314325+00:00,2026-09-07T12:03:37.314325+00:00,0,0.71,0.88,0.12,0.29000000000000004,market_object,PASS,
2026-09-07T12:03:37.314325+00:00,2026,1,2026_01_NO_DET,NO@DET,2026-09-13T17:00:00+00:00,KXNFLPASSYDS-26SEP13NODET-DETJGOFF16-400,KXNFLPASSYDS-26SEP13NODET,KXNFLPASSYDS,passing_yards,football_player,Jared Goff: 400+ passing yards,FIRST_OBSERVED,2026-09-07T12:03:37.314325+00:00,2026-09-07T12:03:37.314325+00:00,0,0.02,0.05,0.95,0.98,market_object,PASS,
2026-09-07T12:03:37.314325+00:00,2026,1,2026_01_NO_DET,NO@DET,2026-09-13T17:00:00+00:00,KXNFLPASSYDS-26SEP13NODET-DETJGOFF16-375,KXNFLPASSYDS-26SEP13NODET,KXNFLPASSYDS,passing_yards,football_player,Jared Goff: 375+ passing yards,FIRST_OBSERVED,2026-09-07T12:03:37.314325+00:00,2026-09-07T12:03:37.314325+00:00,0,0.06,0.08,0.92,0.94,market_object,PASS,
2026-09-07T12:03:37.314325+00:00,2026,1,2026_01_NO_DET,NO@DET,2026-09-13T17:00:00+00:00,KXNFLPASSYDS-26SEP13NODET-DETJGOFF16-350,KXNFLPASSYDS-26SEP13NODET,KXNFLPASSYDS,passing_yards,football_player,Jared Goff: 350+ passing yards,FIRST_OBSERVED,2026-09-07T12:03:37.314325+00:00,2026-09-07T12:03:37.314325+00:00,0,0.06,0.11,0.89,0.94,market_object,PASS,
2026-09-07T12:03:37.314325+00:00,2026,1,2026_01_NO_DET,NO@DET,2026-09-13T17:00:00+00:00,KXNFLPASSYDS-26SEP13NODET-DETJGOFF16-325,KXNFLPASSYDS-26SEP13NODET,KXNFLPASSYDS,passing_yards,football_player,Jared Goff: 325+ passing yards,FIRST_OBSERVED,2026-09-07T12:03:37.314325+00:00,2026-09-07T12:03:37.314325+00:00,0,0.06,0.2,0.8,0.94,market_object,PASS,
2026-09-07T12:03:37.314325+00:00,2026,1,2026_01_NO_DET,NO@DET,2026-09-13T17:00:00+00:00,KXNFLPASSYDS-26SEP13NODET-DETJGOFF16-300,KXNFLPASSYDS-26SEP13NODET,KXNFLPASSYDS,passing_yards,football_player,Jared Goff: 300+ passing yards,FIRST_OBSERVED,2026-09-07T12:03:37.314325+00:00,2026-09-07T12:03:37.314325+00:00,0,0.09,0.27,0.73,0.91,market_object,PASS,
2026-09-07T12:03:37.314325+00:00,2026,1,2026_01_NO_DET,NO@DET,2026-09-13T17:00:00+00:00,KXNFLPASSYDS-26SEP13NODET-DETJGOFF16-275,KXNFLPASSYDS-26SEP13NODET,KXNFLPASSYDS,passing_yards,football_player,Jared Goff: 275+ passing yards,FIRST_OBSERVED,2026-09-07T12:03:37.314325+00:00,2026-09-07T12:03:37.314325+00:00,0,0.24,0.42,0.5800000000000001,0.76,market_object,PASS,
2026-09-07T12:03:37.314325+00:00,2026,1,2026_01_NO_DET,NO@DET,2026-09-13T17:00:00+00:00,KXNFLPASSYDS-26SEP13NODET-DETJGOFF16-250,KXNFLPASSYDS-26SEP13NODET,KXNFLPASSYDS,passing_yards,football_player,Jared Goff: 250+ passing yards,FIRST_OBSERVED,2026-09-07T12:03:37.314325+00:00,2026-09-07T12:03:37.314325+00:00,0,0.38,0.59,0.41000000000000003,0.62,market_object,PASS,
2026-09-07T12:03:37.314325+00:00,2026,1,2026_01_NO_DET,NO@DET,2026-09-13T17:00:00+00:00,KXNFLPASSYDS-26SEP13NODET-DETJGOFF16-225,KXNFLPASSYDS-26SEP13NODET,KXNFLPASSYDS,passing_yards,football_player,Jared Goff: 225+ passing yards,FIRST_OBSERVED,2026-09-07T12:03:37.314325+00:00,2026-09-07T12:03:37.314325+00:00,0,0.53,0.74,0.26,0.47,market_object,PASS,
2026-09-07T12:03:37.314325+00:00,2026,1,2026_01_NO_DET,NO@DET,2026-09-13T17:00:00+00:00,KXNFLPASSYDS-26SEP13NODET-DETJGOFF16-200,KXNFLPASSYDS-26SEP13NODET,KXNFLPASSYDS,passing_yards,football_player,Jared Goff: 200+ passing yards,FIRST_OBSERVED,2026-09-07T12:03:37.314325+00:00,2026-09-07T12:03:37.314325+00:00,0,0.67,0.8,0.19999999999999996,0.32999999999999996,market_object,PASS,
2026-09-07T12:03:37.314325+00:00,2026,1,2026_01_NO_DET,NO@DET,2026-09-13T17:00:00+00:00,KXNFLPASSYDS-26SEP13NODET-DETJGOFF16-175,KXNFLPASSYDS-26SEP13NODET,KXNFLPASSYDS,passing_yards,football_player,Jared Goff: 175+ passing yards,FIRST_OBSERVED,2026-09-07T12:03:37.314325+00:00,2026-09-07T12:03:37.314325+00:00,0,0.73,0.92,0.07999999999999996,0.27,market_object,PASS,
2026-09-07T12:03:37.314325+00:00,2026,1,2026_01_NYJ_TEN,NYJ@TEN,2026-09-13T17:00:00+00:00,KXNFLPASSYDS-26SEP13NYJTEN-TENCWARD1-325,KXNFLPASSYDS-26SEP13NYJTEN,KXNFLPASSYDS,passing_yards,football_player,Cam Ward: 325+ passing yards,FIRST_OBSERVED,2026-09-07T12:03:37.314325+00:00,2026-09-07T12:03:37.314325+00:00,0,0.05,0.08,0.92,0.95,market_object,PASS,
2026-09-07T12:03:37.314325+00:00,2026,1,2026_01_NYJ_TEN,NYJ@TEN,2026-09-13T17:00:00+00:00,KXNFLPASSYDS-26SEP13NYJTEN-TENCWARD1-300,KXNFLPASSYDS-26SEP13NYJTEN,KXNFLPASSYDS,passing_yards,football_player,Cam Ward: 300+ passing yards,FIRST_OBSERVED,2026-09-07T12:03:37.314325+00:00,2026-09-07T12:03:37.314325+00:00,0,0.03,0.11,0.89,0.97,market_object,PASS,
2026-09-07T12:03:37.314325+00:00,2026,1,2026_01_NYJ_TEN,NYJ@TEN,2026-09-13T17:00:00+00:00,KXNFLPASSYDS-26SEP13NYJTEN-TENCWARD1-275,KXNFLPASSYDS-26SEP13NYJTEN,KXNFLPASSYDS,passing_yards,football_player,Cam Ward: 275+ passing yards,FIRST_OBSERVED,2026-09-07T12:03:37.314325+00:00,2026-09-07T12:03:37.314325+00:00,0,0.06,0.18,0.8200000000000001,0.94,market_object,PASS,
2026-09-07T12:03:37.314325+00:00,2026,1,2026_01_NYJ_TEN,NYJ@TEN,2026-09-13T17:00:00+00:00,KXNFLPASSYDS-26SEP13NYJTEN-TENCWARD1-250,KXNFLPASSYDS-26SEP13NYJTEN,KXNFLPASSYDS,passing_yards,football_player,Cam Ward: 250+ passing yards,FIRST_OBSERVED,2026-09-07T12:03:37.314325+00:00,2026-09-07T12:03:37.314325+00:00,0,0.06,0.26,0.74,0.94,market_object,PASS,
2026-09-07T12:03:37.314325+00:00,2026,1,2026_01_NYJ_TEN,NYJ@TEN,2026-09-13T17:00:00+00:00,KXNFLPASSYDS-26SEP13NYJTEN-TENCWARD1-225,KXNFLPASSYDS-26SEP13NYJTEN,KXNFLPASSYDS,passing_yards,football_player,Cam Ward: 225+ passing yards,FIRST_OBSERVED,2026-09-07T12:03:37.314325+00:00,2026-09-07T12:03:37.314325+00:00,0,0.2,0.38,0.62,0.8,market_object,PASS,
2026-09-07T12:03:37.314325+00:00,2026,1,2026_01_NYJ_TEN,NYJ@TEN,2026-09-13T17:00:00+00:00,KXNFLPASSYDS-26SEP13NYJTEN-TENCWARD1-200,KXNFLPASSYDS-26SEP13NYJTEN,KXNFLPASSYDS,passing_yards,football_player,Cam Ward: 200+ passing yards,FIRST_OBSERVED,2026-09-07T12:03:37.314325+00:00,2026-09-07T12:03:37.314325+00:00,0,0.37,0.54,0.45999999999999996,0.63,market_object,PASS,
2026-09-07T12:03:37.314325+00:00,2026,1,2026_01_NYJ_TEN,NYJ@TEN,2026-09-13T17:00:00+00:00,KXNFLPASSYDS-26SEP13NYJTEN-TENCWARD1-175,KXNFLPASSYDS-26SEP13NYJTEN,KXNFLPASSYDS,passing_yards,football_player,Cam Ward: 175+ passing yards,FIRST_OBSERVED,2026-09-07T12:03:37.314325+00:00,2026-09-07T12:03:37.314325+00:00,0,0.53,0.71,0.29000000000000004,0.47,market_object,PASS,
2026-09-07T12:03:37.314325+00:00,2026,1,2026_01_NYJ_TEN,NYJ@TEN,2026-09-13T17:00:00+00:00,KXNFLPASSYDS-26SEP13NYJTEN-TENCWARD1-150,KXNFLPASSYDS-26SEP13NYJTEN,KXNFLPASSYDS,passing_yards,football_player,Cam Ward: 150+ passing yards,FIRST_OBSERVED,2026-09-07T12:03:37.314325+00:00,2026-09-07T12:03:37.314325+00:00,0,0.66,0.8,0.19999999999999996,0.33999999999999997,market_object,PASS,
2026-09-07T12:03:37.314325+00:00,2026,1,2026_01_NYJ_TEN,NYJ@TEN,2026-09-13T17:00:00+00:00,KXNFLPASSYDS-26SEP13NYJTEN-NYJGSMITH7-350,KXNFLPASSYDS-26SEP13NYJTEN,KXNFLPASSYDS,passing_yards,football_player,Geno Smith: 350+ passing yards,FIRST_OBSERVED,2026-09-07T12:03:37.314325+00:00,2026-09-07T12:03:37.314325+00:00,0,0.02,0.03,0.97,0.98,market_object,PASS,
2026-09-07T12:03:37.314325+00:00,2026,1,2026_01_NYJ_TEN,NYJ@TEN,2026-09-13T17:00:00+00:00,KXNFLPASSYDS-26SEP13NYJTEN-NYJGSMITH7-325,KXNFLPASSYDS-26SEP13NYJTEN,KXNFLPASSYDS,passing_yards,football_player,Geno Smith: 325+ passing yards,FIRST_OBSERVED,2026-09-07T12:03:37.314325+00:00,2026-09-07T12:03:37.314325+00:00,0,0.05,0.09,0.91,0.95,market_object,PASS,
2026-09-07T12:03:37.314325+00:00,2026,1,2026_01_NYJ_TEN,NYJ@TEN,2026-09-13T17:00:00+00:00,KXNFLPASSYDS-26SEP13NYJTEN-NYJGSMITH7-300,KXNFLPASSYDS-26SEP13NYJTEN,KXNFLPASSYDS,passing_yards,football_player,Geno Smith: 300+ passing yards,FIRST_OBSERVED,2026-09-07T12:03:37.314325+00:00,2026-09-07T12:03:37.314325+00:00,0,0.06,0.09,0.91,0.94,market_object,PASS,
2026-09-07T12:03:37.314325+00:00,2026,1,2026_01_NYJ_TEN,NYJ@TEN,2026-09-13T17:00:00+00:00,KXNFLPASSYDS-26SEP13NYJTEN-NYJGSMITH7-275,KXNFLPASSYDS-26SEP13NYJTEN,KXNFLPASSYDS,passing_yards,football_player,Geno Smith: 275+ passing yards,FIRST_OBSERVED,2026-09-07T12:03:37.314325+00:00,2026-09-07T12:03:37.314325+00:00,0,0.06,0.19,0.81,0.94,market_object,PASS,
2026-09-07T12:03:37.314325+00:00,2026,1,2026_01_NYJ_TEN,NYJ@TEN,2026-09-13T17:00:00+00:00,KXNFLPASSYDS-26SEP13NYJTEN-NYJGSMITH7-250,KXNFLPASSYDS-26SEP13NYJTEN,KXNFLPASSYDS,passing_yards,football_player,Geno Smith: 250+ passing yards,FIRST_OBSERVED,2026-09-07T12:03:37.314325+00:00,2026-09-07T12:03:37.314325+00:00,0,0.06,0.23,0.77,0.94,market_object,PASS,
2026-09-07T12:03:37.314325+00:00,2026,1,2026_01_NYJ_TEN,NYJ@TEN,2026-09-13T17:00:00+00:00,KXNFLPASSYDS-26SEP13NYJTEN-NYJGSMITH7-225,KXNFLPASSYDS-26SEP13NYJTEN,KXNFLPASSYDS,passing_yards,football_player,Geno Smith: 225+ passing yards,FIRST_OBSERVED,2026-09-07T12:03:37.314325+00:00,2026-09-07T12:03:37.314325+00:00,0,0.18,0.43,0.5700000000000001,0.8200000000000001,market_object,PASS,
2026-09-07T12:03:37.314325+00:00,2026,1,2026_01_NYJ_TEN,NYJ@TEN,2026-09-13T17:00:00+00:00,KXNFLPASSYDS-26SEP13NYJTEN-NYJGSMITH7-200,KXNFLPASSYDS-26SEP13NYJTEN,KXNFLPASSYDS,passing_yards,football_player,Geno Smith: 200+ passing yards,FIRST_OBSERVED,2026-09-07T12:03:37.314325+00:00,2026-09-07T12:03:37.314325+00:00,0,0.37,0.56,0.43999999999999995,0.63,market_object,PASS,
2026-09-07T12:03:37.314325+00:00,2026,1,2026_01_NYJ_TEN,NYJ@TEN,2026-09-13T17:00:00+00:00,KXNFLPASSYDS-26SEP13NYJTEN-NYJGSMITH7-175,KXNFLPASSYDS-26SEP13NYJTEN,KXNFLPASSYDS,passing_yards,football_player,Geno Smith: 175+ passing yards,FIRST_OBSERVED,2026-09-07T12:03:37.314325+00:00,2026-09-07T12:03:37.314325+00:00,0,0.52,0.73,0.27,0.48,market_object,PASS,
2026-09-07T12:03:37.314325+00:00,2026,1,2026_01_NYJ_TEN,NYJ@TEN,2026-09-13T17:00:00+00:00,KXNFLPASSYDS-26SEP13NYJTEN-NYJGSMITH7-150,KXNFLPASSYDS-26SEP13NYJTEN,KXNFLPASSYDS,passing_yards,football_player,Geno Smith: 150+ passing yards,FIRST_OBSERVED,2026-09-07T12:03:37.314325+00:00,2026-09-07T12:03:37.314325+00:00,0,0.8,0.81,0.18999999999999995,0.19999999999999996,market_object,PASS,
2026-09-07T12:03:37.314325+00:00,2026,1,2026_01_TB_CIN,TB@CIN,2026-09-13T17:00:00+00:00,KXNFLPASSYDS-26SEP13TBCIN-TBBMAYFIELD6-375,KXNFLPASSYDS-26SEP13TBCIN,KXNFLPASSYDS,passing_yards,football_player,Baker Mayfield: 375+ passing yards,FIRST_OBSERVED,2026-09-07T12:03:37.314325+00:00,2026-09-07T12:03:37.314325+00:00,0,0.05,0.06,0.94,0.95,market_object,PASS,
2026-09-07T12:03:37.314325+00:00,2026,1,2026_01_TB_CIN,TB@CIN,2026-09-13T17:00:00+00:00,KXNFLPASSYDS-26SEP13TBCIN-TBBMAYFIELD6-350,KXNFLPASSYDS-26SEP13TBCIN,KXNFLPASSYDS,passing_yards,football_player,Baker Mayfield: 350+ passing yards,FIRST_OBSERVED,2026-09-07T12:03:37.314325+00:00,2026-09-07T12:03:37.314325+00:00,0,0.05,0.06,0.94,0.95,market_object,PASS,
2026-09-07T12:03:37.314325+00:00,2026,1,2026_01_TB_CIN,TB@CIN,2026-09-13T17:00:00+00:00,KXNFLPASSYDS-26SEP13TBCIN-TBBMAYFIELD6-325,KXNFLPASSYDS-26SEP13TBCIN,KXNFLPASSYDS,passing_yards,football_player,Baker Mayfield: 325+ passing yards,FIRST_OBSERVED,2026-09-07T12:03:37.314325+00:00,2026-09-07T12:03:37.314325+00:00,0,0.06,0.13,0.87,0.94,market_object,PASS,
2026-09-07T12:03:37.314325+00:00,2026,1,2026_01_TB_CIN,TB@CIN,2026-09-13T17:00:00+00:00,KXNFLPASSYDS-26SEP13TBCIN-TBBMAYFIELD6-300,KXNFLPASSYDS-26SEP13TBCIN,KXNFLPASSYDS,passing_yards,football_player,Baker Mayfield: 300+ passing yards,FIRST_OBSERVED,2026-09-07T12:03:37.314325+00:00,2026-09-07T12:03:37.314325+00:00,0,0.06,0.16,0.84,0.94,market_object,PASS,
2026-09-07T12:03:37.314325+00:00,2026,1,2026_01_TB_CIN,TB@CIN,2026-09-13T17:00:00+00:00,KXNFLPASSYDS-26SEP13TBCIN-TBBMAYFIELD6-275,KXNFLPASSYDS-26SEP13TBCIN,KXNFLPASSYDS,passing_yards,football_player,Baker Mayfield: 275+ passing yards,FIRST_OBSERVED,2026-09-07T12:03:37.314325+00:00,2026-09-07T12:03:37.314325+00:00,0,0.06,0.28,0.72,0.94,market_object,PASS,
2026-09-07T12:03:37.314325+00:00,2026,1,2026_01_TB_CIN,TB@CIN,2026-09-13T17:00:00+00:00,KXNFLPASSYDS-26SEP13TBCIN-TBBMAYFIELD6-250,KXNFLPASSYDS-26SEP13TBCIN,KXNFLPASSYDS,passing_yards,football_player,Baker Mayfield: 250+ passing yards,FIRST_OBSERVED,2026-09-07T12:03:37.314325+00:00,2026-09-07T12:03:37.314325+00:00,0,0.08,0.4,0.6,0.92,market_object,PASS,
2026-09-07T12:03:37.314325+00:00,2026,1,2026_01_TB_CIN,TB@CIN,2026-09-13T17:00:00+00:00,KXNFLPASSYDS-26SEP13TBCIN-TBBMAYFIELD6-225,KXNFLPASSYDS-26SEP13TBCIN,KXNFLPASSYDS,passing_yards,football_player,Baker Mayfield: 225+ passing yards,FIRST_OBSERVED,2026-09-07T12:03:37.314325+00:00,2026-09-07T12:03:37.314325+00:00,0,0.06,0.55,0.44999999999999996,0.94,market_object,PASS,
2026-09-07T12:03:37.314325+00:00,2026,1,2026_01_TB_CIN,TB@CIN,2026-09-13T17:00:00+00:00,KXNFLPASSYDS-26SEP13TBCIN-TBBMAYFIELD6-200,KXNFLPASSYDS-26SEP13TBCIN,KXNFLPASSYDS,passing_yards,football_player,Baker Mayfield: 200+ passing yards,FIRST_OBSERVED,2026-09-07T12:03:37.314325+00:00,2026-09-07T12:03:37.314325+00:00,0,0.06,0.7,0.30000000000000004,0.94,market_object,PASS,
2026-09-07T12:03:37.314325+00:00,2026,1,2026_01_TB_CIN,TB@CIN,2026-09-13T17:00:00+00:00,KXNFLPASSYDS-26SEP13TBCIN-TBBMAYFIELD6-175,KXNFLPASSYDS-26SEP13TBCIN,KXNFLPASSYDS,passing_yards,football_player,Baker Mayfield: 175+ passing yards,FIRST_OBSERVED,2026-09-07T12:03:37.314325+00:00,2026-09-07T12:03:37.314325+00:00,0,0.26,0.79,0.20999999999999996,0.74,market_object,PASS,
2026-09-07T12:03:37.314325+00:00,2026,1,2026_01_TB_CIN,TB@CIN,2026-09-13T17:00:00+00:00,KXNFLPASSYDS-26SEP13TBCIN-TBBMAYFIELD6-150,KXNFLPASSYDS-26SEP13TBCIN,KXNFLPASSYDS,passing_yards,football_player,Baker Mayfield: 150+ passing yards,FIRST_OBSERVED,2026-09-07T12:03:37.314325+00:00,2026-09-07T12:03:37.314325+00:00,0,0.28,0.82,0.18000000000000005,0.72,market_object,PASS,
2026-09-07T12:03:37.314325+00:00,2026,1,2026_01_TB_CIN,TB@CIN,2026-09-13T17:00:00+00:00,KXNFLPASSYDS-26SEP13TBCIN-CINJBURROW9-400,KXNFLPASSYDS-26SEP13TBCIN,KXNFLPASSYDS,passing_yards,football_player,Joe Burrow: 400+ passing yards,FIRST_OBSERVED,2026-09-07T12:03:37.314325+00:00,2026-09-07T12:03:37.314325+00:00,0,0.05,0.06,0.94,0.95,market_object,PASS,
2026-09-07T12:03:37.314325+00:00,2026,1,2026_01_TB_CIN,TB@CIN,2026-09-13T17:00:00+00:00,KXNFLPASSYDS-26SEP13TBCIN-CINJBURROW9-375,KXNFLPASSYDS-26SEP13TBCIN,KXNFLPASSYDS,passing_yards,football_player,Joe Burrow: 375+ passing yards,FIRST_OBSERVED,2026-09-07T12:03:37.314325+00:00,2026-09-07T12:03:37.314325+00:00,0,0.06,0.1,0.9,0.94,market_object,PASS,
2026-09-07T12:03:37.314325+00:00,2026,1,2026_01_TB_CIN,TB@CIN,2026-09-13T17:00:00+00:00,KXNFLPASSYDS-26SEP13TBCIN-CINJBURROW9-350,KXNFLPASSYDS-26SEP13TBCIN,KXNFLPASSYDS,passing_yards,football_player,Joe Burrow: 350+ passing yards,FIRST_OBSERVED,2026-09-07T12:03:37.314325+00:00,2026-09-07T12:03:37.314325+00:00,0,0.06,0.12,0.88,0.94,market_object,PASS,
2026-09-07T12:03:37.314325+00:00,2026,1,2026_01_TB_CIN,TB@CIN,2026-09-13T17:00:00+00:00,KXNFLPASSYDS-26SEP13TBCIN-CINJBURROW9-325,KXNFLPASSYDS-26SEP13TBCIN,KXNFLPASSYDS,passing_yards,football_player,Joe Burrow: 325+ passing yards,FIRST_OBSERVED,2026-09-07T12:03:37.314325+00:00,2026-09-07T12:03:37.314325+00:00,0,0.06,0.23,0.77,0.94,market_object,PASS,
2026-09-07T12:03:37.314325+00:00,2026,1,2026_01_TB_CIN,TB@CIN,2026-09-13T17:00:00+00:00,KXNFLPASSYDS-26SEP13TBCIN-CINJBURROW9-300,KXNFLPASSYDS-26SEP13TBCIN,KXNFLPASSYDS,passing_yards,football_player,Joe Burrow: 300+ passing yards,FIRST_OBSERVED,2026-09-07T12:03:37.314325+00:00,2026-09-07T12:03:37.314325+00:00,0,0.06,0.32,0.6799999999999999,0.94,market_object,PASS,
2026-09-07T12:03:37.314325+00:00,2026,1,2026_01_TB_CIN,TB@CIN,2026-09-13T17:00:00+00:00,KXNFLPASSYDS-26SEP13TBCIN-CINJBURROW9-275,KXNFLPASSYDS-26SEP13TBCIN,KXNFLPASSYDS,passing_yards,football_player,Joe Burrow: 275+ passing yards,FIRST_OBSERVED,2026-09-07T12:03:37.314325+00:00,2026-09-07T12:03:37.314325+00:00,0,0.44,0.49,0.51,0.56,market_object,PASS,
2026-09-07T12:03:37.314325+00:00,2026,1,2026_01_TB_CIN,TB@CIN,2026-09-13T17:00:00+00:00,KXNFLPASSYDS-26SEP13TBCIN-CINJBURROW9-250,KXNFLPASSYDS-26SEP13TBCIN,KXNFLPASSYDS,passing_yards,football_player,Joe Burrow: 250+ passing yards,FIRST_OBSERVED,2026-09-07T12:03:37.314325+00:00,2026-09-07T12:03:37.314325+00:00,0,0.08,0.62,0.38,0.92,market_object,PASS,
2026-09-07T12:03:37.314325+00:00,2026,1,2026_01_TB_CIN,TB@CIN,2026-09-13T17:00:00+00:00,KXNFLPASSYDS-26SEP13TBCIN-CINJBURROW9-225,KXNFLPASSYDS-26SEP13TBCIN,KXNFLPASSYDS,passing_yards,football_player,Joe Burrow: 225+ passing yards,FIRST_OBSERVED,2026-09-07T12:03:37.314325+00:00,2026-09-07T12:03:37.314325+00:00,0,0.33,0.76,0.24,0.6699999999999999,market_object,PASS,
2026-09-07T12:03:37.314325+00:00,2026,1,2026_01_TB_CIN,TB@CIN,2026-09-13T17:00:00+00:00,KXNFLPASSYDS-26SEP13TBCIN-CINJBURROW9-200,KXNFLPASSYDS-26SEP13TBCIN,KXNFLPASSYDS,passing_yards,football_player,Joe Burrow: 200+ passing yards,FIRST_OBSERVED,2026-09-07T12:03:37.314325+00:00,2026-09-07T12:03:37.314325+00:00,0,0.77,0.82,0.18000000000000005,0.22999999999999998,market_object,PASS,
2026-09-07T12:03:37.314325+00:00,2026,1,2026_01_ATL_PIT,ATL@PIT,2026-09-13T17:00:00+00:00,KXNFLPASSYDS-26SEP13ATLPIT-PITARODGERS8-325,KXNFLPASSYDS-26SEP13ATLPIT,KXNFLPASSYDS,passing_yards,football_player,Aaron Rodgers: 325+ passing yards,FIRST_OBSERVED,2026-09-07T12:03:37.314325+00:00,2026-09-07T12:03:37.314325+00:00,0,0.05,0.09,0.91,0.95,market_object,PASS,
2026-09-07T12:03:37.314325+00:00,2026,1,2026_01_ATL_PIT,ATL@PIT,2026-09-13T17:00:00+00:00,KXNFLPASSYDS-26SEP13ATLPIT-PITARODGERS8-300,KXNFLPASSYDS-26SEP13ATLPIT,KXNFLPASSYDS,passing_yards,football_player,Aaron Rodgers: 300+ passing yards,FIRST_OBSERVED,2026-09-07T12:03:37.314325+00:00,2026-09-07T12:03:37.314325+00:00,0,0.06,0.11,0.89,0.94,market_object,PASS,
2026-09-07T12:03:37.314325+00:00,2026,1,2026_01_ATL_PIT,ATL@PIT,2026-09-13T17:00:00+00:00,KXNFLPASSYDS-26SEP13ATLPIT-PITARODGERS8-275,KXNFLPASSYDS-26SEP13ATLPIT,KXNFLPASSYDS,passing_yards,football_player,Aaron Rodgers: 275+ passing yards,FIRST_OBSERVED,2026-09-07T12:03:37.314325+00:00,2026-09-07T12:03:37.314325+00:00,0,0.06,0.2,0.8,0.94,market_object,PASS,
2026-09-07T12:03:37.314325+00:00,2026,1,2026_01_ATL_PIT,ATL@PIT,2026-09-13T17:00:00+00:00,KXNFLPASSYDS-26SEP13ATLPIT-PITARODGERS8-250,KXNFLPASSYDS-26SEP13ATLPIT,KXNFLPASSYDS,passing_yards,football_player,Aaron Rodgers: 250+ passing yards,FIRST_OBSERVED,2026-09-07T12:03:37.314325+00:00,2026-09-07T12:03:37.314325+00:00,0,0.06,0.29,0.71,0.94,market_object,PASS,
2026-09-07T12:03:37.314325+00:00,2026,1,2026_01_ATL_PIT,ATL@PIT,2026-09-13T17:00:00+00:00,KXNFLPASSYDS-26SEP13ATLPIT-PITARODGERS8-225,KXNFLPASSYDS-26SEP13ATLPIT,KXNFLPASSYDS,passing_yards,football_player,Aaron Rodgers: 225+ passing yards,FIRST_OBSERVED,2026-09-07T12:03:37.314325+00:00,2026-09-07T12:03:37.314325+00:00,0,0.08,0.43,0.5700000000000001,0.92,market_object,PASS,
2026-09-07T12:03:37.314325+00:00,2026,1,2026_01_ATL_PIT,ATL@PIT,2026-09-13T17:00:00+00:00,KXNFLPASSYDS-26SEP13ATLPIT-PITARODGERS8-200,KXNFLPASSYDS-26SEP13ATLPIT,KXNFLPASSYDS,passing_yards,football_player,Aaron Rodgers: 200+ passing yards,FIRST_OBSERVED,2026-09-07T12:03:37.314325+00:00,2026-09-07T12:03:37.314325+00:00,0,0.08,0.6,0.4,0.92,market_object,PASS,
2026-09-07T12:03:37.314325+00:00,2026,1,2026_01_ATL_PIT,ATL@PIT,2026-09-13T17:00:00+00:00,KXNFLPASSYDS-26SEP13ATLPIT-PITARODGERS8-175,KXNFLPASSYDS-26SEP13ATLPIT,KXNFLPASSYDS,passing_yards,football_player,Aaron Rodgers: 175+ passing yards,FIRST_OBSERVED,2026-09-07T12:03:37.314325+00:00,2026-09-07T12:03:37.314325+00:00,0,0.06,0.73,0.27,0.94,market_object,PASS,
2026-09-07T12:03:37.314325+00:00,2026,1,2026_01_ATL_PIT,ATL@PIT,2026-09-13T17:00:00+00:00,KXNFLPASSYDS-26SEP13ATLPIT-PITARODGERS8-150,KXNFLPASSYDS-26SEP13ATLPIT,KXNFLPASSYDS,passing_yards,football_player,Aaron Rodgers: 150+ passing yards,FIRST_OBSERVED,2026-09-07T12:03:37.314325+00:00,2026-09-07T12:03:37.314325+00:00,0,0.35,0.82,0.18000000000000005,0.65,market_object,PASS,
2026-09-07T12:03:37.314325+00:00,2026,1,2026_01_ATL_PIT,ATL@PIT,2026-09-13T17:00:00+00:00,KXNFLPASSYDS-26SEP13ATLPIT-PITARODGERS8-125,KXNFLPASSYDS-26SEP13ATLPIT,KXNFLPASSYDS,passing_yards,football_player,Aaron Rodgers: 125+ passing yards,FIRST_OBSERVED,2026-09-07T12:03:37.314325+00:00,2026-09-07T12:03:37.314325+00:00,0,0.28,0.81,0.18999999999999995,0.72,market_object,PASS,
2026-09-07T12:03:37.314325+00:00,2026,1,2026_01_BAL_IND,BAL@IND,2026-09-13T17:00:00+00:00,KXNFLPASSYDS-26SEP13BALIND-INDDJONES17-350,KXNFLPASSYDS-26SEP13BALIND,KXNFLPASSYDS,passing_yards,football_player,Daniel Jones: 350+ passing yards,FIRST_OBSERVED,2026-09-07T12:03:37.314325+00:00,2026-09-07T12:03:37.314325+00:00,0,0.05,0.07,0.9299999999999999,0.95,market_object,PASS,
2026-09-07T12:03:37.314325+00:00,2026,1,2026_01_BAL_IND,BAL@IND,2026-09-13T17:00:00+00:00,KXNFLPASSYDS-26SEP13BALIND-INDDJONES17-325,KXNFLPASSYDS-26SEP13BALIND,KXNFLPASSYDS,passing_yards,football_player,Daniel Jones: 325+ passing yards,FIRST_OBSERVED,2026-09-07T12:03:37.314325+00:00,2026-09-07T12:03:37.314325+00:00,0,0.06,0.13,0.87,0.94,market_object,PASS,
2026-09-07T12:03:37.314325+00:00,2026,1,2026_01_BAL_IND,BAL@IND,2026-09-13T17:00:00+00:00,KXNFLPASSYDS-26SEP13BALIND-INDDJONES17-300,KXNFLPASSYDS-26SEP13BALIND,KXNFLPASSYDS,passing_yards,football_player,Daniel Jones: 300+ passing yards,FIRST_OBSERVED,2026-09-07T12:03:37.314325+00:00,2026-09-07T12:03:37.314325+00:00,0,0.06,0.19,0.81,0.94,market_object,PASS,
2026-09-07T12:03:37.314325+00:00,2026,1,2026_01_BAL_IND,BAL@IND,2026-09-13T17:00:00+00:00,KXNFLPASSYDS-26SEP13BALIND-INDDJONES17-275,KXNFLPASSYDS-26SEP13BALIND,KXNFLPASSYDS,passing_yards,football_player,Daniel Jones: 275+ passing yards,FIRST_OBSERVED,2026-09-07T12:03:37.314325+00:00,2026-09-07T12:03:37.314325+00:00,0,0.06,0.29,0.71,0.94,market_object,PASS,
2026-09-07T12:03:37.314325+00:00,2026,1,2026_01_BAL_IND,BAL@IND,2026-09-13T17:00:00+00:00,KXNFLPASSYDS-26SEP13BALIND-INDDJONES17-250,KXNFLPASSYDS-26SEP13BALIND,KXNFLPASSYDS,passing_yards,football_player,Daniel Jones: 250+ passing yards,FIRST_OBSERVED,2026-09-07T12:03:37.314325+00:00,2026-09-07T12:03:37.314325+00:00,0,0.08,0.43,0.5700000000000001,0.92,market_object,PASS,
2026-09-07T12:03:37.314325+00:00,2026,1,2026_01_BAL_IND,BAL@IND,2026-09-13T17:00:00+00:00,KXNFLPASSYDS-26SEP13BALIND-INDDJONES17-225,KXNFLPASSYDS-26SEP13BALIND,KXNFLPASSYDS,passing_yards,football_player,Daniel Jones: 225+ passing yards,FIRST_OBSERVED,2026-09-07T12:03:37.314325+00:00,2026-09-07T12:03:37.314325+00:00,0,0.06,0.58,0.42000000000000004,0.94,market_object,PASS,
2026-09-07T12:03:37.314325+00:00,2026,1,2026_01_BAL_IND,BAL@IND,2026-09-13T17:00:00+00:00,KXNFLPASSYDS-26SEP13BALIND-INDDJONES17-200,KXNFLPASSYDS-26SEP13BALIND,KXNFLPASSYDS,passing_yards,football_player,Daniel Jones: 200+ passing yards,FIRST_OBSERVED,2026-09-07T12:03:37.314325+00:00,2026-09-07T12:03:37.314325+00:00,0,0.06,0.72,0.28,0.94,market_object,PASS,
2026-09-07T12:03:37.314325+00:00,2026,1,2026_01_BAL_IND,BAL@IND,2026-09-13T17:00:00+00:00,KXNFLPASSYDS-26SEP13BALIND-INDDJONES17-175,KXNFLPASSYDS-26SEP13BALIND,KXNFLPASSYDS,passing_yards,football_player,Daniel Jones: 175+ passing yards,FIRST_OBSERVED,2026-09-07T12:03:37.314325+00:00,2026-09-07T12:03:37.314325+00:00,0,0.26,0.79,0.20999999999999996,0.74,market_object,PASS,
2026-09-07T12:03:37.314325+00:00,2026,1,2026_01_BAL_IND,BAL@IND,2026-09-13T17:00:00+00:00,KXNFLPASSYDS-26SEP13BALIND-INDDJONES17-150,KXNFLPASSYDS-26SEP13BALIND,KXNFLPASSYDS,passing_yards,football_player,Daniel Jones: 150+ passing yards,FIRST_OBSERVED,2026-09-07T12:03:37.314325+00:00,2026-09-07T12:03:37.314325+00:00,0,0.85,0.86,0.14,0.15000000000000002,market_object,PASS,
2026-09-07T12:03:37.314325+00:00,2026,1,2026_01_BAL_IND,BAL@IND,2026-09-13T17:00:00+00:00,KXNFLPASSYDS-26SEP13BALIND-BALLJACKSON8-350,KXNFLPASSYDS-26SEP13BALIND,KXNFLPASSYDS,passing_yards,football_player,Lamar Jackson: 350+ passing yards,FIRST_OBSERVED,2026-09-07T12:03:37.314325+00:00,2026-09-07T12:03:37.314325+00:00,0,0.05,0.06,0.94,0.95,market_object,PASS,
2026-09-07T12:03:37.314325+00:00,2026,1,2026_01_BAL_IND,BAL@IND,2026-09-13T17:00:00+00:00,KXNFLPASSYDS-26SEP13BALIND-BALLJACKSON8-325,KXNFLPASSYDS-26SEP13BALIND,KXNFLPASSYDS,passing_yards,football_player,Lamar Jackson: 325+ passing yards,FIRST_OBSERVED,2026-09-07T12:03:37.314325+00:00,2026-09-07T12:03:37.314325+00:00,0,0.06,0.11,0.89,0.94,market_object,PASS,
2026-09-07T12:03:37.314325+00:00,2026,1,2026_01_BAL_IND,BAL@IND,2026-09-13T17:00:00+00:00,KXNFLPASSYDS-26SEP13BALIND-BALLJACKSON8-300,KXNFLPASSYDS-26SEP13BALIND,KXNFLPASSYDS,passing_yards,football_player,Lamar Jackson: 300+ passing yards,FIRST_OBSERVED,2026-09-07T12:03:37.314325+00:00,2026-09-07T12:03:37.314325+00:00,0,0.06,0.15,0.85,0.94,market_object,PASS,
2026-09-07T12:03:37.314325+00:00,2026,1,2026_01_BAL_IND,BAL@IND,2026-09-13T17:00:00+00:00,KXNFLPASSYDS-26SEP13BALIND-BALLJACKSON8-275,KXNFLPASSYDS-26SEP13BALIND,KXNFLPASSYDS,passing_yards,football_player,Lamar Jackson: 275+ passing yards,FIRST_OBSERVED,2026-09-07T12:03:37.314325+00:00,2026-09-07T12:03:37.314325+00:00,0,0.06,0.24,0.76,0.94,market_object,PASS,
2026-09-07T12:03:37.314325+00:00,2026,1,2026_01_BAL_IND,BAL@IND,2026-09-13T17:00:00+00:00,KXNFLPASSYDS-26SEP13BALIND-BALLJACKSON8-250,KXNFLPASSYDS-26SEP13BALIND,KXNFLPASSYDS,passing_yards,football_player,Lamar Jackson: 250+ passing yards,FIRST_OBSERVED,2026-09-07T12:03:37.314325+00:00,2026-09-07T12:03:37.314325+00:00,0,0.06,0.35,0.65,0.94,market_object,PASS,
2026-09-07T12:03:37.314325+00:00,2026,1,2026_01_BAL_IND,BAL@IND,2026-09-13T17:00:00+00:00,KXNFLPASSYDS-26SEP13BALIND-BALLJACKSON8-225,KXNFLPASSYDS-26SEP13BALIND,KXNFLPASSYDS,passing_yards,football_player,Lamar Jackson: 225+ passing yards,FIRST_OBSERVED,2026-09-07T12:03:37.314325+00:00,2026-09-07T12:03:37.314325+00:00,0,0.06,0.49,0.51,0.94,market_object,PASS,
2026-09-07T12:03:37.314325+00:00,2026,1,2026_01_BAL_IND,BAL@IND,2026-09-13T17:00:00+00:00,KXNFLPASSYDS-26SEP13BALIND-BALLJACKSON8-200,KXNFLPASSYDS-26SEP13BALIND,KXNFLPASSYDS,passing_yards,football_player,Lamar Jackson: 200+ passing yards,FIRST_OBSERVED,2026-09-07T12:03:37.314325+00:00,2026-09-07T12:03:37.314325+00:00,0,0.06,0.64,0.36,0.94,market_object,PASS,
2026-09-07T12:03:37.314325+00:00,2026,1,2026_01_BAL_IND,BAL@IND,2026-09-13T17:00:00+00:00,KXNFLPASSYDS-26SEP13BALIND-BALLJACKSON8-175,KXNFLPASSYDS-26SEP13BALIND,KXNFLPASSYDS,passing_yards,football_player,Lamar Jackson: 175+ passing yards,FIRST_OBSERVED,2026-09-07T12:03:37.314325+00:00,2026-09-07T12:03:37.314325+00:00,0,0.06,0.78,0.21999999999999997,0.94,market_object,PASS,
2026-09-07T12:03:37.314325+00:00,2026,1,2026_01_BAL_IND,BAL@IND,2026-09-13T17:00:00+00:00,KXNFLPASSYDS-26SEP13BALIND-BALLJACKSON8-150,KXNFLPASSYDS-26SEP13BALIND,KXNFLPASSYDS,passing_yards,football_player,Lamar Jackson: 150+ passing yards,FIRST_OBSERVED,2026-09-07T12:03:37.314325+00:00,2026-09-07T12:03:37.314325+00:00,0,0.28,0.84,0.16000000000000003,0.72,market_object,PASS,
2026-09-07T12:03:37.314325+00:00,2026,1,2026_01_CHI_CAR,CHI@CAR,2026-09-13T17:00:00+00:00,KXNFLPASSYDS-26SEP13CHICAR-CHICWILLIAMS18-350,KXNFLPASSYDS-26SEP13CHICAR,KXNFLPASSYDS,passing_yards,football_player,Caleb Williams: 350+ passing yards,FIRST_OBSERVED,2026-09-07T12:03:37.314325+00:00,2026-09-07T12:03:37.314325+00:00,0,0.05,0.06,0.94,0.95,market_object,PASS,
2026-09-07T12:03:37.314325+00:00,2026,1,2026_01_CHI_CAR,CHI@CAR,2026-09-13T17:00:00+00:00,KXNFLPASSYDS-26SEP13CHICAR-CHICWILLIAMS18-325,KXNFLPASSYDS-26SEP13CHICAR,KXNFLPASSYDS,passing_yards,football_player,Caleb Williams: 325+ passing yards,FIRST_OBSERVED,2026-09-07T12:03:37.314325+00:00,2026-09-07T12:03:37.314325+00:00,0,0.06,0.12,0.88,0.94,market_object,PASS,
2026-09-07T12:03:37.314325+00:00,2026,1,2026_01_CHI_CAR,CHI@CAR,2026-09-13T17:00:00+00:00,KXNFLPASSYDS-26SEP13CHICAR-CHICWILLIAMS18-300,KXNFLPASSYDS-26SEP13CHICAR,KXNFLPASSYDS,passing_yards,football_player,Caleb Williams: 300+ passing yards,FIRST_OBSERVED,2026-09-07T12:03:37.314325+00:00,2026-09-07T12:03:37.314325+00:00,0,0.06,0.16,0.84,0.94,market_object,PASS,
2026-09-07T12:03:37.314325+00:00,2026,1,2026_01_CHI_CAR,CHI@CAR,2026-09-13T17:00:00+00:00,KXNFLPASSYDS-26SEP13CHICAR-CHICWILLIAMS18-275,KXNFLPASSYDS-26SEP13CHICAR,KXNFLPASSYDS,passing_yards,football_player,Caleb Williams: 275+ passing yards,FIRST_OBSERVED,2026-09-07T12:03:37.314325+00:00,2026-09-07T12:03:37.314325+00:00,0,0.06,0.26,0.74,0.94,market_object,PASS,
2026-09-07T12:03:37.314325+00:00,2026,1,2026_01_CHI_CAR,CHI@CAR,2026-09-13T17:00:00+00:00,KXNFLPASSYDS-26SEP13CHICAR-CHICWILLIAMS18-250,KXNFLPASSYDS-26SEP13CHICAR,KXNFLPASSYDS,passing_yards,football_player,Caleb Williams: 250+ passing yards,FIRST_OBSERVED,2026-09-07T12:03:37.314325+00:00,2026-09-07T12:03:37.314325+00:00,0,0.17,0.38,0.62,0.83,market_object,PASS,
2026-09-07T12:03:37.314325+00:00,2026,1,2026_01_CHI_CAR,CHI@CAR,2026-09-13T17:00:00+00:00,KXNFLPASSYDS-26SEP13CHICAR-CHICWILLIAMS18-225,KXNFLPASSYDS-26SEP13CHICAR,KXNFLPASSYDS,passing_yards,football_player,Caleb Williams: 225+ passing yards,FIRST_OBSERVED,2026-09-07T12:03:37.314325+00:00,2026-09-07T12:03:37.314325+00:00,0,0.52,0.53,0.47,0.48,market_object,PASS,
2026-09-07T12:03:37.314325+00:00,2026,1,2026_01_CHI_CAR,CHI@CAR,2026-09-13T17:00:00+00:00,KXNFLPASSYDS-26SEP13CHICAR-CHICWILLIAMS18-200,KXNFLPASSYDS-26SEP13CHICAR,KXNFLPASSYDS,passing_yards,football_player,Caleb Williams: 200+ passing yards,FIRST_OBSERVED,2026-09-07T12:03:37.314325+00:00,2026-09-07T12:03:37.314325+00:00,0,0.52,0.68,0.31999999999999995,0.48,market_object,PASS,
2026-09-07T12:03:37.314325+00:00,2026,1,2026_01_CHI_CAR,CHI@CAR,2026-09-13T17:00:00+00:00,KXNFLPASSYDS-26SEP13CHICAR-CHICWILLIAMS18-175,KXNFLPASSYDS-26SEP13CHICAR,KXNFLPASSYDS,passing_yards,football_player,Caleb Williams: 175+ passing yards,FIRST_OBSERVED,2026-09-07T12:03:37.314325+00:00,2026-09-07T12:03:37.314325+00:00,0,0.61,0.82,0.18000000000000005,0.39,market_object,PASS,
2026-09-07T12:03:37.314325+00:00,2026,1,2026_01_CHI_CAR,CHI@CAR,2026-09-13T17:00:00+00:00,KXNFLPASSYDS-26SEP13CHICAR-CHICWILLIAMS18-150,KXNFLPASSYDS-26SEP13CHICAR,KXNFLPASSYDS,passing_yards,football_player,Caleb Williams: 150+ passing yards,FIRST_OBSERVED,2026-09-07T12:03:37.314325+00:00,2026-09-07T12:03:37.314325+00:00,0,0.71,0.9,0.09999999999999998,0.29000000000000004,market_object,PASS,
2026-09-07T12:03:37.314325+00:00,2026,1,2026_01_CHI_CAR,CHI@CAR,2026-09-13T17:00:00+00:00,KXNFLPASSYDS-26SEP13CHICAR-CARBYOUNG9-325,KXNFLPASSYDS-26SEP13CHICAR,KXNFLPASSYDS,passing_yards,football_player,Bryce Young: 325+ passing yards,FIRST_OBSERVED,2026-09-07T12:03:37.314325+00:00,2026-09-07T12:03:37.314325+00:00,0,0.05,0.08,0.92,0.95,market_object,PASS,
2026-09-07T12:03:37.314325+00:00,2026,1,2026_01_CHI_CAR,CHI@CAR,2026-09-13T17:00:00+00:00,KXNFLPASSYDS-26SEP13CHICAR-CARBYOUNG9-300,KXNFLPASSYDS-26SEP13CHICAR,KXNFLPASSYDS,passing_yards,football_player,Bryce Young: 300+ passing yards,FIRST_OBSERVED,2026-09-07T12:03:37.314325+00:00,2026-09-07T12:03:37.314325+00:00,0,0.06,0.1,0.9,0.94,market_object,PASS,
2026-09-07T12:03:37.314325+00:00,2026,1,2026_01_CHI_CAR,CHI@CAR,2026-09-13T17:00:00+00:00,KXNFLPASSYDS-26SEP13CHICAR-CARBYOUNG9-275,KXNFLPASSYDS-26SEP13CHICAR,KXNFLPASSYDS,passing_yards,football_player,Bryce Young: 275+ passing yards,FIRST_OBSERVED,2026-09-07T12:03:37.314325+00:00,2026-09-07T12:03:37.314325+00:00,0,0.06,0.19,0.81,0.94,market_object,PASS,
2026-09-07T12:03:37.314325+00:00,2026,1,2026_01_CHI_CAR,CHI@CAR,2026-09-13T17:00:00+00:00,KXNFLPASSYDS-26SEP13CHICAR-CARBYOUNG9-250,KXNFLPASSYDS-26SEP13CHICAR,KXNFLPASSYDS,passing_yards,football_player,Bryce Young: 250+ passing yards,FIRST_OBSERVED,2026-09-07T12:03:37.314325+00:00,2026-09-07T12:03:37.314325+00:00,0,0.06,0.27,0.73,0.94,market_object,PASS,
2026-09-07T12:03:37.314325+00:00,2026,1,2026_01_CHI_CAR,CHI@CAR,2026-09-13T17:00:00+00:00,KXNFLPASSYDS-26SEP13CHICAR-CARBYOUNG9-225,KXNFLPASSYDS-26SEP13CHICAR,KXNFLPASSYDS,passing_yards,football_player,Bryce Young: 225+ passing yards,FIRST_OBSERVED,2026-09-07T12:03:37.314325+00:00,2026-09-07T12:03:37.314325+00:00,0,0.21,0.4,0.6,0.79,market_object,PASS,
2026-09-07T12:03:37.314325+00:00,2026,1,2026_01_CHI_CAR,CHI@CAR,2026-09-13T17:00:00+00:00,KXNFLPASSYDS-26SEP13CHICAR-CARBYOUNG9-200,KXNFLPASSYDS-26SEP13CHICAR,KXNFLPASSYDS,passing_yards,football_player,Bryce Young: 200+ passing yards,FIRST_OBSERVED,2026-09-07T12:03:37.314325+00:00,2026-09-07T12:03:37.314325+00:00,0,0.37,0.56,0.43999999999999995,0.63,market_object,PASS,
2026-09-07T12:03:37.314325+00:00,2026,1,2026_01_CHI_CAR,CHI@CAR,2026-09-13T17:00:00+00:00,KXNFLPASSYDS-26SEP13CHICAR-CARBYOUNG9-175,KXNFLPASSYDS-26SEP13CHICAR,KXNFLPASSYDS,passing_yards,football_player,Bryce Young: 175+ passing yards,FIRST_OBSERVED,2026-09-07T12:03:37.314325+00:00,2026-09-07T12:03:37.314325+00:00,0,0.51,0.73,0.27,0.49,market_object,PASS,
2026-09-07T12:03:37.314325+00:00,2026,1,2026_01_CHI_CAR,CHI@CAR,2026-09-13T17:00:00+00:00,KXNFLPASSYDS-26SEP13CHICAR-CARBYOUNG9-150,KXNFLPASSYDS-26SEP13CHICAR,KXNFLPASSYDS,passing_yards,football_player,Bryce Young: 150+ passing yards,FIRST_OBSERVED,2026-09-07T12:03:37.314325+00:00,2026-09-07T12:03:37.314325+00:00,0,0.65,0.81,0.18999999999999995,0.35,market_object,PASS,
2026-09-07T12:03:37.314325+00:00,2026,1,2026_01_CHI_CAR,CHI@CAR,2026-09-13T17:00:00+00:00,KXNFLPASSYDS-26SEP13CHICAR-CARBYOUNG9-125,KXNFLPASSYDS-26SEP13CHICAR,KXNFLPASSYDS,passing_yards,football_player,Bryce Young: 125+ passing yards,FIRST_OBSERVED,2026-09-07T12:03:37.314325+00:00,2026-09-07T12:03:37.314325+00:00,0,0.73,0.92,0.07999999999999996,0.27,market_object,PASS,
2026-09-07T12:03:37.314325+00:00,2026,1,2026_01_SF_LA,SF@LAR,2026-09-11T00:35:00+00:00,KXNFLPASSYDS-26SEP10SFLAR-SFBPURDY13-350,KXNFLPASSYDS-26SEP10SFLAR,KXNFLPASSYDS,passing_yards,football_player,Brock Purdy: 350+ passing yards,FIRST_OBSERVED,2026-09-07T12:03:37.314325+00:00,2026-09-07T12:03:37.314325+00:00,0,0.06,0.07,0.9299999999999999,0.94,market_object,PASS,
2026-09-07T12:03:37.314325+00:00,2026,1,2026_01_SF_LA,SF@LAR,2026-09-11T00:35:00+00:00,KXNFLPASSYDS-26SEP10SFLAR-SFBPURDY13-300,KXNFLPASSYDS-26SEP10SFLAR,KXNFLPASSYDS,passing_yards,football_player,Brock Purdy: 300+ passing yards,FIRST_OBSERVED,2026-09-07T12:03:37.314325+00:00,2026-09-07T12:03:37.314325+00:00,0,0.11,0.21,0.79,0.89,market_object,PASS,
2026-09-07T12:03:37.314325+00:00,2026,1,2026_01_SF_LA,SF@LAR,2026-09-11T00:35:00+00:00,KXNFLPASSYDS-26SEP10SFLAR-SFBPURDY13-275,KXNFLPASSYDS-26SEP10SFLAR,KXNFLPASSYDS,passing_yards,football_player,Brock Purdy: 275+ passing yards,FIRST_OBSERVED,2026-09-07T12:03:37.314325+00:00,2026-09-07T12:03:37.314325+00:00,0,0.13,0.3,0.7,0.87,market_object,PASS,
2026-09-07T12:03:37.314325+00:00,2026,1,2026_01_SF_LA,SF@LAR,2026-09-11T00:35:00+00:00,KXNFLPASSYDS-26SEP10SFLAR-SFBPURDY13-250,KXNFLPASSYDS-26SEP10SFLAR,KXNFLPASSYDS,passing_yards,football_player,Brock Purdy: 250+ passing yards,FIRST_OBSERVED,2026-09-07T12:03:37.314325+00:00,2026-09-07T12:03:37.314325+00:00,0,0.45,0.49,0.51,0.55,market_object,PASS,
2026-09-07T12:03:37.314325+00:00,2026,1,2026_01_SF_LA,SF@LAR,2026-09-11T00:35:00+00:00,KXNFLPASSYDS-26SEP10SFLAR-SFBPURDY13-225,KXNFLPASSYDS-26SEP10SFLAR,KXNFLPASSYDS,passing_yards,football_player,Brock Purdy: 225+ passing yards,FIRST_OBSERVED,2026-09-07T12:03:37.314325+00:00,2026-09-07T12:03:37.314325+00:00,0,0.44,0.64,0.36,0.56,market_object,PASS,
2026-09-07T12:03:37.314325+00:00,2026,1,2026_01_SF_LA,SF@LAR,2026-09-11T00:35:00+00:00,KXNFLPASSYDS-26SEP10SFLAR-SFBPURDY13-200,KXNFLPASSYDS-26SEP10SFLAR,KXNFLPASSYDS,passing_yards,football_player,Brock Purdy: 200+ passing yards,FIRST_OBSERVED,2026-09-07T12:03:37.314325+00:00,2026-09-07T12:03:37.314325+00:00,0,0.67,0.76,0.24,0.32999999999999996,market_object,PASS,
2026-09-07T12:03:37.314325+00:00,2026,1,2026_01_SF_LA,SF@LAR,2026-09-11T00:35:00+00:00,KXNFLPASSYDS-26SEP10SFLAR-SFBPURDY13-175,KXNFLPASSYDS-26SEP10SFLAR,KXNFLPASSYDS,passing_yards,football_player,Brock Purdy: 175+ passing yards,FIRST_OBSERVED,2026-09-07T12:03:37.314325+00:00,2026-09-07T12:03:37.314325+00:00,0,0.69,0.86,0.14,0.31000000000000005,market_object,PASS,
2026-09-07T12:03:37.314325+00:00,2026,1,2026_01_SF_LA,SF@LAR,2026-09-11T00:35:00+00:00,KXNFLPASSYDS-26SEP10SFLAR-SFBPURDY13-150,KXNFLPASSYDS-26SEP10SFLAR,KXNFLPASSYDS,passing_yards,football_player,Brock Purdy: 150+ passing yards,FIRST_OBSERVED,2026-09-07T12:03:37.314325+00:00,2026-09-07T12:03:37.314325+00:00,0,0.76,0.91,0.08999999999999997,0.24,market_object,PASS,
2026-09-07T12:03:37.314325+00:00,2026,1,2026_01_SF_LA,SF@LAR,2026-09-11T00:35:00+00:00,KXNFLPASSYDS-26SEP10SFLAR-LARMSTAFFORD9-400,KXNFLPASSYDS-26SEP10SFLAR,KXNFLPASSYDS,passing_yards,football_player,Matthew Stafford: 400+ passing yards,FIRST_OBSERVED,2026-09-07T12:03:37.314325+00:00,2026-09-07T12:03:37.314325+00:00,0,0.05,0.06,0.94,0.95,market_object,PASS,
2026-09-07T12:03:37.314325+00:00,2026,1,2026_01_SF_LA,SF@LAR,2026-09-11T00:35:00+00:00,KXNFLPASSYDS-26SEP10SFLAR-LARMSTAFFORD9-350,KXNFLPASSYDS-26SEP10SFLAR,KXNFLPASSYDS,passing_yards,football_player,Matthew Stafford: 350+ passing yards,FIRST_OBSERVED,2026-09-07T12:03:37.314325+00:00,2026-09-07T12:03:37.314325+00:00,0,0.11,0.12,0.88,0.89,market_object,PASS,
2026-09-07T12:03:37.314325+00:00,2026,1,2026_01_SF_LA,SF@LAR,2026-09-11T00:35:00+00:00,KXNFLPASSYDS-26SEP10SFLAR-LARMSTAFFORD9-325,KXNFLPASSYDS-26SEP10SFLAR,KXNFLPASSYDS,passing_yards,football_player,Matthew Stafford: 325+ passing yards,FIRST_OBSERVED,2026-09-07T12:03:37.314325+00:00,2026-09-07T12:03:37.314325+00:00,0,0.1,0.2,0.8,0.9,market_object,PASS,
2026-09-07T12:03:37.314325+00:00,2026,1,2026_01_SF_LA,SF@LAR,2026-09-11T00:35:00+00:00,KXNFLPASSYDS-26SEP10SFLAR-LARMSTAFFORD9-300,KXNFLPASSYDS-26SEP10SFLAR,KXNFLPASSYDS,passing_yards,football_player,Matthew Stafford: 300+ passing yards,FIRST_OBSERVED,2026-09-07T12:03:37.314325+00:00,2026-09-07T12:03:37.314325+00:00,0,0.17,0.29,0.71,0.83,market_object,PASS,
2026-09-07T12:03:37.314325+00:00,2026,1,2026_01_SF_LA,SF@LAR,2026-09-11T00:35:00+00:00,KXNFLPASSYDS-26SEP10SFLAR-LARMSTAFFORD9-275,KXNFLPASSYDS-26SEP10SFLAR,KXNFLPASSYDS,passing_yards,football_player,Matthew Stafford: 275+ passing yards,FIRST_OBSERVED,2026-09-07T12:03:37.314325+00:00,2026-09-07T12:03:37.314325+00:00,0,0.34,0.46,0.54,0.6599999999999999,market_object,PASS,
2026-09-07T12:03:37.314325+00:00,2026,1,2026_01_SF_LA,SF@LAR,2026-09-11T00:35:00+00:00,KXNFLPASSYDS-26SEP10SFLAR-LARMSTAFFORD9-250,KXNFLPASSYDS-26SEP10SFLAR,KXNFLPASSYDS,passing_yards,football_player,Matthew Stafford: 250+ passing yards,FIRST_OBSERVED,2026-09-07T12:03:37.314325+00:00,2026-09-07T12:03:37.314325+00:00,0,0.59,0.61,0.39,0.41000000000000003,market_object,PASS,
2026-09-07T12:03:37.314325+00:00,2026,1,2026_01_SF_LA,SF@LAR,2026-09-11T00:35:00+00:00,KXNFLPASSYDS-26SEP10SFLAR-LARMSTAFFORD9-225,KXNFLPASSYDS-26SEP10SFLAR,KXNFLPASSYDS,passing_yards,football_player,Matthew Stafford: 225+ passing yards,FIRST_OBSERVED,2026-09-07T12:03:37.314325+00:00,2026-09-07T12:03:37.314325+00:00,0,0.63,0.75,0.25,0.37,market_object,PASS,
2026-09-07T12:03:37.314325+00:00,2026,1,2026_01_SF_LA,SF@LAR,2026-09-11T00:35:00+00:00,KXNFLPASSYDS-26SEP10SFLAR-LARMSTAFFORD9-200,KXNFLPASSYDS-26SEP10SFLAR,KXNFLPASSYDS,passing_yards,football_player,Matthew Stafford: 200+ passing yards,FIRST_OBSERVED,2026-09-07T12:03:37.314325+00:00,2026-09-07T12:03:37.314325+00:00,0,0.79,0.85,0.15000000000000002,0.20999999999999996,market_object,PASS,
2026-09-07T12:03:37.314325+00:00,2026,1,2026_01_SF_LA,SF@LAR,2026-09-11T00:35:00+00:00,KXNFLPASSYDS-26SEP10SFLAR-LARMSTAFFORD9-175,KXNFLPASSYDS-26SEP10SFLAR,KXNFLPASSYDS,passing_yards,football_player,Matthew Stafford: 175+ passing yards,FIRST_OBSERVED,2026-09-07T12:03:37.314325+00:00,2026-09-07T12:03:37.314325+00:00,0,0.82,0.92,0.07999999999999996,0.18000000000000005,market_object,PASS,
2026-09-07T12:03:37.314325+00:00,2026,1,2026_01_NE_SEA,NE@SEA,2026-09-10T00:20:00+00:00,KXNFLPASSYDS-26SEP09NESEA-SEASDARNOLD14-350,KXNFLPASSYDS-26SEP09NESEA,KXNFLPASSYDS,passing_yards,football_player,Sam Darnold: 350+ passing yards,FIRST_OBSERVED,2026-09-07T12:03:37.314325+00:00,2026-09-07T12:03:37.314325+00:00,0,0.05,0.06,0.94,0.95,market_object,PASS,
2026-09-07T12:03:37.314325+00:00,2026,1,2026_01_NE_SEA,NE@SEA,2026-09-10T00:20:00+00:00,KXNFLPASSYDS-26SEP09NESEA-SEASDARNOLD14-325,KXNFLPASSYDS-26SEP09NESEA,KXNFLPASSYDS,passing_yards,football_player,Sam Darnold: 325+ passing yards,FIRST_OBSERVED,2026-09-07T12:03:37.314325+00:00,2026-09-07T12:03:37.314325+00:00,0,0.06,0.1,0.9,0.94,market_object,PASS,
2026-09-07T12:03:37.314325+00:00,2026,1,2026_01_NE_SEA,NE@SEA,2026-09-10T00:20:00+00:00,KXNFLPASSYDS-26SEP09NESEA-SEASDARNOLD14-300,KXNFLPASSYDS-26SEP09NESEA,KXNFLPASSYDS,passing_yards,football_player,Sam Darnold: 300+ passing yards,FIRST_OBSERVED,2026-09-07T12:03:37.314325+00:00,2026-09-07T12:03:37.314325+00:00,0,0.11,0.15,0.85,0.89,market_object,PASS,
2026-09-07T12:03:37.314325+00:00,2026,1,2026_01_NE_SEA,NE@SEA,2026-09-10T00:20:00+00:00,KXNFLPASSYDS-26SEP09NESEA-SEASDARNOLD14-275,KXNFLPASSYDS-26SEP09NESEA,KXNFLPASSYDS,passing_yards,football_player,Sam Darnold: 275+ passing yards,FIRST_OBSERVED,2026-09-07T12:03:37.314325+00:00,2026-09-07T12:03:37.314325+00:00,0,0.1,0.22,0.78,0.9,market_object,PASS,
2026-09-07T12:03:37.314325+00:00,2026,1,2026_01_NE_SEA,NE@SEA,2026-09-10T00:20:00+00:00,KXNFLPASSYDS-26SEP09NESEA-SEASDARNOLD14-250,KXNFLPASSYDS-26SEP09NESEA,KXNFLPASSYDS,passing_yards,football_player,Sam Darnold: 250+ passing yards,FIRST_OBSERVED,2026-09-07T12:03:37.314325+00:00,2026-09-07T12:03:37.314325+00:00,0,0.22,0.35,0.65,0.78,market_object,PASS,
2026-09-07T12:03:37.314325+00:00,2026,1,2026_01_NE_SEA,NE@SEA,2026-09-10T00:20:00+00:00,KXNFLPASSYDS-26SEP09NESEA-SEASDARNOLD14-225,KXNFLPASSYDS-26SEP09NESEA,KXNFLPASSYDS,passing_yards,football_player,Sam Darnold: 225+ passing yards,FIRST_OBSERVED,2026-09-07T12:03:37.314325+00:00,2026-09-07T12:03:37.314325+00:00,0,0.49,0.51,0.49,0.51,market_object,PASS,
2026-09-07T12:03:37.314325+00:00,2026,1,2026_01_NE_SEA,NE@SEA,2026-09-10T00:20:00+00:00,KXNFLPASSYDS-26SEP09NESEA-SEASDARNOLD14-200,KXNFLPASSYDS-26SEP09NESEA,KXNFLPASSYDS,passing_yards,football_player,Sam Darnold: 200+ passing yards,FIRST_OBSERVED,2026-09-07T12:03:37.314325+00:00,2026-09-07T12:03:37.314325+00:00,0,0.65,0.66,0.33999999999999997,0.35,market_object,PASS,
2026-09-07T12:03:37.314325+00:00,2026,1,2026_01_NE_SEA,NE@SEA,2026-09-10T00:20:00+00:00,KXNFLPASSYDS-26SEP09NESEA-SEASDARNOLD14-175,KXNFLPASSYDS-26SEP09NESEA,KXNFLPASSYDS,passing_yards,football_player,Sam Darnold: 175+ passing yards,FIRST_OBSERVED,2026-09-07T12:03:37.314325+00:00,2026-09-07T12:03:37.314325+00:00,0,0.69,0.81,0.18999999999999995,0.31000000000000005,market_object,PASS,
2026-09-07T12:03:37.314325+00:00,2026,1,2026_01_NE_SEA,NE@SEA,2026-09-10T00:20:00+00:00,KXNFLPASSYDS-26SEP09NESEA-SEASDARNOLD14-150,KXNFLPASSYDS-26SEP09NESEA,KXNFLPASSYDS,passing_yards,football_player,Sam Darnold: 150+ passing yards,FIRST_OBSERVED,2026-09-07T12:03:37.314325+00:00,2026-09-07T12:03:37.314325+00:00,0,0.71,0.9,0.09999999999999998,0.29000000000000004,market_object,PASS,
2026-09-07T12:03:37.314325+00:00,2026,1,2026_01_NE_SEA,NE@SEA,2026-09-10T00:20:00+00:00,KXNFLPASSYDS-26SEP09NESEA-NEDMAYE10-350,KXNFLPASSYDS-26SEP09NESEA,KXNFLPASSYDS,passing_yards,football_player,Drake Maye: 350+ passing yards,FIRST_OBSERVED,2026-09-07T12:03:37.314325+00:00,2026-09-07T12:03:37.314325+00:00,0,0.05,0.06,0.94,0.95,market_object,PASS,
2026-09-07T12:03:37.314325+00:00,2026,1,2026_01_NE_SEA,NE@SEA,2026-09-10T00:20:00+00:00,KXNFLPASSYDS-26SEP09NESEA-NEDMAYE10-325,KXNFLPASSYDS-26SEP09NESEA,KXNFLPASSYDS,passing_yards,football_player,Drake Maye: 325+ passing yards,FIRST_OBSERVED,2026-09-07T12:03:37.314325+00:00,2026-09-07T12:03:37.314325+00:00,0,0.07,0.11,0.89,0.9299999999999999,market_object,PASS,
2026-09-07T12:03:37.314325+00:00,2026,1,2026_01_NE_SEA,NE@SEA,2026-09-10T00:20:00+00:00,KXNFLPASSYDS-26SEP09NESEA-NEDMAYE10-300,KXNFLPASSYDS-26SEP09NESEA,KXNFLPASSYDS,passing_yards,football_player,Drake Maye: 300+ passing yards,FIRST_OBSERVED,2026-09-07T12:03:37.314325+00:00,2026-09-07T12:03:37.314325+00:00,0,0.12,0.15,0.85,0.88,market_object,PASS,
2026-09-07T12:03:37.314325+00:00,2026,1,2026_01_NE_SEA,NE@SEA,2026-09-10T00:20:00+00:00,KXNFLPASSYDS-26SEP09NESEA-NEDMAYE10-275,KXNFLPASSYDS-26SEP09NESEA,KXNFLPASSYDS,passing_yards,football_player,Drake Maye: 275+ passing yards,FIRST_OBSERVED,2026-09-07T12:03:37.314325+00:00,2026-09-07T12:03:37.314325+00:00,0,0.18,0.23,0.77,0.8200000000000001,market_object,PASS,
2026-09-07T12:03:37.314325+00:00,2026,1,2026_01_NE_SEA,NE@SEA,2026-09-10T00:20:00+00:00,KXNFLPASSYDS-26SEP09NESEA-NEDMAYE10-250,KXNFLPASSYDS-26SEP09NESEA,KXNFLPASSYDS,passing_yards,football_player,Drake Maye: 250+ passing yards,FIRST_OBSERVED,2026-09-07T12:03:37.314325+00:00,2026-09-07T12:03:37.314325+00:00,0,0.32,0.34,0.6599999999999999,0.6799999999999999,market_object,PASS,
2026-09-07T12:03:37.314325+00:00,2026,1,2026_01_NE_SEA,NE@SEA,2026-09-10T00:20:00+00:00,KXNFLPASSYDS-26SEP09NESEA-NEDMAYE10-225,KXNFLPASSYDS-26SEP09NESEA,KXNFLPASSYDS,passing_yards,football_player,Drake Maye: 225+ passing yards,FIRST_OBSERVED,2026-09-07T12:03:37.314325+00:00,2026-09-07T12:03:37.314325+00:00,0,0.51,0.52,0.48,0.49,market_object,PASS,
2026-09-07T12:03:37.314325+00:00,2026,1,2026_01_NE_SEA,NE@SEA,2026-09-10T00:20:00+00:00,KXNFLPASSYDS-26SEP09NESEA-NEDMAYE10-200,KXNFLPASSYDS-26SEP09NESEA,KXNFLPASSYDS,passing_yards,football_player,Drake Maye: 200+ passing yards,FIRST_OBSERVED,2026-09-07T12:03:37.314325+00:00,2026-09-07T12:03:37.314325+00:00,0,0.57,0.64,0.36,0.43000000000000005,market_object,PASS,
2026-09-07T12:03:37.314325+00:00,2026,1,2026_01_NE_SEA,NE@SEA,2026-09-10T00:20:00+00:00,KXNFLPASSYDS-26SEP09NESEA-NEDMAYE10-175,KXNFLPASSYDS-26SEP09NESEA,KXNFLPASSYDS,passing_yards,football_player,Drake Maye: 175+ passing yards,FIRST_OBSERVED,2026-09-07T12:03:37.314325+00:00,2026-09-07T12:03:37.314325+00:00,0,0.78,0.81,0.18999999999999995,0.21999999999999997,market_object,PASS,
2026-09-07T12:03:37.314325+00:00,2026,1,2026_01_NE_SEA,NE@SEA,2026-09-10T00:20:00+00:00,KXNFLPASSYDS-26SEP09NESEA-NEDMAYE10-150,KXNFLPASSYDS-26SEP09NESEA,KXNFLPASSYDS,passing_yards,football_player,Drake Maye: 150+ passing yards,FIRST_OBSERVED,2026-09-07T12:03:37.314325+00:00,2026-09-07T12:03:37.314325+00:00,0,0.88,0.91,0.08999999999999997,0.12,market_object,PASS,
2026-09-07T23:45:27.890169+00:00,2026,1,2026_01_BAL_IND,BAL@IND,2026-09-13T17:00:00+00:00,KXNFLRECYDS-26SEP13BALIND-BALJLANE6-80,KXNFLRECYDS-26SEP13BALIND,KXNFLRECYDS,receiving_yards,BALJLANE6,Ja'Kobi Lane: 80+ receiving yards,FIRST_OBSERVED,2026-09-07T23:45:27.890169+00:00,2026-09-07T23:45:27+00:00,0,0.08,0.09,0.91,0.92,market_object,PASS,
2026-09-07T23:45:27.890169+00:00,2026,1,2026_01_BAL_IND,BAL@IND,2026-09-13T17:00:00+00:00,KXNFLRECYDS-26SEP13BALIND-BALJLANE6-70,KXNFLRECYDS-26SEP13BALIND,KXNFLRECYDS,receiving_yards,BALJLANE6,Ja'Kobi Lane: 70+ receiving yards,FIRST_OBSERVED,2026-09-07T23:45:27.890169+00:00,2026-09-07T23:45:27+00:00,0,0.08,0.09,0.91,0.92,market_object,PASS,
2026-09-07T23:45:27.890169+00:00,2026,1,2026_01_BAL_IND,BAL@IND,2026-09-13T17:00:00+00:00,KXNFLRECYDS-26SEP13BALIND-BALJLANE6-60,KXNFLRECYDS-26SEP13BALIND,KXNFLRECYDS,receiving_yards,BALJLANE6,Ja'Kobi Lane: 60+ receiving yards,FIRST_OBSERVED,2026-09-07T23:45:27.890169+00:00,2026-09-07T23:45:27+00:00,0,0.08,0.13,0.87,0.92,market_object,PASS,
2026-09-07T23:45:27.890169+00:00,2026,1,2026_01_BAL_IND,BAL@IND,2026-09-13T17:00:00+00:00,KXNFLRECYDS-26SEP13BALIND-BALJLANE6-50,KXNFLRECYDS-26SEP13BALIND,KXNFLRECYDS,receiving_yards,BALJLANE6,Ja'Kobi Lane: 50+ receiving yards,FIRST_OBSERVED,2026-09-07T23:45:27.890169+00:00,2026-09-07T23:45:27+00:00,0,0.18,0.19,0.81,0.8200000000000001,market_object,PASS,
2026-09-07T23:45:27.890169+00:00,2026,1,2026_01_BAL_IND,BAL@IND,2026-09-13T17:00:00+00:00,KXNFLRECYDS-26SEP13BALIND-BALJLANE6-40,KXNFLRECYDS-26SEP13BALIND,KXNFLRECYDS,receiving_yards,BALJLANE6,Ja'Kobi Lane: 40+ receiving yards,FIRST_OBSERVED,2026-09-07T23:45:27.890169+00:00,2026-09-07T23:45:27+00:00,0,0.18,0.27,0.73,0.8200000000000001,market_object,PASS,
2026-09-07T23:45:27.890169+00:00,2026,1,2026_01_BAL_IND,BAL@IND,2026-09-13T17:00:00+00:00,KXNFLRECYDS-26SEP13BALIND-BALJLANE6-25,KXNFLRECYDS-26SEP13BALIND,KXNFLRECYDS,receiving_yards,BALJLANE6,Ja'Kobi Lane: 25+ receiving yards,FIRST_OBSERVED,2026-09-07T23:45:27.890169+00:00,2026-09-07T23:45:27+00:00,0,0.18,0.46,0.54,0.8200000000000001,market_object,PASS,
2026-09-07T23:45:27.890169+00:00,2026,1,2026_01_BAL_IND,BAL@IND,2026-09-13T17:00:00+00:00,KXNFLRECYDS-26SEP13BALIND-BALJLANE6-20,KXNFLRECYDS-26SEP13BALIND,KXNFLRECYDS,receiving_yards,BALJLANE6,Ja'Kobi Lane: 20+ receiving yards,FIRST_OBSERVED,2026-09-07T23:45:27.890169+00:00,2026-09-07T23:45:27+00:00,0,0.48,0.52,0.48,0.52,market_object,PASS,
2026-09-07T23:45:27.890169+00:00,2026,1,2026_01_BAL_IND,BAL@IND,2026-09-13T17:00:00+00:00,KXNFLRECYDS-26SEP13BALIND-BALJLANE6-15,KXNFLRECYDS-26SEP13BALIND,KXNFLRECYDS,receiving_yards,BALJLANE6,Ja'Kobi Lane: 15+ receiving yards,FIRST_OBSERVED,2026-09-07T23:45:27.890169+00:00,2026-09-07T23:45:27+00:00,0,0.18,0.63,0.37,0.8200000000000001,market_object,PASS,
2026-09-07T23:45:27.890169+00:00,2026,1,2026_01_BAL_IND,BAL@IND,2026-09-13T17:00:00+00:00,KXNFLRECYDS-26SEP13BALIND-BALRBATEMAN7-90,KXNFLRECYDS-26SEP13BALIND,KXNFLRECYDS,receiving_yards,BALRBATEMAN7,Rashod Bateman: 90+ receiving yards,FIRST_OBSERVED,2026-09-07T23:45:27.890169+00:00,2026-09-07T23:45:27+00:00,0,0.08,0.09,0.91,0.92,market_object,PASS,
2026-09-07T23:45:27.890169+00:00,2026,1,2026_01_BAL_IND,BAL@IND,2026-09-13T17:00:00+00:00,KXNFLRECYDS-26SEP13BALIND-BALRBATEMAN7-80,KXNFLRECYDS-26SEP13BALIND,KXNFLRECYDS,receiving_yards,BALRBATEMAN7,Rashod Bateman: 80+ receiving yards,FIRST_OBSERVED,2026-09-07T23:45:27.890169+00:00,2026-09-07T23:45:27+00:00,0,0.08,0.09,0.91,0.92,market_object,PASS,
2026-09-07T23:45:27.890169+00:00,2026,1,2026_01_BAL_IND,BAL@IND,2026-09-13T17:00:00+00:00,KXNFLRECYDS-26SEP13BALIND-BALRBATEMAN7-70,KXNFLRECYDS-26SEP13BALIND,KXNFLRECYDS,receiving_yards,BALRBATEMAN7,Rashod Bateman: 70+ receiving yards,FIRST_OBSERVED,2026-09-07T23:45:27.890169+00:00,2026-09-07T23:45:27+00:00,0,0.08,0.13,0.87,0.92,market_object,PASS,
2026-09-07T23:45:27.890169+00:00,2026,1,2026_01_BAL_IND,BAL@IND,2026-09-13T17:00:00+00:00,KXNFLRECYDS-26SEP13BALIND-BALRBATEMAN7-60,KXNFLRECYDS-26SEP13BALIND,KXNFLRECYDS,receiving_yards,BALRBATEMAN7,Rashod Bateman: 60+ receiving yards,FIRST_OBSERVED,2026-09-07T23:45:27.890169+00:00,2026-09-07T23:45:27+00:00,0,0.18,0.19,0.81,0.8200000000000001,market_object,PASS,
2026-09-07T23:45:27.890169+00:00,2026,1,2026_01_BAL_IND,BAL@IND,2026-09-13T17:00:00+00:00,KXNFLRECYDS-26SEP13BALIND-BALRBATEMAN7-50,KXNFLRECYDS-26SEP13BALIND,KXNFLRECYDS,receiving_yards,BALRBATEMAN7,Rashod Bateman: 50+ receiving yards,FIRST_OBSERVED,2026-09-07T23:45:27.890169+00:00,2026-09-07T23:45:27+00:00,0,0.18,0.25,0.75,0.8200000000000001,market_object,PASS,
2026-09-07T23:45:27.890169+00:00,2026,1,2026_01_BAL_IND,BAL@IND,2026-09-13T17:00:00+00:00,KXNFLRECYDS-26SEP13BALIND-BALRBATEMAN7-40,KXNFLRECYDS-26SEP13BALIND,KXNFLRECYDS,receiving_yards,BALRBATEMAN7,Rashod Bateman: 40+ receiving yards,FIRST_OBSERVED,2026-09-07T23:45:27.890169+00:00,2026-09-07T23:45:27+00:00,0,0.18,0.35,0.65,0.8200000000000001,market_object,PASS,
2026-09-07T23:45:27.890169+00:00,2026,1,2026_01_BAL_IND,BAL@IND,2026-09-13T17:00:00+00:00,KXNFLRECYDS-26SEP13BALIND-BALRBATEMAN7-25,KXNFLRECYDS-26SEP13BALIND,KXNFLRECYDS,receiving_yards,BALRBATEMAN7,Rashod Bateman: 25+ receiving yards,FIRST_OBSERVED,2026-09-07T23:45:27.890169+00:00,2026-09-07T23:45:27+00:00,0,0.46,0.54,0.45999999999999996,0.54,market_object,PASS,
2026-09-07T23:45:27.890169+00:00,2026,1,2026_01_BAL_IND,BAL@IND,2026-09-13T17:00:00+00:00,KXNFLRECYDS-26SEP13BALIND-BALRBATEMAN7-15,KXNFLRECYDS-26SEP13BALIND,KXNFLRECYDS,receiving_yards,BALRBATEMAN7,Rashod Bateman: 15+ receiving yards,FIRST_OBSERVED,2026-09-07T23:45:27.890169+00:00,2026-09-07T23:45:27+00:00,0,0.18,0.72,0.28,0.8200000000000001,market_object,PASS,
2026-09-07T23:45:27.890169+00:00,2026,1,2026_01_BAL_IND,BAL@IND,2026-09-13T17:00:00+00:00,KXNFLRECYDS-26SEP13BALIND-BALDHENRY22-40,KXNFLRECYDS-26SEP13BALIND,KXNFLRECYDS,receiving_yards,BALDHENRY22,Derrick Henry: 40+ receiving yards,FIRST_OBSERVED,2026-09-07T23:45:27.890169+00:00,2026-09-07T23:45:27+00:00,0,0.05,0.07,0.9299999999999999,0.95,market_object,PASS,
2026-09-07T23:45:27.890169+00:00,2026,1,2026_01_BAL_IND,BAL@IND,2026-09-13T17:00:00+00:00,KXNFLRECYDS-26SEP13BALIND-BALDHENRY22-25,KXNFLRECYDS-26SEP13BALIND,KXNFLRECYDS,receiving_yards,BALDHENRY22,Derrick Henry: 25+ receiving yards,FIRST_OBSERVED,2026-09-07T23:45:27.890169+00:00,2026-09-07T23:45:27+00:00,0,0.18,0.19,0.81,0.8200000000000001,market_object,PASS,
2026-09-07T23:45:27.890169+00:00,2026,1,2026_01_BAL_IND,BAL@IND,2026-09-13T17:00:00+00:00,KXNFLRECYDS-26SEP13BALIND-BALDHENRY22-15,KXNFLRECYDS-26SEP13BALIND,KXNFLRECYDS,receiving_yards,BALDHENRY22,Derrick Henry: 15+ receiving yards,FIRST_OBSERVED,2026-09-07T23:45:27.890169+00:00,2026-09-07T23:45:27+00:00,0,0.18,0.3,0.7,0.8200000000000001,market_object,PASS,
2026-09-07T23:45:27.890169+00:00,2026,1,2026_01_BAL_IND,BAL@IND,2026-09-13T17:00:00+00:00,KXNFLRECYDS-26SEP13BALIND-BALJHILL43-50,KXNFLRECYDS-26SEP13BALIND,KXNFLRECYDS,receiving_yards,BALJHILL43,Justice Hill: 50+ receiving yards,FIRST_OBSERVED,2026-09-07T23:45:27.890169+00:00,2026-09-07T23:45:27+00:00,0,0.08,0.09,0.91,0.92,market_object,PASS,
2026-09-07T23:45:27.890169+00:00,2026,1,2026_01_BAL_IND,BAL@IND,2026-09-13T17:00:00+00:00,KXNFLRECYDS-26SEP13BALIND-BALJHILL43-40,KXNFLRECYDS-26SEP13BALIND,KXNFLRECYDS,receiving_yards,BALJHILL43,Justice Hill: 40+ receiving yards,FIRST_OBSERVED,2026-09-07T23:45:27.890169+00:00,2026-09-07T23:45:27+00:00,0,0.08,0.1,0.9,0.92,market_object,PASS,
2026-09-07T23:45:27.890169+00:00,2026,1,2026_01_BAL_IND,BAL@IND,2026-09-13T17:00:00+00:00,KXNFLRECYDS-26SEP13BALIND-BALJHILL43-25,KXNFLRECYDS-26SEP13BALIND,KXNFLRECYDS,receiving_yards,BALJHILL43,Justice Hill: 25+ receiving yards,FIRST_OBSERVED,2026-09-07T23:45:27.890169+00:00,2026-09-07T23:45:27+00:00,0,0.18,0.24,0.76,0.8200000000000001,market_object,PASS,
2026-09-07T23:45:27.890169+00:00,2026,1,2026_01_BAL_IND,BAL@IND,2026-09-13T17:00:00+00:00,KXNFLRECYDS-26SEP13BALIND-BALJHILL43-15,KXNFLRECYDS-26SEP13BALIND,KXNFLRECYDS,receiving_yards,BALJHILL43,Justice Hill: 15+ receiving yards,FIRST_OBSERVED,2026-09-07T23:45:27.890169+00:00,2026-09-07T23:45:27+00:00,0,0.18,0.44,0.56,0.8200000000000001,market_object,PASS,
2026-09-07T23:45:27.890169+00:00,2026,1,2026_01_BAL_IND,BAL@IND,2026-09-13T17:00:00+00:00,KXNFLRECYDS-26SEP13BALIND-INDAPIERCE14-80,KXNFLRECYDS-26SEP13BALIND,KXNFLRECYDS,receiving_yards,INDAPIERCE14,Alec Pierce: 80+ receiving yards,FIRST_OBSERVED,2026-09-07T23:45:27.890169+00:00,2026-09-07T23:45:27+00:00,0,0.18,0.23,0.77,0.8200000000000001,market_object,PASS,
2026-09-07T23:45:27.890169+00:00,2026,1,2026_01_BAL_IND,BAL@IND,2026-09-13T17:00:00+00:00,KXNFLRECYDS-26SEP13BALIND-INDAPIERCE14-70,KXNFLRECYDS-26SEP13BALIND,KXNFLRECYDS,receiving_yards,INDAPIERCE14,Alec Pierce: 70+ receiving yards,FIRST_OBSERVED,2026-09-07T23:45:27.890169+00:00,2026-09-07T23:45:27+00:00,0,0.18,0.29,0.71,0.8200000000000001,market_object,PASS,
2026-09-07T23:45:27.890169+00:00,2026,1,2026_01_BAL_IND,BAL@IND,2026-09-13T17:00:00+00:00,KXNFLRECYDS-26SEP13BALIND-INDAPIERCE14-60,KXNFLRECYDS-26SEP13BALIND,KXNFLRECYDS,receiving_yards,INDAPIERCE14,Alec Pierce: 60+ receiving yards,FIRST_OBSERVED,2026-09-07T23:45:27.890169+00:00,2026-09-07T23:45:27+00:00,0,0.18,0.39,0.61,0.8200000000000001,market_object,PASS,
2026-09-07T23:45:27.890169+00:00,2026,1,2026_01_BAL_IND,BAL@IND,2026-09-13T17:00:00+00:00,KXNFLRECYDS-26SEP13BALIND-INDAPIERCE14-50,KXNFLRECYDS-26SEP13BALIND,KXNFLRECYDS,receiving_yards,INDAPIERCE14,Alec Pierce: 50+ receiving yards,FIRST_OBSERVED,2026-09-07T23:45:27.890169+00:00,2026-09-07T23:45:27+00:00,0,0.18,0.5,0.5,0.8200000000000001,market_object,PASS,
2026-09-07T23:45:27.890169+00:00,2026,1,2026_01_BAL_IND,BAL@IND,2026-09-13T17:00:00+00:00,KXNFLRECYDS-26SEP13BALIND-INDAPIERCE14-40,KXNFLRECYDS-26SEP13BALIND,KXNFLRECYDS,receiving_yards,INDAPIERCE14,Alec Pierce: 40+ receiving yards,FIRST_OBSERVED,2026-09-07T23:45:27.890169+00:00,2026-09-07T23:45:27+00:00,0,0.18,0.63,0.37,0.8200000000000001,market_object,PASS,
2026-09-07T23:45:27.890169+00:00,2026,1,2026_01_BAL_IND,BAL@IND,2026-09-13T17:00:00+00:00,KXNFLRECYDS-26SEP13BALIND-INDAPIERCE14-25,KXNFLRECYDS-26SEP13BALIND,KXNFLRECYDS,receiving_yards,INDAPIERCE14,Alec Pierce: 25+ receiving yards,FIRST_OBSERVED,2026-09-07T23:45:27.890169+00:00,2026-09-07T23:45:27+00:00,0,0.18,0.81,0.18999999999999995,0.8200000000000001,market_object,PASS,
2026-09-07T23:45:27.890169+00:00,2026,1,2026_01_BAL_IND,BAL@IND,2026-09-13T17:00:00+00:00,KXNFLRECYDS-26SEP13BALIND-INDJTAYLOR28-60,KXNFLRECYDS-26SEP13BALIND,KXNFLRECYDS,receiving_yards,INDJTAYLOR28,Jonathan Taylor: 60+ receiving yards,FIRST_OBSERVED,2026-09-07T23:45:27.890169+00:00,2026-09-07T23:45:27+00:00,0,0.05,0.07,0.9299999999999999,0.95,market_object,PASS,
2026-09-07T23:45:27.890169+00:00,2026,1,2026_01_BAL_IND,BAL@IND,2026-09-13T17:00:00+00:00,KXNFLRECYDS-26SEP13BALIND-INDJTAYLOR28-50,KXNFLRECYDS-26SEP13BALIND,KXNFLRECYDS,receiving_yards,INDJTAYLOR28,Jonathan Taylor: 50+ receiving yards,FIRST_OBSERVED,2026-09-07T23:45:27.890169+00:00,2026-09-07T23:45:27+00:00,0,0.12,0.13,0.87,0.88,market_object,PASS,
2026-09-07T23:45:27.890169+00:00,2026,1,2026_01_BAL_IND,BAL@IND,2026-09-13T17:00:00+00:00,KXNFLRECYDS-26SEP13BALIND-INDJTAYLOR28-40,KXNFLRECYDS-26SEP13BALIND,KXNFLRECYDS,receiving_yards,INDJTAYLOR28,Jonathan Taylor: 40+ receiving yards,FIRST_OBSERVED,2026-09-07T23:45:27.890169+00:00,2026-09-07T23:45:27+00:00,0,0.18,0.19,0.81,0.8200000000000001,market_object,PASS,
2026-09-07T23:45:27.890169+00:00,2026,1,2026_01_BAL_IND,BAL@IND,2026-09-13T17:00:00+00:00,KXNFLRECYDS-26SEP13BALIND-INDJTAYLOR28-25,KXNFLRECYDS-26SEP13BALIND,KXNFLRECYDS,receiving_yards,INDJTAYLOR28,Jonathan Taylor: 25+ receiving yards,FIRST_OBSERVED,2026-09-07T23:45:27.890169+00:00,2026-09-07T23:45:27+00:00,0,0.12,0.37,0.63,0.88,market_object,PASS,
2026-09-07T23:45:27.890169+00:00,2026,1,2026_01_BAL_IND,BAL@IND,2026-09-13T17:00:00+00:00,KXNFLRECYDS-26SEP13BALIND-INDJTAYLOR28-15,KXNFLRECYDS-26SEP13BALIND,KXNFLRECYDS,receiving_yards,INDJTAYLOR28,Jonathan Taylor: 15+ receiving yards,FIRST_OBSERVED,2026-09-07T23:45:27.890169+00:00,2026-09-07T23:45:27+00:00,0,0.18,0.58,0.42000000000000004,0.8200000000000001,market_object,PASS,
2026-09-07T23:45:27.890169+00:00,2026,1,2026_01_CHI_CAR,CHI@CAR,2026-09-13T17:00:00+00:00,KXNFLRECYDS-26SEP13CHICAR-CHIKRAYMOND14-70,KXNFLRECYDS-26SEP13CHICAR,KXNFLRECYDS,receiving_yards,CHIKRAYMOND14,Kalif Raymond: 70+ receiving yards,FIRST_OBSERVED,2026-09-07T23:45:27.890169+00:00,2026-09-07T23:45:27+00:00,0,0.08,0.09,0.91,0.92,market_object,PASS,
2026-09-07T23:45:27.890169+00:00,2026,1,2026_01_CHI_CAR,CHI@CAR,2026-09-13T17:00:00+00:00,KXNFLRECYDS-26SEP13CHICAR-CHIKRAYMOND14-60,KXNFLRECYDS-26SEP13CHICAR,KXNFLRECYDS,receiving_yards,CHIKRAYMOND14,Kalif Raymond: 60+ receiving yards,FIRST_OBSERVED,2026-09-07T23:45:27.890169+00:00,2026-09-07T23:45:27+00:00,0,0.08,0.09,0.91,0.92,market_object,PASS,
2026-09-07T23:45:27.890169+00:00,2026,1,2026_01_CHI_CAR,CHI@CAR,2026-09-13T17:00:00+00:00,KXNFLRECYDS-26SEP13CHICAR-CHIKRAYMOND14-50,KXNFLRECYDS-26SEP13CHICAR,KXNFLRECYDS,receiving_yards,CHIKRAYMOND14,Kalif Raymond: 50+ receiving yards,FIRST_OBSERVED,2026-09-07T23:45:27.890169+00:00,2026-09-07T23:45:27+00:00,0,0.08,0.13,0.87,0.92,market_object,PASS,
2026-09-07T23:45:27.890169+00:00,2026,1,2026_01_CHI_CAR,CHI@CAR,2026-09-13T17:00:00+00:00,KXNFLRECYDS-26SEP13CHICAR-CHIKRAYMOND14-40,KXNFLRECYDS-26SEP13CHICAR,KXNFLRECYDS,receiving_yards,CHIKRAYMOND14,Kalif Raymond: 40+ receiving yards,FIRST_OBSERVED,2026-09-07T23:45:27.890169+00:00,2026-09-07T23:45:27+00:00,0,0.18,0.21,0.79,0.8200000000000001,market_object,PASS,
2026-09-07T23:45:27.890169+00:00,2026,1,2026_01_CHI_CAR,CHI@CAR,2026-09-13T17:00:00+00:00,KXNFLRECYDS-26SEP13CHICAR-CHIKRAYMOND14-25,KXNFLRECYDS-26SEP13CHICAR,KXNFLRECYDS,receiving_yards,CHIKRAYMOND14,Kalif Raymond: 25+ receiving yards,FIRST_OBSERVED,2026-09-07T23:45:27.890169+00:00,2026-09-07T23:45:27+00:00,0,0.18,0.4,0.6,0.8200000000000001,market_object,PASS,
2026-09-07T23:45:27.890169+00:00,2026,1,2026_01_CHI_CAR,CHI@CAR,2026-09-13T17:00:00+00:00,KXNFLRECYDS-26SEP13CHICAR-CHIKRAYMOND14-15,KXNFLRECYDS-26SEP13CHICAR,KXNFLRECYDS,receiving_yards,CHIKRAYMOND14,Kalif Raymond: 15+ receiving yards,FIRST_OBSERVED,2026-09-07T23:45:27.890169+00:00,2026-09-07T23:45:27+00:00,0,0.18,0.58,0.42000000000000004,0.8200000000000001,market_object,PASS,
2026-09-07T23:45:27.890169+00:00,2026,1,2026_01_SF_LA,SF@LAR,2026-09-11T00:35:00+00:00,KXNFLRECYDS-26SEP10SFLAR-SFDROBINSON5-70,KXNFLRECYDS-26SEP10SFLAR,KXNFLRECYDS,receiving_yards,SFDROBINSON5,Demarcus Robinson: 70+ receiving yards,FIRST_OBSERVED,2026-09-07T23:45:27.890169+00:00,2026-09-07T23:45:27+00:00,0,0.12,0.13,0.87,0.88,market_object,PASS,
2026-09-07T23:45:27.890169+00:00,2026,1,2026_01_SF_LA,SF@LAR,2026-09-11T00:35:00+00:00,KXNFLRECYDS-26SEP10SFLAR-SFDROBINSON5-60,KXNFLRECYDS-26SEP10SFLAR,KXNFLRECYDS,receiving_yards,SFDROBINSON5,Demarcus Robinson: 60+ receiving yards,FIRST_OBSERVED,2026-09-07T23:45:27.890169+00:00,2026-09-07T23:45:27+00:00,0,0.12,0.13,0.87,0.88,market_object,PASS,
2026-09-07T23:45:27.890169+00:00,2026,1,2026_01_SF_LA,SF@LAR,2026-09-11T00:35:00+00:00,KXNFLRECYDS-26SEP10SFLAR-SFDROBINSON5-50,KXNFLRECYDS-26SEP10SFLAR,KXNFLRECYDS,receiving_yards,SFDROBINSON5,Demarcus Robinson: 50+ receiving yards,FIRST_OBSERVED,2026-09-07T23:45:27.890169+00:00,2026-09-07T23:45:27+00:00,0,0.12,0.13,0.87,0.88,market_object,PASS,
2026-09-07T23:45:27.890169+00:00,2026,1,2026_01_SF_LA,SF@LAR,2026-09-11T00:35:00+00:00,KXNFLRECYDS-26SEP10SFLAR-SFDROBINSON5-40,KXNFLRECYDS-26SEP10SFLAR,KXNFLRECYDS,receiving_yards,SFDROBINSON5,Demarcus Robinson: 40+ receiving yards,FIRST_OBSERVED,2026-09-07T23:45:27.890169+00:00,2026-09-07T23:45:27+00:00,0,0.18,0.19,0.81,0.8200000000000001,market_object,PASS,
2026-09-07T23:45:27.890169+00:00,2026,1,2026_01_SF_LA,SF@LAR,2026-09-11T00:35:00+00:00,KXNFLRECYDS-26SEP10SFLAR-SFDROBINSON5-25,KXNFLRECYDS-26SEP10SFLAR,KXNFLRECYDS,receiving_yards,SFDROBINSON5,Demarcus Robinson: 25+ receiving yards,FIRST_OBSERVED,2026-09-07T23:45:27.890169+00:00,2026-09-07T23:45:27+00:00,0,0.18,0.33,0.6699999999999999,0.8200000000000001,market_object,PASS,
2026-09-07T23:45:27.890169+00:00,2026,1,2026_01_SF_LA,SF@LAR,2026-09-11T00:35:00+00:00,KXNFLRECYDS-26SEP10SFLAR-SFDROBINSON5-15,KXNFLRECYDS-26SEP10SFLAR,KXNFLRECYDS,receiving_yards,SFDROBINSON5,Demarcus Robinson: 15+ receiving yards,FIRST_OBSERVED,2026-09-07T23:45:27.890169+00:00,2026-09-07T23:45:27+00:00,0,0.18,0.51,0.49,0.8200000000000001,market_object,PASS,
2026-09-07T23:45:27.890169+00:00,2026,1,2026_01_NE_SEA,NE@SEA,2026-09-10T00:20:00+00:00,KXNFLRECYDS-26SEP09NESEA-SEAGHOLANI36-50,KXNFLRECYDS-26SEP09NESEA,KXNFLRECYDS,receiving_yards,SEAGHOLANI36,George Holani: 50+ receiving yards,FIRST_OBSERVED,2026-09-07T23:45:27.890169+00:00,2026-09-07T23:45:27+00:00,0,0.08,0.09,0.91,0.92,market_object,PASS,
2026-09-07T23:45:27.890169+00:00,2026,1,2026_01_NE_SEA,NE@SEA,2026-09-10T00:20:00+00:00,KXNFLRECYDS-26SEP09NESEA-SEAGHOLANI36-40,KXNFLRECYDS-26SEP09NESEA,KXNFLRECYDS,receiving_yards,SEAGHOLANI36,George Holani: 40+ receiving yards,FIRST_OBSERVED,2026-09-07T23:45:27.890169+00:00,2026-09-07T23:45:27+00:00,0,0.12,0.13,0.87,0.88,market_object,PASS,
2026-09-07T23:45:27.890169+00:00,2026,1,2026_01_NE_SEA,NE@SEA,2026-09-10T00:20:00+00:00,KXNFLRECYDS-26SEP09NESEA-SEAGHOLANI36-25,KXNFLRECYDS-26SEP09NESEA,KXNFLRECYDS,receiving_yards,SEAGHOLANI36,George Holani: 25+ receiving yards,FIRST_OBSERVED,2026-09-07T23:45:27.890169+00:00,2026-09-07T23:45:27+00:00,0,0.18,0.24,0.76,0.8200000000000001,market_object,PASS,
2026-09-07T23:45:27.890169+00:00,2026,1,2026_01_NE_SEA,NE@SEA,2026-09-10T00:20:00+00:00,KXNFLRECYDS-26SEP09NESEA-SEAGHOLANI36-15,KXNFLRECYDS-26SEP09NESEA,KXNFLRECYDS,receiving_yards,SEAGHOLANI36,George Holani: 15+ receiving yards,FIRST_OBSERVED,2026-09-07T23:45:27.890169+00:00,2026-09-07T23:45:27+00:00,0,0.18,0.42,0.5800000000000001,0.8200000000000001,market_object,PASS,
2026-09-07T23:45:27.890169+00:00,2026,1,2026_01_BAL_IND,BAL@IND,2026-09-13T17:00:00+00:00,KXNFLREC-26SEP13BALIND-BALJLANE6-6,KXNFLREC-26SEP13BALIND,KXNFLREC,receptions,BALJLANE6,Ja'Kobi Lane: 6+ receptions,FIRST_OBSERVED,2026-09-07T23:45:27.890169+00:00,2026-09-07T23:45:27+00:00,0,0.0,0.04,0.96,1.0,market_object,PASS,
2026-09-07T23:45:27.890169+00:00,2026,1,2026_01_BAL_IND,BAL@IND,2026-09-13T17:00:00+00:00,KXNFLREC-26SEP13BALIND-BALJLANE6-5,KXNFLREC-26SEP13BALIND,KXNFLREC,receptions,BALJLANE6,Ja'Kobi Lane: 5+ receptions,FIRST_OBSERVED,2026-09-07T23:45:27.890169+00:00,2026-09-07T23:45:27+00:00,0,0.0,0.07,0.9299999999999999,1.0,market_object,PASS,
2026-09-07T23:45:27.890169+00:00,2026,1,2026_01_BAL_IND,BAL@IND,2026-09-13T17:00:00+00:00,KXNFLREC-26SEP13BALIND-BALJLANE6-4,KXNFLREC-26SEP13BALIND,KXNFLREC,receptions,BALJLANE6,Ja'Kobi Lane: 4+ receptions,FIRST_OBSERVED,2026-09-07T23:45:27.890169+00:00,2026-09-07T23:45:27+00:00,0,0.03,0.14,0.86,0.97,market_object,PASS,
2026-09-07T23:45:27.890169+00:00,2026,1,2026_01_BAL_IND,BAL@IND,2026-09-13T17:00:00+00:00,KXNFLREC-26SEP13BALIND-BALJLANE6-3,KXNFLREC-26SEP13BALIND,KXNFLREC,receptions,BALJLANE6,Ja'Kobi Lane: 3+ receptions,FIRST_OBSERVED,2026-09-07T23:45:27.890169+00:00,2026-09-07T23:45:27+00:00,0,0.03,0.31,0.69,0.97,market_object,PASS,
2026-09-07T23:45:27.890169+00:00,2026,1,2026_01_BAL_IND,BAL@IND,2026-09-13T17:00:00+00:00,KXNFLREC-26SEP13BALIND-BALJLANE6-2,KXNFLREC-26SEP13BALIND,KXNFLREC,receptions,BALJLANE6,Ja'Kobi Lane: 2+ receptions,FIRST_OBSERVED,2026-09-07T23:45:27.890169+00:00,2026-09-07T23:45:27+00:00,0,0.51,0.57,0.43000000000000005,0.49,market_object,PASS,
2026-09-07T23:45:27.890169+00:00,2026,1,2026_01_BAL_IND,BAL@IND,2026-09-13T17:00:00+00:00,KXNFLREC-26SEP13BALIND-BALRBATEMAN7-6,KXNFLREC-26SEP13BALIND,KXNFLREC,receptions,BALRBATEMAN7,Rashod Bateman: 6+ receptions,FIRST_OBSERVED,2026-09-07T23:45:27.890169+00:00,2026-09-07T23:45:27+00:00,0,0.02,0.05,0.95,0.98,market_object,PASS,
2026-09-07T23:45:27.890169+00:00,2026,1,2026_01_BAL_IND,BAL@IND,2026-09-13T17:00:00+00:00,KXNFLREC-26SEP13BALIND-BALRBATEMAN7-5,KXNFLREC-26SEP13BALIND,KXNFLREC,receptions,BALRBATEMAN7,Rashod Bateman: 5+ receptions,FIRST_OBSERVED,2026-09-07T23:45:27.890169+00:00,2026-09-07T23:45:27+00:00,0,0.02,0.09,0.91,0.98,market_object,PASS,
2026-09-07T23:45:27.890169+00:00,2026,1,2026_01_BAL_IND,BAL@IND,2026-09-13T17:00:00+00:00,KXNFLREC-26SEP13BALIND-BALRBATEMAN7-4,KXNFLREC-26SEP13BALIND,KXNFLREC,receptions,BALRBATEMAN7,Rashod Bateman: 4+ receptions,FIRST_OBSERVED,2026-09-07T23:45:27.890169+00:00,2026-09-07T23:45:27+00:00,0,0.02,0.19,0.81,0.98,market_object,PASS,
2026-09-07T23:45:27.890169+00:00,2026,1,2026_01_BAL_IND,BAL@IND,2026-09-13T17:00:00+00:00,KXNFLREC-26SEP13BALIND-BALRBATEMAN7-3,KXNFLREC-26SEP13BALIND,KXNFLREC,receptions,BALRBATEMAN7,Rashod Bateman: 3+ receptions,FIRST_OBSERVED,2026-09-07T23:45:27.890169+00:00,2026-09-07T23:45:27+00:00,0,0.33,0.39,0.61,0.6699999999999999,market_object,PASS,
2026-09-07T23:45:27.890169+00:00,2026,1,2026_01_BAL_IND,BAL@IND,2026-09-13T17:00:00+00:00,KXNFLREC-26SEP13BALIND-BALRBATEMAN7-2,KXNFLREC-26SEP13BALIND,KXNFLREC,receptions,BALRBATEMAN7,Rashod Bateman: 2+ receptions,FIRST_OBSERVED,2026-09-07T23:45:27.890169+00:00,2026-09-07T23:45:27+00:00,0,0.61,0.65,0.35,0.39,market_object,PASS,
2026-09-07T23:45:27.890169+00:00,2026,1,2026_01_BAL_IND,BAL@IND,2026-09-13T17:00:00+00:00,KXNFLREC-26SEP13BALIND-BALDHENRY22-4,KXNFLREC-26SEP13BALIND,KXNFLREC,receptions,BALDHENRY22,Derrick Henry: 4+ receptions,FIRST_OBSERVED,2026-09-07T23:45:27.890169+00:00,2026-09-07T23:45:27+00:00,0,0.02,0.06,0.94,0.98,market_object,PASS,
2026-09-07T23:45:27.890169+00:00,2026,1,2026_01_BAL_IND,BAL@IND,2026-09-13T17:00:00+00:00,KXNFLREC-26SEP13BALIND-BALDHENRY22-3,KXNFLREC-26SEP13BALIND,KXNFLREC,receptions,BALDHENRY22,Derrick Henry: 3+ receptions,FIRST_OBSERVED,2026-09-07T23:45:27.890169+00:00,2026-09-07T23:45:27+00:00,0,0.01,0.15,0.85,0.99,market_object,PASS,
2026-09-07T23:45:27.890169+00:00,2026,1,2026_01_BAL_IND,BAL@IND,2026-09-13T17:00:00+00:00,KXNFLREC-26SEP13BALIND-BALDHENRY22-2,KXNFLREC-26SEP13BALIND,KXNFLREC,receptions,BALDHENRY22,Derrick Henry: 2+ receptions,FIRST_OBSERVED,2026-09-07T23:45:27.890169+00:00,2026-09-07T23:45:27+00:00,0,0.31,0.36,0.64,0.69,market_object,PASS,
2026-09-07T23:45:27.890169+00:00,2026,1,2026_01_BAL_IND,BAL@IND,2026-09-13T17:00:00+00:00,KXNFLREC-26SEP13BALIND-BALJHILL43-6,KXNFLREC-26SEP13BALIND,KXNFLREC,receptions,BALJHILL43,Justice Hill: 6+ receptions,FIRST_OBSERVED,2026-09-07T23:45:27.890169+00:00,2026-09-07T23:45:27+00:00,0,0.0,0.05,0.95,1.0,market_object,PASS,
2026-09-07T23:45:27.890169+00:00,2026,1,2026_01_BAL_IND,BAL@IND,2026-09-13T17:00:00+00:00,KXNFLREC-26SEP13BALIND-BALJHILL43-5,KXNFLREC-26SEP13BALIND,KXNFLREC,receptions,BALJHILL43,Justice Hill: 5+ receptions,FIRST_OBSERVED,2026-09-07T23:45:27.890169+00:00,2026-09-07T23:45:27+00:00,0,0.0,0.11,0.89,1.0,market_object,PASS,
2026-09-07T23:45:27.890169+00:00,2026,1,2026_01_BAL_IND,BAL@IND,2026-09-13T17:00:00+00:00,KXNFLREC-26SEP13BALIND-BALJHILL43-4,KXNFLREC-26SEP13BALIND,KXNFLREC,receptions,BALJHILL43,Justice Hill: 4+ receptions,FIRST_OBSERVED,2026-09-07T23:45:27.890169+00:00,2026-09-07T23:45:27+00:00,0,0.02,0.22,0.78,0.98,market_object,PASS,
2026-09-07T23:45:27.890169+00:00,2026,1,2026_01_BAL_IND,BAL@IND,2026-09-13T17:00:00+00:00,KXNFLREC-26SEP13BALIND-BALJHILL43-3,KXNFLREC-26SEP13BALIND,KXNFLREC,receptions,BALJHILL43,Justice Hill: 3+ receptions,FIRST_OBSERVED,2026-09-07T23:45:27.890169+00:00,2026-09-07T23:45:27+00:00,0,0.36,0.4,0.6,0.64,market_object,PASS,
2026-09-07T23:45:27.890169+00:00,2026,1,2026_01_BAL_IND,BAL@IND,2026-09-13T17:00:00+00:00,KXNFLREC-26SEP13BALIND-BALJHILL43-2,KXNFLREC-26SEP13BALIND,KXNFLREC,receptions,BALJHILL43,Justice Hill: 2+ receptions,FIRST_OBSERVED,2026-09-07T23:45:27.890169+00:00,2026-09-07T23:45:27+00:00,0,0.02,0.67,0.32999999999999996,0.98,market_object,PASS,
2026-09-07T23:45:27.890169+00:00,2026,1,2026_01_BAL_IND,BAL@IND,2026-09-13T17:00:00+00:00,KXNFLREC-26SEP13BALIND-INDAPIERCE14-8,KXNFLREC-26SEP13BALIND,KXNFLREC,receptions,INDAPIERCE14,Alec Pierce: 8+ receptions,FIRST_OBSERVED,2026-09-07T23:45:27.890169+00:00,2026-09-07T23:45:27+00:00,0,0.0,0.07,0.9299999999999999,1.0,market_object,PASS,
2026-09-07T23:45:27.890169+00:00,2026,1,2026_01_BAL_IND,BAL@IND,2026-09-13T17:00:00+00:00,KXNFLREC-26SEP13BALIND-INDAPIERCE14-7,KXNFLREC-26SEP13BALIND,KXNFLREC,receptions,INDAPIERCE14,Alec Pierce: 7+ receptions,FIRST_OBSERVED,2026-09-07T23:45:27.890169+00:00,2026-09-07T23:45:27+00:00,0,0.0,0.12,0.88,1.0,market_object,PASS,
2026-09-07T23:45:27.890169+00:00,2026,1,2026_01_BAL_IND,BAL@IND,2026-09-13T17:00:00+00:00,KXNFLREC-26SEP13BALIND-INDAPIERCE14-6,KXNFLREC-26SEP13BALIND,KXNFLREC,receptions,INDAPIERCE14,Alec Pierce: 6+ receptions,FIRST_OBSERVED,2026-09-07T23:45:27.890169+00:00,2026-09-07T23:45:27+00:00,0,0.0,0.2,0.8,1.0,market_object,PASS,
2026-09-07T23:45:27.890169+00:00,2026,1,2026_01_BAL_IND,BAL@IND,2026-09-13T17:00:00+00:00,KXNFLREC-26SEP13BALIND-INDAPIERCE14-5,KXNFLREC-26SEP13BALIND,KXNFLREC,receptions,INDAPIERCE14,Alec Pierce: 5+ receptions,FIRST_OBSERVED,2026-09-07T23:45:27.890169+00:00,2026-09-07T23:45:27+00:00,0,0.0,0.33,0.6699999999999999,1.0,market_object,PASS,
2026-09-07T23:45:27.890169+00:00,2026,1,2026_01_BAL_IND,BAL@IND,2026-09-13T17:00:00+00:00,KXNFLREC-26SEP13BALIND-INDAPIERCE14-4,KXNFLREC-26SEP13BALIND,KXNFLREC,receptions,INDAPIERCE14,Alec Pierce: 4+ receptions,FIRST_OBSERVED,2026-09-07T23:45:27.890169+00:00,2026-09-07T23:45:27+00:00,0,0.48,0.54,0.45999999999999996,0.52,market_object,PASS,
2026-09-07T23:45:27.890169+00:00,2026,1,2026_01_BAL_IND,BAL@IND,2026-09-13T17:00:00+00:00,KXNFLREC-26SEP13BALIND-INDAPIERCE14-3,KXNFLREC-26SEP13BALIND,KXNFLREC,receptions,INDAPIERCE14,Alec Pierce: 3+ receptions,FIRST_OBSERVED,2026-09-07T23:45:27.890169+00:00,2026-09-07T23:45:27+00:00,0,0.02,0.73,0.27,0.98,market_object,PASS,
2026-09-07T23:45:27.890169+00:00,2026,1,2026_01_BAL_IND,BAL@IND,2026-09-13T17:00:00+00:00,KXNFLREC-26SEP13BALIND-INDAPIERCE14-2,KXNFLREC-26SEP13BALIND,KXNFLREC,receptions,INDAPIERCE14,Alec Pierce: 2+ receptions,FIRST_OBSERVED,2026-09-07T23:45:27.890169+00:00,2026-09-07T23:45:27+00:00,0,0.01,0.91,0.08999999999999997,0.99,market_object,PASS,
2026-09-07T23:45:27.890169+00:00,2026,1,2026_01_BAL_IND,BAL@IND,2026-09-13T17:00:00+00:00,KXNFLREC-26SEP13BALIND-INDJTAYLOR28-8,KXNFLREC-26SEP13BALIND,KXNFLREC,receptions,INDJTAYLOR28,Jonathan Taylor: 8+ receptions,FIRST_OBSERVED,2026-09-07T23:45:27.890169+00:00,2026-09-07T23:45:27+00:00,0,0.0,0.04,0.96,1.0,market_object,PASS,
2026-09-07T23:45:27.890169+00:00,2026,1,2026_01_BAL_IND,BAL@IND,2026-09-13T17:00:00+00:00,KXNFLREC-26SEP13BALIND-INDJTAYLOR28-7,KXNFLREC-26SEP13BALIND,KXNFLREC,receptions,INDJTAYLOR28,Jonathan Taylor: 7+ receptions,FIRST_OBSERVED,2026-09-07T23:45:27.890169+00:00,2026-09-07T23:45:27+00:00,0,0.0,0.06,0.94,1.0,market_object,PASS,
2026-09-07T23:45:27.890169+00:00,2026,1,2026_01_BAL_IND,BAL@IND,2026-09-13T17:00:00+00:00,KXNFLREC-26SEP13BALIND-INDJTAYLOR28-6,KXNFLREC-26SEP13BALIND,KXNFLREC,receptions,INDJTAYLOR28,Jonathan Taylor: 6+ receptions,FIRST_OBSERVED,2026-09-07T23:45:27.890169+00:00,2026-09-07T23:45:27+00:00,0,0.0,0.11,0.89,1.0,market_object,PASS,
2026-09-07T23:45:27.890169+00:00,2026,1,2026_01_BAL_IND,BAL@IND,2026-09-13T17:00:00+00:00,KXNFLREC-26SEP13BALIND-INDJTAYLOR28-5,KXNFLREC-26SEP13BALIND,KXNFLREC,receptions,INDJTAYLOR28,Jonathan Taylor: 5+ receptions,FIRST_OBSERVED,2026-09-07T23:45:27.890169+00:00,2026-09-07T23:45:27+00:00,0,0.0,0.21,0.79,1.0,market_object,PASS,
2026-09-07T23:45:27.890169+00:00,2026,1,2026_01_BAL_IND,BAL@IND,2026-09-13T17:00:00+00:00,KXNFLREC-26SEP13BALIND-INDJTAYLOR28-4,KXNFLREC-26SEP13BALIND,KXNFLREC,receptions,INDJTAYLOR28,Jonathan Taylor: 4+ receptions,FIRST_OBSERVED,2026-09-07T23:45:27.890169+00:00,2026-09-07T23:45:27+00:00,0,0.02,0.37,0.63,0.98,market_object,PASS,
2026-09-07T23:45:27.890169+00:00,2026,1,2026_01_BAL_IND,BAL@IND,2026-09-13T17:00:00+00:00,KXNFLREC-26SEP13BALIND-INDJTAYLOR28-3,KXNFLREC-26SEP13BALIND,KXNFLREC,receptions,INDJTAYLOR28,Jonathan Taylor: 3+ receptions,FIRST_OBSERVED,2026-09-07T23:45:27.890169+00:00,2026-09-07T23:45:27+00:00,0,0.56,0.58,0.42000000000000004,0.43999999999999995,market_object,PASS,
2026-09-07T23:45:27.890169+00:00,2026,1,2026_01_BAL_IND,BAL@IND,2026-09-13T17:00:00+00:00,KXNFLREC-26SEP13BALIND-INDJTAYLOR28-2,KXNFLREC-26SEP13BALIND,KXNFLREC,receptions,INDJTAYLOR28,Jonathan Taylor: 2+ receptions,FIRST_OBSERVED,2026-09-07T23:45:27.890169+00:00,2026-09-07T23:45:27+00:00,0,0.02,0.82,0.18000000000000005,0.98,market_object,PASS,
2026-09-07T23:45:27.890169+00:00,2026,1,2026_01_CHI_CAR,CHI@CAR,2026-09-13T17:00:00+00:00,KXNFLREC-26SEP13CHICAR-CHIKRAYMOND14-6,KXNFLREC-26SEP13CHICAR,KXNFLREC,receptions,CHIKRAYMOND14,Kalif Raymond: 6+ receptions,FIRST_OBSERVED,2026-09-07T23:45:27.890169+00:00,2026-09-07T23:45:27+00:00,0,0.02,0.04,0.96,0.98,market_object,PASS,
2026-09-07T23:45:27.890169+00:00,2026,1,2026_01_CHI_CAR,CHI@CAR,2026-09-13T17:00:00+00:00,KXNFLREC-26SEP13CHICAR-CHIKRAYMOND14-5,KXNFLREC-26SEP13CHICAR,KXNFLREC,receptions,CHIKRAYMOND14,Kalif Raymond: 5+ receptions,FIRST_OBSERVED,2026-09-07T23:45:27.890169+00:00,2026-09-07T23:45:27+00:00,0,0.02,0.07,0.9299999999999999,0.98,market_object,PASS,
2026-09-07T23:45:27.890169+00:00,2026,1,2026_01_CHI_CAR,CHI@CAR,2026-09-13T17:00:00+00:00,KXNFLREC-26SEP13CHICAR-CHIKRAYMOND14-4,KXNFLREC-26SEP13CHICAR,KXNFLREC,receptions,CHIKRAYMOND14,Kalif Raymond: 4+ receptions,FIRST_OBSERVED,2026-09-07T23:45:27.890169+00:00,2026-09-07T23:45:27+00:00,0,0.03,0.15,0.85,0.97,market_object,PASS,
2026-09-07T23:45:27.890169+00:00,2026,1,2026_01_CHI_CAR,CHI@CAR,2026-09-13T17:00:00+00:00,KXNFLREC-26SEP13CHICAR-CHIKRAYMOND14-3,KXNFLREC-26SEP13CHICAR,KXNFLREC,receptions,CHIKRAYMOND14,Kalif Raymond: 3+ receptions,FIRST_OBSERVED,2026-09-07T23:45:27.890169+00:00,2026-09-07T23:45:27+00:00,0,0.03,0.31,0.69,0.97,market_object,PASS,
2026-09-07T23:45:27.890169+00:00,2026,1,2026_01_CHI_CAR,CHI@CAR,2026-09-13T17:00:00+00:00,KXNFLREC-26SEP13CHICAR-CHIKRAYMOND14-2,KXNFLREC-26SEP13CHICAR,KXNFLREC,receptions,CHIKRAYMOND14,Kalif Raymond: 2+ receptions,FIRST_OBSERVED,2026-09-07T23:45:27.890169+00:00,2026-09-07T23:45:27+00:00,0,0.51,0.57,0.43000000000000005,0.49,market_object,PASS,
2026-09-07T23:45:27.890169+00:00,2026,1,2026_01_SF_LA,SF@LAR,2026-09-11T00:35:00+00:00,KXNFLREC-26SEP10SFLAR-SFDROBINSON5-5,KXNFLREC-26SEP10SFLAR,KXNFLREC,receptions,SFDROBINSON5,Demarcus Robinson: 5+ receptions,FIRST_OBSERVED,2026-09-07T23:45:27.890169+00:00,2026-09-07T23:45:27+00:00,0,0.02,0.04,0.96,0.98,market_object,PASS,
2026-09-07T23:45:27.890169+00:00,2026,1,2026_01_SF_LA,SF@LAR,2026-09-11T00:35:00+00:00,KXNFLREC-26SEP10SFLAR-SFDROBINSON5-4,KXNFLREC-26SEP10SFLAR,KXNFLREC,receptions,SFDROBINSON5,Demarcus Robinson: 4+ receptions,FIRST_OBSERVED,2026-09-07T23:45:27.890169+00:00,2026-09-07T23:45:27+00:00,0,0.02,0.08,0.92,0.98,market_object,PASS,
2026-09-07T23:45:27.890169+00:00,2026,1,2026_01_SF_LA,SF@LAR,2026-09-11T00:35:00+00:00,KXNFLREC-26SEP10SFLAR-SFDROBINSON5-3,KXNFLREC-26SEP10SFLAR,KXNFLREC,receptions,SFDROBINSON5,Demarcus Robinson: 3+ receptions,FIRST_OBSERVED,2026-09-07T23:45:27.890169+00:00,2026-09-07T23:45:27+00:00,0,0.03,0.18,0.8200000000000001,0.97,market_object,PASS,
2026-09-07T23:45:27.890169+00:00,2026,1,2026_01_SF_LA,SF@LAR,2026-09-11T00:35:00+00:00,KXNFLREC-26SEP10SFLAR-SFDROBINSON5-2,KXNFLREC-26SEP10SFLAR,KXNFLREC,receptions,SFDROBINSON5,Demarcus Robinson: 2+ receptions,FIRST_OBSERVED,2026-09-07T23:45:27.890169+00:00,2026-09-07T23:45:27+00:00,0,0.35,0.39,0.61,0.65,market_object,PASS,
2026-09-07T23:45:27.890169+00:00,2026,1,2026_01_NE_SEA,NE@SEA,2026-09-10T00:20:00+00:00,KXNFLREC-26SEP09NESEA-SEAGHOLANI36-6,KXNFLREC-26SEP09NESEA,KXNFLREC,receptions,SEAGHOLANI36,George Holani: 6+ receptions,FIRST_OBSERVED,2026-09-07T23:45:27.890169+00:00,2026-09-07T23:45:27+00:00,0,0.02,0.04,0.96,0.98,market_object,PASS,
2026-09-07T23:45:27.890169+00:00,2026,1,2026_01_NE_SEA,NE@SEA,2026-09-10T00:20:00+00:00,KXNFLREC-26SEP09NESEA-SEAGHOLANI36-5,KXNFLREC-26SEP09NESEA,KXNFLREC,receptions,SEAGHOLANI36,George Holani: 5+ receptions,FIRST_OBSERVED,2026-09-07T23:45:27.890169+00:00,2026-09-07T23:45:27+00:00,0,0.03,0.07,0.9299999999999999,0.97,market_object,PASS,
2026-09-07T23:45:27.890169+00:00,2026,1,2026_01_NE_SEA,NE@SEA,2026-09-10T00:20:00+00:00,KXNFLREC-26SEP09NESEA-SEAGHOLANI36-4,KXNFLREC-26SEP09NESEA,KXNFLREC,receptions,SEAGHOLANI36,George Holani: 4+ receptions,FIRST_OBSERVED,2026-09-07T23:45:27.890169+00:00,2026-09-07T23:45:27+00:00,0,0.03,0.16,0.84,0.97,market_object,PASS,
2026-09-07T23:45:27.890169+00:00,2026,1,2026_01_NE_SEA,NE@SEA,2026-09-10T00:20:00+00:00,KXNFLREC-26SEP09NESEA-SEAGHOLANI36-3,KXNFLREC-26SEP09NESEA,KXNFLREC,receptions,SEAGHOLANI36,George Holani: 3+ receptions,FIRST_OBSERVED,2026-09-07T23:45:27.890169+00:00,2026-09-07T23:45:27+00:00,0,0.03,0.33,0.6699999999999999,0.97,market_object,PASS,
2026-09-07T23:45:27.890169+00:00,2026,1,2026_01_NE_SEA,NE@SEA,2026-09-10T00:20:00+00:00,KXNFLREC-26SEP09NESEA-SEAGHOLANI36-2,KXNFLREC-26SEP09NESEA,KXNFLREC,receptions,SEAGHOLANI36,George Holani: 2+ receptions,FIRST_OBSERVED,2026-09-07T23:45:27.890169+00:00,2026-09-07T23:45:27+00:00,0,0.54,0.58,0.42000000000000004,0.45999999999999996,market_object,PASS,
2026-09-07T23:45:27.890169+00:00,2026,1,2026_01_BAL_IND,BAL@IND,2026-09-13T17:00:00+00:00,KXNFLRSHYDS-26SEP13BALIND-BALJHILL43-40,KXNFLRSHYDS-26SEP13BALIND,KXNFLRSHYDS,rushing_yards,BALJHILL43,Justice Hill: 40+ rushing yards,FIRST_OBSERVED,2026-09-07T23:45:27.890169+00:00,2026-09-07T23:45:27+00:00,0,0.08,0.09,0.91,0.92,market_object,PASS,
2026-09-07T23:45:27.890169+00:00,2026,1,2026_01_BAL_IND,BAL@IND,2026-09-13T17:00:00+00:00,KXNFLRSHYDS-26SEP13BALIND-BALJHILL43-30,KXNFLRSHYDS-26SEP13BALIND,KXNFLRSHYDS,rushing_yards,BALJHILL43,Justice Hill: 30+ rushing yards,FIRST_OBSERVED,2026-09-07T23:45:27.890169+00:00,2026-09-07T23:45:27+00:00,0,0.09,0.12,0.88,0.91,market_object,PASS,
2026-09-07T23:45:27.890169+00:00,2026,1,2026_01_BAL_IND,BAL@IND,2026-09-13T17:00:00+00:00,KXNFLRSHYDS-26SEP13BALIND-BALJHILL43-25,KXNFLRSHYDS-26SEP13BALIND,KXNFLRSHYDS,rushing_yards,BALJHILL43,Justice Hill: 25+ rushing yards,FIRST_OBSERVED,2026-09-07T23:45:27.890169+00:00,2026-09-07T23:45:27+00:00,0,0.18,0.19,0.81,0.8200000000000001,market_object,PASS,
2026-09-07T23:45:27.890169+00:00,2026,1,2026_01_BAL_IND,BAL@IND,2026-09-13T17:00:00+00:00,KXNFLRSHYDS-26SEP13BALIND-BALJHILL43-20,KXNFLRSHYDS-26SEP13BALIND,KXNFLRSHYDS,rushing_yards,BALJHILL43,Justice Hill: 20+ rushing yards,FIRST_OBSERVED,2026-09-07T23:45:27.890169+00:00,2026-09-07T23:45:27+00:00,0,0.25,0.26,0.74,0.75,market_object,PASS,
2026-09-07T23:45:27.890169+00:00,2026,1,2026_01_BAL_IND,BAL@IND,2026-09-13T17:00:00+00:00,KXNFLRSHYDS-26SEP13BALIND-BALJHILL43-15,KXNFLRSHYDS-26SEP13BALIND,KXNFLRSHYDS,rushing_yards,BALJHILL43,Justice Hill: 15+ rushing yards,FIRST_OBSERVED,2026-09-07T23:45:27.890169+00:00,2026-09-07T23:45:27+00:00,0,0.25,0.33,0.6699999999999999,0.75,market_object,PASS,
2026-09-07T23:45:27.890169+00:00,2026,1,2026_01_BAL_IND,BAL@IND,2026-09-13T17:00:00+00:00,KXNFLRSHYDS-26SEP13BALIND-BALJHILL43-10,KXNFLRSHYDS-26SEP13BALIND,KXNFLRSHYDS,rushing_yards,BALJHILL43,Justice Hill: 10+ rushing yards,FIRST_OBSERVED,2026-09-07T23:45:27.890169+00:00,2026-09-07T23:45:27+00:00,0,0.47,0.52,0.48,0.53,market_object,PASS,
2026-09-07T23:45:27.890169+00:00,2026,1,2026_01_BAL_IND,BAL@IND,2026-09-13T17:00:00+00:00,KXNFLRSHYDS-26SEP13BALIND-INDDJONES17-40,KXNFLRSHYDS-26SEP13BALIND,KXNFLRSHYDS,rushing_yards,INDDJONES17,Daniel Jones: 40+ rushing yards,FIRST_OBSERVED,2026-09-07T23:45:27.890169+00:00,2026-09-07T23:45:27+00:00,0,0.05,0.07,0.9299999999999999,0.95,market_object,PASS,
2026-09-07T23:45:27.890169+00:00,2026,1,2026_01_BAL_IND,BAL@IND,2026-09-13T17:00:00+00:00,KXNFLRSHYDS-26SEP13BALIND-INDDJONES17-30,KXNFLRSHYDS-26SEP13BALIND,KXNFLRSHYDS,rushing_yards,INDDJONES17,Daniel Jones: 30+ rushing yards,FIRST_OBSERVED,2026-09-07T23:45:27.890169+00:00,2026-09-07T23:45:27+00:00,0,0.09,0.13,0.87,0.91,market_object,PASS,
2026-09-07T23:45:27.890169+00:00,2026,1,2026_01_BAL_IND,BAL@IND,2026-09-13T17:00:00+00:00,KXNFLRSHYDS-26SEP13BALIND-INDDJONES17-25,KXNFLRSHYDS-26SEP13BALIND,KXNFLRSHYDS,rushing_yards,INDDJONES17,Daniel Jones: 25+ rushing yards,FIRST_OBSERVED,2026-09-07T23:45:27.890169+00:00,2026-09-07T23:45:27+00:00,0,0.25,0.26,0.74,0.75,market_object,PASS,
2026-09-07T23:45:27.890169+00:00,2026,1,2026_01_BAL_IND,BAL@IND,2026-09-13T17:00:00+00:00,KXNFLRSHYDS-26SEP13BALIND-INDDJONES17-20,KXNFLRSHYDS-26SEP13BALIND,KXNFLRSHYDS,rushing_yards,INDDJONES17,Daniel Jones: 20+ rushing yards,FIRST_OBSERVED,2026-09-07T23:45:27.890169+00:00,2026-09-07T23:45:27+00:00,0,0.26,0.29,0.71,0.74,market_object,PASS,
2026-09-07T23:45:27.890169+00:00,2026,1,2026_01_BAL_IND,BAL@IND,2026-09-13T17:00:00+00:00,KXNFLRSHYDS-26SEP13BALIND-INDDJONES17-15,KXNFLRSHYDS-26SEP13BALIND,KXNFLRSHYDS,rushing_yards,INDDJONES17,Daniel Jones: 15+ rushing yards,FIRST_OBSERVED,2026-09-07T23:45:27.890169+00:00,2026-09-07T23:45:27+00:00,0,0.25,0.42,0.5800000000000001,0.75,market_object,PASS,
2026-09-07T23:45:27.890169+00:00,2026,1,2026_01_BAL_IND,BAL@IND,2026-09-13T17:00:00+00:00,KXNFLRSHYDS-26SEP13BALIND-INDDJONES17-10,KXNFLRSHYDS-26SEP13BALIND,KXNFLRSHYDS,rushing_yards,INDDJONES17,Daniel Jones: 10+ rushing yards,FIRST_OBSERVED,2026-09-07T23:45:27.890169+00:00,2026-09-07T23:45:27+00:00,0,0.25,0.6,0.4,0.75,market_object,PASS,
