market_ticker,game_id,player_id,threshold,model_version,calibration_version,generated_at,fair_yes,fair_no,raw_fair_yes,projection,residual_sd,position,season_games_before,prior_targets_r3,context_flags,qc_status,qc_reason
KXNFLRECYDS-26OCT11HOUTEN-HOUDSCHULTZ86-110,2026_05_HOU_TEN,00-0034383,110.0,NFL-REC-RIDGE-NORMALSD-ISO-v1,2024-25-WALKFORWARD-ISO-v1,2026-10-07T23:44:40.917343+00:00,0.0133852140077821,0.9866147859922179,0.001086609712565243,38.396056532473075,23.358161397828415,TE,4,6.333333333333333,,MODEL_AVAILABLE,INDEPENDENT_MODEL_RESEARCH_ONLY
KXNFLRECYDS-26OCT11HOUTEN-HOUDSCHULTZ86-100,2026_05_HOU_TEN,00-0034383,100.0,NFL-REC-RIDGE-NORMALSD-ISO-v1,2024-25-WALKFORWARD-ISO-v1,2026-10-07T23:44:40.917343+00:00,0.0261011419249592,0.9738988580750408,0.0041776721631602825,38.396056532473075,23.358161397828415,TE,4,6.333333333333333,,MODEL_AVAILABLE,INDEPENDENT_MODEL_RESEARCH_ONLY
KXNFLRECYDS-26OCT11HOUTEN-HOUDSCHULTZ86-90,2026_05_HOU_TEN,00-0034383,90.0,NFL-REC-RIDGE-NORMALSD-ISO-v1,2024-25-WALKFORWARD-ISO-v1,2026-10-07T23:44:40.917343+00:00,0.0388931591083781,0.9611068408916219,0.013578739439987742,38.396056532473075,23.358161397828415,TE,4,6.333333333333333,,MODEL_AVAILABLE,INDEPENDENT_MODEL_RESEARCH_ONLY
KXNFLRECYDS-26OCT11HOUTEN-HOUDSCHULTZ86-80,2026_05_HOU_TEN,00-0034383,80.0,NFL-REC-RIDGE-NORMALSD-ISO-v1,2024-25-WALKFORWARD-ISO-v1,2026-10-07T23:44:40.917343+00:00,0.0610138248847926,0.9389861751152074,0.037445532894850656,38.396056532473075,23.358161397828415,TE,4,6.333333333333333,,MODEL_AVAILABLE,INDEPENDENT_MODEL_RESEARCH_ONLY
KXNFLRECYDS-26OCT11HOUTEN-HOUDSCHULTZ86-70,2026_05_HOU_TEN,00-0034383,70.0,NFL-REC-RIDGE-NORMALSD-ISO-v1,2024-25-WALKFORWARD-ISO-v1,2026-10-07T23:44:40.917343+00:00,0.0905911157747464,0.9094088842252536,0.08802541424848674,38.396056532473075,23.358161397828415,TE,4,6.333333333333333,,MODEL_AVAILABLE,INDEPENDENT_MODEL_RESEARCH_ONLY
KXNFLRECYDS-26OCT11HOUTEN-HOUDSCHULTZ86-60,2026_05_HOU_TEN,00-0034383,60.0,NFL-REC-RIDGE-NORMALSD-ISO-v1,2024-25-WALKFORWARD-ISO-v1,2026-10-07T23:44:40.917343+00:00,0.1613958560523446,0.8386041439476554,0.17750918613206695,38.396056532473075,23.358161397828415,TE,4,6.333333333333333,,MODEL_AVAILABLE,INDEPENDENT_MODEL_RESEARCH_ONLY
KXNFLRECYDS-26OCT11HOUTEN-HOUDSCHULTZ86-50,2026_05_HOU_TEN,00-0034383,50.0,NFL-REC-RIDGE-NORMALSD-ISO-v1,2024-25-WALKFORWARD-ISO-v1,2026-10-07T23:44:40.917343+00:00,0.2827476038338658,0.7172523961661341,0.30967095211883805,38.396056532473075,23.358161397828415,TE,4,6.333333333333333,,MODEL_AVAILABLE,INDEPENDENT_MODEL_RESEARCH_ONLY
KXNFLRECYDS-26OCT11HOUTEN-HOUDSCHULTZ86-40,2026_05_HOU_TEN,00-0034383,40.0,NFL-REC-RIDGE-NORMALSD-ISO-v1,2024-25-WALKFORWARD-ISO-v1,2026-10-07T23:44:40.917343+00:00,0.4221732745961821,0.5778267254038179,0.47262719666546327,38.396056532473075,23.358161397828415,TE,4,6.333333333333333,,MODEL_AVAILABLE,INDEPENDENT_MODEL_RESEARCH_ONLY
KXNFLRECYDS-26OCT11HOUTEN-HOUDSCHULTZ86-25,2026_05_HOU_TEN,00-0034383,25.0,,,,,,,,,,,,,UNAVAILABLE,INVALID_MODEL_INPUT: upstream model QC not PASS
KXNFLRECYDS-26OCT11HOUTEN-HOUDSCHULTZ86-15,2026_05_HOU_TEN,00-0034383,15.0,,,,,,,,,,,,,UNAVAILABLE,INVALID_MODEL_INPUT: upstream model QC not PASS
KXNFLRECYDS-26OCT11HOUTEN-HOUJNOEL13-80,2026_05_HOU_TEN,00-0040138,80.0,NFL-REC-RIDGE-NORMALSD-ISO-v1,2024-25-WALKFORWARD-ISO-v1,2026-10-07T23:44:40.917343+00:00,0.0348432055749128,0.9651567944250872,0.009624790812059553,25.326437602291996,23.358161397828415,WR,4,3.3333333333333335,,MODEL_AVAILABLE,INDEPENDENT_MODEL_RESEARCH_ONLY
KXNFLRECYDS-26OCT11HOUTEN-HOUJNOEL13-70,2026_05_HOU_TEN,00-0040138,70.0,NFL-REC-RIDGE-NORMALSD-ISO-v1,2024-25-WALKFORWARD-ISO-v1,2026-10-07T23:44:40.917343+00:00,0.0533141210374639,0.9466858789625361,0.02790308752875544,25.326437602291996,23.358161397828415,WR,4,3.3333333333333335,,MODEL_AVAILABLE,INDEPENDENT_MODEL_RESEARCH_ONLY
KXNFLRECYDS-26OCT11HOUTEN-HOUJNOEL13-60,2026_05_HOU_TEN,00-0040138,60.0,NFL-REC-RIDGE-NORMALSD-ISO-v1,2024-25-WALKFORWARD-ISO-v1,2026-10-07T23:44:40.917343+00:00,0.0822189202575532,0.9177810797424468,0.06884740142618428,25.326437602291996,23.358161397828415,WR,4,3.3333333333333335,,MODEL_AVAILABLE,INDEPENDENT_MODEL_RESEARCH_ONLY
KXNFLRECYDS-26OCT11HOUTEN-HOUJNOEL13-50,2026_05_HOU_TEN,00-0040138,50.0,NFL-REC-RIDGE-NORMALSD-ISO-v1,2024-25-WALKFORWARD-ISO-v1,2026-10-07T23:44:40.917343+00:00,0.1233243967828418,0.8766756032171582,0.14541229808028996,25.326437602291996,23.358161397828415,WR,4,3.3333333333333335,,MODEL_AVAILABLE,INDEPENDENT_MODEL_RESEARCH_ONLY
KXNFLRECYDS-26OCT11HOUTEN-HOUJNOEL13-40,2026_05_HOU_TEN,00-0040138,40.0,NFL-REC-RIDGE-NORMALSD-ISO-v1,2024-25-WALKFORWARD-ISO-v1,2026-10-07T23:44:40.917343+00:00,0.2234782608695652,0.7765217391304348,0.26493695017288393,25.326437602291996,23.358161397828415,WR,4,3.3333333333333335,,MODEL_AVAILABLE,INDEPENDENT_MODEL_RESEARCH_ONLY
KXNFLRECYDS-26OCT11HOUTEN-HOUJNOEL13-25,2026_05_HOU_TEN,00-0040138,25.0,,,,,,,,,,,,,UNAVAILABLE,INVALID_MODEL_INPUT: upstream model QC not PASS
KXNFLRECYDS-26OCT11HOUTEN-HOUJNOEL13-20,2026_05_HOU_TEN,00-0040138,20.0,,,,,,,,,,,,,UNAVAILABLE,INVALID_MODEL_INPUT: upstream model QC not PASS
KXNFLRECYDS-26OCT11HOUTEN-HOUJNOEL13-15,2026_05_HOU_TEN,00-0040138,15.0,,,,,,,,,,,,,UNAVAILABLE,INVALID_MODEL_INPUT: upstream model QC not PASS
KXNFLRECYDS-26OCT11HOUTEN-HOUDMONTGOMERY32-50,2026_05_HOU_TEN,00-0035685,50.0,NFL-REC-RIDGE-NORMALSD-ISO-v1,2024-25-WALKFORWARD-ISO-v1,2026-10-07T23:44:40.917343+00:00,0.0610138248847926,0.9389861751152074,0.04891345331533348,11.331000609367026,23.358161397828415,RB,4,1.3333333333333333,,MODEL_AVAILABLE,INDEPENDENT_MODEL_RESEARCH_ONLY
KXNFLRECYDS-26OCT11HOUTEN-HOUDMONTGOMERY32-40,2026_05_HOU_TEN,00-0035685,40.0,NFL-REC-RIDGE-NORMALSD-ISO-v1,2024-25-WALKFORWARD-ISO-v1,2026-10-07T23:44:40.917343+00:00,0.0905911157747464,0.9094088842252536,0.10984264014010417,11.331000609367026,23.358161397828415,RB,4,1.3333333333333333,,MODEL_AVAILABLE,INDEPENDENT_MODEL_RESEARCH_ONLY
KXNFLRECYDS-26OCT11HOUTEN-HOUDMONTGOMERY32-25,2026_05_HOU_TEN,00-0035685,25.0,,,,,,,,,,,,,UNAVAILABLE,INVALID_MODEL_INPUT: upstream model QC not PASS
KXNFLRECYDS-26OCT11HOUTEN-HOUDMONTGOMERY32-15,2026_05_HOU_TEN,00-0035685,15.0,,,,,,,,,,,,,UNAVAILABLE,INVALID_MODEL_INPUT: upstream model QC not PASS
KXNFLRECYDS-26OCT11HOUTEN-HOUDMONTGOMERY32-10,2026_05_HOU_TEN,00-0035685,10.0,,,,,,,,,,,,,UNAVAILABLE,INVALID_MODEL_INPUT: upstream model QC not PASS
KXNFLRECYDS-26OCT11HOUTEN-HOUWMARKS4-50,2026_05_HOU_TEN,00-0040583,50.0,NFL-REC-RIDGE-NORMALSD-ISO-v1,2024-25-WALKFORWARD-ISO-v1,2026-10-07T23:44:40.917343+00:00,0.0610138248847926,0.9389861751152074,0.049044208207611836,11.361105771062123,23.358161397828415,RB,4,2.6666666666666665,,MODEL_AVAILABLE,INDEPENDENT_MODEL_RESEARCH_ONLY
KXNFLRECYDS-26OCT11HOUTEN-HOUWMARKS4-40,2026_05_HOU_TEN,00-0040583,40.0,NFL-REC-RIDGE-NORMALSD-ISO-v1,2024-25-WALKFORWARD-ISO-v1,2026-10-07T23:44:40.917343+00:00,0.0905911157747464,0.9094088842252536,0.11008493242466956,11.361105771062123,23.358161397828415,RB,4,2.6666666666666665,,MODEL_AVAILABLE,INDEPENDENT_MODEL_RESEARCH_ONLY
KXNFLRECYDS-26OCT11HOUTEN-HOUWMARKS4-25,2026_05_HOU_TEN,00-0040583,25.0,,,,,,,,,,,,,UNAVAILABLE,INVALID_MODEL_INPUT: upstream model QC not PASS
KXNFLRECYDS-26OCT11HOUTEN-HOUWMARKS4-15,2026_05_HOU_TEN,00-0040583,15.0,,,,,,,,,,,,,UNAVAILABLE,INVALID_MODEL_INPUT: upstream model QC not PASS
KXNFLRECYDS-26OCT11HOUTEN-HOUXHUTCHINSON19-70,2026_05_HOU_TEN,00-0038618,70.0,NFL-REC-RIDGE-NORMALSD-ISO-v1,2024-25-WALKFORWARD-ISO-v1,2026-10-07T23:44:40.917343+00:00,0.0822189202575532,0.9177810797424468,0.06772687287428993,35.12774257570563,23.358161397828415,WR,4,6.666666666666667,,MODEL_AVAILABLE,INDEPENDENT_MODEL_RESEARCH_ONLY
KXNFLRECYDS-26OCT11HOUTEN-HOUXHUTCHINSON19-60,2026_05_HOU_TEN,00-0038618,60.0,NFL-REC-RIDGE-NORMALSD-ISO-v1,2024-25-WALKFORWARD-ISO-v1,2026-10-07T23:44:40.917343+00:00,0.1233243967828418,0.8766756032171582,0.1434785025563266,35.12774257570563,23.358161397828415,WR,4,6.666666666666667,,MODEL_AVAILABLE,INDEPENDENT_MODEL_RESEARCH_ONLY
KXNFLRECYDS-26OCT11HOUTEN-HOUXHUTCHINSON19-50,2026_05_HOU_TEN,00-0038618,50.0,NFL-REC-RIDGE-NORMALSD-ISO-v1,2024-25-WALKFORWARD-ISO-v1,2026-10-07T23:44:40.917343+00:00,0.2234782608695652,0.7765217391304348,0.2621585182126316,35.12774257570563,23.358161397828415,WR,4,6.666666666666667,,MODEL_AVAILABLE,INDEPENDENT_MODEL_RESEARCH_ONLY
KXNFLRECYDS-26OCT11HOUTEN-HOUXHUTCHINSON19-40,2026_05_HOU_TEN,00-0038618,40.0,NFL-REC-RIDGE-NORMALSD-ISO-v1,2024-25-WALKFORWARD-ISO-v1,2026-10-07T23:44:40.917343+00:00,0.3602584814216478,0.6397415185783522,0.41738451751723715,35.12774257570563,23.358161397828415,WR,4,6.666666666666667,,MODEL_AVAILABLE,INDEPENDENT_MODEL_RESEARCH_ONLY
KXNFLRECYDS-26OCT11HOUTEN-HOUXHUTCHINSON19-25,2026_05_HOU_TEN,00-0038618,25.0,,,,,,,,,,,,,UNAVAILABLE,INVALID_MODEL_INPUT: upstream model QC not PASS
KXNFLRECYDS-26OCT11HOUTEN-HOUXHUTCHINSON19-15,2026_05_HOU_TEN,00-0038618,15.0,,,,,,,,,,,,,UNAVAILABLE,INVALID_MODEL_INPUT: upstream model QC not PASS
KXNFLRECYDS-26OCT11HOUTEN-HOUKBOUTTE14-90,2026_05_HOU_TEN,00-0038608,90.0,NFL-REC-RIDGE-NORMALSD-ISO-v1,2024-25-WALKFORWARD-ISO-v1,2026-10-07T23:44:40.917343+00:00,0.0261011419249592,0.9738988580750408,0.0055924753246411225,30.74345616769144,23.358161397828415,WR,4,3.6666666666666665,,MODEL_AVAILABLE,INDEPENDENT_MODEL_RESEARCH_ONLY
KXNFLRECYDS-26OCT11HOUTEN-HOUKBOUTTE14-80,2026_05_HOU_TEN,00-0038608,80.0,NFL-REC-RIDGE-NORMALSD-ISO-v1,2024-25-WALKFORWARD-ISO-v1,2026-10-07T23:44:40.917343+00:00,0.0388931591083781,0.9611068408916219,0.017483044459107543,30.74345616769144,23.358161397828415,WR,4,3.6666666666666665,,MODEL_AVAILABLE,INDEPENDENT_MODEL_RESEARCH_ONLY
KXNFLRECYDS-26OCT11HOUTEN-HOUKBOUTTE14-70,2026_05_HOU_TEN,00-0038608,70.0,NFL-REC-RIDGE-NORMALSD-ISO-v1,2024-25-WALKFORWARD-ISO-v1,2026-10-07T23:44:40.917343+00:00,0.0610138248847926,0.9389861751152074,0.04641691551930471,30.74345616769144,23.358161397828415,WR,4,3.6666666666666665,,MODEL_AVAILABLE,INDEPENDENT_MODEL_RESEARCH_ONLY
KXNFLRECYDS-26OCT11HOUTEN-HOUKBOUTTE14-60,2026_05_HOU_TEN,00-0038608,60.0,NFL-REC-RIDGE-NORMALSD-ISO-v1,2024-25-WALKFORWARD-ISO-v1,2026-10-07T23:44:40.917343+00:00,0.0905911157747464,0.9094088842252536,0.10519038228379866,30.74345616769144,23.358161397828415,WR,4,3.6666666666666665,,MODEL_AVAILABLE,INDEPENDENT_MODEL_RESEARCH_ONLY
KXNFLRECYDS-26OCT11HOUTEN-HOUKBOUTTE14-50,2026_05_HOU_TEN,00-0038608,50.0,NFL-REC-RIDGE-NORMALSD-ISO-v1,2024-25-WALKFORWARD-ISO-v1,2026-10-07T23:44:40.917343+00:00,0.1647597254004576,0.8352402745995424,0.20485523851930787,30.74345616769144,23.358161397828415,WR,4,3.6666666666666665,,MODEL_AVAILABLE,INDEPENDENT_MODEL_RESEARCH_ONLY
KXNFLRECYDS-26OCT11HOUTEN-HOUKBOUTTE14-40,2026_05_HOU_TEN,00-0038608,40.0,NFL-REC-RIDGE-NORMALSD-ISO-v1,2024-25-WALKFORWARD-ISO-v1,2026-10-07T23:44:40.917343+00:00,0.2891566265060241,0.7108433734939759,0.34594652988676733,30.74345616769144,23.358161397828415,WR,4,3.6666666666666665,,MODEL_AVAILABLE,INDEPENDENT_MODEL_RESEARCH_ONLY
KXNFLRECYDS-26OCT11HOUTEN-HOUKBOUTTE14-25,2026_05_HOU_TEN,00-0038608,25.0,,,,,,,,,,,,,UNAVAILABLE,INVALID_MODEL_INPUT: upstream model QC not PASS
KXNFLRECYDS-26OCT11HOUTEN-HOUKBOUTTE14-15,2026_05_HOU_TEN,00-0038608,15.0,,,,,,,,,,,,,UNAVAILABLE,INVALID_MODEL_INPUT: upstream model QC not PASS
KXNFLRECYDS-26OCT11HOUTEN-TENTSPEARS2-50,2026_05_HOU_TEN,00-0039032,50.0,NFL-REC-RIDGE-NORMALSD-ISO-v1,2024-25-WALKFORWARD-ISO-v1,2026-10-07T23:44:40.917343+00:00,0.0610138248847926,0.9389861751152074,0.0556642359606596,12.80796015830998,23.358161397828415,RB,4,1.0,,MODEL_AVAILABLE,INDEPENDENT_MODEL_RESEARCH_ONLY
KXNFLRECYDS-26OCT11HOUTEN-TENTSPEARS2-40,2026_05_HOU_TEN,00-0039032,40.0,NFL-REC-RIDGE-NORMALSD-ISO-v1,2024-25-WALKFORWARD-ISO-v1,2026-10-07T23:44:40.917343+00:00,0.0977596741344195,0.9022403258655805,0.12218476936452949,12.80796015830998,23.358161397828415,RB,4,1.0,,MODEL_AVAILABLE,INDEPENDENT_MODEL_RESEARCH_ONLY
KXNFLRECYDS-26OCT11HOUTEN-TENTSPEARS2-25,2026_05_HOU_TEN,00-0039032,25.0,,,,,,,,,,,,,UNAVAILABLE,INVALID_MODEL_INPUT: upstream model QC not PASS
KXNFLRECYDS-26OCT11HOUTEN-TENTSPEARS2-15,2026_05_HOU_TEN,00-0039032,15.0,,,,,,,,,,,,,UNAVAILABLE,INVALID_MODEL_INPUT: upstream model QC not PASS
KXNFLRECYDS-26OCT11HOUTEN-TENCRIDLEY0-50,2026_05_HOU_TEN,00-0034837,50.0,NFL-REC-RIDGE-NORMALSD-ISO-v1,2024-25-WALKFORWARD-ISO-v1,2026-10-07T23:44:40.917343+00:00,0.1613958560523446,0.8386041439476554,0.17796154328168892,28.43664636993477,23.358161397828415,WR,3,1.6666666666666667,,MODEL_AVAILABLE,INDEPENDENT_MODEL_RESEARCH_ONLY
KXNFLRECYDS-26OCT11HOUTEN-TENCRIDLEY0-40,2026_05_HOU_TEN,00-0034837,40.0,NFL-REC-RIDGE-NORMALSD-ISO-v1,2024-25-WALKFORWARD-ISO-v1,2026-10-07T23:44:40.917343+00:00,0.2827476038338658,0.7172523961661341,0.31028398733593243,28.43664636993477,23.358161397828415,WR,3,1.6666666666666667,,MODEL_AVAILABLE,INDEPENDENT_MODEL_RESEARCH_ONLY
KXNFLRECYDS-26OCT11HOUTEN-TENCRIDLEY0-25,2026_05_HOU_TEN,00-0034837,25.0,,,,,,,,,,,,,UNAVAILABLE,INVALID_MODEL_INPUT: upstream model QC not PASS
KXNFLRECYDS-26OCT11HOUTEN-TENCRIDLEY0-15,2026_05_HOU_TEN,00-0034837,15.0,,,,,,,,,,,,,UNAVAILABLE,INVALID_MODEL_INPUT: upstream model QC not PASS
KXNFLRECYDS-26OCT11HOUTEN-TENCRIDLEY0-10,2026_05_HOU_TEN,00-0034837,10.0,,,,,,,,,,,,,UNAVAILABLE,INVALID_MODEL_INPUT: upstream model QC not PASS
KXNFLRECYDS-26OCT11HOUTEN-TENGHELM84-70,2026_05_HOU_TEN,00-0040584,70.0,NFL-REC-RIDGE-NORMALSD-ISO-v1,2024-25-WALKFORWARD-ISO-v1,2026-10-07T23:44:40.917343+00:00,0.0388931591083781,0.9611068408916219,0.01529299809132788,19.489898872648517,23.358161397828415,TE,4,2.3333333333333335,,MODEL_AVAILABLE,INDEPENDENT_MODEL_RESEARCH_ONLY
KXNFLRECYDS-26OCT11HOUTEN-TENGHELM84-60,2026_05_HOU_TEN,00-0040584,60.0,NFL-REC-RIDGE-NORMALSD-ISO-v1,2024-25-WALKFORWARD-ISO-v1,2026-10-07T23:44:40.917343+00:00,0.0610138248847926,0.9389861751152074,0.04143227501234964,19.489898872648517,23.358161397828415,TE,4,2.3333333333333335,,MODEL_AVAILABLE,INDEPENDENT_MODEL_RESEARCH_ONLY
KXNFLRECYDS-26OCT11HOUTEN-TENGHELM84-50,2026_05_HOU_TEN,00-0040584,50.0,NFL-REC-RIDGE-NORMALSD-ISO-v1,2024-25-WALKFORWARD-ISO-v1,2026-10-07T23:44:40.917343+00:00,0.0905911157747464,0.9094088842252536,0.0957446728582625,19.489898872648517,23.358161397828415,TE,4,2.3333333333333335,,MODEL_AVAILABLE,INDEPENDENT_MODEL_RESEARCH_ONLY
KXNFLRECYDS-26OCT11HOUTEN-TENGHELM84-40,2026_05_HOU_TEN,00-0040584,40.0,NFL-REC-RIDGE-NORMALSD-ISO-v1,2024-25-WALKFORWARD-ISO-v1,2026-10-07T23:44:40.917343+00:00,0.1647597254004576,0.8352402745995424,0.18995286205175896,19.489898872648517,23.358161397828415,TE,4,2.3333333333333335,,MODEL_AVAILABLE,INDEPENDENT_MODEL_RESEARCH_ONLY
KXNFLRECYDS-26OCT11HOUTEN-TENGHELM84-25,2026_05_HOU_TEN,00-0040584,25.0,,,,,,,,,,,,,UNAVAILABLE,INVALID_MODEL_INPUT: upstream model QC not PASS
KXNFLRECYDS-26OCT11HOUTEN-TENGHELM84-15,2026_05_HOU_TEN,00-0040584,15.0,,,,,,,,,,,,,UNAVAILABLE,INVALID_MODEL_INPUT: upstream model QC not PASS
KXNFLRECYDS-26OCT11HOUTEN-TENEAYOMANOR5-70,2026_05_HOU_TEN,00-0040170,70.0,NFL-REC-RIDGE-NORMALSD-ISO-v1,2024-25-WALKFORWARD-ISO-v1,2026-10-07T23:44:40.917343+00:00,0.0610138248847926,0.9389861751152074,0.054212344886445774,32.50281331518063,23.358161397828415,WR,4,2.3333333333333335,,MODEL_AVAILABLE,INDEPENDENT_MODEL_RESEARCH_ONLY
KXNFLRECYDS-26OCT11HOUTEN-TENEAYOMANOR5-60,2026_05_HOU_TEN,00-0040170,60.0,NFL-REC-RIDGE-NORMALSD-ISO-v1,2024-25-WALKFORWARD-ISO-v1,2026-10-07T23:44:40.917343+00:00,0.0977596741344195,0.9022403258655805,0.11955819380327803,32.50281331518063,23.358161397828415,WR,4,2.3333333333333335,,MODEL_AVAILABLE,INDEPENDENT_MODEL_RESEARCH_ONLY
KXNFLRECYDS-26OCT11HOUTEN-TENEAYOMANOR5-50,2026_05_HOU_TEN,00-0040170,50.0,NFL-REC-RIDGE-NORMALSD-ISO-v1,2024-25-WALKFORWARD-ISO-v1,2026-10-07T23:44:40.917343+00:00,0.171238570241064,0.828761429758936,0.2269037829506008,32.50281331518063,23.358161397828415,WR,4,2.3333333333333335,,MODEL_AVAILABLE,INDEPENDENT_MODEL_RESEARCH_ONLY
KXNFLRECYDS-26OCT11HOUTEN-TENEAYOMANOR5-40,2026_05_HOU_TEN,00-0040170,40.0,NFL-REC-RIDGE-NORMALSD-ISO-v1,2024-25-WALKFORWARD-ISO-v1,2026-10-07T23:44:40.917343+00:00,0.3297045101088648,0.6702954898911352,0.3741178991204738,32.50281331518063,23.358161397828415,WR,4,2.3333333333333335,,MODEL_AVAILABLE,INDEPENDENT_MODEL_RESEARCH_ONLY
KXNFLRECYDS-26OCT11HOUTEN-TENEAYOMANOR5-25,2026_05_HOU_TEN,00-0040170,25.0,,,,,,,,,,,,,UNAVAILABLE,INVALID_MODEL_INPUT: upstream model QC not PASS
KXNFLRECYDS-26OCT11HOUTEN-TENEAYOMANOR5-15,2026_05_HOU_TEN,00-0040170,15.0,,,,,,,,,,,,,UNAVAILABLE,INVALID_MODEL_INPUT: upstream model QC not PASS
KXNFLRECYDS-26OCT11NYGWAS-NYGMFIELDS88-90,2026_05_NYG_WAS,00-0041042,90.0,NFL-REC-RIDGE-NORMALSD-ISO-v1,2024-25-WALKFORWARD-ISO-v1,2026-10-07T23:44:40.917343+00:00,0.0261011419249592,0.9738988580750408,0.006646252296558475,32.1690497783868,23.358161397828415,WR,4,3.6666666666666665,,MODEL_AVAILABLE,INDEPENDENT_MODEL_RESEARCH_ONLY
KXNFLRECYDS-26OCT11NYGWAS-NYGMFIELDS88-80,2026_05_NYG_WAS,00-0041042,80.0,NFL-REC-RIDGE-NORMALSD-ISO-v1,2024-25-WALKFORWARD-ISO-v1,2026-10-07T23:44:40.917343+00:00,0.0388931591083781,0.9611068408916219,0.02029377194127328,32.1690497783868,23.358161397828415,WR,4,3.6666666666666665,,MODEL_AVAILABLE,INDEPENDENT_MODEL_RESEARCH_ONLY
KXNFLRECYDS-26OCT11NYGWAS-NYGMFIELDS88-70,2026_05_NYG_WAS,00-0041042,70.0,NFL-REC-RIDGE-NORMALSD-ISO-v1,2024-25-WALKFORWARD-ISO-v1,2026-10-07T23:44:40.917343+00:00,0.0610138248847926,0.9389861751152074,0.052658783420254165,32.1690497783868,23.358161397828415,WR,4,3.6666666666666665,,MODEL_AVAILABLE,INDEPENDENT_MODEL_RESEARCH_ONLY
KXNFLRECYDS-26OCT11NYGWAS-NYGMFIELDS88-60,2026_05_NYG_WAS,00-0041042,60.0,NFL-REC-RIDGE-NORMALSD-ISO-v1,2024-25-WALKFORWARD-ISO-v1,2026-10-07T23:44:40.917343+00:00,0.0977596741344195,0.9022403258655805,0.11673119014826028,32.1690497783868,23.358161397828415,WR,4,3.6666666666666665,,MODEL_AVAILABLE,INDEPENDENT_MODEL_RESEARCH_ONLY
KXNFLRECYDS-26OCT11NYGWAS-NYGMFIELDS88-50,2026_05_NYG_WAS,00-0041042,50.0,NFL-REC-RIDGE-NORMALSD-ISO-v1,2024-25-WALKFORWARD-ISO-v1,2026-10-07T23:44:40.917343+00:00,0.171238570241064,0.828761429758936,0.2226209930933201,32.1690497783868,23.358161397828415,WR,4,3.6666666666666665,,MODEL_AVAILABLE,INDEPENDENT_MODEL_RESEARCH_ONLY
KXNFLRECYDS-26OCT11NYGWAS-NYGMFIELDS88-40,2026_05_NYG_WAS,00-0041042,40.0,NFL-REC-RIDGE-NORMALSD-ISO-v1,2024-25-WALKFORWARD-ISO-v1,2026-10-07T23:44:40.917343+00:00,0.3297045101088648,0.6702954898911352,0.36871620948708317,32.1690497783868,23.358161397828415,WR,4,3.6666666666666665,,MODEL_AVAILABLE,INDEPENDENT_MODEL_RESEARCH_ONLY
KXNFLRECYDS-26OCT11NYGWAS-NYGMFIELDS88-25,2026_05_NYG_WAS,00-0041042,25.0,,,,,,,,,,,,,UNAVAILABLE,INVALID_MODEL_INPUT: upstream model QC not PASS
KXNFLRECYDS-26OCT11NYGWAS-NYGMFIELDS88-15,2026_05_NYG_WAS,00-0041042,15.0,,,,,,,,,,,,,UNAVAILABLE,INVALID_MODEL_INPUT: upstream model QC not PASS
KXNFLRECYDS-26OCT11NYGWAS-NYGILIKELY9-90,2026_05_NYG_WAS,00-0037838,90.0,NFL-REC-RIDGE-NORMALSD-ISO-v1,2024-25-WALKFORWARD-ISO-v1,2026-10-07T23:44:40.917343+00:00,0.0572246065808297,0.9427753934191703,0.0357107509247305,47.89018490324791,23.358161397828415,TE,4,9.0,,MODEL_AVAILABLE,INDEPENDENT_MODEL_RESEARCH_ONLY
KXNFLRECYDS-26OCT11NYGWAS-NYGILIKELY9-80,2026_05_NYG_WAS,00-0037838,80.0,NFL-REC-RIDGE-NORMALSD-ISO-v1,2024-25-WALKFORWARD-ISO-v1,2026-10-07T23:44:40.917343+00:00,0.0865758754863813,0.9134241245136187,0.0846165469566053,47.89018490324791,23.358161397828415,TE,4,9.0,,MODEL_AVAILABLE,INDEPENDENT_MODEL_RESEARCH_ONLY
KXNFLRECYDS-26OCT11NYGWAS-NYGILIKELY9-70,2026_05_NYG_WAS,00-0037838,70.0,NFL-REC-RIDGE-NORMALSD-ISO-v1,2024-25-WALKFORWARD-ISO-v1,2026-10-07T23:44:40.917343+00:00,0.125,0.875,0.1719324575012965,47.89018490324791,23.358161397828415,TE,4,9.0,,MODEL_AVAILABLE,INDEPENDENT_MODEL_RESEARCH_ONLY
KXNFLRECYDS-26OCT11NYGWAS-NYGILIKELY9-60,2026_05_NYG_WAS,00-0037838,60.0,NFL-REC-RIDGE-NORMALSD-ISO-v1,2024-25-WALKFORWARD-ISO-v1,2026-10-07T23:44:40.917343+00:00,0.2702702702702703,0.7297297297297297,0.30207550836191305,47.89018490324791,23.358161397828415,TE,4,9.0,,MODEL_AVAILABLE,INDEPENDENT_MODEL_RESEARCH_ONLY
KXNFLRECYDS-26OCT11NYGWAS-NYGILIKELY9-50,2026_05_NYG_WAS,00-0037838,50.0,NFL-REC-RIDGE-NORMALSD-ISO-v1,2024-25-WALKFORWARD-ISO-v1,2026-10-07T23:44:40.917343+00:00,0.4221732745961821,0.5778267254038179,0.4640146613523938,47.89018490324791,23.358161397828415,TE,4,9.0,,MODEL_AVAILABLE,INDEPENDENT_MODEL_RESEARCH_ONLY
KXNFLRECYDS-26OCT11NYGWAS-NYGILIKELY9-40,2026_05_NYG_WAS,00-0037838,40.0,NFL-REC-RIDGE-NORMALSD-ISO-v1,2024-25-WALKFORWARD-ISO-v1,2026-10-07T23:44:40.917343+00:00,0.5654101995565411,0.43458980044345885,0.6322397860786938,47.89018490324791,23.358161397828415,TE,4,9.0,,MODEL_AVAILABLE,INDEPENDENT_MODEL_RESEARCH_ONLY
KXNFLRECYDS-26OCT11NYGWAS-NYGILIKELY9-25,2026_05_NYG_WAS,00-0037838,25.0,,,,,,,,,,,,,UNAVAILABLE,INVALID_MODEL_INPUT: upstream model QC not PASS
KXNFLRECYDS-26OCT11NYGWAS-NYGILIKELY9-15,2026_05_NYG_WAS,00-0037838,15.0,,,,,,,,,,,,,UNAVAILABLE,INVALID_MODEL_INPUT: upstream model QC not PASS
KXNFLRECYDS-26OCT11NYGWAS-NYGILIKELY9-110,2026_05_NYG_WAS,00-0037838,110.0,NFL-REC-RIDGE-NORMALSD-ISO-v1,2024-25-WALKFORWARD-ISO-v1,2026-10-07T23:44:40.917343+00:00,0.022858884486437,0.977141115513563,0.003918417140482915,47.89018490324791,23.358161397828415,TE,4,9.0,,MODEL_AVAILABLE,INDEPENDENT_MODEL_RESEARCH_ONLY
KXNFLRECYDS-26OCT11NYGWAS-NYGILIKELY9-100,2026_05_NYG_WAS,00-0037838,100.0,NFL-REC-RIDGE-NORMALSD-ISO-v1,2024-25-WALKFORWARD-ISO-v1,2026-10-07T23:44:40.917343+00:00,0.0388931591083781,0.9611068408916219,0.012843745212811012,47.89018490324791,23.358161397828415,TE,4,9.0,,MODEL_AVAILABLE,INDEPENDENT_MODEL_RESEARCH_ONLY
KXNFLRECYDS-26OCT11NYGWAS-NYGDMOONEY17-80,2026_05_NYG_WAS,00-0036309,80.0,NFL-REC-RIDGE-NORMALSD-ISO-v1,2024-25-WALKFORWARD-ISO-v1,2026-10-07T23:44:40.917343+00:00,0.0388931591083781,0.9611068408916219,0.0171314869422585,30.551632659974615,23.358161397828415,WR,4,2.6666666666666665,,MODEL_AVAILABLE,INDEPENDENT_MODEL_RESEARCH_ONLY
KXNFLRECYDS-26OCT11NYGWAS-NYGDMOONEY17-70,2026_05_NYG_WAS,00-0036309,70.0,NFL-REC-RIDGE-NORMALSD-ISO-v1,2024-25-WALKFORWARD-ISO-v1,2026-10-07T23:44:40.917343+00:00,0.0610138248847926,0.9389861751152074,0.0456243502831329,30.551632659974615,23.358161397828415,WR,4,2.6666666666666665,,MODEL_AVAILABLE,INDEPENDENT_MODEL_RESEARCH_ONLY
KXNFLRECYDS-26OCT11NYGWAS-NYGDMOONEY17-60,2026_05_NYG_WAS,00-0036309,60.0,NFL-REC-RIDGE-NORMALSD-ISO-v1,2024-25-WALKFORWARD-ISO-v1,2026-10-07T23:44:40.917343+00:00,0.0905911157747464,0.9094088842252536,0.10370281982597582,30.551632659974615,23.358161397828415,WR,4,2.6666666666666665,,MODEL_AVAILABLE,INDEPENDENT_MODEL_RESEARCH_ONLY
KXNFLRECYDS-26OCT11NYGWAS-NYGDMOONEY17-50,2026_05_NYG_WAS,00-0036309,50.0,NFL-REC-RIDGE-NORMALSD-ISO-v1,2024-25-WALKFORWARD-ISO-v1,2026-10-07T23:44:40.917343+00:00,0.1647597254004576,0.8352402745995424,0.20253080591399375,30.551632659974615,23.358161397828415,WR,4,2.6666666666666665,,MODEL_AVAILABLE,INDEPENDENT_MODEL_RESEARCH_ONLY
KXNFLRECYDS-26OCT11NYGWAS-NYGDMOONEY17-40,2026_05_NYG_WAS,00-0036309,40.0,NFL-REC-RIDGE-NORMALSD-ISO-v1,2024-25-WALKFORWARD-ISO-v1,2026-10-07T23:44:40.917343+00:00,0.2891566265060241,0.7108433734939759,0.34292267972354856,30.551632659974615,23.358161397828415,WR,4,2.6666666666666665,,MODEL_AVAILABLE,INDEPENDENT_MODEL_RESEARCH_ONLY
KXNFLRECYDS-26OCT11NYGWAS-NYGDMOONEY17-25,2026_05_NYG_WAS,00-0036309,25.0,,,,,,,,,,,,,UNAVAILABLE,INVALID_MODEL_INPUT: upstream model QC not PASS
KXNFLRECYDS-26OCT11NYGWAS-NYGDMOONEY17-15,2026_05_NYG_WAS,00-0036309,15.0,,,,,,,,,,,,,UNAVAILABLE,INVALID_MODEL_INPUT: upstream model QC not PASS
KXNFLRECYDS-26OCT11NYGWAS-NYGCSKATTEBO44-60,2026_05_NYG_WAS,00-0040715,60.0,NFL-REC-RIDGE-NORMALSD-ISO-v1,2024-25-WALKFORWARD-ISO-v1,2026-10-07T23:44:40.917343+00:00,0.0610138248847926,0.9389861751152074,0.04029901834807203,19.187998718965225,23.358161397828415,RB,4,3.0,,MODEL_AVAILABLE,INDEPENDENT_MODEL_RESEARCH_ONLY
KXNFLRECYDS-26OCT11NYGWAS-NYGCSKATTEBO44-50,2026_05_NYG_WAS,00-0040715,50.0,NFL-REC-RIDGE-NORMALSD-ISO-v1,2024-25-WALKFORWARD-ISO-v1,2026-10-07T23:44:40.917343+00:00,0.0905911157747464,0.9094088842252536,0.09356604861178705,19.187998718965225,23.358161397828415,RB,4,3.0,,MODEL_AVAILABLE,INDEPENDENT_MODEL_RESEARCH_ONLY
KXNFLRECYDS-26OCT11NYGWAS-NYGCSKATTEBO44-40,2026_05_NYG_WAS,00-0040715,40.0,NFL-REC-RIDGE-NORMALSD-ISO-v1,2024-25-WALKFORWARD-ISO-v1,2026-10-07T23:44:40.917343+00:00,0.1647597254004576,0.8352402745995424,0.18646596918828745,19.187998718965225,23.358161397828415,RB,4,3.0,,MODEL_AVAILABLE,INDEPENDENT_MODEL_RESEARCH_ONLY
KXNFLRECYDS-26OCT11NYGWAS-NYGCSKATTEBO44-25,2026_05_NYG_WAS,00-0040715,25.0,,,,,,,,,,,,,UNAVAILABLE,INVALID_MODEL_INPUT: upstream model QC not PASS
KXNFLRECYDS-26OCT11NYGWAS-NYGCSKATTEBO44-15,2026_05_NYG_WAS,00-0040715,15.0,,,,,,,,,,,,,UNAVAILABLE,INVALID_MODEL_INPUT: upstream model QC not PASS
KXNFLRECYDS-26OCT11LVNE-NEHHENRY85-110,2026_05_LV_NE,00-0033090,110.0,NFL-REC-RIDGE-NORMALSD-ISO-v1,2024-25-WALKFORWARD-ISO-v1,2026-10-07T23:44:40.917343+00:00,0.012386850881372,0.987613149118628,0.0006107127427657836,34.46369945060933,23.358161397828415,TE,4,4.0,,MODEL_AVAILABLE,INDEPENDENT_MODEL_RESEARCH_ONLY
KXNFLRECYDS-26OCT11LVNE-NEHHENRY85-100,2026_05_LV_NE,00-0033090,100.0,NFL-REC-RIDGE-NORMALSD-ISO-v1,2024-25-WALKFORWARD-ISO-v1,2026-10-07T23:44:40.917343+00:00,0.0179487179487179,0.9820512820512821,0.0025102682104429425,34.46369945060933,23.358161397828415,TE,4,4.0,,MODEL_AVAILABLE,INDEPENDENT_MODEL_RESEARCH_ONLY
KXNFLRECYDS-26OCT11LVNE-NEHHENRY85-90,2026_05_LV_NE,00-0033090,90.0,NFL-REC-RIDGE-NORMALSD-ISO-v1,2024-25-WALKFORWARD-ISO-v1,2026-10-07T23:44:40.917343+00:00,0.0261011419249592,0.9738988580750408,0.00871292338227036,34.46369945060933,23.358161397828415,TE,4,4.0,,MODEL_AVAILABLE,INDEPENDENT_MODEL_RESEARCH_ONLY
KXNFLRECYDS-26OCT11LVNE-NEHHENRY85-80,2026_05_LV_NE,00-0033090,80.0,NFL-REC-RIDGE-NORMALSD-ISO-v1,2024-25-WALKFORWARD-ISO-v1,2026-10-07T23:44:40.917343+00:00,0.0388931591083781,0.9611068408916219,0.025618982586016463,34.46369945060933,23.358161397828415,TE,4,4.0,,MODEL_AVAILABLE,INDEPENDENT_MODEL_RESEARCH_ONLY
KXNFLRECYDS-26OCT11LVNE-NEHHENRY85-70,2026_05_LV_NE,00-0033090,70.0,NFL-REC-RIDGE-NORMALSD-ISO-v1,2024-25-WALKFORWARD-ISO-v1,2026-10-07T23:44:40.917343+00:00,0.0685772773797338,0.9314227226202662,0.06408407261601723,34.46369945060933,23.358161397828415,TE,4,4.0,,MODEL_AVAILABLE,INDEPENDENT_MODEL_RESEARCH_ONLY
KXNFLRECYDS-26OCT11LVNE-NEHHENRY85-60,2026_05_LV_NE,00-0033090,60.0,NFL-REC-RIDGE-NORMALSD-ISO-v1,2024-25-WALKFORWARD-ISO-v1,2026-10-07T23:44:40.917343+00:00,0.102890739833415,0.897109260166585,0.1371421129985541,34.46369945060933,23.358161397828415,TE,4,4.0,,MODEL_AVAILABLE,INDEPENDENT_MODEL_RESEARCH_ONLY
KXNFLRECYDS-26OCT11LVNE-NEHHENRY85-50,2026_05_LV_NE,00-0033090,50.0,NFL-REC-RIDGE-NORMALSD-ISO-v1,2024-25-WALKFORWARD-ISO-v1,2026-10-07T23:44:40.917343+00:00,0.2234782608695652,0.7765217391304348,0.25298248761854764,34.46369945060933,23.358161397828415,TE,4,4.0,,MODEL_AVAILABLE,INDEPENDENT_MODEL_RESEARCH_ONLY
KXNFLRECYDS-26OCT11LVNE-NEHHENRY85-40,2026_05_LV_NE,00-0033090,40.0,NFL-REC-RIDGE-NORMALSD-ISO-v1,2024-25-WALKFORWARD-ISO-v1,2026-10-07T23:44:40.917343+00:00,0.3602584814216478,0.6397415185783522,0.4063214819468915,34.46369945060933,23.358161397828415,TE,4,4.0,,MODEL_AVAILABLE,INDEPENDENT_MODEL_RESEARCH_ONLY
KXNFLRECYDS-26OCT11LVNE-NEHHENRY85-25,2026_05_LV_NE,00-0033090,25.0,,,,,,,,,,,,,UNAVAILABLE,INVALID_MODEL_INPUT: upstream model QC not PASS
KXNFLRECYDS-26OCT11LVNE-NEHHENRY85-15,2026_05_LV_NE,00-0033090,15.0,,,,,,,,,,,,,UNAVAILABLE,INVALID_MODEL_INPUT: upstream model QC not PASS
KXNFLRECYDS-26OCT11LVNE-NERDOUBS87-130,2026_05_LV_NE,00-0037816,130.0,NFL-REC-RIDGE-NORMALSD-ISO-v1,2024-25-WALKFORWARD-ISO-v1,2026-10-07T23:44:40.917343+00:00,0.0076960076960076,0.9923039923039924,0.00012198109635710816,44.31020539764573,23.358161397828415,WR,4,5.666666666666667,,MODEL_AVAILABLE,INDEPENDENT_MODEL_RESEARCH_ONLY
KXNFLRECYDS-26OCT11LVNE-NERDOUBS87-120,2026_05_LV_NE,00-0037816,120.0,NFL-REC-RIDGE-NORMALSD-ISO-v1,2024-25-WALKFORWARD-ISO-v1,2026-10-07T23:44:40.917343+00:00,0.012386850881372,0.987613149118628,0.000596809899190505,44.31020539764573,23.358161397828415,WR,4,5.666666666666667,,MODEL_AVAILABLE,INDEPENDENT_MODEL_RESEARCH_ONLY
KXNFLRECYDS-26OCT11LVNE-NERDOUBS87-110,2026_05_LV_NE,00-0037816,110.0,NFL-REC-RIDGE-NORMALSD-ISO-v1,2024-25-WALKFORWARD-ISO-v1,2026-10-07T23:44:40.917343+00:00,0.0179487179487179,0.9820512820512821,0.0024595488672023063,44.31020539764573,23.358161397828415,WR,4,5.666666666666667,,MODEL_AVAILABLE,INDEPENDENT_MODEL_RESEARCH_ONLY
KXNFLRECYDS-26OCT11LVNE-NERDOUBS87-100,2026_05_LV_NE,00-0037816,100.0,NFL-REC-RIDGE-NORMALSD-ISO-v1,2024-25-WALKFORWARD-ISO-v1,2026-10-07T23:44:40.917343+00:00,0.0261011419249592,0.9738988580750408,0.008558879305236432,44.31020539764573,23.358161397828415,WR,4,5.666666666666667,,MODEL_AVAILABLE,INDEPENDENT_MODEL_RESEARCH_ONLY
KXNFLRECYDS-26OCT11LVNE-NERDOUBS87-90,2026_05_LV_NE,00-0037816,90.0,NFL-REC-RIDGE-NORMALSD-ISO-v1,2024-25-WALKFORWARD-ISO-v1,2026-10-07T23:44:40.917343+00:00,0.0388931591083781,0.9611068408916219,0.02522947332686298,44.31020539764573,23.358161397828415,WR,4,5.666666666666667,,MODEL_AVAILABLE,INDEPENDENT_MODEL_RESEARCH_ONLY
KXNFLRECYDS-26OCT11LVNE-NERDOUBS87-80,2026_05_LV_NE,00-0037816,80.0,NFL-REC-RIDGE-NORMALSD-ISO-v1,2024-25-WALKFORWARD-ISO-v1,2026-10-07T23:44:40.917343+00:00,0.0685772773797338,0.9314227226202662,0.0632641139397513,44.31020539764573,23.358161397828415,WR,4,5.666666666666667,,MODEL_AVAILABLE,INDEPENDENT_MODEL_RESEARCH_ONLY
KXNFLRECYDS-26OCT11LVNE-NERDOUBS87-70,2026_05_LV_NE,00-0037816,70.0,NFL-REC-RIDGE-NORMALSD-ISO-v1,2024-25-WALKFORWARD-ISO-v1,2026-10-07T23:44:40.917343+00:00,0.102890739833415,0.897109260166585,0.1357050773437124,44.31020539764573,23.358161397828415,WR,4,5.666666666666667,,MODEL_AVAILABLE,INDEPENDENT_MODEL_RESEARCH_ONLY
KXNFLRECYDS-26OCT11LVNE-NERDOUBS87-60,2026_05_LV_NE,00-0037816,60.0,NFL-REC-RIDGE-NORMALSD-ISO-v1,2024-25-WALKFORWARD-ISO-v1,2026-10-07T23:44:40.917343+00:00,0.2234782608695652,0.7765217391304348,0.25088574790979484,44.31020539764573,23.358161397828415,WR,4,5.666666666666667,,MODEL_AVAILABLE,INDEPENDENT_MODEL_RESEARCH_ONLY
KXNFLRECYDS-26OCT11LVNE-NERDOUBS87-50,2026_05_LV_NE,00-0037816,50.0,NFL-REC-RIDGE-NORMALSD-ISO-v1,2024-25-WALKFORWARD-ISO-v1,2026-10-07T23:44:40.917343+00:00,0.3602584814216478,0.6397415185783522,0.4037745174291788,44.31020539764573,23.358161397828415,WR,4,5.666666666666667,,MODEL_AVAILABLE,INDEPENDENT_MODEL_RESEARCH_ONLY
KXNFLRECYDS-26OCT11LVNE-NERDOUBS87-40,2026_05_LV_NE,00-0037816,40.0,NFL-REC-RIDGE-NORMALSD-ISO-v1,2024-25-WALKFORWARD-ISO-v1,2026-10-07T23:44:40.917343+00:00,0.4953703703703703,0.5046296296296298,0.5731998744607181,44.31020539764573,23.358161397828415,WR,4,5.666666666666667,,MODEL_AVAILABLE,INDEPENDENT_MODEL_RESEARCH_ONLY
KXNFLRECYDS-26OCT11LVNE-NERDOUBS87-25,2026_05_LV_NE,00-0037816,25.0,,,,,,,,,,,,,UNAVAILABLE,INVALID_MODEL_INPUT: upstream model QC not PASS
KXNFLRECYDS-26OCT11LVNE-LVTTUCKER1-90,2026_05_LV_NE,00-0038563,90.0,NFL-REC-RIDGE-NORMALSD-ISO-v1,2024-25-WALKFORWARD-ISO-v1,2026-10-07T23:44:40.917343+00:00,0.0388931591083781,0.9611068408916219,0.023936281581408092,43.78592629176363,23.358161397828415,WR,4,6.333333333333333,,MODEL_AVAILABLE,INDEPENDENT_MODEL_RESEARCH_ONLY
KXNFLRECYDS-26OCT11LVNE-LVTTUCKER1-80,2026_05_LV_NE,00-0038563,80.0,NFL-REC-RIDGE-NORMALSD-ISO-v1,2024-25-WALKFORWARD-ISO-v1,2026-10-07T23:44:40.917343+00:00,0.0654205607476635,0.9345794392523366,0.0605249244168964,43.78592629176363,23.358161397828415,WR,4,6.333333333333333,,MODEL_AVAILABLE,INDEPENDENT_MODEL_RESEARCH_ONLY
KXNFLRECYDS-26OCT11LVNE-LVTTUCKER1-70,2026_05_LV_NE,00-0038563,70.0,NFL-REC-RIDGE-NORMALSD-ISO-v1,2024-25-WALKFORWARD-ISO-v1,2026-10-07T23:44:40.917343+00:00,0.102890739833415,0.897109260166585,0.13087464845213426,43.78592629176363,23.358161397828415,WR,4,6.333333333333333,,MODEL_AVAILABLE,INDEPENDENT_MODEL_RESEARCH_ONLY
KXNFLRECYDS-26OCT11LVNE-LVTTUCKER1-60,2026_05_LV_NE,00-0038563,60.0,NFL-REC-RIDGE-NORMALSD-ISO-v1,2024-25-WALKFORWARD-ISO-v1,2026-10-07T23:44:40.917343+00:00,0.2,0.8,0.24379399234503057,43.78592629176363,23.358161397828415,WR,4,6.333333333333333,,MODEL_AVAILABLE,INDEPENDENT_MODEL_RESEARCH_ONLY
KXNFLRECYDS-26OCT11LVNE-LVTTUCKER1-50,2026_05_LV_NE,00-0038563,50.0,NFL-REC-RIDGE-NORMALSD-ISO-v1,2024-25-WALKFORWARD-ISO-v1,2026-10-07T23:44:40.917343+00:00,0.3602584814216478,0.6397415185783522,0.3951063702544496,43.78592629176363,23.358161397828415,WR,4,6.333333333333333,,MODEL_AVAILABLE,INDEPENDENT_MODEL_RESEARCH_ONLY
KXNFLRECYDS-26OCT11LVNE-LVTTUCKER1-40,2026_05_LV_NE,00-0038563,40.0,NFL-REC-RIDGE-NORMALSD-ISO-v1,2024-25-WALKFORWARD-ISO-v1,2026-10-07T23:44:40.917343+00:00,0.4953703703703703,0.5046296296296298,0.5643791704624941,43.78592629176363,23.358161397828415,WR,4,6.333333333333333,,MODEL_AVAILABLE,INDEPENDENT_MODEL_RESEARCH_ONLY
KXNFLRECYDS-26OCT11LVNE-LVTTUCKER1-25,2026_05_LV_NE,00-0038563,25.0,,,,,,,,,,,,,UNAVAILABLE,INVALID_MODEL_INPUT: upstream model QC not PASS
KXNFLRECYDS-26OCT11LVNE-LVTTUCKER1-15,2026_05_LV_NE,00-0038563,15.0,,,,,,,,,,,,,UNAVAILABLE,INVALID_MODEL_INPUT: upstream model QC not PASS
KXNFLRECYDS-26OCT11LVNE-LVTTUCKER1-110,2026_05_LV_NE,00-0038563,110.0,NFL-REC-RIDGE-NORMALSD-ISO-v1,2024-25-WALKFORWARD-ISO-v1,2026-10-07T23:44:40.917343+00:00,0.0179487179487179,0.9820512820512821,0.0022932237005597734,43.78592629176363,23.358161397828415,WR,4,6.333333333333333,,MODEL_AVAILABLE,INDEPENDENT_MODEL_RESEARCH_ONLY
KXNFLRECYDS-26OCT11LVNE-LVTTUCKER1-100,2026_05_LV_NE,00-0038563,100.0,NFL-REC-RIDGE-NORMALSD-ISO-v1,2024-25-WALKFORWARD-ISO-v1,2026-10-07T23:44:40.917343+00:00,0.0261011419249592,0.9738988580750408,0.008050593221983086,43.78592629176363,23.358161397828415,WR,4,6.333333333333333,,MODEL_AVAILABLE,INDEPENDENT_MODEL_RESEARCH_ONLY
KXNFLRECYDS-26OCT11LVNE-LVMMAYER87-80,2026_05_LV_NE,00-0039066,80.0,NFL-REC-RIDGE-NORMALSD-ISO-v1,2024-25-WALKFORWARD-ISO-v1,2026-10-07T23:44:40.917343+00:00,0.0533141210374639,0.9466858789625361,0.032004835219001194,36.73805738395998,23.358161397828415,TE,4,5.666666666666667,,MODEL_AVAILABLE,INDEPENDENT_MODEL_RESEARCH_ONLY
KXNFLRECYDS-26OCT11LVNE-LVMMAYER87-70,2026_05_LV_NE,00-0039066,70.0,NFL-REC-RIDGE-NORMALSD-ISO-v1,2024-25-WALKFORWARD-ISO-v1,2026-10-07T23:44:40.917343+00:00,0.0822189202575532,0.9177810797424468,0.07722372688709979,36.73805738395998,23.358161397828415,TE,4,5.666666666666667,,MODEL_AVAILABLE,INDEPENDENT_MODEL_RESEARCH_ONLY
KXNFLRECYDS-26OCT11LVNE-LVMMAYER87-60,2026_05_LV_NE,00-0039066,60.0,NFL-REC-RIDGE-NORMALSD-ISO-v1,2024-25-WALKFORWARD-ISO-v1,2026-10-07T23:44:40.917343+00:00,0.125,0.875,0.15965405176484915,36.73805738395998,23.358161397828415,TE,4,5.666666666666667,,MODEL_AVAILABLE,INDEPENDENT_MODEL_RESEARCH_ONLY
KXNFLRECYDS-26OCT11LVNE-LVMMAYER87-50,2026_05_LV_NE,00-0039066,50.0,NFL-REC-RIDGE-NORMALSD-ISO-v1,2024-25-WALKFORWARD-ISO-v1,2026-10-07T23:44:40.917343+00:00,0.2427184466019417,0.7572815533980584,0.2850973307990401,36.73805738395998,23.358161397828415,TE,4,5.666666666666667,,MODEL_AVAILABLE,INDEPENDENT_MODEL_RESEARCH_ONLY
KXNFLRECYDS-26OCT11LVNE-LVMMAYER87-40,2026_05_LV_NE,00-0039066,40.0,NFL-REC-RIDGE-NORMALSD-ISO-v1,2024-25-WALKFORWARD-ISO-v1,2026-10-07T23:44:40.917343+00:00,0.3918575063613231,0.6081424936386769,0.44446868315511173,36.73805738395998,23.358161397828415,TE,4,5.666666666666667,,MODEL_AVAILABLE,INDEPENDENT_MODEL_RESEARCH_ONLY
KXNFLRECYDS-26OCT11LVNE-LVMMAYER87-30,2026_05_LV_NE,00-0039066,30.0,NFL-REC-RIDGE-NORMALSD-ISO-v1,2024-25-WALKFORWARD-ISO-v1,2026-10-07T23:44:40.917343+00:00,0.5065123010130245,0.49348769898697553,0.6135053339446055,36.73805738395998,23.358161397828415,TE,4,5.666666666666667,,MODEL_AVAILABLE,INDEPENDENT_MODEL_RESEARCH_ONLY
KXNFLRECYDS-26OCT11LVNE-LVMMAYER87-25,2026_05_LV_NE,00-0039066,25.0,,,,,,,,,,,,,UNAVAILABLE,INVALID_MODEL_INPUT: upstream model QC not PASS
KXNFLRECYDS-26OCT11LVNE-LVMMAYER87-15,2026_05_LV_NE,00-0039066,15.0,,,,,,,,,,,,,UNAVAILABLE,INVALID_MODEL_INPUT: upstream model QC not PASS
KXNFLRECYDS-26OCT11LVNE-LVBBOWERS89-90,2026_05_LV_NE,00-0039338,90.0,NFL-REC-RIDGE-NORMALSD-ISO-v1,2024-25-WALKFORWARD-ISO-v1,2026-10-07T23:44:40.917343+00:00,0.125,0.875,0.15693118996617364,66.47481235631692,23.358161397828415,TE,2,9.666666666666666,,MODEL_AVAILABLE,INDEPENDENT_MODEL_RESEARCH_ONLY
KXNFLRECYDS-26OCT11LVNE-LVBBOWERS89-80,2026_05_LV_NE,00-0039338,80.0,NFL-REC-RIDGE-NORMALSD-ISO-v1,2024-25-WALKFORWARD-ISO-v1,2026-10-07T23:44:40.917343+00:00,0.2427184466019417,0.7572815533980584,0.281282855714077,66.47481235631692,23.358161397828415,TE,2,9.666666666666666,,MODEL_AVAILABLE,INDEPENDENT_MODEL_RESEARCH_ONLY
KXNFLRECYDS-26OCT11LVNE-LVBBOWERS89-70,2026_05_LV_NE,00-0039338,70.0,NFL-REC-RIDGE-NORMALSD-ISO-v1,2024-25-WALKFORWARD-ISO-v1,2026-10-07T23:44:40.917343+00:00,0.3602584814216478,0.6397415185783522,0.44001985202924637,66.47481235631692,23.358161397828415,TE,2,9.666666666666666,,MODEL_AVAILABLE,INDEPENDENT_MODEL_RESEARCH_ONLY
KXNFLRECYDS-26OCT11LVNE-LVBBOWERS89-60,2026_05_LV_NE,00-0039338,60.0,NFL-REC-RIDGE-NORMALSD-ISO-v1,2024-25-WALKFORWARD-ISO-v1,2026-10-07T23:44:40.917343+00:00,0.5065123010130245,0.49348769898697553,0.609185579969273,66.47481235631692,23.358161397828415,TE,2,9.666666666666666,,MODEL_AVAILABLE,INDEPENDENT_MODEL_RESEARCH_ONLY
KXNFLRECYDS-26OCT11LVNE-LVBBOWERS89-50,2026_05_LV_NE,00-0039338,50.0,NFL-REC-RIDGE-NORMALSD-ISO-v1,2024-25-WALKFORWARD-ISO-v1,2026-10-07T23:44:40.917343+00:00,0.6394557823129252,0.3605442176870748,0.7596922302154125,66.47481235631692,23.358161397828415,TE,2,9.666666666666666,,MODEL_AVAILABLE,INDEPENDENT_MODEL_RESEARCH_ONLY
KXNFLRECYDS-26OCT11LVNE-LVBBOWERS89-40,2026_05_LV_NE,00-0039338,40.0,NFL-REC-RIDGE-NORMALSD-ISO-v1,2024-25-WALKFORWARD-ISO-v1,2026-10-07T23:44:40.917343+00:00,0.7670454545454546,0.23295454545454541,0.8714828829155754,66.47481235631692,23.358161397828415,TE,2,9.666666666666666,,MODEL_AVAILABLE,INDEPENDENT_MODEL_RESEARCH_ONLY
KXNFLRECYDS-26OCT11LVNE-LVBBOWERS89-150,2026_05_LV_NE,00-0039338,150.0,NFL-REC-RIDGE-NORMALSD-ISO-v1,2024-25-WALKFORWARD-ISO-v1,2026-10-07T23:44:40.917343+00:00,0.0078340345277818,0.9921659654722182,0.00017454857061793182,66.47481235631692,23.358161397828415,TE,2,9.666666666666666,,MODEL_AVAILABLE,INDEPENDENT_MODEL_RESEARCH_ONLY
KXNFLRECYDS-26OCT11LVNE-LVBBOWERS89-140,2026_05_LV_NE,00-0039338,140.0,NFL-REC-RIDGE-NORMALSD-ISO-v1,2024-25-WALKFORWARD-ISO-v1,2026-10-07T23:44:40.917343+00:00,0.0133852140077821,0.9866147859922179,0.0008227177326674646,66.47481235631692,23.358161397828415,TE,2,9.666666666666666,,MODEL_AVAILABLE,INDEPENDENT_MODEL_RESEARCH_ONLY
KXNFLRECYDS-26OCT11LVNE-LVBBOWERS89-130,2026_05_LV_NE,00-0039338,130.0,NFL-REC-RIDGE-NORMALSD-ISO-v1,2024-25-WALKFORWARD-ISO-v1,2026-10-07T23:44:40.917343+00:00,0.022858884486437,0.977141115513563,0.0032679060126162545,66.47481235631692,23.358161397828415,TE,2,9.666666666666666,,MODEL_AVAILABLE,INDEPENDENT_MODEL_RESEARCH_ONLY
KXNFLRECYDS-26OCT11LVNE-LVBBOWERS89-120,2026_05_LV_NE,00-0039338,120.0,NFL-REC-RIDGE-NORMALSD-ISO-v1,2024-25-WALKFORWARD-ISO-v1,2026-10-07T23:44:40.917343+00:00,0.0360138135175135,0.9639861864824865,0.010967304411073308,66.47481235631692,23.358161397828415,TE,2,9.666666666666666,,MODEL_AVAILABLE,INDEPENDENT_MODEL_RESEARCH_ONLY
KXNFLRECYDS-26OCT11LVNE-LVBBOWERS89-110,2026_05_LV_NE,00-0039338,110.0,NFL-REC-RIDGE-NORMALSD-ISO-v1,2024-25-WALKFORWARD-ISO-v1,2026-10-07T23:44:40.917343+00:00,0.0533141210374639,0.9466858789625361,0.031204239811302235,66.47481235631692,23.358161397828415,TE,2,9.666666666666666,,MODEL_AVAILABLE,INDEPENDENT_MODEL_RESEARCH_ONLY
KXNFLRECYDS-26OCT11LVNE-LVBBOWERS89-100,2026_05_LV_NE,00-0039338,100.0,NFL-REC-RIDGE-NORMALSD-ISO-v1,2024-25-WALKFORWARD-ISO-v1,2026-10-07T23:44:40.917343+00:00,0.0822189202575532,0.9177810797424468,0.07560557840724574,66.47481235631692,23.358161397828415,TE,2,9.666666666666666,,MODEL_AVAILABLE,INDEPENDENT_MODEL_RESEARCH_ONLY
KXNFLRECYDS-26OCT11LVNE-LVAJEANTY2-70,2026_05_LV_NE,00-0040122,70.0,NFL-REC-RIDGE-NORMALSD-ISO-v1,2024-25-WALKFORWARD-ISO-v1,2026-10-07T23:44:40.917343+00:00,0.0610138248847926,0.9389861751152074,0.05746684372031298,33.17819833264332,23.358161397828415,RB,4,6.0,,MODEL_AVAILABLE,INDEPENDENT_MODEL_RESEARCH_ONLY
KXNFLRECYDS-26OCT11LVNE-LVAJEANTY2-60,2026_05_LV_NE,00-0040122,60.0,NFL-REC-RIDGE-NORMALSD-ISO-v1,2024-25-WALKFORWARD-ISO-v1,2026-10-07T23:44:40.917343+00:00,0.102890739833415,0.897109260166585,0.1254256828115175,33.17819833264332,23.358161397828415,RB,4,6.0,,MODEL_AVAILABLE,INDEPENDENT_MODEL_RESEARCH_ONLY
KXNFLRECYDS-26OCT11LVNE-LVAJEANTY2-50,2026_05_LV_NE,00-0040122,50.0,NFL-REC-RIDGE-NORMALSD-ISO-v1,2024-25-WALKFORWARD-ISO-v1,2026-10-07T23:44:40.917343+00:00,0.1923076923076923,0.8076923076923077,0.2357107648985108,33.17819833264332,23.358161397828415,RB,4,6.0,,MODEL_AVAILABLE,INDEPENDENT_MODEL_RESEARCH_ONLY
KXNFLRECYDS-26OCT11LVNE-LVAJEANTY2-40,2026_05_LV_NE,00-0040122,40.0,NFL-REC-RIDGE-NORMALSD-ISO-v1,2024-25-WALKFORWARD-ISO-v1,2026-10-07T23:44:40.917343+00:00,0.3333333333333333,0.6666666666666667,0.38512336888078835,33.17819833264332,23.358161397828415,RB,4,6.0,,MODEL_AVAILABLE,INDEPENDENT_MODEL_RESEARCH_ONLY
KXNFLRECYDS-26OCT11LVNE-LVAJEANTY2-25,2026_05_LV_NE,00-0040122,25.0,,,,,,,,,,,,,UNAVAILABLE,INVALID_MODEL_INPUT: upstream model QC not PASS
KXNFLRECYDS-26OCT11LVNE-LVAJEANTY2-15,2026_05_LV_NE,00-0040122,15.0,,,,,,,,,,,,,UNAVAILABLE,INVALID_MODEL_INPUT: upstream model QC not PASS
KXNFLRECYDS-26OCT11BALATL-BALRBATEMAN7-80,2026_05_BAL_ATL,00-0036550,80.0,NFL-REC-RIDGE-NORMALSD-ISO-v1,2024-25-WALKFORWARD-ISO-v1,2026-10-07T23:44:40.917343+00:00,0.0388931591083781,0.9611068408916219,0.024125762739327105,33.86420932975186,23.358161397828415,WR,4,4.666666666666667,,MODEL_AVAILABLE,INDEPENDENT_MODEL_RESEARCH_ONLY
KXNFLRECYDS-26OCT11BALATL-BALRBATEMAN7-70,2026_05_BAL_ATL,00-0036550,70.0,NFL-REC-RIDGE-NORMALSD-ISO-v1,2024-25-WALKFORWARD-ISO-v1,2026-10-07T23:44:40.917343+00:00,0.0685772773797338,0.9314227226202662,0.0609279323594534,33.86420932975186,23.358161397828415,WR,4,4.666666666666667,,MODEL_AVAILABLE,INDEPENDENT_MODEL_RESEARCH_ONLY
KXNFLRECYDS-26OCT11BALATL-BALRBATEMAN7-60,2026_05_BAL_ATL,00-0036550,60.0,NFL-REC-RIDGE-NORMALSD-ISO-v1,2024-25-WALKFORWARD-ISO-v1,2026-10-07T23:44:40.917343+00:00,0.102890739833415,0.897109260166585,0.13158826081796152,33.86420932975186,23.358161397828415,WR,4,4.666666666666667,,MODEL_AVAILABLE,INDEPENDENT_MODEL_RESEARCH_ONLY
KXNFLRECYDS-26OCT11BALATL-BALRBATEMAN7-50,2026_05_BAL_ATL,00-0036550,50.0,NFL-REC-RIDGE-NORMALSD-ISO-v1,2024-25-WALKFORWARD-ISO-v1,2026-10-07T23:44:40.917343+00:00,0.2124183006535947,0.7875816993464053,0.2448459840495292,33.86420932975186,23.358161397828415,WR,4,4.666666666666667,,MODEL_AVAILABLE,INDEPENDENT_MODEL_RESEARCH_ONLY
KXNFLRECYDS-26OCT11MINNO-NOJJOHNSON83-90,2026_05_MIN_NO,00-0036040,90.0,NFL-REC-RIDGE-NORMALSD-ISO-v1,2024-25-WALKFORWARD-ISO-v1,2026-10-07T23:44:40.917343+00:00,0.0388931591083781,0.9611068408916219,0.022797015490965793,43.30394288423763,23.358161397828415,TE,4,6.666666666666667,,MODEL_AVAILABLE,INDEPENDENT_MODEL_RESEARCH_ONLY
KXNFLRECYDS-26OCT11MINNO-NOJJOHNSON83-80,2026_05_MIN_NO,00-0036040,80.0,NFL-REC-RIDGE-NORMALSD-ISO-v1,2024-25-WALKFORWARD-ISO-v1,2026-10-07T23:44:40.917343+00:00,0.0610138248847926,0.9389861751152074,0.05808940736414337,43.30394288423763,23.358161397828415,TE,4,6.666666666666667,,MODEL_AVAILABLE,INDEPENDENT_MODEL_RESEARCH_ONLY
KXNFLRECYDS-26OCT11MINNO-NOJJOHNSON83-70,2026_05_MIN_NO,00-0036040,70.0,NFL-REC-RIDGE-NORMALSD-ISO-v1,2024-25-WALKFORWARD-ISO-v1,2026-10-07T23:44:40.917343+00:00,0.102890739833415,0.897109260166585,0.1265399278056426,43.30394288423763,23.358161397828415,TE,4,6.666666666666667,,MODEL_AVAILABLE,INDEPENDENT_MODEL_RESEARCH_ONLY
KXNFLRECYDS-26OCT11MINNO-NOJJOHNSON83-60,2026_05_MIN_NO,00-0036040,60.0,NFL-REC-RIDGE-NORMALSD-ISO-v1,2024-25-WALKFORWARD-ISO-v1,2026-10-07T23:44:40.917343+00:00,0.1923076923076923,0.8076923076923077,0.23737103570692086,43.30394288423763,23.358161397828415,TE,4,6.666666666666667,,MODEL_AVAILABLE,INDEPENDENT_MODEL_RESEARCH_ONLY
KXNFLRECYDS-26OCT11MINNO-NOJJOHNSON83-50,2026_05_MIN_NO,00-0036040,50.0,NFL-REC-RIDGE-NORMALSD-ISO-v1,2024-25-WALKFORWARD-ISO-v1,2026-10-07T23:44:40.917343+00:00,0.3333333333333333,0.6666666666666667,0.3871829479827277,43.30394288423763,23.358161397828415,TE,4,6.666666666666667,,MODEL_AVAILABLE,INDEPENDENT_MODEL_RESEARCH_ONLY
KXNFLRECYDS-26OCT11MINNO-NOJJOHNSON83-40,2026_05_MIN_NO,00-0036040,40.0,NFL-REC-RIDGE-NORMALSD-ISO-v1,2024-25-WALKFORWARD-ISO-v1,2026-10-07T23:44:40.917343+00:00,0.4953703703703703,0.5046296296296298,0.5562416039776509,43.30394288423763,23.358161397828415,TE,4,6.666666666666667,,MODEL_AVAILABLE,INDEPENDENT_MODEL_RESEARCH_ONLY
KXNFLRECYDS-26OCT11MINNO-NOJJOHNSON83-25,2026_05_MIN_NO,00-0036040,25.0,,,,,,,,,,,,,UNAVAILABLE,INVALID_MODEL_INPUT: upstream model QC not PASS
KXNFLRECYDS-26OCT11MINNO-NOJJOHNSON83-15,2026_05_MIN_NO,00-0036040,15.0,,,,,,,,,,,,,UNAVAILABLE,INVALID_MODEL_INPUT: upstream model QC not PASS
KXNFLRECYDS-26OCT11MINNO-NOJJOHNSON83-120,2026_05_MIN_NO,00-0036040,120.0,NFL-REC-RIDGE-NORMALSD-ISO-v1,2024-25-WALKFORWARD-ISO-v1,2026-10-07T23:44:40.917343+00:00,0.012386850881372,0.987613149118628,0.0005126694956844263,43.30394288423763,23.358161397828415,TE,4,6.666666666666667,,MODEL_AVAILABLE,INDEPENDENT_MODEL_RESEARCH_ONLY
KXNFLRECYDS-26OCT11MINNO-NOJJOHNSON83-110,2026_05_MIN_NO,00-0036040,110.0,NFL-REC-RIDGE-NORMALSD-ISO-v1,2024-25-WALKFORWARD-ISO-v1,2026-10-07T23:44:40.917343+00:00,0.0179487179487179,0.9820512820512821,0.0021493753218686995,43.30394288423763,23.358161397828415,TE,4,6.666666666666667,,MODEL_AVAILABLE,INDEPENDENT_MODEL_RESEARCH_ONLY
KXNFLRECYDS-26OCT11MINNO-NOJJOHNSON83-100,2026_05_MIN_NO,00-0036040,100.0,NFL-REC-RIDGE-NORMALSD-ISO-v1,2024-25-WALKFORWARD-ISO-v1,2026-10-07T23:44:40.917343+00:00,0.0261011419249592,0.9738988580750408,0.007606920116706072,43.30394288423763,23.358161397828415,TE,4,6.666666666666667,,MODEL_AVAILABLE,INDEPENDENT_MODEL_RESEARCH_ONLY
KXNFLRECYDS-26OCT11MINNO-NODVELE14-90,2026_05_MIN_NO,00-0039424,90.0,NFL-REC-RIDGE-NORMALSD-ISO-v1,2024-25-WALKFORWARD-ISO-v1,2026-10-07T23:44:40.917343+00:00,0.0533141210374639,0.9466858789625361,0.028382940929592926,45.50015256290306,23.358161397828415,WR,4,7.333333333333333,HIGH_VOLUME_WR_MODEL_HISTORICALLY_CONSERVATIVE,MODEL_AVAILABLE,INDEPENDENT_MODEL_RESEARCH_ONLY
KXNFLRECYDS-26OCT11MINNO-NODVELE14-80,2026_05_MIN_NO,00-0039424,80.0,NFL-REC-RIDGE-NORMALSD-ISO-v1,2024-25-WALKFORWARD-ISO-v1,2026-10-07T23:44:40.917343+00:00,0.0822189202575532,0.9177810797424468,0.06983871920332263,45.50015256290306,23.358161397828415,WR,4,7.333333333333333,HIGH_VOLUME_WR_MODEL_HISTORICALLY_CONSERVATIVE,MODEL_AVAILABLE,INDEPENDENT_MODEL_RESEARCH_ONLY
KXNFLRECYDS-26OCT11MINNO-NODVELE14-70,2026_05_MIN_NO,00-0039424,70.0,NFL-REC-RIDGE-NORMALSD-ISO-v1,2024-25-WALKFORWARD-ISO-v1,2026-10-07T23:44:40.917343+00:00,0.1233243967828418,0.8766756032171582,0.14711727573053196,45.50015256290306,23.358161397828415,WR,4,7.333333333333333,HIGH_VOLUME_WR_MODEL_HISTORICALLY_CONSERVATIVE,MODEL_AVAILABLE,INDEPENDENT_MODEL_RESEARCH_ONLY
KXNFLRECYDS-26OCT11MINNO-NODVELE14-60,2026_05_MIN_NO,00-0039424,60.0,NFL-REC-RIDGE-NORMALSD-ISO-v1,2024-25-WALKFORWARD-ISO-v1,2026-10-07T23:44:40.917343+00:00,0.2234782608695652,0.7765217391304348,0.2673782772342219,45.50015256290306,23.358161397828415,WR,4,7.333333333333333,HIGH_VOLUME_WR_MODEL_HISTORICALLY_CONSERVATIVE,MODEL_AVAILABLE,INDEPENDENT_MODEL_RESEARCH_ONLY
KXNFLRECYDS-26OCT11MINNO-NODVELE14-50,2026_05_MIN_NO,00-0039424,50.0,NFL-REC-RIDGE-NORMALSD-ISO-v1,2024-25-WALKFORWARD-ISO-v1,2026-10-07T23:44:40.917343+00:00,0.3602584814216478,0.6397415185783522,0.4236182580374202,45.50015256290306,23.358161397828415,WR,4,7.333333333333333,HIGH_VOLUME_WR_MODEL_HISTORICALLY_CONSERVATIVE,MODEL_AVAILABLE,INDEPENDENT_MODEL_RESEARCH_ONLY
KXNFLRECYDS-26OCT11MINNO-NODVELE14-40,2026_05_MIN_NO,00-0039424,40.0,NFL-REC-RIDGE-NORMALSD-ISO-v1,2024-25-WALKFORWARD-ISO-v1,2026-10-07T23:44:40.917343+00:00,0.5065123010130245,0.49348769898697553,0.5930781242204971,45.50015256290306,23.358161397828415,WR,4,7.333333333333333,HIGH_VOLUME_WR_MODEL_HISTORICALLY_CONSERVATIVE,MODEL_AVAILABLE,INDEPENDENT_MODEL_RESEARCH_ONLY
KXNFLRECYDS-26OCT11MINNO-NODVELE14-25,2026_05_MIN_NO,00-0039424,25.0,,,,,,,,,,,,,UNAVAILABLE,INVALID_MODEL_INPUT: upstream model QC not PASS
KXNFLRECYDS-26OCT11MINNO-NODVELE14-15,2026_05_MIN_NO,00-0039424,15.0,,,,,,,,,,,,,UNAVAILABLE,INVALID_MODEL_INPUT: upstream model QC not PASS
KXNFLRECYDS-26OCT11MINNO-NODVELE14-110,2026_05_MIN_NO,00-0039424,110.0,NFL-REC-RIDGE-NORMALSD-ISO-v1,2024-25-WALKFORWARD-ISO-v1,2026-10-07T23:44:40.917343+00:00,0.022858884486437,0.977141115513563,0.002878227407291672,45.50015256290306,23.358161397828415,WR,4,7.333333333333333,HIGH_VOLUME_WR_MODEL_HISTORICALLY_CONSERVATIVE,MODEL_AVAILABLE,INDEPENDENT_MODEL_RESEARCH_ONLY
KXNFLRECYDS-26OCT11MINNO-NODVELE14-100,2026_05_MIN_NO,00-0039424,100.0,NFL-REC-RIDGE-NORMALSD-ISO-v1,2024-25-WALKFORWARD-ISO-v1,2026-10-07T23:44:40.917343+00:00,0.0360138135175135,0.9639861864824865,0.009818168221771152,45.50015256290306,23.358161397828415,WR,4,7.333333333333333,HIGH_VOLUME_WR_MODEL_HISTORICALLY_CONSERVATIVE,MODEL_AVAILABLE,INDEPENDENT_MODEL_RESEARCH_ONLY
KXNFLRECYDS-26OCT11MINNO-NOCOLAVE12-90,2026_05_MIN_NO,00-0037239,90.0,NFL-REC-RIDGE-NORMALSD-ISO-v1,2024-25-WALKFORWARD-ISO-v1,2026-10-07T23:44:40.917343+00:00,0.2827476038338658,0.7172523961661341,0.3032951292167803,77.97179161501523,23.358161397828415,WR,4,11.666666666666666,HIGH_VOLUME_WR_MODEL_HISTORICALLY_CONSERVATIVE,MODEL_AVAILABLE,INDEPENDENT_MODEL_RESEARCH_ONLY
KXNFLRECYDS-26OCT11MINNO-NOCOLAVE12-80,2026_05_MIN_NO,00-0037239,80.0,NFL-REC-RIDGE-NORMALSD-ISO-v1,2024-25-WALKFORWARD-ISO-v1,2026-10-07T23:44:40.917343+00:00,0.4221732745961821,0.5778267254038179,0.4654029933468635,77.97179161501523,23.358161397828415,WR,4,11.666666666666666,HIGH_VOLUME_WR_MODEL_HISTORICALLY_CONSERVATIVE,MODEL_AVAILABLE,INDEPENDENT_MODEL_RESEARCH_ONLY
KXNFLRECYDS-26OCT11MINNO-NOCOLAVE12-70,2026_05_MIN_NO,00-0037239,70.0,NFL-REC-RIDGE-NORMALSD-ISO-v1,2024-25-WALKFORWARD-ISO-v1,2026-10-07T23:44:40.917343+00:00,0.5654101995565411,0.43458980044345885,0.6335555046818068,77.97179161501523,23.358161397828415,WR,4,11.666666666666666,HIGH_VOLUME_WR_MODEL_HISTORICALLY_CONSERVATIVE,MODEL_AVAILABLE,INDEPENDENT_MODEL_RESEARCH_ONLY
KXNFLRECYDS-26OCT11MINNO-NOCOLAVE12-60,2026_05_MIN_NO,00-0037239,60.0,NFL-REC-RIDGE-NORMALSD-ISO-v1,2024-25-WALKFORWARD-ISO-v1,2026-10-07T23:44:40.917343+00:00,0.6394557823129252,0.3605442176870748,0.779172338170864,77.97179161501523,23.358161397828415,WR,4,11.666666666666666,HIGH_VOLUME_WR_MODEL_HISTORICALLY_CONSERVATIVE,MODEL_AVAILABLE,INDEPENDENT_MODEL_RESEARCH_ONLY
KXNFLRECYDS-26OCT11MINNO-NOCOLAVE12-50,2026_05_MIN_NO,00-0037239,50.0,NFL-REC-RIDGE-NORMALSD-ISO-v1,2024-25-WALKFORWARD-ISO-v1,2026-10-07T23:44:40.917343+00:00,0.7670454545454546,0.23295454545454541,0.8844474160100009,77.97179161501523,23.358161397828415,WR,4,11.666666666666666,HIGH_VOLUME_WR_MODEL_HISTORICALLY_CONSERVATIVE,MODEL_AVAILABLE,INDEPENDENT_MODEL_RESEARCH_ONLY
KXNFLRECYDS-26OCT11MINNO-NOCOLAVE12-40,2026_05_MIN_NO,00-0037239,40.0,NFL-REC-RIDGE-NORMALSD-ISO-v1,2024-25-WALKFORWARD-ISO-v1,2026-10-07T23:44:40.917343+00:00,0.8466076696165191,0.15339233038348088,0.9479860955952142,77.97179161501523,23.358161397828415,WR,4,11.666666666666666,HIGH_VOLUME_WR_MODEL_HISTORICALLY_CONSERVATIVE,MODEL_AVAILABLE,INDEPENDENT_MODEL_RESEARCH_ONLY
KXNFLRECYDS-26OCT11MINNO-NOCOLAVE12-170,2026_05_MIN_NO,00-0037239,170.0,,,,,,,,,,,,,UNAVAILABLE,INVALID_MODEL_INPUT: upstream model QC not PASS
KXNFLRECYDS-26OCT11MINNO-NOCOLAVE12-160,2026_05_MIN_NO,00-0037239,160.0,,,,,,,,,,,,,UNAVAILABLE,INVALID_MODEL_INPUT: upstream model QC not PASS
KXNFLRECYDS-26OCT11MINNO-NOCOLAVE12-150,2026_05_MIN_NO,00-0037239,150.0,NFL-REC-RIDGE-NORMALSD-ISO-v1,2024-25-WALKFORWARD-ISO-v1,2026-10-07T23:44:40.917343+00:00,0.0133852140077821,0.9866147859922179,0.001022417364905191,77.97179161501523,23.358161397828415,WR,4,11.666666666666666,HIGH_VOLUME_WR_MODEL_HISTORICALLY_CONSERVATIVE,MODEL_AVAILABLE,INDEPENDENT_MODEL_RESEARCH_ONLY
KXNFLRECYDS-26OCT11MINNO-NOCOLAVE12-140,2026_05_MIN_NO,00-0037239,140.0,NFL-REC-RIDGE-NORMALSD-ISO-v1,2024-25-WALKFORWARD-ISO-v1,2026-10-07T23:44:40.917343+00:00,0.022858884486437,0.977141115513563,0.003959239704921575,77.97179161501523,23.358161397828415,WR,4,11.666666666666666,HIGH_VOLUME_WR_MODEL_HISTORICALLY_CONSERVATIVE,MODEL_AVAILABLE,INDEPENDENT_MODEL_RESEARCH_ONLY
KXNFLRECYDS-26OCT11MINNO-NOCOLAVE12-130,2026_05_MIN_NO,00-0037239,130.0,NFL-REC-RIDGE-NORMALSD-ISO-v1,2024-25-WALKFORWARD-ISO-v1,2026-10-07T23:44:40.917343+00:00,0.0388931591083781,0.9611068408916219,0.012959933623012475,77.97179161501523,23.358161397828415,WR,4,11.666666666666666,HIGH_VOLUME_WR_MODEL_HISTORICALLY_CONSERVATIVE,MODEL_AVAILABLE,INDEPENDENT_MODEL_RESEARCH_ONLY
KXNFLRECYDS-26OCT11MINNO-NOCOLAVE12-120,2026_05_MIN_NO,00-0037239,120.0,NFL-REC-RIDGE-NORMALSD-ISO-v1,2024-25-WALKFORWARD-ISO-v1,2026-10-07T23:44:40.917343+00:00,0.0572246065808297,0.9427753934191703,0.03598606380391052,77.97179161501523,23.358161397828415,WR,4,11.666666666666666,HIGH_VOLUME_WR_MODEL_HISTORICALLY_CONSERVATIVE,MODEL_AVAILABLE,INDEPENDENT_MODEL_RESEARCH_ONLY
KXNFLRECYDS-26OCT11MINNO-NOCOLAVE12-110,2026_05_MIN_NO,00-0037239,110.0,NFL-REC-RIDGE-NORMALSD-ISO-v1,2024-25-WALKFORWARD-ISO-v1,2026-10-07T23:44:40.917343+00:00,0.0865758754863813,0.9134241245136187,0.08515966150949349,77.97179161501523,23.358161397828415,WR,4,11.666666666666666,HIGH_VOLUME_WR_MODEL_HISTORICALLY_CONSERVATIVE,MODEL_AVAILABLE,INDEPENDENT_MODEL_RESEARCH_ONLY
KXNFLRECYDS-26OCT11MINNO-NOCOLAVE12-100,2026_05_MIN_NO,00-0037239,100.0,NFL-REC-RIDGE-NORMALSD-ISO-v1,2024-25-WALKFORWARD-ISO-v1,2026-10-07T23:44:40.917343+00:00,0.125,0.875,0.17282444248773227,77.97179161501523,23.358161397828415,WR,4,11.666666666666666,HIGH_VOLUME_WR_MODEL_HISTORICALLY_CONSERVATIVE,MODEL_AVAILABLE,INDEPENDENT_MODEL_RESEARCH_ONLY
KXNFLRECYDS-26OCT11MINNO-MINAJONES33-60,2026_05_MIN_NO,,,,,,,,,,,,,,,UNAVAILABLE,MARKET_MAPPING_MISSING_OR_AMBIGUOUS
KXNFLRECYDS-26OCT11MINNO-MINAJONES33-50,2026_05_MIN_NO,,,,,,,,,,,,,,,UNAVAILABLE,MARKET_MAPPING_MISSING_OR_AMBIGUOUS
KXNFLRECYDS-26OCT11MINNO-MINAJONES33-40,2026_05_MIN_NO,,,,,,,,,,,,,,,UNAVAILABLE,MARKET_MAPPING_MISSING_OR_AMBIGUOUS
KXNFLRECYDS-26OCT11MINNO-MINAJONES33-25,2026_05_MIN_NO,,,,,,,,,,,,,,,UNAVAILABLE,MARKET_MAPPING_MISSING_OR_AMBIGUOUS
KXNFLRECYDS-26OCT11MINNO-MINAJONES33-15,2026_05_MIN_NO,,,,,,,,,,,,,,,UNAVAILABLE,MARKET_MAPPING_MISSING_OR_AMBIGUOUS
KXNFLRECYDS-26OCT11BALATL-BALRBATEMAN7-40,2026_05_BAL_ATL,00-0036550,40.0,NFL-REC-RIDGE-NORMALSD-ISO-v1,2024-25-WALKFORWARD-ISO-v1,2026-10-07T23:44:40.917343+00:00,0.3602584814216478,0.6397415185783522,0.3963974808632664,33.86420932975186,23.358161397828415,WR,4,4.666666666666667,,MODEL_AVAILABLE,INDEPENDENT_MODEL_RESEARCH_ONLY
KXNFLRECYDS-26OCT11BALATL-BALRBATEMAN7-25,2026_05_BAL_ATL,00-0036550,25.0,,,,,,,,,,,,,UNAVAILABLE,INVALID_MODEL_INPUT: upstream model QC not PASS
KXNFLRECYDS-26OCT11BALATL-BALRBATEMAN7-20,2026_05_BAL_ATL,00-0036550,20.0,,,,,,,,,,,,,UNAVAILABLE,INVALID_MODEL_INPUT: upstream model QC not PASS
KXNFLRECYDS-26OCT11BALATL-BALRBATEMAN7-15,2026_05_BAL_ATL,00-0036550,15.0,,,,,,,,,,,,,UNAVAILABLE,INVALID_MODEL_INPUT: upstream model QC not PASS
KXNFLRECYDS-26OCT11CHIGB-GBTKRAFT85-90,2026_05_CHI_GB,00-0038996,90.0,NFL-REC-RIDGE-NORMALSD-ISO-v1,2024-25-WALKFORWARD-ISO-v1,2026-10-07T23:44:40.917343+00:00,0.0360138135175135,0.9639861864824865,0.012573215514004376,37.697670994908876,23.358161397828415,TE,4,6.0,,MODEL_AVAILABLE,INDEPENDENT_MODEL_RESEARCH_ONLY
KXNFLRECYDS-26OCT11CHIGB-GBTKRAFT85-80,2026_05_CHI_GB,00-0038996,80.0,NFL-REC-RIDGE-NORMALSD-ISO-v1,2024-25-WALKFORWARD-ISO-v1,2026-10-07T23:44:40.917343+00:00,0.0572246065808297,0.9427753934191703,0.03506811069851175,37.697670994908876,23.358161397828415,TE,4,6.0,,MODEL_AVAILABLE,INDEPENDENT_MODEL_RESEARCH_ONLY
KXNFLRECYDS-26OCT11CHIGB-GBTKRAFT85-70,2026_05_CHI_GB,00-0038996,70.0,NFL-REC-RIDGE-NORMALSD-ISO-v1,2024-25-WALKFORWARD-ISO-v1,2026-10-07T23:44:40.917343+00:00,0.0865758754863813,0.9134241245136187,0.0833456146275412,37.697670994908876,23.358161397828415,TE,4,6.0,,MODEL_AVAILABLE,INDEPENDENT_MODEL_RESEARCH_ONLY
KXNFLRECYDS-26OCT11CHIGB-GBTKRAFT85-60,2026_05_CHI_GB,00-0038996,60.0,NFL-REC-RIDGE-NORMALSD-ISO-v1,2024-25-WALKFORWARD-ISO-v1,2026-10-07T23:44:40.917343+00:00,0.125,0.875,0.16983989465629568,37.697670994908876,23.358161397828415,TE,4,6.0,,MODEL_AVAILABLE,INDEPENDENT_MODEL_RESEARCH_ONLY
KXNFLRECYDS-26OCT11CHIGB-GBTKRAFT85-50,2026_05_CHI_GB,00-0038996,50.0,NFL-REC-RIDGE-NORMALSD-ISO-v1,2024-25-WALKFORWARD-ISO-v1,2026-10-07T23:44:40.917343+00:00,0.2702702702702703,0.7297297297297297,0.2992071318669433,37.697670994908876,23.358161397828415,TE,4,6.0,,MODEL_AVAILABLE,INDEPENDENT_MODEL_RESEARCH_ONLY
KXNFLRECYDS-26OCT11CHIGB-GBTKRAFT85-40,2026_05_CHI_GB,00-0038996,40.0,NFL-REC-RIDGE-NORMALSD-ISO-v1,2024-25-WALKFORWARD-ISO-v1,2026-10-07T23:44:40.917343+00:00,0.4221732745961821,0.5778267254038179,0.4607412893567742,37.697670994908876,23.358161397828415,TE,4,6.0,,MODEL_AVAILABLE,INDEPENDENT_MODEL_RESEARCH_ONLY
KXNFLRECYDS-26OCT11CHIGB-GBTKRAFT85-25,2026_05_CHI_GB,00-0038996,25.0,,,,,,,,,,,,,UNAVAILABLE,INVALID_MODEL_INPUT: upstream model QC not PASS
KXNFLRECYDS-26OCT11CHIGB-GBTKRAFT85-120,2026_05_CHI_GB,00-0038996,120.0,NFL-REC-RIDGE-NORMALSD-ISO-v1,2024-25-WALKFORWARD-ISO-v1,2026-10-07T23:44:40.917343+00:00,0.0078340345277818,0.9921659654722182,0.0002129488009390065,37.697670994908876,23.358161397828415,TE,4,6.0,,MODEL_AVAILABLE,INDEPENDENT_MODEL_RESEARCH_ONLY
KXNFLRECYDS-26OCT11CHIGB-GBTKRAFT85-110,2026_05_CHI_GB,00-0038996,110.0,NFL-REC-RIDGE-NORMALSD-ISO-v1,2024-25-WALKFORWARD-ISO-v1,2026-10-07T23:44:40.917343+00:00,0.0133852140077821,0.9866147859922179,0.0009828124929359987,37.697670994908876,23.358161397828415,TE,4,6.0,,MODEL_AVAILABLE,INDEPENDENT_MODEL_RESEARCH_ONLY
KXNFLRECYDS-26OCT11CHIGB-GBTKRAFT85-100,2026_05_CHI_GB,00-0038996,100.0,NFL-REC-RIDGE-NORMALSD-ISO-v1,2024-25-WALKFORWARD-ISO-v1,2026-10-07T23:44:40.917343+00:00,0.022858884486437,0.977141115513563,0.003823605086830584,37.697670994908876,23.358161397828415,TE,4,6.0,,MODEL_AVAILABLE,INDEPENDENT_MODEL_RESEARCH_ONLY
KXNFLRECYDS-26OCT11CHIGB-GBMGOLDEN0-90,2026_05_CHI_GB,00-0040667,90.0,NFL-REC-RIDGE-NORMALSD-ISO-v1,2024-25-WALKFORWARD-ISO-v1,2026-10-07T23:44:40.917343+00:00,0.0610138248847926,0.9389861751152074,0.04701013495043381,50.88531882032707,23.358161397828415,WR,4,8.333333333333334,HIGH_VOLUME_WR_MODEL_HISTORICALLY_CONSERVATIVE,MODEL_AVAILABLE,INDEPENDENT_MODEL_RESEARCH_ONLY
KXNFLRECYDS-26OCT11CHIGB-GBMGOLDEN0-80,2026_05_CHI_GB,00-0040667,80.0,NFL-REC-RIDGE-NORMALSD-ISO-v1,2024-25-WALKFORWARD-ISO-v1,2026-10-07T23:44:40.917343+00:00,0.0905911157747464,0.9094088842252536,0.10630039564448175,50.88531882032707,23.358161397828415,WR,4,8.333333333333334,HIGH_VOLUME_WR_MODEL_HISTORICALLY_CONSERVATIVE,MODEL_AVAILABLE,INDEPENDENT_MODEL_RESEARCH_ONLY
KXNFLRECYDS-26OCT11CHIGB-GBMGOLDEN0-70,2026_05_CHI_GB,00-0040667,70.0,NFL-REC-RIDGE-NORMALSD-ISO-v1,2024-25-WALKFORWARD-ISO-v1,2026-10-07T23:44:40.917343+00:00,0.1647597254004576,0.8352402745995424,0.20658442726733403,50.88531882032707,23.358161397828415,WR,4,8.333333333333334,HIGH_VOLUME_WR_MODEL_HISTORICALLY_CONSERVATIVE,MODEL_AVAILABLE,INDEPENDENT_MODEL_RESEARCH_ONLY
KXNFLRECYDS-26OCT11CHIGB-GBMGOLDEN0-60,2026_05_CHI_GB,00-0040667,60.0,NFL-REC-RIDGE-NORMALSD-ISO-v1,2024-25-WALKFORWARD-ISO-v1,2026-10-07T23:44:40.917343+00:00,0.2891566265060241,0.7108433734939759,0.34818916156303564,50.88531882032707,23.358161397828415,WR,4,8.333333333333334,HIGH_VOLUME_WR_MODEL_HISTORICALLY_CONSERVATIVE,MODEL_AVAILABLE,INDEPENDENT_MODEL_RESEARCH_ONLY
KXNFLRECYDS-26OCT11CHIGB-GBMGOLDEN0-50,2026_05_CHI_GB,00-0040667,50.0,NFL-REC-RIDGE-NORMALSD-ISO-v1,2024-25-WALKFORWARD-ISO-v1,2026-10-07T23:44:40.917343+00:00,0.4221732745961821,0.5778267254038179,0.5151170530174352,50.88531882032707,23.358161397828415,WR,4,8.333333333333334,HIGH_VOLUME_WR_MODEL_HISTORICALLY_CONSERVATIVE,MODEL_AVAILABLE,INDEPENDENT_MODEL_RESEARCH_ONLY
KXNFLRECYDS-26OCT11CHIGB-GBMGOLDEN0-40,2026_05_CHI_GB,00-0040667,40.0,NFL-REC-RIDGE-NORMALSD-ISO-v1,2024-25-WALKFORWARD-ISO-v1,2026-10-07T23:44:40.917343+00:00,0.5654101995565411,0.43458980044345885,0.679398617673258,50.88531882032707,23.358161397828415,WR,4,8.333333333333334,HIGH_VOLUME_WR_MODEL_HISTORICALLY_CONSERVATIVE,MODEL_AVAILABLE,INDEPENDENT_MODEL_RESEARCH_ONLY
KXNFLRECYDS-26OCT11CHIGB-GBMGOLDEN0-25,2026_05_CHI_GB,00-0040667,25.0,,,,,,,,,,,,,UNAVAILABLE,INVALID_MODEL_INPUT: upstream model QC not PASS
KXNFLRECYDS-26OCT11CHIGB-GBMGOLDEN0-130,2026_05_CHI_GB,00-0040667,130.0,NFL-REC-RIDGE-NORMALSD-ISO-v1,2024-25-WALKFORWARD-ISO-v1,2026-10-07T23:44:40.917343+00:00,0.0078340345277818,0.9921659654722182,0.00035327449347812907,50.88531882032707,23.358161397828415,WR,4,8.333333333333334,HIGH_VOLUME_WR_MODEL_HISTORICALLY_CONSERVATIVE,MODEL_AVAILABLE,INDEPENDENT_MODEL_RESEARCH_ONLY
KXNFLRECYDS-26OCT11CHIGB-GBMGOLDEN0-120,2026_05_CHI_GB,00-0040667,120.0,NFL-REC-RIDGE-NORMALSD-ISO-v1,2024-25-WALKFORWARD-ISO-v1,2026-10-07T23:44:40.917343+00:00,0.0133852140077821,0.9866147859922179,0.00154364972555609,50.88531882032707,23.358161397828415,WR,4,8.333333333333334,HIGH_VOLUME_WR_MODEL_HISTORICALLY_CONSERVATIVE,MODEL_AVAILABLE,INDEPENDENT_MODEL_RESEARCH_ONLY
KXNFLRECYDS-26OCT11CHIGB-GBMGOLDEN0-110,2026_05_CHI_GB,00-0040667,110.0,NFL-REC-RIDGE-NORMALSD-ISO-v1,2024-25-WALKFORWARD-ISO-v1,2026-10-07T23:44:40.917343+00:00,0.0261011419249592,0.9738988580750408,0.005690242656112237,50.88531882032707,23.358161397828415,WR,4,8.333333333333334,HIGH_VOLUME_WR_MODEL_HISTORICALLY_CONSERVATIVE,MODEL_AVAILABLE,INDEPENDENT_MODEL_RESEARCH_ONLY
KXNFLRECYDS-26OCT11CHIGB-GBMGOLDEN0-100,2026_05_CHI_GB,00-0040667,100.0,NFL-REC-RIDGE-NORMALSD-ISO-v1,2024-25-WALKFORWARD-ISO-v1,2026-10-07T23:44:40.917343+00:00,0.0388931591083781,0.9611068408916219,0.017746983653308637,50.88531882032707,23.358161397828415,WR,4,8.333333333333334,HIGH_VOLUME_WR_MODEL_HISTORICALLY_CONSERVATIVE,MODEL_AVAILABLE,INDEPENDENT_MODEL_RESEARCH_ONLY
KXNFLRECYDS-26OCT11CHIGB-GBCWATSON9-90,2026_05_CHI_GB,00-0038124,90.0,NFL-REC-RIDGE-NORMALSD-ISO-v1,2024-25-WALKFORWARD-ISO-v1,2026-10-07T23:44:40.917343+00:00,0.0610138248847926,0.9389861751152074,0.05198071178644016,52.02092167846144,23.358161397828415,WR,4,8.0,HIGH_VOLUME_WR_MODEL_HISTORICALLY_CONSERVATIVE,MODEL_AVAILABLE,INDEPENDENT_MODEL_RESEARCH_ONLY
KXNFLRECYDS-26OCT11CHIGB-GBCWATSON9-80,2026_05_CHI_GB,00-0038124,80.0,NFL-REC-RIDGE-NORMALSD-ISO-v1,2024-25-WALKFORWARD-ISO-v1,2026-10-07T23:44:40.917343+00:00,0.0977596741344195,0.9022403258655805,0.11549183734373408,52.02092167846144,23.358161397828415,WR,4,8.0,HIGH_VOLUME_WR_MODEL_HISTORICALLY_CONSERVATIVE,MODEL_AVAILABLE,INDEPENDENT_MODEL_RESEARCH_ONLY
KXNFLRECYDS-26OCT11CHIGB-GBCWATSON9-70,2026_05_CHI_GB,00-0038124,70.0,NFL-REC-RIDGE-NORMALSD-ISO-v1,2024-25-WALKFORWARD-ISO-v1,2026-10-07T23:44:40.917343+00:00,0.171238570241064,0.828761429758936,0.22073510590691356,52.02092167846144,23.358161397828415,WR,4,8.0,HIGH_VOLUME_WR_MODEL_HISTORICALLY_CONSERVATIVE,MODEL_AVAILABLE,INDEPENDENT_MODEL_RESEARCH_ONLY
KXNFLRECYDS-26OCT11CHIGB-GBCWATSON9-60,2026_05_CHI_GB,00-0038124,60.0,NFL-REC-RIDGE-NORMALSD-ISO-v1,2024-25-WALKFORWARD-ISO-v1,2026-10-07T23:44:40.917343+00:00,0.3297045101088648,0.6702954898911352,0.36632709014561204,52.02092167846144,23.358161397828415,WR,4,8.0,HIGH_VOLUME_WR_MODEL_HISTORICALLY_CONSERVATIVE,MODEL_AVAILABLE,INDEPENDENT_MODEL_RESEARCH_ONLY
KXNFLRECYDS-26OCT11CHIGB-GBCWATSON9-50,2026_05_CHI_GB,00-0038124,50.0,NFL-REC-RIDGE-NORMALSD-ISO-v1,2024-25-WALKFORWARD-ISO-v1,2026-10-07T23:44:40.917343+00:00,0.4647377938517179,0.5352622061482821,0.5344730210204302,52.02092167846144,23.358161397828415,WR,4,8.0,HIGH_VOLUME_WR_MODEL_HISTORICALLY_CONSERVATIVE,MODEL_AVAILABLE,INDEPENDENT_MODEL_RESEARCH_ONLY
KXNFLRECYDS-26OCT11CHIGB-GBCWATSON9-40,2026_05_CHI_GB,00-0038124,40.0,NFL-REC-RIDGE-NORMALSD-ISO-v1,2024-25-WALKFORWARD-ISO-v1,2026-10-07T23:44:40.917343+00:00,0.5808823529411765,0.4191176470588235,0.6965958632262734,52.02092167846144,23.358161397828415,WR,4,8.0,HIGH_VOLUME_WR_MODEL_HISTORICALLY_CONSERVATIVE,MODEL_AVAILABLE,INDEPENDENT_MODEL_RESEARCH_ONLY
KXNFLRECYDS-26OCT11CHIGB-GBCWATSON9-25,2026_05_CHI_GB,00-0038124,25.0,,,,,,,,,,,,,UNAVAILABLE,INVALID_MODEL_INPUT: upstream model QC not PASS
KXNFLRECYDS-26OCT11CHIGB-GBCWATSON9-150,2026_05_CHI_GB,00-0038124,150.0,NFL-REC-RIDGE-NORMALSD-ISO-v1,2024-25-WALKFORWARD-ISO-v1,2026-10-07T23:44:40.917343+00:00,0.0026485054861899,0.9973514945138101,1.3665264814230171e-05,52.02092167846144,23.358161397828415,WR,4,8.0,HIGH_VOLUME_WR_MODEL_HISTORICALLY_CONSERVATIVE,MODEL_AVAILABLE,INDEPENDENT_MODEL_RESEARCH_ONLY
KXNFLRECYDS-26OCT11CHIGB-GBCWATSON9-140,2026_05_CHI_GB,00-0038124,140.0,NFL-REC-RIDGE-NORMALSD-ISO-v1,2024-25-WALKFORWARD-ISO-v1,2026-10-07T23:44:40.917343+00:00,0.0047830543218312,0.9952169456781688,8.276804885103412e-05,52.02092167846144,23.358161397828415,WR,4,8.0,HIGH_VOLUME_WR_MODEL_HISTORICALLY_CONSERVATIVE,MODEL_AVAILABLE,INDEPENDENT_MODEL_RESEARCH_ONLY
KXNFLRECYDS-26OCT11CHIGB-GBCWATSON9-130,2026_05_CHI_GB,00-0038124,130.0,NFL-REC-RIDGE-NORMALSD-ISO-v1,2024-25-WALKFORWARD-ISO-v1,2026-10-07T23:44:40.917343+00:00,0.0078340345277818,0.9921659654722182,0.00042129928458601977,52.02092167846144,23.358161397828415,WR,4,8.0,HIGH_VOLUME_WR_MODEL_HISTORICALLY_CONSERVATIVE,MODEL_AVAILABLE,INDEPENDENT_MODEL_RESEARCH_ONLY
KXNFLRECYDS-26OCT11CHIGB-GBCWATSON9-120,2026_05_CHI_GB,00-0038124,120.0,NFL-REC-RIDGE-NORMALSD-ISO-v1,2024-25-WALKFORWARD-ISO-v1,2026-10-07T23:44:40.917343+00:00,0.0172413793103448,0.9827586206896552,0.001805454128937521,52.02092167846144,23.358161397828415,WR,4,8.0,HIGH_VOLUME_WR_MODEL_HISTORICALLY_CONSERVATIVE,MODEL_AVAILABLE,INDEPENDENT_MODEL_RESEARCH_ONLY
KXNFLRECYDS-26OCT11CHIGB-GBCWATSON9-110,2026_05_CHI_GB,00-0038124,110.0,NFL-REC-RIDGE-NORMALSD-ISO-v1,2024-25-WALKFORWARD-ISO-v1,2026-10-07T23:44:40.917343+00:00,0.0261011419249592,0.9738988580750408,0.006529129628226128,52.02092167846144,23.358161397828415,WR,4,8.0,HIGH_VOLUME_WR_MODEL_HISTORICALLY_CONSERVATIVE,MODEL_AVAILABLE,INDEPENDENT_MODEL_RESEARCH_ONLY
KXNFLRECYDS-26OCT11CHIGB-GBCWATSON9-100,2026_05_CHI_GB,00-0038124,100.0,NFL-REC-RIDGE-NORMALSD-ISO-v1,2024-25-WALKFORWARD-ISO-v1,2026-10-07T23:44:40.917343+00:00,0.0388931591083781,0.9611068408916219,0.01998491484929918,52.02092167846144,23.358161397828415,WR,4,8.0,HIGH_VOLUME_WR_MODEL_HISTORICALLY_CONSERVATIVE,MODEL_AVAILABLE,INDEPENDENT_MODEL_RESEARCH_ONLY
KXNFLRECYDS-26OCT11CHIGB-CHIRODUNZE15-90,2026_05_CHI_GB,00-0039919,90.0,NFL-REC-RIDGE-NORMALSD-ISO-v1,2024-25-WALKFORWARD-ISO-v1,2026-10-07T23:44:40.917343+00:00,0.0610138248847926,0.9389861751152074,0.04358192771583824,50.04465145538596,23.358161397828415,WR,4,5.666666666666667,,MODEL_AVAILABLE,INDEPENDENT_MODEL_RESEARCH_ONLY
KXNFLRECYDS-26OCT11CHIGB-CHIRODUNZE15-80,2026_05_CHI_GB,00-0039919,80.0,NFL-REC-RIDGE-NORMALSD-ISO-v1,2024-25-WALKFORWARD-ISO-v1,2026-10-07T23:44:40.917343+00:00,0.0905911157747464,0.9094088842252536,0.09984486011660354,50.04465145538596,23.358161397828415,WR,4,5.666666666666667,,MODEL_AVAILABLE,INDEPENDENT_MODEL_RESEARCH_ONLY
KXNFLRECYDS-26OCT11CHIGB-CHIRODUNZE15-70,2026_05_CHI_GB,00-0039919,70.0,NFL-REC-RIDGE-NORMALSD-ISO-v1,2024-25-WALKFORWARD-ISO-v1,2026-10-07T23:44:40.917343+00:00,0.1647597254004576,0.8352402745995424,0.1964638056805573,50.04465145538596,23.358161397828415,WR,4,5.666666666666667,,MODEL_AVAILABLE,INDEPENDENT_MODEL_RESEARCH_ONLY
KXNFLRECYDS-26OCT11CHIGB-CHIRODUNZE15-60,2026_05_CHI_GB,00-0039919,60.0,NFL-REC-RIDGE-NORMALSD-ISO-v1,2024-25-WALKFORWARD-ISO-v1,2026-10-07T23:44:40.917343+00:00,0.2838235294117647,0.7161764705882353,0.3349794966511594,50.04465145538596,23.358161397828415,WR,4,5.666666666666667,,MODEL_AVAILABLE,INDEPENDENT_MODEL_RESEARCH_ONLY
KXNFLRECYDS-26OCT11CHIGB-CHIRODUNZE15-50,2026_05_CHI_GB,00-0039919,50.0,NFL-REC-RIDGE-NORMALSD-ISO-v1,2024-25-WALKFORWARD-ISO-v1,2026-10-07T23:44:40.917343+00:00,0.4221732745961821,0.5778267254038179,0.5007626174972665,50.04465145538596,23.358161397828415,WR,4,5.666666666666667,,MODEL_AVAILABLE,INDEPENDENT_MODEL_RESEARCH_ONLY
KXNFLRECYDS-26OCT11CHIGB-CHIRODUNZE15-40,2026_05_CHI_GB,00-0039919,40.0,NFL-REC-RIDGE-NORMALSD-ISO-v1,2024-25-WALKFORWARD-ISO-v1,2026-10-07T23:44:40.917343+00:00,0.5654101995565411,0.43458980044345885,0.6664121768741287,50.04465145538596,23.358161397828415,WR,4,5.666666666666667,,MODEL_AVAILABLE,INDEPENDENT_MODEL_RESEARCH_ONLY
KXNFLRECYDS-26OCT11CHIGB-CHIRODUNZE15-25,2026_05_CHI_GB,00-0039919,25.0,,,,,,,,,,,,,UNAVAILABLE,INVALID_MODEL_INPUT: upstream model QC not PASS
KXNFLRECYDS-26OCT11CHIGB-CHIRODUNZE15-15,2026_05_CHI_GB,00-0039919,15.0,,,,,,,,,,,,,UNAVAILABLE,INVALID_MODEL_INPUT: upstream model QC not PASS
KXNFLRECYDS-26OCT11CHIGB-CHIRODUNZE15-110,2026_05_CHI_GB,00-0039919,110.0,NFL-REC-RIDGE-NORMALSD-ISO-v1,2024-25-WALKFORWARD-ISO-v1,2026-10-07T23:44:40.917343+00:00,0.0261011419249592,0.9738988580750408,0.005132330588932177,50.04465145538596,23.358161397828415,WR,4,5.666666666666667,,MODEL_AVAILABLE,INDEPENDENT_MODEL_RESEARCH_ONLY
KXNFLRECYDS-26OCT11CHIGB-CHIRODUNZE15-100,2026_05_CHI_GB,00-0039919,100.0,NFL-REC-RIDGE-NORMALSD-ISO-v1,2024-25-WALKFORWARD-ISO-v1,2026-10-07T23:44:40.917343+00:00,0.0388931591083781,0.9611068408916219,0.016231289551842408,50.04465145538596,23.358161397828415,WR,4,5.666666666666667,,MODEL_AVAILABLE,INDEPENDENT_MODEL_RESEARCH_ONLY
KXNFLRECYDS-26OCT11CHIGB-CHILBURDEN10-90,2026_05_CHI_GB,00-0040735,90.0,NFL-REC-RIDGE-NORMALSD-ISO-v1,2024-25-WALKFORWARD-ISO-v1,2026-10-07T23:44:40.917343+00:00,0.0610138248847926,0.9389861751152074,0.03909442327898081,48.85943692052768,23.358161397828415,WR,4,8.0,HIGH_VOLUME_WR_MODEL_HISTORICALLY_CONSERVATIVE,MODEL_AVAILABLE,INDEPENDENT_MODEL_RESEARCH_ONLY
KXNFLRECYDS-26OCT11CHIGB-CHILBURDEN10-80,2026_05_CHI_GB,00-0040735,80.0,NFL-REC-RIDGE-NORMALSD-ISO-v1,2024-25-WALKFORWARD-ISO-v1,2026-10-07T23:44:40.917343+00:00,0.0905911157747464,0.9094088842252536,0.09123686585925023,48.85943692052768,23.358161397828415,WR,4,8.0,HIGH_VOLUME_WR_MODEL_HISTORICALLY_CONSERVATIVE,MODEL_AVAILABLE,INDEPENDENT_MODEL_RESEARCH_ONLY
KXNFLRECYDS-26OCT11CHIGB-CHILBURDEN10-70,2026_05_CHI_GB,00-0040735,70.0,NFL-REC-RIDGE-NORMALSD-ISO-v1,2024-25-WALKFORWARD-ISO-v1,2026-10-07T23:44:40.917343+00:00,0.1613958560523446,0.8386041439476554,0.18271651135165073,48.85943692052768,23.358161397828415,WR,4,8.0,HIGH_VOLUME_WR_MODEL_HISTORICALLY_CONSERVATIVE,MODEL_AVAILABLE,INDEPENDENT_MODEL_RESEARCH_ONLY
KXNFLRECYDS-26OCT11CHIGB-CHILBURDEN10-60,2026_05_CHI_GB,00-0040735,60.0,NFL-REC-RIDGE-NORMALSD-ISO-v1,2024-25-WALKFORWARD-ISO-v1,2026-10-07T23:44:40.917343+00:00,0.2827476038338658,0.7172523961661341,0.31670057041642075,48.85943692052768,23.358161397828415,WR,4,8.0,HIGH_VOLUME_WR_MODEL_HISTORICALLY_CONSERVATIVE,MODEL_AVAILABLE,INDEPENDENT_MODEL_RESEARCH_ONLY
KXNFLRECYDS-26OCT11CHIGB-CHILBURDEN10-50,2026_05_CHI_GB,00-0040735,50.0,NFL-REC-RIDGE-NORMALSD-ISO-v1,2024-25-WALKFORWARD-ISO-v1,2026-10-07T23:44:40.917343+00:00,0.4221732745961821,0.5778267254038179,0.4805276590182992,48.85943692052768,23.358161397828415,WR,4,8.0,HIGH_VOLUME_WR_MODEL_HISTORICALLY_CONSERVATIVE,MODEL_AVAILABLE,INDEPENDENT_MODEL_RESEARCH_ONLY
KXNFLRECYDS-26OCT11CHIGB-CHILBURDEN10-40,2026_05_CHI_GB,00-0040735,40.0,NFL-REC-RIDGE-NORMALSD-ISO-v1,2024-25-WALKFORWARD-ISO-v1,2026-10-07T23:44:40.917343+00:00,0.5654101995565411,0.43458980044345885,0.6477624642769508,48.85943692052768,23.358161397828415,WR,4,8.0,HIGH_VOLUME_WR_MODEL_HISTORICALLY_CONSERVATIVE,MODEL_AVAILABLE,INDEPENDENT_MODEL_RESEARCH_ONLY
KXNFLRECYDS-26OCT11CHIGB-CHILBURDEN10-25,2026_05_CHI_GB,00-0040735,25.0,,,,,,,,,,,,,UNAVAILABLE,INVALID_MODEL_INPUT: upstream model QC not PASS
KXNFLRECYDS-26OCT11CHIGB-CHILBURDEN10-120,2026_05_CHI_GB,00-0040735,120.0,NFL-REC-RIDGE-NORMALSD-ISO-v1,2024-25-WALKFORWARD-ISO-v1,2026-10-07T23:44:40.917343+00:00,0.0133852140077821,0.9866147859922179,0.0011609262259571888,48.85943692052768,23.358161397828415,WR,4,8.0,HIGH_VOLUME_WR_MODEL_HISTORICALLY_CONSERVATIVE,MODEL_AVAILABLE,INDEPENDENT_MODEL_RESEARCH_ONLY
KXNFLRECYDS-26OCT11CHIGB-CHILBURDEN10-110,2026_05_CHI_GB,00-0040735,110.0,NFL-REC-RIDGE-NORMALSD-ISO-v1,2024-25-WALKFORWARD-ISO-v1,2026-10-07T23:44:40.917343+00:00,0.0261011419249592,0.9738988580750408,0.004428504634605716,48.85943692052768,23.358161397828415,WR,4,8.0,HIGH_VOLUME_WR_MODEL_HISTORICALLY_CONSERVATIVE,MODEL_AVAILABLE,INDEPENDENT_MODEL_RESEARCH_ONLY
KXNFLRECYDS-26OCT11CHIGB-CHILBURDEN10-100,2026_05_CHI_GB,00-0040735,100.0,NFL-REC-RIDGE-NORMALSD-ISO-v1,2024-25-WALKFORWARD-ISO-v1,2026-10-07T23:44:40.917343+00:00,0.0388931591083781,0.9611068408916219,0.014283571922077614,48.85943692052768,23.358161397828415,WR,4,8.0,HIGH_VOLUME_WR_MODEL_HISTORICALLY_CONSERVATIVE,MODEL_AVAILABLE,INDEPENDENT_MODEL_RESEARCH_ONLY
KXNFLRECYDS-26OCT11CHIGB-CHIKRAYMOND14-80,2026_05_CHI_GB,00-0032464,80.0,NFL-REC-RIDGE-NORMALSD-ISO-v1,2024-25-WALKFORWARD-ISO-v1,2026-10-07T23:44:40.917343+00:00,0.0388931591083781,0.9611068408916219,0.024284156877650735,33.92925359276774,23.358161397828415,WR,4,4.666666666666667,,MODEL_AVAILABLE,INDEPENDENT_MODEL_RESEARCH_ONLY
KXNFLRECYDS-26OCT11CHIGB-CHIKRAYMOND14-70,2026_05_CHI_GB,00-0032464,70.0,NFL-REC-RIDGE-NORMALSD-ISO-v1,2024-25-WALKFORWARD-ISO-v1,2026-10-07T23:44:40.917343+00:00,0.0685772773797338,0.9314227226202662,0.06126437911270442,33.92925359276774,23.358161397828415,WR,4,4.666666666666667,,MODEL_AVAILABLE,INDEPENDENT_MODEL_RESEARCH_ONLY
KXNFLRECYDS-26OCT11CHIGB-CHIKRAYMOND14-60,2026_05_CHI_GB,00-0032464,60.0,NFL-REC-RIDGE-NORMALSD-ISO-v1,2024-25-WALKFORWARD-ISO-v1,2026-10-07T23:44:40.917343+00:00,0.102890739833415,0.897109260166585,0.13218323036999124,33.92925359276774,23.358161397828415,WR,4,4.666666666666667,,MODEL_AVAILABLE,INDEPENDENT_MODEL_RESEARCH_ONLY
KXNFLRECYDS-26OCT11CHIGB-CHIKRAYMOND14-50,2026_05_CHI_GB,00-0032464,50.0,NFL-REC-RIDGE-NORMALSD-ISO-v1,2024-25-WALKFORWARD-ISO-v1,2026-10-07T23:44:40.917343+00:00,0.2124183006535947,0.7875816993464053,0.24572192393788928,33.92925359276774,23.358161397828415,WR,4,4.666666666666667,,MODEL_AVAILABLE,INDEPENDENT_MODEL_RESEARCH_ONLY
KXNFLRECYDS-26OCT11CHIGB-CHIKRAYMOND14-40,2026_05_CHI_GB,00-0032464,40.0,NFL-REC-RIDGE-NORMALSD-ISO-v1,2024-25-WALKFORWARD-ISO-v1,2026-10-07T23:44:40.917343+00:00,0.3602584814216478,0.6397415185783522,0.39747111183040085,33.92925359276774,23.358161397828415,WR,4,4.666666666666667,,MODEL_AVAILABLE,INDEPENDENT_MODEL_RESEARCH_ONLY
KXNFLRECYDS-26OCT11CHIGB-CHIKRAYMOND14-25,2026_05_CHI_GB,00-0032464,25.0,,,,,,,,,,,,,UNAVAILABLE,INVALID_MODEL_INPUT: upstream model QC not PASS
KXNFLRECYDS-26OCT11CHIGB-CHIKRAYMOND14-15,2026_05_CHI_GB,00-0032464,15.0,,,,,,,,,,,,,UNAVAILABLE,INVALID_MODEL_INPUT: upstream model QC not PASS
KXNFLRECYDS-26OCT11CHIGB-CHIDSWIFT4-60,2026_05_CHI_GB,00-0036275,60.0,NFL-REC-RIDGE-NORMALSD-ISO-v1,2024-25-WALKFORWARD-ISO-v1,2026-10-07T23:44:40.917343+00:00,0.0572246065808297,0.9427753934191703,0.03561745405869519,17.862413400575555,23.358161397828415,RB,4,3.3333333333333335,,MODEL_AVAILABLE,INDEPENDENT_MODEL_RESEARCH_ONLY
KXNFLRECYDS-26OCT11CHIGB-CHIDSWIFT4-50,2026_05_CHI_GB,00-0036275,50.0,NFL-REC-RIDGE-NORMALSD-ISO-v1,2024-25-WALKFORWARD-ISO-v1,2026-10-07T23:44:40.917343+00:00,0.0865758754863813,0.9134241245136187,0.08443231390245365,17.862413400575555,23.358161397828415,RB,4,3.3333333333333335,,MODEL_AVAILABLE,INDEPENDENT_MODEL_RESEARCH_ONLY
KXNFLRECYDS-26OCT11CHIGB-CHIDSWIFT4-40,2026_05_CHI_GB,00-0036275,40.0,NFL-REC-RIDGE-NORMALSD-ISO-v1,2024-25-WALKFORWARD-ISO-v1,2026-10-07T23:44:40.917343+00:00,0.125,0.875,0.17162957849674115,17.862413400575555,23.358161397828415,RB,4,3.3333333333333335,,MODEL_AVAILABLE,INDEPENDENT_MODEL_RESEARCH_ONLY
KXNFLRECYDS-26OCT11CHIGB-CHIDSWIFT4-25,2026_05_CHI_GB,00-0036275,25.0,,,,,,,,,,,,,UNAVAILABLE,INVALID_MODEL_INPUT: upstream model QC not PASS
KXNFLRECYDS-26OCT11CHIGB-CHIDSWIFT4-15,2026_05_CHI_GB,00-0036275,15.0,,,,,,,,,,,,,UNAVAILABLE,INVALID_MODEL_INPUT: upstream model QC not PASS
KXNFLRECYDS-26OCT11CHIGB-CHICLOVELAND84-90,2026_05_CHI_GB,00-0040126,90.0,NFL-REC-RIDGE-NORMALSD-ISO-v1,2024-25-WALKFORWARD-ISO-v1,2026-10-07T23:44:40.917343+00:00,0.0388931591083781,0.9611068408916219,0.02011916468980011,42.08554485966666,23.358161397828415,TE,4,5.333333333333333,,MODEL_AVAILABLE,INDEPENDENT_MODEL_RESEARCH_ONLY
KXNFLRECYDS-26OCT11CHIGB-CHICLOVELAND84-80,2026_05_CHI_GB,00-0040126,80.0,NFL-REC-RIDGE-NORMALSD-ISO-v1,2024-25-WALKFORWARD-ISO-v1,2026-10-07T23:44:40.917343+00:00,0.0610138248847926,0.9389861751152074,0.05227567309304194,42.08554485966666,23.358161397828415,TE,4,5.333333333333333,,MODEL_AVAILABLE,INDEPENDENT_MODEL_RESEARCH_ONLY
KXNFLRECYDS-26OCT11CHIGB-CHICLOVELAND84-70,2026_05_CHI_GB,00-0040126,70.0,NFL-REC-RIDGE-NORMALSD-ISO-v1,2024-25-WALKFORWARD-ISO-v1,2026-10-07T23:44:40.917343+00:00,0.0977596741344195,0.9022403258655805,0.1160313696828799,42.08554485966666,23.358161397828415,TE,4,5.333333333333333,,MODEL_AVAILABLE,INDEPENDENT_MODEL_RESEARCH_ONLY
KXNFLRECYDS-26OCT11CHIGB-CHICLOVELAND84-60,2026_05_CHI_GB,00-0040126,60.0,NFL-REC-RIDGE-NORMALSD-ISO-v1,2024-25-WALKFORWARD-ISO-v1,2026-10-07T23:44:40.917343+00:00,0.171238570241064,0.828761429758936,0.22155672604688312,42.08554485966666,23.358161397828415,TE,4,5.333333333333333,,MODEL_AVAILABLE,INDEPENDENT_MODEL_RESEARCH_ONLY
KXNFLRECYDS-26OCT11CHIGB-CHICLOVELAND84-50,2026_05_CHI_GB,00-0040126,50.0,NFL-REC-RIDGE-NORMALSD-ISO-v1,2024-25-WALKFORWARD-ISO-v1,2026-10-07T23:44:40.917343+00:00,0.3297045101088648,0.6702954898911352,0.36736874977824474,42.08554485966666,23.358161397828415,TE,4,5.333333333333333,,MODEL_AVAILABLE,INDEPENDENT_MODEL_RESEARCH_ONLY
KXNFLRECYDS-26OCT11CHIGB-CHICLOVELAND84-40,2026_05_CHI_GB,00-0040126,40.0,NFL-REC-RIDGE-NORMALSD-ISO-v1,2024-25-WALKFORWARD-ISO-v1,2026-10-07T23:44:40.917343+00:00,0.4647377938517179,0.5352622061482821,0.5355724868967365,42.08554485966666,23.358161397828415,TE,4,5.333333333333333,,MODEL_AVAILABLE,INDEPENDENT_MODEL_RESEARCH_ONLY
KXNFLRECYDS-26OCT11CHIGB-CHICLOVELAND84-25,2026_05_CHI_GB,00-0040126,25.0,,,,,,,,,,,,,UNAVAILABLE,INVALID_MODEL_INPUT: upstream model QC not PASS
KXNFLRECYDS-26OCT11CHIGB-CHICLOVELAND84-15,2026_05_CHI_GB,00-0040126,15.0,,,,,,,,,,,,,UNAVAILABLE,INVALID_MODEL_INPUT: upstream model QC not PASS
KXNFLRECYDS-26OCT11CHIGB-CHICLOVELAND84-100,2026_05_CHI_GB,00-0040126,100.0,NFL-REC-RIDGE-NORMALSD-ISO-v1,2024-25-WALKFORWARD-ISO-v1,2026-10-07T23:44:40.917343+00:00,0.0261011419249592,0.9738988580750408,0.006579999854689251,42.08554485966666,23.358161397828415,TE,4,5.333333333333333,,MODEL_AVAILABLE,INDEPENDENT_MODEL_RESEARCH_ONLY
KXNFLRECYDS-26OCT11DENLAC-DENEENGRAM1-70,2026_05_DEN_LAC,00-0033881,70.0,NFL-REC-RIDGE-NORMALSD-ISO-v1,2024-25-WALKFORWARD-ISO-v1,2026-10-07T23:44:40.917343+00:00,0.0685772773797338,0.9314227226202662,0.06072420542050072,33.82468679082069,23.358161397828415,TE,4,2.6666666666666665,,MODEL_AVAILABLE,INDEPENDENT_MODEL_RESEARCH_ONLY
KXNFLRECYDS-26OCT11DENLAC-DENEENGRAM1-60,2026_05_DEN_LAC,00-0033881,60.0,NFL-REC-RIDGE-NORMALSD-ISO-v1,2024-25-WALKFORWARD-ISO-v1,2026-10-07T23:44:40.917343+00:00,0.102890739833415,0.897109260166585,0.13122764636388226,33.82468679082069,23.358161397828415,TE,4,2.6666666666666665,,MODEL_AVAILABLE,INDEPENDENT_MODEL_RESEARCH_ONLY
KXNFLRECYDS-26OCT11DENLAC-DENEENGRAM1-50,2026_05_DEN_LAC,00-0033881,50.0,NFL-REC-RIDGE-NORMALSD-ISO-v1,2024-25-WALKFORWARD-ISO-v1,2026-10-07T23:44:40.917343+00:00,0.2124183006535947,0.7875816993464053,0.24431456278180136,33.82468679082069,23.358161397828415,TE,4,2.6666666666666665,,MODEL_AVAILABLE,INDEPENDENT_MODEL_RESEARCH_ONLY
KXNFLRECYDS-26OCT11DENLAC-DENEENGRAM1-40,2026_05_DEN_LAC,00-0033881,40.0,NFL-REC-RIDGE-NORMALSD-ISO-v1,2024-25-WALKFORWARD-ISO-v1,2026-10-07T23:44:40.917343+00:00,0.3602584814216478,0.6397415185783522,0.3957454984772148,33.82468679082069,23.358161397828415,TE,4,2.6666666666666665,,MODEL_AVAILABLE,INDEPENDENT_MODEL_RESEARCH_ONLY
KXNFLRECYDS-26OCT11DENLAC-DENEENGRAM1-25,2026_05_DEN_LAC,00-0033881,25.0,,,,,,,,,,,,,UNAVAILABLE,INVALID_MODEL_INPUT: upstream model QC not PASS
KXNFLRECYDS-26OCT11DENLAC-DENEENGRAM1-15,2026_05_DEN_LAC,00-0033881,15.0,,,,,,,,,,,,,UNAVAILABLE,INVALID_MODEL_INPUT: upstream model QC not PASS
KXNFLRECYDS-26OCT11INDPIT-PITRWILSON14-90,2026_05_IND_PIT,00-0039739,90.0,NFL-REC-RIDGE-NORMALSD-ISO-v1,2024-25-WALKFORWARD-ISO-v1,2026-10-07T23:44:40.917343+00:00,0.0360138135175135,0.9639861864824865,0.010531297616973172,36.11597888098517,23.358161397828415,WR,4,6.0,,MODEL_AVAILABLE,INDEPENDENT_MODEL_RESEARCH_ONLY
KXNFLRECYDS-26OCT11INDPIT-PITRWILSON14-80,2026_05_IND_PIT,00-0039739,80.0,NFL-REC-RIDGE-NORMALSD-ISO-v1,2024-25-WALKFORWARD-ISO-v1,2026-10-07T23:44:40.917343+00:00,0.0533141210374639,0.9466858789625361,0.030139682938465553,36.11597888098517,23.358161397828415,WR,4,6.0,,MODEL_AVAILABLE,INDEPENDENT_MODEL_RESEARCH_ONLY
KXNFLRECYDS-26OCT11INDPIT-PITRWILSON14-70,2026_05_IND_PIT,00-0039739,70.0,NFL-REC-RIDGE-NORMALSD-ISO-v1,2024-25-WALKFORWARD-ISO-v1,2026-10-07T23:44:40.917343+00:00,0.0822189202575532,0.9177810797424468,0.07344162873141992,36.11597888098517,23.358161397828415,WR,4,6.0,,MODEL_AVAILABLE,INDEPENDENT_MODEL_RESEARCH_ONLY
KXNFLRECYDS-26OCT11INDPIT-PITRWILSON14-60,2026_05_IND_PIT,00-0039739,60.0,NFL-REC-RIDGE-NORMALSD-ISO-v1,2024-25-WALKFORWARD-ISO-v1,2026-10-07T23:44:40.917343+00:00,0.125,0.875,0.1532691074775705,36.11597888098517,23.358161397828415,WR,4,6.0,,MODEL_AVAILABLE,INDEPENDENT_MODEL_RESEARCH_ONLY
KXNFLRECYDS-26OCT11INDPIT-PITRWILSON14-50,2026_05_IND_PIT,00-0039739,50.0,NFL-REC-RIDGE-NORMALSD-ISO-v1,2024-25-WALKFORWARD-ISO-v1,2026-10-07T23:44:40.917343+00:00,0.2235294117647059,0.7764705882352941,0.27612330642394983,36.11597888098517,23.358161397828415,WR,4,6.0,,MODEL_AVAILABLE,INDEPENDENT_MODEL_RESEARCH_ONLY
KXNFLRECYDS-26OCT11INDPIT-PITRWILSON14-40,2026_05_IND_PIT,00-0039739,40.0,NFL-REC-RIDGE-NORMALSD-ISO-v1,2024-25-WALKFORWARD-ISO-v1,2026-10-07T23:44:40.917343+00:00,0.3602584814216478,0.6397415185783522,0.43396786364068024,36.11597888098517,23.358161397828415,WR,4,6.0,,MODEL_AVAILABLE,INDEPENDENT_MODEL_RESEARCH_ONLY
KXNFLRECYDS-26OCT11INDPIT-PITRWILSON14-35,2026_05_IND_PIT,00-0039739,35.0,NFL-REC-RIDGE-NORMALSD-ISO-v1,2024-25-WALKFORWARD-ISO-v1,2026-10-07T23:44:40.917343+00:00,0.4221732745961821,0.5778267254038179,0.5190529483467726,36.11597888098517,23.358161397828415,WR,4,6.0,,MODEL_AVAILABLE,INDEPENDENT_MODEL_RESEARCH_ONLY
KXNFLRECYDS-26OCT11INDPIT-PITRWILSON14-25,2026_05_IND_PIT,00-0039739,25.0,,,,,,,,,,,,,UNAVAILABLE,INVALID_MODEL_INPUT: upstream model QC not PASS
KXNFLRECYDS-26OCT11INDPIT-PITRWILSON14-15,2026_05_IND_PIT,00-0039739,15.0,,,,,,,,,,,,,UNAVAILABLE,INVALID_MODEL_INPUT: upstream model QC not PASS
KXNFLRECYDS-26OCT11INDPIT-PITRWILSON14-100,2026_05_IND_PIT,00-0039739,100.0,NFL-REC-RIDGE-NORMALSD-ISO-v1,2024-25-WALKFORWARD-ISO-v1,2026-10-07T23:44:40.917343+00:00,0.022858884486437,0.977141115513563,0.0031192370460524053,36.11597888098517,23.358161397828415,WR,4,6.0,,MODEL_AVAILABLE,INDEPENDENT_MODEL_RESEARCH_ONLY
KXNFLRECYDS-26OCT11INDPIT-PITPFREIERMUTH88-80,2026_05_IND_PIT,00-0036894,80.0,NFL-REC-RIDGE-NORMALSD-ISO-v1,2024-25-WALKFORWARD-ISO-v1,2026-10-07T23:44:40.917343+00:00,0.0388931591083781,0.9611068408916219,0.021225510512877944,32.60462334347035,23.358161397828415,TE,4,4.666666666666667,,MODEL_AVAILABLE,INDEPENDENT_MODEL_RESEARCH_ONLY
KXNFLRECYDS-26OCT11INDPIT-PITPFREIERMUTH88-70,2026_05_IND_PIT,00-0036894,70.0,NFL-REC-RIDGE-NORMALSD-ISO-v1,2024-25-WALKFORWARD-ISO-v1,2026-10-07T23:44:40.917343+00:00,0.0610138248847926,0.9389861751152074,0.05469338926934514,32.60462334347035,23.358161397828415,TE,4,4.666666666666667,,MODEL_AVAILABLE,INDEPENDENT_MODEL_RESEARCH_ONLY
KXNFLRECYDS-26OCT11INDPIT-PITPFREIERMUTH88-60,2026_05_IND_PIT,00-0036894,60.0,NFL-REC-RIDGE-NORMALSD-ISO-v1,2024-25-WALKFORWARD-ISO-v1,2026-10-07T23:44:40.917343+00:00,0.0977596741344195,0.9022403258655805,0.12043006741499906,32.60462334347035,23.358161397828415,TE,4,4.666666666666667,,MODEL_AVAILABLE,INDEPENDENT_MODEL_RESEARCH_ONLY
KXNFLRECYDS-26OCT11INDPIT-PITPFREIERMUTH88-50,2026_05_IND_PIT,00-0036894,50.0,NFL-REC-RIDGE-NORMALSD-ISO-v1,2024-25-WALKFORWARD-ISO-v1,2026-10-07T23:44:40.917343+00:00,0.171238570241064,0.828761429758936,0.22821938080625667,32.60462334347035,23.358161397828415,TE,4,4.666666666666667,,MODEL_AVAILABLE,INDEPENDENT_MODEL_RESEARCH_ONLY
KXNFLRECYDS-26OCT11INDPIT-PITPFREIERMUTH88-40,2026_05_IND_PIT,00-0036894,40.0,NFL-REC-RIDGE-NORMALSD-ISO-v1,2024-25-WALKFORWARD-ISO-v1,2026-10-07T23:44:40.917343+00:00,0.3297045101088648,0.6702954898911352,0.37577059908712723,32.60462334347035,23.358161397828415,TE,4,4.666666666666667,,MODEL_AVAILABLE,INDEPENDENT_MODEL_RESEARCH_ONLY
KXNFLRECYDS-26OCT11INDPIT-PITPFREIERMUTH88-25,2026_05_IND_PIT,00-0036894,25.0,,,,,,,,,,,,,UNAVAILABLE,INVALID_MODEL_INPUT: upstream model QC not PASS
KXNFLRECYDS-26OCT11INDPIT-PITPFREIERMUTH88-15,2026_05_IND_PIT,00-0036894,15.0,,,,,,,,,,,,,UNAVAILABLE,INVALID_MODEL_INPUT: upstream model QC not PASS
KXNFLRECYDS-26OCT11INDPIT-PITMPITTMAN11-80,2026_05_IND_PIT,,,,,,,,,,,,,,,UNAVAILABLE,MARKET_MAPPING_MISSING_OR_AMBIGUOUS
KXNFLRECYDS-26OCT11INDPIT-PITMPITTMAN11-70,2026_05_IND_PIT,,,,,,,,,,,,,,,UNAVAILABLE,MARKET_MAPPING_MISSING_OR_AMBIGUOUS
KXNFLRECYDS-26OCT11INDPIT-PITMPITTMAN11-60,2026_05_IND_PIT,,,,,,,,,,,,,,,UNAVAILABLE,MARKET_MAPPING_MISSING_OR_AMBIGUOUS
KXNFLRECYDS-26OCT11INDPIT-PITMPITTMAN11-50,2026_05_IND_PIT,,,,,,,,,,,,,,,UNAVAILABLE,MARKET_MAPPING_MISSING_OR_AMBIGUOUS
KXNFLRECYDS-26OCT11INDPIT-PITMPITTMAN11-40,2026_05_IND_PIT,,,,,,,,,,,,,,,UNAVAILABLE,MARKET_MAPPING_MISSING_OR_AMBIGUOUS
KXNFLRECYDS-26OCT11INDPIT-PITMPITTMAN11-25,2026_05_IND_PIT,,,,,,,,,,,,,,,UNAVAILABLE,MARKET_MAPPING_MISSING_OR_AMBIGUOUS
KXNFLRECYDS-26OCT11INDPIT-PITMPITTMAN11-15,2026_05_IND_PIT,,,,,,,,,,,,,,,UNAVAILABLE,MARKET_MAPPING_MISSING_OR_AMBIGUOUS
KXNFLRECYDS-26OCT11INDPIT-PITDWASHINGTON80-80,2026_05_IND_PIT,00-0038558,80.0,NFL-REC-RIDGE-NORMALSD-ISO-v1,2024-25-WALKFORWARD-ISO-v1,2026-10-07T23:44:40.917343+00:00,0.0261011419249592,0.9738988580750408,0.007381197248038646,23.04915448552161,23.358161397828415,TE,4,3.6666666666666665,,MODEL_AVAILABLE,INDEPENDENT_MODEL_RESEARCH_ONLY
KXNFLRECYDS-26OCT11INDPIT-PITDWASHINGTON80-70,2026_05_IND_PIT,00-0038558,70.0,NFL-REC-RIDGE-NORMALSD-ISO-v1,2024-25-WALKFORWARD-ISO-v1,2026-10-07T23:44:40.917343+00:00,0.0388931591083781,0.9611068408916219,0.02221346238983662,23.04915448552161,23.358161397828415,TE,4,3.6666666666666665,,MODEL_AVAILABLE,INDEPENDENT_MODEL_RESEARCH_ONLY
KXNFLRECYDS-26OCT11INDPIT-PITDWASHINGTON80-60,2026_05_IND_PIT,00-0038558,60.0,NFL-REC-RIDGE-NORMALSD-ISO-v1,2024-25-WALKFORWARD-ISO-v1,2026-10-07T23:44:40.917343+00:00,0.0610138248847926,0.9389861751152074,0.0568334147001994,23.04915448552161,23.358161397828415,TE,4,3.6666666666666665,,MODEL_AVAILABLE,INDEPENDENT_MODEL_RESEARCH_ONLY
KXNFLRECYDS-26OCT11INDPIT-PITDWASHINGTON80-50,2026_05_IND_PIT,00-0038558,50.0,NFL-REC-RIDGE-NORMALSD-ISO-v1,2024-25-WALKFORWARD-ISO-v1,2026-10-07T23:44:40.917343+00:00,0.102890739833415,0.897109260166585,0.12428934122364318,23.04915448552161,23.358161397828415,TE,4,3.6666666666666665,,MODEL_AVAILABLE,INDEPENDENT_MODEL_RESEARCH_ONLY
KXNFLRECYDS-26OCT11INDPIT-PITDWASHINGTON80-40,2026_05_IND_PIT,00-0038558,40.0,NFL-REC-RIDGE-NORMALSD-ISO-v1,2024-25-WALKFORWARD-ISO-v1,2026-10-07T23:44:40.917343+00:00,0.1923076923076923,0.8076923076923077,0.23401361125620995,23.04915448552161,23.358161397828415,TE,4,3.6666666666666665,,MODEL_AVAILABLE,INDEPENDENT_MODEL_RESEARCH_ONLY
KXNFLRECYDS-26OCT11INDPIT-PITDWASHINGTON80-25,2026_05_IND_PIT,00-0038558,25.0,,,,,,,,,,,,,UNAVAILABLE,INVALID_MODEL_INPUT: upstream model QC not PASS
KXNFLRECYDS-26OCT11INDPIT-PITDWASHINGTON80-15,2026_05_IND_PIT,00-0038558,15.0,,,,,,,,,,,,,UNAVAILABLE,INVALID_MODEL_INPUT: upstream model QC not PASS
KXNFLRECYDS-26OCT11INDPIT-PITDMETCALF4-90,2026_05_IND_PIT,00-0035640,90.0,NFL-REC-RIDGE-NORMALSD-ISO-v1,2024-25-WALKFORWARD-ISO-v1,2026-10-07T23:44:40.917343+00:00,0.0822189202575532,0.9177810797424468,0.07410297622542691,56.22649276400022,23.358161397828415,WR,4,7.666666666666667,HIGH_VOLUME_WR_MODEL_HISTORICALLY_CONSERVATIVE,MODEL_AVAILABLE,INDEPENDENT_MODEL_RESEARCH_ONLY
KXNFLRECYDS-26OCT11INDPIT-PITDMETCALF4-80,2026_05_IND_PIT,00-0035640,80.0,NFL-REC-RIDGE-NORMALSD-ISO-v1,2024-25-WALKFORWARD-ISO-v1,2026-10-07T23:44:40.917343+00:00,0.125,0.875,0.15439087546379465,56.22649276400022,23.358161397828415,WR,4,7.666666666666667,HIGH_VOLUME_WR_MODEL_HISTORICALLY_CONSERVATIVE,MODEL_AVAILABLE,INDEPENDENT_MODEL_RESEARCH_ONLY
KXNFLRECYDS-26OCT11INDPIT-PITDMETCALF4-70,2026_05_IND_PIT,00-0035640,70.0,NFL-REC-RIDGE-NORMALSD-ISO-v1,2024-25-WALKFORWARD-ISO-v1,2026-10-07T23:44:40.917343+00:00,0.2416666666666666,0.7583333333333334,0.27770738832305025,56.22649276400022,23.358161397828415,WR,4,7.666666666666667,HIGH_VOLUME_WR_MODEL_HISTORICALLY_CONSERVATIVE,MODEL_AVAILABLE,INDEPENDENT_MODEL_RESEARCH_ONLY
KXNFLRECYDS-26OCT11INDPIT-PITDMETCALF4-60,2026_05_IND_PIT,00-0035640,60.0,NFL-REC-RIDGE-NORMALSD-ISO-v1,2024-25-WALKFORWARD-ISO-v1,2026-10-07T23:44:40.917343+00:00,0.3602584814216478,0.6397415185783522,0.43583018009967867,56.22649276400022,23.358161397828415,WR,4,7.666666666666667,HIGH_VOLUME_WR_MODEL_HISTORICALLY_CONSERVATIVE,MODEL_AVAILABLE,INDEPENDENT_MODEL_RESEARCH_ONLY
KXNFLRECYDS-26OCT11INDPIT-PITDMETCALF4-50,2026_05_IND_PIT,00-0035640,50.0,NFL-REC-RIDGE-NORMALSD-ISO-v1,2024-25-WALKFORWARD-ISO-v1,2026-10-07T23:44:40.917343+00:00,0.5065123010130245,0.49348769898697553,0.6050983500000594,56.22649276400022,23.358161397828415,WR,4,7.666666666666667,HIGH_VOLUME_WR_MODEL_HISTORICALLY_CONSERVATIVE,MODEL_AVAILABLE,INDEPENDENT_MODEL_RESEARCH_ONLY
KXNFLRECYDS-26OCT11INDPIT-PITDMETCALF4-40,2026_05_IND_PIT,00-0035640,40.0,NFL-REC-RIDGE-NORMALSD-ISO-v1,2024-25-WALKFORWARD-ISO-v1,2026-10-07T23:44:40.917343+00:00,0.6394557823129252,0.3605442176870748,0.7563726742672456,56.22649276400022,23.358161397828415,WR,4,7.666666666666667,HIGH_VOLUME_WR_MODEL_HISTORICALLY_CONSERVATIVE,MODEL_AVAILABLE,INDEPENDENT_MODEL_RESEARCH_ONLY
KXNFLRECYDS-26OCT11INDPIT-PITDMETCALF4-25,2026_05_IND_PIT,00-0035640,25.0,,,,,,,,,,,,,UNAVAILABLE,INVALID_MODEL_INPUT: upstream model QC not PASS
KXNFLRECYDS-26OCT11INDPIT-PITDMETCALF4-120,2026_05_IND_PIT,00-0035640,120.0,NFL-REC-RIDGE-NORMALSD-ISO-v1,2024-25-WALKFORWARD-ISO-v1,2026-10-07T23:44:40.917343+00:00,0.022858884486437,0.977141115513563,0.0031643620534508154,56.22649276400022,23.358161397828415,WR,4,7.666666666666667,HIGH_VOLUME_WR_MODEL_HISTORICALLY_CONSERVATIVE,MODEL_AVAILABLE,INDEPENDENT_MODEL_RESEARCH_ONLY
KXNFLRECYDS-26OCT11INDPIT-PITDMETCALF4-110,2026_05_IND_PIT,00-0035640,110.0,NFL-REC-RIDGE-NORMALSD-ISO-v1,2024-25-WALKFORWARD-ISO-v1,2026-10-07T23:44:40.917343+00:00,0.0360138135175135,0.9639861864824865,0.010663941380125734,56.22649276400022,23.358161397828415,WR,4,7.666666666666667,HIGH_VOLUME_WR_MODEL_HISTORICALLY_CONSERVATIVE,MODEL_AVAILABLE,INDEPENDENT_MODEL_RESEARCH_ONLY
KXNFLRECYDS-26OCT11INDPIT-PITDMETCALF4-100,2026_05_IND_PIT,00-0035640,100.0,NFL-REC-RIDGE-NORMALSD-ISO-v1,2024-25-WALKFORWARD-ISO-v1,2026-10-07T23:44:40.917343+00:00,0.0533141210374639,0.9466858789625361,0.03046428976075112,56.22649276400022,23.358161397828415,WR,4,7.666666666666667,HIGH_VOLUME_WR_MODEL_HISTORICALLY_CONSERVATIVE,MODEL_AVAILABLE,INDEPENDENT_MODEL_RESEARCH_ONLY
KXNFLRECYDS-26OCT11INDPIT-INDTWARREN84-90,2026_05_IND_PIT,00-0040128,90.0,NFL-REC-RIDGE-NORMALSD-ISO-v1,2024-25-WALKFORWARD-ISO-v1,2026-10-07T23:44:40.917343+00:00,0.0533141210374639,0.9466858789625361,0.02685183200922738,44.93698814267282,23.358161397828415,TE,4,7.333333333333333,,MODEL_AVAILABLE,INDEPENDENT_MODEL_RESEARCH_ONLY
KXNFLRECYDS-26OCT11INDPIT-INDTWARREN84-80,2026_05_IND_PIT,00-0040128,80.0,NFL-REC-RIDGE-NORMALSD-ISO-v1,2024-25-WALKFORWARD-ISO-v1,2026-10-07T23:44:40.917343+00:00,0.0822189202575532,0.9177810797424468,0.06666442990302981,44.93698814267282,23.358161397828415,TE,4,7.333333333333333,,MODEL_AVAILABLE,INDEPENDENT_MODEL_RESEARCH_ONLY
KXNFLRECYDS-26OCT11INDPIT-INDTWARREN84-70,2026_05_IND_PIT,00-0040128,70.0,NFL-REC-RIDGE-NORMALSD-ISO-v1,2024-25-WALKFORWARD-ISO-v1,2026-10-07T23:44:40.917343+00:00,0.1176470588235294,0.8823529411764706,0.14163839443643844,44.93698814267282,23.358161397828415,TE,4,7.333333333333333,,MODEL_AVAILABLE,INDEPENDENT_MODEL_RESEARCH_ONLY
KXNFLRECYDS-26OCT11INDPIT-INDTWARREN84-60,2026_05_IND_PIT,00-0040128,60.0,NFL-REC-RIDGE-NORMALSD-ISO-v1,2024-25-WALKFORWARD-ISO-v1,2026-10-07T23:44:40.917343+00:00,0.2234782608695652,0.7765217391304348,0.25950524110460105,44.93698814267282,23.358161397828415,TE,4,7.333333333333333,,MODEL_AVAILABLE,INDEPENDENT_MODEL_RESEARCH_ONLY
KXNFLRECYDS-26OCT11INDPIT-INDTWARREN84-50,2026_05_IND_PIT,00-0040128,50.0,NFL-REC-RIDGE-NORMALSD-ISO-v1,2024-25-WALKFORWARD-ISO-v1,2026-10-07T23:44:40.917343+00:00,0.3602584814216478,0.6397415185783522,0.4141994148735283,44.93698814267282,23.358161397828415,TE,4,7.333333333333333,,MODEL_AVAILABLE,INDEPENDENT_MODEL_RESEARCH_ONLY
KXNFLRECYDS-26OCT11INDPIT-INDTWARREN84-40,2026_05_IND_PIT,00-0040128,40.0,NFL-REC-RIDGE-NORMALSD-ISO-v1,2024-25-WALKFORWARD-ISO-v1,2026-10-07T23:44:40.917343+00:00,0.5021645021645021,0.49783549783549785,0.5836969359051993,44.93698814267282,23.358161397828415,TE,4,7.333333333333333,,MODEL_AVAILABLE,INDEPENDENT_MODEL_RESEARCH_ONLY
KXNFLRECYDS-26OCT11INDPIT-INDTWARREN84-25,2026_05_IND_PIT,00-0040128,25.0,,,,,,,,,,,,,UNAVAILABLE,INVALID_MODEL_INPUT: upstream model QC not PASS
KXNFLRECYDS-26OCT11INDPIT-INDTWARREN84-130,2026_05_IND_PIT,00-0040128,130.0,NFL-REC-RIDGE-NORMALSD-ISO-v1,2024-25-WALKFORWARD-ISO-v1,2026-10-07T23:44:40.917343+00:00,0.0078340345277818,0.9921659654722182,0.00013543090665633575,44.93698814267282,23.358161397828415,TE,4,7.333333333333333,,MODEL_AVAILABLE,INDEPENDENT_MODEL_RESEARCH_ONLY
KXNFLRECYDS-26OCT11INDPIT-INDTWARREN84-120,2026_05_IND_PIT,00-0040128,120.0,NFL-REC-RIDGE-NORMALSD-ISO-v1,2024-25-WALKFORWARD-ISO-v1,2026-10-07T23:44:40.917343+00:00,0.0133852140077821,0.9866147859922179,0.0006554865083853758,44.93698814267282,23.358161397828415,TE,4,7.333333333333333,,MODEL_AVAILABLE,INDEPENDENT_MODEL_RESEARCH_ONLY
KXNFLRECYDS-26OCT11INDPIT-INDTWARREN84-110,2026_05_IND_PIT,00-0040128,110.0,NFL-REC-RIDGE-NORMALSD-ISO-v1,2024-25-WALKFORWARD-ISO-v1,2026-10-07T23:44:40.917343+00:00,0.022858884486437,0.977141115513563,0.0026726666773352046,44.93698814267282,23.358161397828415,TE,4,7.333333333333333,,MODEL_AVAILABLE,INDEPENDENT_MODEL_RESEARCH_ONLY
KXNFLRECYDS-26OCT11INDPIT-INDTWARREN84-100,2026_05_IND_PIT,00-0040128,100.0,NFL-REC-RIDGE-NORMALSD-ISO-v1,2024-25-WALKFORWARD-ISO-v1,2026-10-07T23:44:40.917343+00:00,0.0337711069418386,0.9662288930581614,0.009203316157473983,44.93698814267282,23.358161397828415,TE,4,7.333333333333333,,MODEL_AVAILABLE,INDEPENDENT_MODEL_RESEARCH_ONLY
KXNFLRECYDS-26OCT11INDPIT-INDJTAYLOR28-60,2026_05_IND_PIT,00-0036223,60.0,NFL-REC-RIDGE-NORMALSD-ISO-v1,2024-25-WALKFORWARD-ISO-v1,2026-10-07T23:44:40.917343+00:00,0.0572246065808297,0.9427753934191703,0.03380911695711798,17.31196603519826,23.358161397828415,RB,4,3.6666666666666665,,MODEL_AVAILABLE,INDEPENDENT_MODEL_RESEARCH_ONLY
KXNFLRECYDS-26OCT11INDPIT-INDJTAYLOR28-50,2026_05_IND_PIT,00-0036223,50.0,NFL-REC-RIDGE-NORMALSD-ISO-v1,2024-25-WALKFORWARD-ISO-v1,2026-10-07T23:44:40.917343+00:00,0.0865758754863813,0.9134241245136187,0.0808425373064855,17.31196603519826,23.358161397828415,RB,4,3.6666666666666665,,MODEL_AVAILABLE,INDEPENDENT_MODEL_RESEARCH_ONLY
KXNFLRECYDS-26OCT11INDPIT-INDJTAYLOR28-40,2026_05_IND_PIT,00-0036223,40.0,NFL-REC-RIDGE-NORMALSD-ISO-v1,2024-25-WALKFORWARD-ISO-v1,2026-10-07T23:44:40.917343+00:00,0.125,0.875,0.16569677114819176,17.31196603519826,23.358161397828415,RB,4,3.6666666666666665,,MODEL_AVAILABLE,INDEPENDENT_MODEL_RESEARCH_ONLY
KXNFLRECYDS-26OCT11INDPIT-INDJTAYLOR28-25,2026_05_IND_PIT,00-0036223,25.0,,,,,,,,,,,,,UNAVAILABLE,INVALID_MODEL_INPUT: upstream model QC not PASS
KXNFLRECYDS-26OCT11INDPIT-INDJTAYLOR28-15,2026_05_IND_PIT,00-0036223,15.0,,,,,,,,,,,,,UNAVAILABLE,INVALID_MODEL_INPUT: upstream model QC not PASS
KXNFLRECYDS-26OCT11INDPIT-INDJDOWNS2-90,2026_05_IND_PIT,00-0038997,90.0,NFL-REC-RIDGE-NORMALSD-ISO-v1,2024-25-WALKFORWARD-ISO-v1,2026-10-07T23:44:40.917343+00:00,0.0533141210374639,0.9466858789625361,0.030608421196746432,46.27525043878144,23.358161397828415,WR,4,8.0,HIGH_VOLUME_WR_MODEL_HISTORICALLY_CONSERVATIVE,MODEL_AVAILABLE,INDEPENDENT_MODEL_RESEARCH_ONLY
KXNFLRECYDS-26OCT11INDPIT-INDJDOWNS2-80,2026_05_IND_PIT,00-0038997,80.0,NFL-REC-RIDGE-NORMALSD-ISO-v1,2024-25-WALKFORWARD-ISO-v1,2026-10-07T23:44:40.917343+00:00,0.0822189202575532,0.9177810797424468,0.07439619876798949,46.27525043878144,23.358161397828415,WR,4,8.0,HIGH_VOLUME_WR_MODEL_HISTORICALLY_CONSERVATIVE,MODEL_AVAILABLE,INDEPENDENT_MODEL_RESEARCH_ONLY
KXNFLRECYDS-26OCT11INDPIT-INDJDOWNS2-70,2026_05_IND_PIT,00-0038997,70.0,NFL-REC-RIDGE-NORMALSD-ISO-v1,2024-25-WALKFORWARD-ISO-v1,2026-10-07T23:44:40.917343+00:00,0.125,0.875,0.1548875102519933,46.27525043878144,23.358161397828415,WR,4,8.0,HIGH_VOLUME_WR_MODEL_HISTORICALLY_CONSERVATIVE,MODEL_AVAILABLE,INDEPENDENT_MODEL_RESEARCH_ONLY
KXNFLRECYDS-26OCT11INDPIT-INDJDOWNS2-60,2026_05_IND_PIT,00-0038997,60.0,NFL-REC-RIDGE-NORMALSD-ISO-v1,2024-25-WALKFORWARD-ISO-v1,2026-10-07T23:44:40.917343+00:00,0.2416666666666666,0.7583333333333334,0.27840767854256054,46.27525043878144,23.358161397828415,WR,4,8.0,HIGH_VOLUME_WR_MODEL_HISTORICALLY_CONSERVATIVE,MODEL_AVAILABLE,INDEPENDENT_MODEL_RESEARCH_ONLY
KXNFLRECYDS-26OCT11INDPIT-INDJDOWNS2-50,2026_05_IND_PIT,00-0038997,50.0,NFL-REC-RIDGE-NORMALSD-ISO-v1,2024-25-WALKFORWARD-ISO-v1,2026-10-07T23:44:40.917343+00:00,0.3602584814216478,0.6397415185783522,0.436652271537244,46.27525043878144,23.358161397828415,WR,4,8.0,HIGH_VOLUME_WR_MODEL_HISTORICALLY_CONSERVATIVE,MODEL_AVAILABLE,INDEPENDENT_MODEL_RESEARCH_ONLY
KXNFLRECYDS-26OCT11INDPIT-INDJDOWNS2-40,2026_05_IND_PIT,00-0038997,40.0,NFL-REC-RIDGE-NORMALSD-ISO-v1,2024-25-WALKFORWARD-ISO-v1,2026-10-07T23:44:40.917343+00:00,0.5065123010130245,0.49348769898697553,0.6059018082780282,46.27525043878144,23.358161397828415,WR,4,8.0,HIGH_VOLUME_WR_MODEL_HISTORICALLY_CONSERVATIVE,MODEL_AVAILABLE,INDEPENDENT_MODEL_RESEARCH_ONLY
KXNFLRECYDS-26OCT11INDPIT-INDJDOWNS2-25,2026_05_IND_PIT,00-0038997,25.0,,,,,,,,,,,,,UNAVAILABLE,INVALID_MODEL_INPUT: upstream model QC not PASS
KXNFLRECYDS-26OCT11INDPIT-INDJDOWNS2-140,2026_05_IND_PIT,00-0038997,140.0,NFL-REC-RIDGE-NORMALSD-ISO-v1,2024-25-WALKFORWARD-ISO-v1,2026-10-07T23:44:40.917343+00:00,0.0040666150271107,0.9959333849728893,3.0038847676728157e-05,46.27525043878144,23.358161397828415,WR,4,8.0,HIGH_VOLUME_WR_MODEL_HISTORICALLY_CONSERVATIVE,MODEL_AVAILABLE,INDEPENDENT_MODEL_RESEARCH_ONLY
KXNFLRECYDS-26OCT11INDPIT-INDJDOWNS2-130,2026_05_IND_PIT,00-0038997,130.0,NFL-REC-RIDGE-NORMALSD-ISO-v1,2024-25-WALKFORWARD-ISO-v1,2026-10-07T23:44:40.917343+00:00,0.0078340345277818,0.9921659654722182,0.00016893375258356748,46.27525043878144,23.358161397828415,WR,4,8.0,HIGH_VOLUME_WR_MODEL_HISTORICALLY_CONSERVATIVE,MODEL_AVAILABLE,INDEPENDENT_MODEL_RESEARCH_ONLY
KXNFLRECYDS-26OCT11INDPIT-INDJDOWNS2-120,2026_05_IND_PIT,00-0038997,120.0,NFL-REC-RIDGE-NORMALSD-ISO-v1,2024-25-WALKFORWARD-ISO-v1,2026-10-07T23:44:40.917343+00:00,0.0133852140077821,0.9866147859922179,0.0007989942804534388,46.27525043878144,23.358161397828415,WR,4,8.0,HIGH_VOLUME_WR_MODEL_HISTORICALLY_CONSERVATIVE,MODEL_AVAILABLE,INDEPENDENT_MODEL_RESEARCH_ONLY
KXNFLRECYDS-26OCT11INDPIT-INDJDOWNS2-110,2026_05_IND_PIT,00-0038997,110.0,NFL-REC-RIDGE-NORMALSD-ISO-v1,2024-25-WALKFORWARD-ISO-v1,2026-10-07T23:44:40.917343+00:00,0.022858884486437,0.977141115513563,0.003184456907330024,46.27525043878144,23.358161397828415,WR,4,8.0,HIGH_VOLUME_WR_MODEL_HISTORICALLY_CONSERVATIVE,MODEL_AVAILABLE,INDEPENDENT_MODEL_RESEARCH_ONLY
KXNFLRECYDS-26OCT11INDPIT-INDJDOWNS2-100,2026_05_IND_PIT,00-0038997,100.0,NFL-REC-RIDGE-NORMALSD-ISO-v1,2024-25-WALKFORWARD-ISO-v1,2026-10-07T23:44:40.917343+00:00,0.0360138135175135,0.9639861864824865,0.010722923613431653,46.27525043878144,23.358161397828415,WR,4,8.0,HIGH_VOLUME_WR_MODEL_HISTORICALLY_CONSERVATIVE,MODEL_AVAILABLE,INDEPENDENT_MODEL_RESEARCH_ONLY
KXNFLRECYDS-26OCT11DETARI-DETJWILLIAMS1-130,2026_05_DET_ARI,00-0037240,130.0,NFL-REC-RIDGE-NORMALSD-ISO-v1,2024-25-WALKFORWARD-ISO-v1,2026-10-07T23:44:40.917343+00:00,0.0078340345277818,0.9921659654722182,0.0001953178599665003,47.16423615977868,23.358161397828415,WR,4,5.333333333333333,,MODEL_AVAILABLE,INDEPENDENT_MODEL_RESEARCH_ONLY
KXNFLRECYDS-26OCT11DETARI-DETJWILLIAMS1-120,2026_05_DET_ARI,00-0037240,120.0,NFL-REC-RIDGE-NORMALSD-ISO-v1,2024-25-WALKFORWARD-ISO-v1,2026-10-07T23:44:40.917343+00:00,0.0133852140077821,0.9866147859922179,0.0009097508145832059,47.16423615977868,23.358161397828415,WR,4,5.333333333333333,,MODEL_AVAILABLE,INDEPENDENT_MODEL_RESEARCH_ONLY
KXNFLRECYDS-26OCT11DETARI-DETJWILLIAMS1-110,2026_05_DET_ARI,00-0037240,110.0,NFL-REC-RIDGE-NORMALSD-ISO-v1,2024-25-WALKFORWARD-ISO-v1,2026-10-07T23:44:40.917343+00:00,0.022858884486437,0.977141115513563,0.0035715425121959922,47.16423615977868,23.358161397828415,WR,4,5.333333333333333,,MODEL_AVAILABLE,INDEPENDENT_MODEL_RESEARCH_ONLY
KXNFLRECYDS-26OCT11DETARI-DETJWILLIAMS1-100,2026_05_DET_ARI,00-0037240,100.0,NFL-REC-RIDGE-NORMALSD-ISO-v1,2024-25-WALKFORWARD-ISO-v1,2026-10-07T23:44:40.917343+00:00,0.0360138135175135,0.9639861864824865,0.011849227023628547,47.16423615977868,23.358161397828415,WR,4,5.333333333333333,,MODEL_AVAILABLE,INDEPENDENT_MODEL_RESEARCH_ONLY
KXNFLRECYDS-26OCT11DETARI-DETJWILLIAMS1-90,2026_05_DET_ARI,00-0037240,90.0,NFL-REC-RIDGE-NORMALSD-ISO-v1,2024-25-WALKFORWARD-ISO-v1,2026-10-07T23:44:40.917343+00:00,0.0533141210374639,0.9466858789625361,0.03333686173269701,47.16423615977868,23.358161397828415,WR,4,5.333333333333333,,MODEL_AVAILABLE,INDEPENDENT_MODEL_RESEARCH_ONLY
KXNFLRECYDS-26OCT11DETARI-DETJWILLIAMS1-80,2026_05_DET_ARI,00-0037240,80.0,NFL-REC-RIDGE-NORMALSD-ISO-v1,2024-25-WALKFORWARD-ISO-v1,2026-10-07T23:44:40.917343+00:00,0.0865758754863813,0.9134241245136187,0.07989900606274679,47.16423615977868,23.358161397828415,WR,4,5.333333333333333,,MODEL_AVAILABLE,INDEPENDENT_MODEL_RESEARCH_ONLY
KXNFLRECYDS-26OCT11DETARI-DETJWILLIAMS1-70,2026_05_DET_ARI,00-0037240,70.0,NFL-REC-RIDGE-NORMALSD-ISO-v1,2024-25-WALKFORWARD-ISO-v1,2026-10-07T23:44:40.917343+00:00,0.125,0.875,0.1641273583938991,47.16423615977868,23.358161397828415,WR,4,5.333333333333333,,MODEL_AVAILABLE,INDEPENDENT_MODEL_RESEARCH_ONLY
KXNFLRECYDS-26OCT11DETARI-DETJWILLIAMS1-60,2026_05_DET_ARI,00-0037240,60.0,NFL-REC-RIDGE-NORMALSD-ISO-v1,2024-25-WALKFORWARD-ISO-v1,2026-10-07T23:44:40.917343+00:00,0.2427184466019417,0.7572815533980584,0.2913245126425064,47.16423615977868,23.358161397828415,WR,4,5.333333333333333,,MODEL_AVAILABLE,INDEPENDENT_MODEL_RESEARCH_ONLY
KXNFLRECYDS-26OCT11DETARI-DETJWILLIAMS1-50,2026_05_DET_ARI,00-0037240,50.0,NFL-REC-RIDGE-NORMALSD-ISO-v1,2024-25-WALKFORWARD-ISO-v1,2026-10-07T23:44:40.917343+00:00,0.3918575063613231,0.6081424936386769,0.4516857004734534,47.16423615977868,23.358161397828415,WR,4,5.333333333333333,,MODEL_AVAILABLE,INDEPENDENT_MODEL_RESEARCH_ONLY
KXNFLRECYDS-26OCT11DETARI-DETJWILLIAMS1-40,2026_05_DET_ARI,00-0037240,40.0,NFL-REC-RIDGE-NORMALSD-ISO-v1,2024-25-WALKFORWARD-ISO-v1,2026-10-07T23:44:40.917343+00:00,0.5065123010130245,0.49348769898697553,0.6204688289260137,47.16423615977868,23.358161397828415,WR,4,5.333333333333333,,MODEL_AVAILABLE,INDEPENDENT_MODEL_RESEARCH_ONLY
KXNFLRECYDS-26OCT11DETARI-DETJWILLIAMS1-25,2026_05_DET_ARI,00-0037240,25.0,,,,,,,,,,,,,UNAVAILABLE,INVALID_MODEL_INPUT: upstream model QC not PASS
KXNFLRECYDS-26OCT11DETARI-DETITESLAA18-80,2026_05_DET_ARI,00-0040669,80.0,NFL-REC-RIDGE-NORMALSD-ISO-v1,2024-25-WALKFORWARD-ISO-v1,2026-10-07T23:44:40.917343+00:00,0.0388931591083781,0.9611068408916219,0.017544359701762352,30.776574215253135,23.358161397828415,WR,4,5.333333333333333,,MODEL_AVAILABLE,INDEPENDENT_MODEL_RESEARCH_ONLY
KXNFLRECYDS-26OCT11DETARI-DETITESLAA18-70,2026_05_DET_ARI,00-0040669,70.0,NFL-REC-RIDGE-NORMALSD-ISO-v1,2024-25-WALKFORWARD-ISO-v1,2026-10-07T23:44:40.917343+00:00,0.0610138248847926,0.9389861751152074,0.04655486299334287,30.776574215253135,23.358161397828415,WR,4,5.333333333333333,,MODEL_AVAILABLE,INDEPENDENT_MODEL_RESEARCH_ONLY
KXNFLRECYDS-26OCT11DETARI-DETITESLAA18-60,2026_05_DET_ARI,00-0040669,60.0,NFL-REC-RIDGE-NORMALSD-ISO-v1,2024-25-WALKFORWARD-ISO-v1,2026-10-07T23:44:40.917343+00:00,0.0905911157747464,0.9094088842252536,0.10544876304829495,30.776574215253135,23.358161397828415,WR,4,5.333333333333333,,MODEL_AVAILABLE,INDEPENDENT_MODEL_RESEARCH_ONLY
KXNFLRECYDS-26OCT11DETARI-DETITESLAA18-50,2026_05_DET_ARI,00-0040669,50.0,NFL-REC-RIDGE-NORMALSD-ISO-v1,2024-25-WALKFORWARD-ISO-v1,2026-10-07T23:44:40.917343+00:00,0.1647597254004576,0.8352402745995424,0.20525814822615288,30.776574215253135,23.358161397828415,WR,4,5.333333333333333,,MODEL_AVAILABLE,INDEPENDENT_MODEL_RESEARCH_ONLY
KXNFLRECYDS-26OCT11DETARI-DETITESLAA18-40,2026_05_DET_ARI,00-0040669,40.0,NFL-REC-RIDGE-NORMALSD-ISO-v1,2024-25-WALKFORWARD-ISO-v1,2026-10-07T23:44:40.917343+00:00,0.2891566265060241,0.7108433734939759,0.34646959578566094,30.776574215253135,23.358161397828415,WR,4,5.333333333333333,,MODEL_AVAILABLE,INDEPENDENT_MODEL_RESEARCH_ONLY
KXNFLRECYDS-26OCT11DETARI-DETITESLAA18-25,2026_05_DET_ARI,00-0040669,25.0,,,,,,,,,,,,,UNAVAILABLE,INVALID_MODEL_INPUT: upstream model QC not PASS
KXNFLRECYDS-26OCT11DETARI-DETITESLAA18-15,2026_05_DET_ARI,00-0040669,15.0,,,,,,,,,,,,,UNAVAILABLE,INVALID_MODEL_INPUT: upstream model QC not PASS
KXNFLRECYDS-26OCT11DETARI-DETASTBROWN14-160,2026_05_DET_ARI,00-0036963,160.0,,,,,,,,,,,,,UNAVAILABLE,INVALID_MODEL_INPUT: upstream model QC not PASS
KXNFLRECYDS-26OCT11DETARI-DETASTBROWN14-150,2026_05_DET_ARI,00-0036963,150.0,NFL-REC-RIDGE-NORMALSD-ISO-v1,2024-25-WALKFORWARD-ISO-v1,2026-10-07T23:44:40.917343+00:00,0.012386850881372,0.987613149118628,0.0005280354367587846,73.49859290287496,23.358161397828415,WR,4,10.666666666666666,HIGH_VOLUME_WR_MODEL_HISTORICALLY_CONSERVATIVE,MODEL_AVAILABLE,INDEPENDENT_MODEL_RESEARCH_ONLY
KXNFLRECYDS-26OCT11DETARI-DETASTBROWN14-140,2026_05_DET_ARI,00-0036963,140.0,NFL-REC-RIDGE-NORMALSD-ISO-v1,2024-25-WALKFORWARD-ISO-v1,2026-10-07T23:44:40.917343+00:00,0.0179487179487179,0.9820512820512821,0.002206453987546362,73.49859290287496,23.358161397828415,WR,4,10.666666666666666,HIGH_VOLUME_WR_MODEL_HISTORICALLY_CONSERVATIVE,MODEL_AVAILABLE,INDEPENDENT_MODEL_RESEARCH_ONLY
KXNFLRECYDS-26OCT11DETARI-DETASTBROWN14-130,2026_05_DET_ARI,00-0036963,130.0,NFL-REC-RIDGE-NORMALSD-ISO-v1,2024-25-WALKFORWARD-ISO-v1,2026-10-07T23:44:40.917343+00:00,0.0261011419249592,0.9738988580750408,0.007783438537444443,73.49859290287496,23.358161397828415,WR,4,10.666666666666666,HIGH_VOLUME_WR_MODEL_HISTORICALLY_CONSERVATIVE,MODEL_AVAILABLE,INDEPENDENT_MODEL_RESEARCH_ONLY
KXNFLRECYDS-26OCT11DETARI-DETASTBROWN14-120,2026_05_DET_ARI,00-0036963,120.0,NFL-REC-RIDGE-NORMALSD-ISO-v1,2024-25-WALKFORWARD-ISO-v1,2026-10-07T23:44:40.917343+00:00,0.0388931591083781,0.9611068408916219,0.02325148821870783,73.49859290287496,23.358161397828415,WR,4,10.666666666666666,HIGH_VOLUME_WR_MODEL_HISTORICALLY_CONSERVATIVE,MODEL_AVAILABLE,INDEPENDENT_MODEL_RESEARCH_ONLY
KXNFLRECYDS-26OCT11DETARI-DETASTBROWN14-110,2026_05_DET_ARI,00-0036963,110.0,NFL-REC-RIDGE-NORMALSD-ISO-v1,2024-25-WALKFORWARD-ISO-v1,2026-10-07T23:44:40.917343+00:00,0.0610138248847926,0.9389861751152074,0.05906356041079431,73.49859290287496,23.358161397828415,WR,4,10.666666666666666,HIGH_VOLUME_WR_MODEL_HISTORICALLY_CONSERVATIVE,MODEL_AVAILABLE,INDEPENDENT_MODEL_RESEARCH_ONLY
KXNFLRECYDS-26OCT11DETARI-DETASTBROWN14-100,2026_05_DET_ARI,00-0036963,100.0,NFL-REC-RIDGE-NORMALSD-ISO-v1,2024-25-WALKFORWARD-ISO-v1,2026-10-07T23:44:40.917343+00:00,0.102890739833415,0.897109260166585,0.12827832147506923,73.49859290287496,23.358161397828415,WR,4,10.666666666666666,HIGH_VOLUME_WR_MODEL_HISTORICALLY_CONSERVATIVE,MODEL_AVAILABLE,INDEPENDENT_MODEL_RESEARCH_ONLY
KXNFLRECYDS-26OCT11DETARI-DETASTBROWN14-90,2026_05_DET_ARI,00-0036963,90.0,NFL-REC-RIDGE-NORMALSD-ISO-v1,2024-25-WALKFORWARD-ISO-v1,2026-10-07T23:44:40.917343+00:00,0.1923076923076923,0.8076923076923077,0.23995371596574014,73.49859290287496,23.358161397828415,WR,4,10.666666666666666,HIGH_VOLUME_WR_MODEL_HISTORICALLY_CONSERVATIVE,MODEL_AVAILABLE,INDEPENDENT_MODEL_RESEARCH_ONLY
KXNFLRECYDS-26OCT11DETARI-DETASTBROWN14-80,2026_05_DET_ARI,00-0036963,80.0,NFL-REC-RIDGE-NORMALSD-ISO-v1,2024-25-WALKFORWARD-ISO-v1,2026-10-07T23:44:40.917343+00:00,0.36,0.64,0.3903773879184169,73.49859290287496,23.358161397828415,WR,4,10.666666666666666,HIGH_VOLUME_WR_MODEL_HISTORICALLY_CONSERVATIVE,MODEL_AVAILABLE,INDEPENDENT_MODEL_RESEARCH_ONLY
KXNFLRECYDS-26OCT11DETARI-DETASTBROWN14-70,2026_05_DET_ARI,00-0036963,70.0,NFL-REC-RIDGE-NORMALSD-ISO-v1,2024-25-WALKFORWARD-ISO-v1,2026-10-07T23:44:40.917343+00:00,0.4953703703703703,0.5046296296296298,0.5595310319617876,73.49859290287496,23.358161397828415,WR,4,10.666666666666666,HIGH_VOLUME_WR_MODEL_HISTORICALLY_CONSERVATIVE,MODEL_AVAILABLE,INDEPENDENT_MODEL_RESEARCH_ONLY
KXNFLRECYDS-26OCT11DETARI-DETASTBROWN14-60,2026_05_DET_ARI,00-0036963,60.0,NFL-REC-RIDGE-NORMALSD-ISO-v1,2024-25-WALKFORWARD-ISO-v1,2026-10-07T23:44:40.917343+00:00,0.6176470588235294,0.38235294117647056,0.7183329022779826,73.49859290287496,23.358161397828415,WR,4,10.666666666666666,HIGH_VOLUME_WR_MODEL_HISTORICALLY_CONSERVATIVE,MODEL_AVAILABLE,INDEPENDENT_MODEL_RESEARCH_ONLY
KXNFLRECYDS-26OCT11DETARI-DETASTBROWN14-50,2026_05_DET_ARI,00-0036963,50.0,NFL-REC-RIDGE-NORMALSD-ISO-v1,2024-25-WALKFORWARD-ISO-v1,2026-10-07T23:44:40.917343+00:00,0.7272727272727273,0.2727272727272727,0.8427951242301499,73.49859290287496,23.358161397828415,WR,4,10.666666666666666,HIGH_VOLUME_WR_MODEL_HISTORICALLY_CONSERVATIVE,MODEL_AVAILABLE,INDEPENDENT_MODEL_RESEARCH_ONLY
KXNFLRECYDS-26OCT11DETARI-DETASTBROWN14-40,2026_05_DET_ARI,00-0036963,40.0,NFL-REC-RIDGE-NORMALSD-ISO-v1,2024-25-WALKFORWARD-ISO-v1,2026-10-07T23:44:40.917343+00:00,0.8068181818181815,0.19318181818181845,0.9242321282076459,73.49859290287496,23.358161397828415,WR,4,10.666666666666666,HIGH_VOLUME_WR_MODEL_HISTORICALLY_CONSERVATIVE,MODEL_AVAILABLE,INDEPENDENT_MODEL_RESEARCH_ONLY
KXNFLRECYDS-26OCT11DETARI-DETSLAPORTA87-120,2026_05_DET_ARI,00-0039065,120.0,NFL-REC-RIDGE-NORMALSD-ISO-v1,2024-25-WALKFORWARD-ISO-v1,2026-10-07T23:44:40.917343+00:00,0.0133852140077821,0.9866147859922179,0.0013641933043846038,50.00049730151484,23.358161397828415,TE,4,8.0,,MODEL_AVAILABLE,INDEPENDENT_MODEL_RESEARCH_ONLY
KXNFLRECYDS-26OCT11DETARI-DETSLAPORTA87-110,2026_05_DET_ARI,00-0039065,110.0,NFL-REC-RIDGE-NORMALSD-ISO-v1,2024-25-WALKFORWARD-ISO-v1,2026-10-07T23:44:40.917343+00:00,0.0261011419249592,0.9738988580750408,0.005104421780970062,50.00049730151484,23.358161397828415,TE,4,8.0,,MODEL_AVAILABLE,INDEPENDENT_MODEL_RESEARCH_ONLY
KXNFLRECYDS-26OCT11DETARI-DETSLAPORTA87-100,2026_05_DET_ARI,00-0039065,100.0,NFL-REC-RIDGE-NORMALSD-ISO-v1,2024-25-WALKFORWARD-ISO-v1,2026-10-07T23:44:40.917343+00:00,0.0388931591083781,0.9611068408916219,0.016154843448669774,50.00049730151484,23.358161397828415,TE,4,8.0,,MODEL_AVAILABLE,INDEPENDENT_MODEL_RESEARCH_ONLY
KXNFLRECYDS-26OCT11DETARI-DETSLAPORTA87-90,2026_05_DET_ARI,00-0039065,90.0,NFL-REC-RIDGE-NORMALSD-ISO-v1,2024-25-WALKFORWARD-ISO-v1,2026-10-07T23:44:40.917343+00:00,0.0610138248847926,0.9389861751152074,0.04340759834905619,50.00049730151484,23.358161397828415,TE,4,8.0,,MODEL_AVAILABLE,INDEPENDENT_MODEL_RESEARCH_ONLY
KXNFLRECYDS-26OCT11DETARI-DETSLAPORTA87-80,2026_05_DET_ARI,00-0039065,80.0,NFL-REC-RIDGE-NORMALSD-ISO-v1,2024-25-WALKFORWARD-ISO-v1,2026-10-07T23:44:40.917343+00:00,0.0905911157747464,0.9094088842252536,0.0995138914435979,50.00049730151484,23.358161397828415,TE,4,8.0,,MODEL_AVAILABLE,INDEPENDENT_MODEL_RESEARCH_ONLY
KXNFLRECYDS-26OCT11DETARI-DETSLAPORTA87-70,2026_05_DET_ARI,00-0039065,70.0,NFL-REC-RIDGE-NORMALSD-ISO-v1,2024-25-WALKFORWARD-ISO-v1,2026-10-07T23:44:40.917343+00:00,0.1647597254004576,0.8352402745995424,0.19594068202369577,50.00049730151484,23.358161397828415,TE,4,8.0,,MODEL_AVAILABLE,INDEPENDENT_MODEL_RESEARCH_ONLY
KXNFLRECYDS-26OCT11DETARI-DETSLAPORTA87-60,2026_05_DET_ARI,00-0039065,60.0,NFL-REC-RIDGE-NORMALSD-ISO-v1,2024-25-WALKFORWARD-ISO-v1,2026-10-07T23:44:40.917343+00:00,0.2838235294117647,0.7161764705882353,0.3342911250147069,50.00049730151484,23.358161397828415,TE,4,8.0,,MODEL_AVAILABLE,INDEPENDENT_MODEL_RESEARCH_ONLY
KXNFLRECYDS-26OCT11DETARI-DETSLAPORTA87-50,2026_05_DET_ARI,00-0039065,50.0,NFL-REC-RIDGE-NORMALSD-ISO-v1,2024-25-WALKFORWARD-ISO-v1,2026-10-07T23:44:40.917343+00:00,0.4221732745961821,0.5778267254038179,0.5000084935880433,50.00049730151484,23.358161397828415,TE,4,8.0,,MODEL_AVAILABLE,INDEPENDENT_MODEL_RESEARCH_ONLY
KXNFLRECYDS-26OCT11DETARI-DETSLAPORTA87-40,2026_05_DET_ARI,00-0039065,40.0,NFL-REC-RIDGE-NORMALSD-ISO-v1,2024-25-WALKFORWARD-ISO-v1,2026-10-07T23:44:40.917343+00:00,0.5654101995565411,0.43458980044345885,0.665724374630053,50.00049730151484,23.358161397828415,TE,4,8.0,,MODEL_AVAILABLE,INDEPENDENT_MODEL_RESEARCH_ONLY
KXNFLRECYDS-26OCT11DETARI-DETSLAPORTA87-25,2026_05_DET_ARI,00-0039065,25.0,,,,,,,,,,,,,UNAVAILABLE,INVALID_MODEL_INPUT: upstream model QC not PASS
KXNFLRECYDS-26OCT11DETARI-DETJGIBBS0-90,2026_05_DET_ARI,00-0039139,90.0,NFL-REC-RIDGE-NORMALSD-ISO-v1,2024-25-WALKFORWARD-ISO-v1,2026-10-07T23:44:40.917343+00:00,0.0360138135175135,0.9639861864824865,0.010127224152859281,35.77167707186108,23.358161397828415,RB,4,7.666666666666667,,MODEL_AVAILABLE,INDEPENDENT_MODEL_RESEARCH_ONLY
KXNFLRECYDS-26OCT11DETARI-DETJGIBBS0-80,2026_05_DET_ARI,00-0039139,80.0,NFL-REC-RIDGE-NORMALSD-ISO-v1,2024-25-WALKFORWARD-ISO-v1,2026-10-07T23:44:40.917343+00:00,0.0533141210374639,0.9466858789625361,0.029146715663191342,35.77167707186108,23.358161397828415,RB,4,7.666666666666667,,MODEL_AVAILABLE,INDEPENDENT_MODEL_RESEARCH_ONLY
KXNFLRECYDS-26OCT11DETARI-DETJGIBBS0-70,2026_05_DET_ARI,00-0039139,70.0,NFL-REC-RIDGE-NORMALSD-ISO-v1,2024-25-WALKFORWARD-ISO-v1,2026-10-07T23:44:40.917343+00:00,0.0822189202575532,0.9177810797424468,0.07141015086941979,35.77167707186108,23.358161397828415,RB,4,7.666666666666667,,MODEL_AVAILABLE,INDEPENDENT_MODEL_RESEARCH_ONLY
KXNFLRECYDS-26OCT11DETARI-DETJGIBBS0-60,2026_05_DET_ARI,00-0039139,60.0,NFL-REC-RIDGE-NORMALSD-ISO-v1,2024-25-WALKFORWARD-ISO-v1,2026-10-07T23:44:40.917343+00:00,0.1233243967828418,0.8766756032171582,0.14980898234428158,35.77167707186108,23.358161397828415,RB,4,7.666666666666667,,MODEL_AVAILABLE,INDEPENDENT_MODEL_RESEARCH_ONLY
KXNFLRECYDS-26OCT11DETARI-DETJGIBBS0-50,2026_05_DET_ARI,00-0039139,50.0,NFL-REC-RIDGE-NORMALSD-ISO-v1,2024-25-WALKFORWARD-ISO-v1,2026-10-07T23:44:40.917343+00:00,0.2234782608695652,0.7765217391304348,0.2712167808230464,35.77167707186108,23.358161397828415,RB,4,7.666666666666667,,MODEL_AVAILABLE,INDEPENDENT_MODEL_RESEARCH_ONLY
KXNFLRECYDS-26OCT11DETARI-DETJGIBBS0-40,2026_05_DET_ARI,00-0039139,40.0,NFL-REC-RIDGE-NORMALSD-ISO-v1,2024-25-WALKFORWARD-ISO-v1,2026-10-07T23:44:40.917343+00:00,0.3602584814216478,0.6397415185783522,0.42817545908515975,35.77167707186108,23.358161397828415,RB,4,7.666666666666667,,MODEL_AVAILABLE,INDEPENDENT_MODEL_RESEARCH_ONLY
KXNFLRECYDS-26OCT11DETARI-DETJGIBBS0-25,2026_05_DET_ARI,00-0039139,25.0,,,,,,,,,,,,,UNAVAILABLE,INVALID_MODEL_INPUT: upstream model QC not PASS
KXNFLRECYDS-26OCT11DETARI-DETJGIBBS0-15,2026_05_DET_ARI,00-0039139,15.0,,,,,,,,,,,,,UNAVAILABLE,INVALID_MODEL_INPUT: upstream model QC not PASS
KXNFLRECYDS-26OCT11DETARI-ARITMCBRIDE85-90,2026_05_DET_ARI,00-0037744,90.0,NFL-REC-RIDGE-NORMALSD-ISO-v1,2024-25-WALKFORWARD-ISO-v1,2026-10-07T23:44:40.917343+00:00,0.102890739833415,0.897109260166585,0.13614704611231046,64.35753132334438,23.358161397828415,TE,4,11.0,,MODEL_AVAILABLE,INDEPENDENT_MODEL_RESEARCH_ONLY
KXNFLRECYDS-26OCT11DETARI-ARITMCBRIDE85-80,2026_05_DET_ARI,00-0037744,80.0,NFL-REC-RIDGE-NORMALSD-ISO-v1,2024-25-WALKFORWARD-ISO-v1,2026-10-07T23:44:40.917343+00:00,0.2234782608695652,0.7765217391304348,0.2515312410556777,64.35753132334438,23.358161397828415,TE,4,11.0,,MODEL_AVAILABLE,INDEPENDENT_MODEL_RESEARCH_ONLY
KXNFLRECYDS-26OCT11DETARI-ARITMCBRIDE85-70,2026_05_DET_ARI,00-0037744,70.0,NFL-REC-RIDGE-NORMALSD-ISO-v1,2024-25-WALKFORWARD-ISO-v1,2026-10-07T23:44:40.917343+00:00,0.3602584814216478,0.6397415185783522,0.40455937857121715,64.35753132334438,23.358161397828415,TE,4,11.0,,MODEL_AVAILABLE,INDEPENDENT_MODEL_RESEARCH_ONLY
KXNFLRECYDS-26OCT11DETARI-ARITMCBRIDE85-60,2026_05_DET_ARI,00-0037744,60.0,NFL-REC-RIDGE-NORMALSD-ISO-v1,2024-25-WALKFORWARD-ISO-v1,2026-10-07T23:44:40.917343+00:00,0.5021645021645021,0.49783549783549785,0.5739943767628579,64.35753132334438,23.358161397828415,TE,4,11.0,,MODEL_AVAILABLE,INDEPENDENT_MODEL_RESEARCH_ONLY
KXNFLRECYDS-26OCT11DETARI-ARITMCBRIDE85-50,2026_05_DET_ARI,00-0037744,50.0,NFL-REC-RIDGE-NORMALSD-ISO-v1,2024-25-WALKFORWARD-ISO-v1,2026-10-07T23:44:40.917343+00:00,0.6282051282051282,0.3717948717948718,0.7306132415610586,64.35753132334438,23.358161397828415,TE,4,11.0,,MODEL_AVAILABLE,INDEPENDENT_MODEL_RESEARCH_ONLY
KXNFLRECYDS-26OCT11DETARI-ARITMCBRIDE85-40,2026_05_DET_ARI,00-0037744,40.0,NFL-REC-RIDGE-NORMALSD-ISO-v1,2024-25-WALKFORWARD-ISO-v1,2026-10-07T23:44:40.917343+00:00,0.7596899224806202,0.24031007751937983,0.8514759706438466,64.35753132334438,23.358161397828415,TE,4,11.0,,MODEL_AVAILABLE,INDEPENDENT_MODEL_RESEARCH_ONLY
KXNFLRECYDS-26OCT11DETARI-ARITMCBRIDE85-170,2026_05_DET_ARI,00-0037744,170.0,,,,,,,,,,,,,UNAVAILABLE,INVALID_MODEL_INPUT: upstream model QC not PASS
KXNFLRECYDS-26OCT11DETARI-ARITMCBRIDE85-160,2026_05_DET_ARI,00-0037744,160.0,,,,,,,,,,,,,UNAVAILABLE,INVALID_MODEL_INPUT: upstream model QC not PASS
KXNFLRECYDS-26OCT11DETARI-ARITMCBRIDE85-150,2026_05_DET_ARI,00-0037744,150.0,NFL-REC-RIDGE-NORMALSD-ISO-v1,2024-25-WALKFORWARD-ISO-v1,2026-10-07T23:44:40.917343+00:00,0.0076960076960076,0.9923039923039924,0.0001229511933977062,64.35753132334438,23.358161397828415,TE,4,11.0,,MODEL_AVAILABLE,INDEPENDENT_MODEL_RESEARCH_ONLY
KXNFLRECYDS-26OCT11DETARI-ARITMCBRIDE85-140,2026_05_DET_ARI,00-0037744,140.0,NFL-REC-RIDGE-NORMALSD-ISO-v1,2024-25-WALKFORWARD-ISO-v1,2026-10-07T23:44:40.917343+00:00,0.012386850881372,0.987613149118628,0.0006010649857472885,64.35753132334438,23.358161397828415,TE,4,11.0,,MODEL_AVAILABLE,INDEPENDENT_MODEL_RESEARCH_ONLY
KXNFLRECYDS-26OCT11DETARI-ARITMCBRIDE85-130,2026_05_DET_ARI,00-0037744,130.0,NFL-REC-RIDGE-NORMALSD-ISO-v1,2024-25-WALKFORWARD-ISO-v1,2026-10-07T23:44:40.917343+00:00,0.0179487179487179,0.9820512820512821,0.0024750871405484157,64.35753132334438,23.358161397828415,TE,4,11.0,,MODEL_AVAILABLE,INDEPENDENT_MODEL_RESEARCH_ONLY
KXNFLRECYDS-26OCT11DETARI-ARITMCBRIDE85-120,2026_05_DET_ARI,00-0037744,120.0,NFL-REC-RIDGE-NORMALSD-ISO-v1,2024-25-WALKFORWARD-ISO-v1,2026-10-07T23:44:40.917343+00:00,0.0261011419249592,0.9738988580750408,0.008606118039736505,64.35753132334438,23.358161397828415,TE,4,11.0,,MODEL_AVAILABLE,INDEPENDENT_MODEL_RESEARCH_ONLY
KXNFLRECYDS-26OCT11DETARI-ARITMCBRIDE85-110,2026_05_DET_ARI,00-0037744,110.0,NFL-REC-RIDGE-NORMALSD-ISO-v1,2024-25-WALKFORWARD-ISO-v1,2026-10-07T23:44:40.917343+00:00,0.0388931591083781,0.9611068408916219,0.02534903580035066,64.35753132334438,23.358161397828415,TE,4,11.0,,MODEL_AVAILABLE,INDEPENDENT_MODEL_RESEARCH_ONLY
KXNFLRECYDS-26OCT11DETARI-ARITMCBRIDE85-100,2026_05_DET_ARI,00-0037744,100.0,NFL-REC-RIDGE-NORMALSD-ISO-v1,2024-25-WALKFORWARD-ISO-v1,2026-10-07T23:44:40.917343+00:00,0.0685772773797338,0.9314227226202662,0.06351605135340421,64.35753132334438,23.358161397828415,TE,4,11.0,,MODEL_AVAILABLE,INDEPENDENT_MODEL_RESEARCH_ONLY
KXNFLRECYDS-26OCT11DETARI-ARIMWILSON14-90,2026_05_DET_ARI,00-0038559,90.0,NFL-REC-RIDGE-NORMALSD-ISO-v1,2024-25-WALKFORWARD-ISO-v1,2026-10-07T23:44:40.917343+00:00,0.1233243967828418,0.8766756032171582,0.1490598408283996,65.69643757480561,23.358161397828415,WR,4,12.333333333333334,HIGH_VOLUME_WR_MODEL_HISTORICALLY_CONSERVATIVE,MODEL_AVAILABLE,INDEPENDENT_MODEL_RESEARCH_ONLY
KXNFLRECYDS-26OCT11DETARI-ARIMWILSON14-80,2026_05_DET_ARI,00-0038559,80.0,NFL-REC-RIDGE-NORMALSD-ISO-v1,2024-25-WALKFORWARD-ISO-v1,2026-10-07T23:44:40.917343+00:00,0.2234782608695652,0.7765217391304348,0.2701503848548539,65.69643757480561,23.358161397828415,WR,4,12.333333333333334,HIGH_VOLUME_WR_MODEL_HISTORICALLY_CONSERVATIVE,MODEL_AVAILABLE,INDEPENDENT_MODEL_RESEARCH_ONLY
KXNFLRECYDS-26OCT11DETARI-ARIMWILSON14-70,2026_05_DET_ARI,00-0038559,70.0,NFL-REC-RIDGE-NORMALSD-ISO-v1,2024-25-WALKFORWARD-ISO-v1,2026-10-07T23:44:40.917343+00:00,0.3602584814216478,0.6397415185783522,0.42691167086163084,65.69643757480561,23.358161397828415,WR,4,12.333333333333334,HIGH_VOLUME_WR_MODEL_HISTORICALLY_CONSERVATIVE,MODEL_AVAILABLE,INDEPENDENT_MODEL_RESEARCH_ONLY
KXNFLRECYDS-26OCT11DETARI-ARIMWILSON14-60,2026_05_DET_ARI,00-0038559,60.0,NFL-REC-RIDGE-NORMALSD-ISO-v1,2024-25-WALKFORWARD-ISO-v1,2026-10-07T23:44:40.917343+00:00,0.5065123010130245,0.49348769898697553,0.5963356198227128,65.69643757480561,23.358161397828415,WR,4,12.333333333333334,HIGH_VOLUME_WR_MODEL_HISTORICALLY_CONSERVATIVE,MODEL_AVAILABLE,INDEPENDENT_MODEL_RESEARCH_ONLY
KXNFLRECYDS-26OCT11DETARI-ARIMWILSON14-50,2026_05_DET_ARI,00-0038559,50.0,NFL-REC-RIDGE-NORMALSD-ISO-v1,2024-25-WALKFORWARD-ISO-v1,2026-10-07T23:44:40.917343+00:00,0.6394557823129252,0.3605442176870748,0.7492047874478105,65.69643757480561,23.358161397828415,WR,4,12.333333333333334,HIGH_VOLUME_WR_MODEL_HISTORICALLY_CONSERVATIVE,MODEL_AVAILABLE,INDEPENDENT_MODEL_RESEARCH_ONLY
KXNFLRECYDS-26OCT11DETARI-ARIMWILSON14-40,2026_05_DET_ARI,00-0038559,40.0,NFL-REC-RIDGE-NORMALSD-ISO-v1,2024-25-WALKFORWARD-ISO-v1,2026-10-07T23:44:40.917343+00:00,0.7670454545454546,0.23295454545454541,0.8643568815021283,65.69643757480561,23.358161397828415,WR,4,12.333333333333334,HIGH_VOLUME_WR_MODEL_HISTORICALLY_CONSERVATIVE,MODEL_AVAILABLE,INDEPENDENT_MODEL_RESEARCH_ONLY
KXNFLRECYDS-26OCT11DETARI-ARIMWILSON14-160,2026_05_DET_ARI,00-0038559,160.0,,,,,,,,,,,,,UNAVAILABLE,INVALID_MODEL_INPUT: upstream model QC not PASS
KXNFLRECYDS-26OCT11DETARI-ARIMWILSON14-150,2026_05_DET_ARI,00-0038559,150.0,NFL-REC-RIDGE-NORMALSD-ISO-v1,2024-25-WALKFORWARD-ISO-v1,2026-10-07T23:44:40.917343+00:00,0.0078340345277818,0.9921659654722182,0.00015358946099537697,65.69643757480561,23.358161397828415,WR,4,12.333333333333334,HIGH_VOLUME_WR_MODEL_HISTORICALLY_CONSERVATIVE,MODEL_AVAILABLE,INDEPENDENT_MODEL_RESEARCH_ONLY
KXNFLRECYDS-26OCT11DETARI-ARIMWILSON14-140,2026_05_DET_ARI,00-0038559,140.0,NFL-REC-RIDGE-NORMALSD-ISO-v1,2024-25-WALKFORWARD-ISO-v1,2026-10-07T23:44:40.917343+00:00,0.0133852140077821,0.9866147859922179,0.000733702492665847,65.69643757480561,23.358161397828415,WR,4,12.333333333333334,HIGH_VOLUME_WR_MODEL_HISTORICALLY_CONSERVATIVE,MODEL_AVAILABLE,INDEPENDENT_MODEL_RESEARCH_ONLY
KXNFLRECYDS-26OCT11DETARI-ARIMWILSON14-130,2026_05_DET_ARI,00-0038559,130.0,NFL-REC-RIDGE-NORMALSD-ISO-v1,2024-25-WALKFORWARD-ISO-v1,2026-10-07T23:44:40.917343+00:00,0.022858884486437,0.977141115513563,0.0029531569984869842,65.69643757480561,23.358161397828415,WR,4,12.333333333333334,HIGH_VOLUME_WR_MODEL_HISTORICALLY_CONSERVATIVE,MODEL_AVAILABLE,INDEPENDENT_MODEL_RESEARCH_ONLY
KXNFLRECYDS-26OCT11DETARI-ARIMWILSON14-120,2026_05_DET_ARI,00-0038559,120.0,NFL-REC-RIDGE-NORMALSD-ISO-v1,2024-25-WALKFORWARD-ISO-v1,2026-10-07T23:44:40.917343+00:00,0.0360138135175135,0.9639861864824865,0.010040745868989018,65.69643757480561,23.358161397828415,WR,4,12.333333333333334,HIGH_VOLUME_WR_MODEL_HISTORICALLY_CONSERVATIVE,MODEL_AVAILABLE,INDEPENDENT_MODEL_RESEARCH_ONLY
KXNFLRECYDS-26OCT11DETARI-ARIMWILSON14-110,2026_05_DET_ARI,00-0038559,110.0,NFL-REC-RIDGE-NORMALSD-ISO-v1,2024-25-WALKFORWARD-ISO-v1,2026-10-07T23:44:40.917343+00:00,0.0533141210374639,0.9466858789625361,0.02893338260971944,65.69643757480561,23.358161397828415,WR,4,12.333333333333334,HIGH_VOLUME_WR_MODEL_HISTORICALLY_CONSERVATIVE,MODEL_AVAILABLE,INDEPENDENT_MODEL_RESEARCH_ONLY
KXNFLRECYDS-26OCT11DETARI-ARIMWILSON14-100,2026_05_DET_ARI,00-0038559,100.0,NFL-REC-RIDGE-NORMALSD-ISO-v1,2024-25-WALKFORWARD-ISO-v1,2026-10-07T23:44:40.917343+00:00,0.0822189202575532,0.9177810797424468,0.07097201337819968,65.69643757480561,23.358161397828415,WR,4,12.333333333333334,HIGH_VOLUME_WR_MODEL_HISTORICALLY_CONSERVATIVE,MODEL_AVAILABLE,INDEPENDENT_MODEL_RESEARCH_ONLY
KXNFLRECYDS-26OCT11DETARI-ARIMHARRISON18-90,2026_05_DET_ARI,00-0039849,90.0,NFL-REC-RIDGE-NORMALSD-ISO-v1,2024-25-WALKFORWARD-ISO-v1,2026-10-07T23:44:40.917343+00:00,0.0261011419249592,0.9738988580750408,0.006173026199075657,31.555643258327024,23.358161397828415,WR,4,3.3333333333333335,,MODEL_AVAILABLE,INDEPENDENT_MODEL_RESEARCH_ONLY
KXNFLRECYDS-26OCT11DETARI-ARIMHARRISON18-80,2026_05_DET_ARI,00-0039849,80.0,NFL-REC-RIDGE-NORMALSD-ISO-v1,2024-25-WALKFORWARD-ISO-v1,2026-10-07T23:44:40.917343+00:00,0.0388931591083781,0.9611068408916219,0.01904058980731584,31.555643258327024,23.358161397828415,WR,4,3.3333333333333335,,MODEL_AVAILABLE,INDEPENDENT_MODEL_RESEARCH_ONLY
KXNFLRECYDS-26OCT11DETARI-ARIMHARRISON18-70,2026_05_DET_ARI,00-0039849,70.0,NFL-REC-RIDGE-NORMALSD-ISO-v1,2024-25-WALKFORWARD-ISO-v1,2026-10-07T23:44:40.917343+00:00,0.0610138248847926,0.9389861751152074,0.049895882010917894,31.555643258327024,23.358161397828415,WR,4,3.3333333333333335,,MODEL_AVAILABLE,INDEPENDENT_MODEL_RESEARCH_ONLY
KXNFLRECYDS-26OCT11DETARI-ARIMHARRISON18-60,2026_05_DET_ARI,00-0039849,60.0,NFL-REC-RIDGE-NORMALSD-ISO-v1,2024-25-WALKFORWARD-ISO-v1,2026-10-07T23:44:40.917343+00:00,0.0977596741344195,0.9022403258655805,0.11165985553255567,31.555643258327024,23.358161397828415,WR,4,3.3333333333333335,,MODEL_AVAILABLE,INDEPENDENT_MODEL_RESEARCH_ONLY
KXNFLRECYDS-26OCT11DETARI-ARIMHARRISON18-50,2026_05_DET_ARI,00-0039849,50.0,NFL-REC-RIDGE-NORMALSD-ISO-v1,2024-25-WALKFORWARD-ISO-v1,2026-10-07T23:44:40.917343+00:00,0.171238570241064,0.828761429758936,0.2148712941397232,31.555643258327024,23.358161397828415,WR,4,3.3333333333333335,,MODEL_AVAILABLE,INDEPENDENT_MODEL_RESEARCH_ONLY
KXNFLRECYDS-26OCT11DETARI-ARIMHARRISON18-40,2026_05_DET_ARI,00-0039849,40.0,NFL-REC-RIDGE-NORMALSD-ISO-v1,2024-25-WALKFORWARD-ISO-v1,2026-10-07T23:44:40.917343+00:00,0.3297045101088648,0.6702954898911352,0.3588567505303881,31.555643258327024,23.358161397828415,WR,4,3.3333333333333335,,MODEL_AVAILABLE,INDEPENDENT_MODEL_RESEARCH_ONLY
KXNFLRECYDS-26OCT11DETARI-ARIMHARRISON18-35,2026_05_DET_ARI,00-0039849,35.0,NFL-REC-RIDGE-NORMALSD-ISO-v1,2024-25-WALKFORWARD-ISO-v1,2026-10-07T23:44:40.917343+00:00,0.3918575063613231,0.6081424936386769,0.4413851125254384,31.555643258327024,23.358161397828415,WR,4,3.3333333333333335,,MODEL_AVAILABLE,INDEPENDENT_MODEL_RESEARCH_ONLY
KXNFLRECYDS-26OCT11DETARI-ARIMHARRISON18-25,2026_05_DET_ARI,00-0039849,25.0,,,,,,,,,,,,,UNAVAILABLE,INVALID_MODEL_INPUT: upstream model QC not PASS
KXNFLRECYDS-26OCT11DETARI-ARIMHARRISON18-15,2026_05_DET_ARI,00-0039849,15.0,,,,,,,,,,,,,UNAVAILABLE,INVALID_MODEL_INPUT: upstream model QC not PASS
KXNFLRECYDS-26OCT11DETARI-ARIMHARRISON18-110,2026_05_DET_ARI,00-0039849,110.0,NFL-REC-RIDGE-NORMALSD-ISO-v1,2024-25-WALKFORWARD-ISO-v1,2026-10-07T23:44:40.917343+00:00,0.0078340345277818,0.9921659654722182,0.0003920781762551006,31.555643258327024,23.358161397828415,WR,4,3.3333333333333335,,MODEL_AVAILABLE,INDEPENDENT_MODEL_RESEARCH_ONLY
KXNFLRECYDS-26OCT11DETARI-ARIMHARRISON18-100,2026_05_DET_ARI,00-0039849,100.0,NFL-REC-RIDGE-NORMALSD-ISO-v1,2024-25-WALKFORWARD-ISO-v1,2026-10-07T23:44:40.917343+00:00,0.0133852140077821,0.9866147859922179,0.0016936559966081732,31.555643258327024,23.358161397828415,WR,4,3.3333333333333335,,MODEL_AVAILABLE,INDEPENDENT_MODEL_RESEARCH_ONLY
KXNFLRECYDS-26OCT11DETARI-ARIKBOURNE17-80,2026_05_DET_ARI,00-0033307,80.0,NFL-REC-RIDGE-NORMALSD-ISO-v1,2024-25-WALKFORWARD-ISO-v1,2026-10-07T23:44:40.917343+00:00,0.0388931591083781,0.9611068408916219,0.01611314872505624,29.976339538611246,23.358161397828415,WR,3,4.666666666666667,,MODEL_AVAILABLE,INDEPENDENT_MODEL_RESEARCH_ONLY
KXNFLRECYDS-26OCT11DETARI-ARIKBOURNE17-70,2026_05_DET_ARI,00-0033307,70.0,NFL-REC-RIDGE-NORMALSD-ISO-v1,2024-25-WALKFORWARD-ISO-v1,2026-10-07T23:44:40.917343+00:00,0.0610138248847926,0.9389861751152074,0.043312457230709936,29.976339538611246,23.358161397828415,WR,3,4.666666666666667,,MODEL_AVAILABLE,INDEPENDENT_MODEL_RESEARCH_ONLY
KXNFLRECYDS-26OCT11DETARI-ARIKBOURNE17-60,2026_05_DET_ARI,00-0033307,60.0,NFL-REC-RIDGE-NORMALSD-ISO-v1,2024-25-WALKFORWARD-ISO-v1,2026-10-07T23:44:40.917343+00:00,0.0905911157747464,0.9094088842252536,0.09933315050894595,29.976339538611246,23.358161397828415,WR,3,4.666666666666667,,MODEL_AVAILABLE,INDEPENDENT_MODEL_RESEARCH_ONLY
KXNFLRECYDS-26OCT11DETARI-ARIKBOURNE17-50,2026_05_DET_ARI,00-0033307,50.0,NFL-REC-RIDGE-NORMALSD-ISO-v1,2024-25-WALKFORWARD-ISO-v1,2026-10-07T23:44:40.917343+00:00,0.1647597254004576,0.8352402745995424,0.19565482694377043,29.976339538611246,23.358161397828415,WR,3,4.666666666666667,,MODEL_AVAILABLE,INDEPENDENT_MODEL_RESEARCH_ONLY
KXNFLRECYDS-26OCT11DETARI-ARIKBOURNE17-40,2026_05_DET_ARI,00-0033307,40.0,NFL-REC-RIDGE-NORMALSD-ISO-v1,2024-25-WALKFORWARD-ISO-v1,2026-10-07T23:44:40.917343+00:00,0.2838235294117647,0.7161764705882353,0.3339147364467871,29.976339538611246,23.358161397828415,WR,3,4.666666666666667,,MODEL_AVAILABLE,INDEPENDENT_MODEL_RESEARCH_ONLY
KXNFLRECYDS-26OCT11DETARI-ARIKBOURNE17-25,2026_05_DET_ARI,00-0033307,25.0,,,,,,,,,,,,,UNAVAILABLE,INVALID_MODEL_INPUT: upstream model QC not PASS
KXNFLRECYDS-26OCT11DETARI-ARIKBOURNE17-15,2026_05_DET_ARI,00-0033307,15.0,,,,,,,,,,,,,UNAVAILABLE,INVALID_MODEL_INPUT: upstream model QC not PASS
KXNFLRECYDS-26OCT11DENLAC-DENTFRANKLIN11-70,2026_05_DEN_LAC,00-0039868,70.0,NFL-REC-RIDGE-NORMALSD-ISO-v1,2024-25-WALKFORWARD-ISO-v1,2026-10-07T23:44:40.917343+00:00,0.0388931591083781,0.9611068408916219,0.018251445861766382,21.151523411374235,23.358161397828415,WR,3,1.3333333333333333,,MODEL_AVAILABLE,INDEPENDENT_MODEL_RESEARCH_ONLY
KXNFLRECYDS-26OCT11DENLAC-DENTFRANKLIN11-60,2026_05_DEN_LAC,00-0039868,60.0,NFL-REC-RIDGE-NORMALSD-ISO-v1,2024-25-WALKFORWARD-ISO-v1,2026-10-07T23:44:40.917343+00:00,0.0610138248847926,0.9389861751152074,0.048139705407861555,21.151523411374235,23.358161397828415,WR,3,1.3333333333333333,,MODEL_AVAILABLE,INDEPENDENT_MODEL_RESEARCH_ONLY
KXNFLRECYDS-26OCT11DENLAC-DENTFRANKLIN11-50,2026_05_DEN_LAC,00-0039868,50.0,NFL-REC-RIDGE-NORMALSD-ISO-v1,2024-25-WALKFORWARD-ISO-v1,2026-10-07T23:44:40.917343+00:00,0.0905911157747464,0.9094088842252536,0.10840611256713906,21.151523411374235,23.358161397828415,WR,3,1.3333333333333333,,MODEL_AVAILABLE,INDEPENDENT_MODEL_RESEARCH_ONLY
KXNFLRECYDS-26OCT11DENLAC-DENTFRANKLIN11-40,2026_05_DEN_LAC,00-0039868,40.0,NFL-REC-RIDGE-NORMALSD-ISO-v1,2024-25-WALKFORWARD-ISO-v1,2026-10-07T23:44:40.917343+00:00,0.1647597254004576,0.8352402745995424,0.20985247674264745,21.151523411374235,23.358161397828415,WR,3,1.3333333333333333,,MODEL_AVAILABLE,INDEPENDENT_MODEL_RESEARCH_ONLY
KXNFLRECYDS-26OCT11DENLAC-DENTFRANKLIN11-25,2026_05_DEN_LAC,00-0039868,25.0,,,,,,,,,,,,,UNAVAILABLE,INVALID_MODEL_INPUT: upstream model QC not PASS
KXNFLRECYDS-26OCT11DENLAC-DENTFRANKLIN11-15,2026_05_DEN_LAC,00-0039868,15.0,,,,,,,,,,,,,UNAVAILABLE,INVALID_MODEL_INPUT: upstream model QC not PASS
KXNFLRECYDS-26OCT11DENLAC-DENRHARVEY12-80,2026_05_DEN_LAC,00-0040730,80.0,NFL-REC-RIDGE-NORMALSD-ISO-v1,2024-25-WALKFORWARD-ISO-v1,2026-10-07T23:44:40.917343+00:00,0.0533141210374639,0.9466858789625361,0.02684345340141463,34.933833469258005,23.358161397828415,RB,3,7.0,,MODEL_AVAILABLE,INDEPENDENT_MODEL_RESEARCH_ONLY
KXNFLRECYDS-26OCT11DENLAC-DENRHARVEY12-70,2026_05_DEN_LAC,00-0040730,70.0,NFL-REC-RIDGE-NORMALSD-ISO-v1,2024-25-WALKFORWARD-ISO-v1,2026-10-07T23:44:40.917343+00:00,0.0822189202575532,0.9177810797424468,0.06664696840347503,34.933833469258005,23.358161397828415,RB,3,7.0,,MODEL_AVAILABLE,INDEPENDENT_MODEL_RESEARCH_ONLY
KXNFLRECYDS-26OCT11DENLAC-DENRHARVEY12-60,2026_05_DEN_LAC,00-0040730,60.0,NFL-REC-RIDGE-NORMALSD-ISO-v1,2024-25-WALKFORWARD-ISO-v1,2026-10-07T23:44:40.917343+00:00,0.1176470588235294,0.8823529411764706,0.1416080979458925,34.933833469258005,23.358161397828415,RB,3,7.0,,MODEL_AVAILABLE,INDEPENDENT_MODEL_RESEARCH_ONLY
KXNFLRECYDS-26OCT11DENLAC-DENRHARVEY12-50,2026_05_DEN_LAC,00-0040730,50.0,NFL-REC-RIDGE-NORMALSD-ISO-v1,2024-25-WALKFORWARD-ISO-v1,2026-10-07T23:44:40.917343+00:00,0.2234782608695652,0.7765217391304348,0.25946147839308026,34.933833469258005,23.358161397828415,RB,3,7.0,,MODEL_AVAILABLE,INDEPENDENT_MODEL_RESEARCH_ONLY
KXNFLRECYDS-26OCT11DENLAC-DENRHARVEY12-40,2026_05_DEN_LAC,00-0040730,40.0,NFL-REC-RIDGE-NORMALSD-ISO-v1,2024-25-WALKFORWARD-ISO-v1,2026-10-07T23:44:40.917343+00:00,0.3602584814216478,0.6397415185783522,0.4141467868289734,34.933833469258005,23.358161397828415,RB,3,7.0,,MODEL_AVAILABLE,INDEPENDENT_MODEL_RESEARCH_ONLY
KXNFLRECYDS-26OCT11DENLAC-DENRHARVEY12-25,2026_05_DEN_LAC,00-0040730,25.0,,,,,,,,,,,,,UNAVAILABLE,INVALID_MODEL_INPUT: upstream model QC not PASS
KXNFLRECYDS-26OCT11DENLAC-DENRHARVEY12-15,2026_05_DEN_LAC,00-0040730,15.0,,,,,,,,,,,,,UNAVAILABLE,INVALID_MODEL_INPUT: upstream model QC not PASS
KXNFLRECYDS-26OCT11DENLAC-DENMMIMS19-60,2026_05_DEN_LAC,00-0038976,60.0,NFL-REC-RIDGE-NORMALSD-ISO-v1,2024-25-WALKFORWARD-ISO-v1,2026-10-07T23:44:40.917343+00:00,0.0572246065808297,0.9427753934191703,0.03479627102258874,17.61536467130984,23.358161397828415,WR,2,2.0,,MODEL_AVAILABLE,INDEPENDENT_MODEL_RESEARCH_ONLY
KXNFLRECYDS-26OCT11DENLAC-DENMMIMS19-50,2026_05_DEN_LAC,00-0038976,50.0,NFL-REC-RIDGE-NORMALSD-ISO-v1,2024-25-WALKFORWARD-ISO-v1,2026-10-07T23:44:40.917343+00:00,0.0865758754863813,0.9134241245136187,0.08280664722141906,17.61536467130984,23.358161397828415,WR,2,2.0,,MODEL_AVAILABLE,INDEPENDENT_MODEL_RESEARCH_ONLY
KXNFLRECYDS-26OCT11DENLAC-DENMMIMS19-40,2026_05_DEN_LAC,00-0038976,40.0,NFL-REC-RIDGE-NORMALSD-ISO-v1,2024-25-WALKFORWARD-ISO-v1,2026-10-07T23:44:40.917343+00:00,0.125,0.875,0.16895025659547813,17.61536467130984,23.358161397828415,WR,2,2.0,,MODEL_AVAILABLE,INDEPENDENT_MODEL_RESEARCH_ONLY
KXNFLRECYDS-26OCT11DENLAC-DENMMIMS19-25,2026_05_DEN_LAC,00-0038976,25.0,,,,,,,,,,,,,UNAVAILABLE,INVALID_MODEL_INPUT: upstream model QC not PASS
KXNFLRECYDS-26OCT11DENLAC-DENMMIMS19-15,2026_05_DEN_LAC,00-0038976,15.0,,,,,,,,,,,,,UNAVAILABLE,INVALID_MODEL_INPUT: upstream model QC not PASS
KXNFLRECYDS-26OCT11DENLAC-DENJWADDLE17-90,2026_05_DEN_LAC,00-0036613,90.0,NFL-REC-RIDGE-NORMALSD-ISO-v1,2024-25-WALKFORWARD-ISO-v1,2026-10-07T23:44:40.917343+00:00,0.0610138248847926,0.9389861751152074,0.05296434980008196,52.23530784268992,23.358161397828415,WR,4,7.666666666666667,HIGH_VOLUME_WR_MODEL_HISTORICALLY_CONSERVATIVE,MODEL_AVAILABLE,INDEPENDENT_MODEL_RESEARCH_ONLY
KXNFLRECYDS-26OCT11DENLAC-DENJWADDLE17-80,2026_05_DEN_LAC,00-0036613,80.0,NFL-REC-RIDGE-NORMALSD-ISO-v1,2024-25-WALKFORWARD-ISO-v1,2026-10-07T23:44:40.917343+00:00,0.0977596741344195,0.9022403258655805,0.11728859712969875,52.23530784268992,23.358161397828415,WR,4,7.666666666666667,HIGH_VOLUME_WR_MODEL_HISTORICALLY_CONSERVATIVE,MODEL_AVAILABLE,INDEPENDENT_MODEL_RESEARCH_ONLY
KXNFLRECYDS-26OCT11DENLAC-DENJWADDLE17-70,2026_05_DEN_LAC,00-0036613,70.0,NFL-REC-RIDGE-NORMALSD-ISO-v1,2024-25-WALKFORWARD-ISO-v1,2026-10-07T23:44:40.917343+00:00,0.171238570241064,0.828761429758936,0.22346751929328534,52.23530784268992,23.358161397828415,WR,4,7.666666666666667,HIGH_VOLUME_WR_MODEL_HISTORICALLY_CONSERVATIVE,MODEL_AVAILABLE,INDEPENDENT_MODEL_RESEARCH_ONLY
KXNFLRECYDS-26OCT11DENLAC-DENJWADDLE17-60,2026_05_DEN_LAC,00-0036613,60.0,NFL-REC-RIDGE-NORMALSD-ISO-v1,2024-25-WALKFORWARD-ISO-v1,2026-10-07T23:44:40.917343+00:00,0.3297045101088648,0.6702954898911352,0.36978651945349983,52.23530784268992,23.358161397828415,WR,4,7.666666666666667,HIGH_VOLUME_WR_MODEL_HISTORICALLY_CONSERVATIVE,MODEL_AVAILABLE,INDEPENDENT_MODEL_RESEARCH_ONLY
KXNFLRECYDS-26OCT11DENLAC-DENJWADDLE17-50,2026_05_DEN_LAC,00-0036613,50.0,NFL-REC-RIDGE-NORMALSD-ISO-v1,2024-25-WALKFORWARD-ISO-v1,2026-10-07T23:44:40.917343+00:00,0.4647377938517179,0.5352622061482821,0.5381194200067436,52.23530784268992,23.358161397828415,WR,4,7.666666666666667,HIGH_VOLUME_WR_MODEL_HISTORICALLY_CONSERVATIVE,MODEL_AVAILABLE,INDEPENDENT_MODEL_RESEARCH_ONLY
KXNFLRECYDS-26OCT11DENLAC-DENJWADDLE17-40,2026_05_DEN_LAC,00-0036613,40.0,NFL-REC-RIDGE-NORMALSD-ISO-v1,2024-25-WALKFORWARD-ISO-v1,2026-10-07T23:44:40.917343+00:00,0.5808823529411765,0.4191176470588235,0.6997956834907659,52.23530784268992,23.358161397828415,WR,4,7.666666666666667,HIGH_VOLUME_WR_MODEL_HISTORICALLY_CONSERVATIVE,MODEL_AVAILABLE,INDEPENDENT_MODEL_RESEARCH_ONLY
KXNFLRECYDS-26OCT11DENLAC-DENJWADDLE17-25,2026_05_DEN_LAC,00-0036613,25.0,,,,,,,,,,,,,UNAVAILABLE,INVALID_MODEL_INPUT: upstream model QC not PASS
KXNFLRECYDS-26OCT11DENLAC-DENJWADDLE17-120,2026_05_DEN_LAC,00-0036613,120.0,NFL-REC-RIDGE-NORMALSD-ISO-v1,2024-25-WALKFORWARD-ISO-v1,2026-10-07T23:44:40.917343+00:00,0.0179487179487179,0.9820512820512821,0.0018591920899140735,52.23530784268992,23.358161397828415,WR,4,7.666666666666667,HIGH_VOLUME_WR_MODEL_HISTORICALLY_CONSERVATIVE,MODEL_AVAILABLE,INDEPENDENT_MODEL_RESEARCH_ONLY
KXNFLRECYDS-26OCT11DENLAC-DENJWADDLE17-110,2026_05_DEN_LAC,00-0036613,110.0,NFL-REC-RIDGE-NORMALSD-ISO-v1,2024-25-WALKFORWARD-ISO-v1,2026-10-07T23:44:40.917343+00:00,0.0261011419249592,0.9738988580750408,0.006699240036334176,52.23530784268992,23.358161397828415,WR,4,7.666666666666667,HIGH_VOLUME_WR_MODEL_HISTORICALLY_CONSERVATIVE,MODEL_AVAILABLE,INDEPENDENT_MODEL_RESEARCH_ONLY
KXNFLRECYDS-26OCT11DENLAC-DENJWADDLE17-100,2026_05_DEN_LAC,00-0036613,100.0,NFL-REC-RIDGE-NORMALSD-ISO-v1,2024-25-WALKFORWARD-ISO-v1,2026-10-07T23:44:40.917343+00:00,0.0388931591083781,0.9611068408916219,0.020433228806676102,52.23530784268992,23.358161397828415,WR,4,7.666666666666667,HIGH_VOLUME_WR_MODEL_HISTORICALLY_CONSERVATIVE,MODEL_AVAILABLE,INDEPENDENT_MODEL_RESEARCH_ONLY
KXNFLRECYDS-26OCT11DENLAC-DENCSUTTON14-90,2026_05_DEN_LAC,00-0034348,90.0,NFL-REC-RIDGE-NORMALSD-ISO-v1,2024-25-WALKFORWARD-ISO-v1,2026-10-07T23:44:40.917343+00:00,0.0533141210374639,0.9466858789625361,0.028177361065383048,45.426030915506786,23.358161397828415,WR,4,5.666666666666667,,MODEL_AVAILABLE,INDEPENDENT_MODEL_RESEARCH_ONLY
KXNFLRECYDS-26OCT11DENLAC-DENCSUTTON14-80,2026_05_DEN_LAC,00-0034348,80.0,NFL-REC-RIDGE-NORMALSD-ISO-v1,2024-25-WALKFORWARD-ISO-v1,2026-10-07T23:44:40.917343+00:00,0.0822189202575532,0.9177810797424468,0.06941440291391572,45.426030915506786,23.358161397828415,WR,4,5.666666666666667,,MODEL_AVAILABLE,INDEPENDENT_MODEL_RESEARCH_ONLY
KXNFLRECYDS-26OCT11DENLAC-DENCSUTTON14-70,2026_05_DEN_LAC,00-0034348,70.0,NFL-REC-RIDGE-NORMALSD-ISO-v1,2024-25-WALKFORWARD-ISO-v1,2026-10-07T23:44:40.917343+00:00,0.1233243967828418,0.8766756032171582,0.14638815404886657,45.426030915506786,23.358161397828415,WR,4,5.666666666666667,,MODEL_AVAILABLE,INDEPENDENT_MODEL_RESEARCH_ONLY
KXNFLRECYDS-26OCT11DENLAC-DENCSUTTON14-60,2026_05_DEN_LAC,00-0034348,60.0,NFL-REC-RIDGE-NORMALSD-ISO-v1,2024-25-WALKFORWARD-ISO-v1,2026-10-07T23:44:40.917343+00:00,0.2234782608695652,0.7765217391304348,0.26633521192918147,45.426030915506786,23.358161397828415,WR,4,5.666666666666667,,MODEL_AVAILABLE,INDEPENDENT_MODEL_RESEARCH_ONLY
KXNFLRECYDS-26OCT11DENLAC-DENCSUTTON14-50,2026_05_DEN_LAC,00-0034348,50.0,NFL-REC-RIDGE-NORMALSD-ISO-v1,2024-25-WALKFORWARD-ISO-v1,2026-10-07T23:44:40.917343+00:00,0.3602584814216478,0.6397415185783522,0.42237596467268457,45.426030915506786,23.358161397828415,WR,4,5.666666666666667,,MODEL_AVAILABLE,INDEPENDENT_MODEL_RESEARCH_ONLY
KXNFLRECYDS-26OCT11DENLAC-DENCSUTTON14-40,2026_05_DEN_LAC,00-0034348,40.0,NFL-REC-RIDGE-NORMALSD-ISO-v1,2024-25-WALKFORWARD-ISO-v1,2026-10-07T23:44:40.917343+00:00,0.5065123010130245,0.49348769898697553,0.5918463304315081,45.426030915506786,23.358161397828415,WR,4,5.666666666666667,,MODEL_AVAILABLE,INDEPENDENT_MODEL_RESEARCH_ONLY
KXNFLRECYDS-26OCT11DENLAC-DENCSUTTON14-25,2026_05_DEN_LAC,00-0034348,25.0,,,,,,,,,,,,,UNAVAILABLE,INVALID_MODEL_INPUT: upstream model QC not PASS
KXNFLRECYDS-26OCT11DENLAC-DENCSUTTON14-15,2026_05_DEN_LAC,00-0034348,15.0,,,,,,,,,,,,,UNAVAILABLE,INVALID_MODEL_INPUT: upstream model QC not PASS
KXNFLRECYDS-26OCT11DENLAC-DENCSUTTON14-100,2026_05_DEN_LAC,00-0034348,100.0,NFL-REC-RIDGE-NORMALSD-ISO-v1,2024-25-WALKFORWARD-ISO-v1,2026-10-07T23:44:40.917343+00:00,0.0348432055749128,0.9651567944250872,0.009735245676552155,45.426030915506786,23.358161397828415,WR,4,5.666666666666667,,MODEL_AVAILABLE,INDEPENDENT_MODEL_RESEARCH_ONLY
KXNFLRECYDS-26OCT11BALATL-BALMANDREWS89-80,2026_05_BAL_ATL,00-0034753,80.0,NFL-REC-RIDGE-NORMALSD-ISO-v1,2024-25-WALKFORWARD-ISO-v1,2026-10-07T23:44:40.917343+00:00,0.0610138248847926,0.9389861751152074,0.057201233014867306,43.12422439598287,23.358161397828415,TE,4,6.0,,MODEL_AVAILABLE,INDEPENDENT_MODEL_RESEARCH_ONLY
KXNFLRECYDS-26OCT11BALATL-BALMANDREWS89-70,2026_05_BAL_ATL,00-0034753,70.0,NFL-REC-RIDGE-NORMALSD-ISO-v1,2024-25-WALKFORWARD-ISO-v1,2026-10-07T23:44:40.917343+00:00,0.102890739833415,0.897109260166585,0.12494951692453757,43.12422439598287,23.358161397828415,TE,4,6.0,,MODEL_AVAILABLE,INDEPENDENT_MODEL_RESEARCH_ONLY
KXNFLRECYDS-26OCT11BALATL-BALMANDREWS89-60,2026_05_BAL_ATL,00-0034753,60.0,NFL-REC-RIDGE-NORMALSD-ISO-v1,2024-25-WALKFORWARD-ISO-v1,2026-10-07T23:44:40.917343+00:00,0.1923076923076923,0.8076923076923077,0.2350000881122921,43.12422439598287,23.358161397828415,TE,4,6.0,,MODEL_AVAILABLE,INDEPENDENT_MODEL_RESEARCH_ONLY
KXNFLRECYDS-26OCT11BALATL-BALMANDREWS89-50,2026_05_BAL_ATL,00-0034753,50.0,NFL-REC-RIDGE-NORMALSD-ISO-v1,2024-25-WALKFORWARD-ISO-v1,2026-10-07T23:44:40.917343+00:00,0.3333333333333333,0.6666666666666667,0.38424031515371687,43.12422439598287,23.358161397828415,TE,4,6.0,,MODEL_AVAILABLE,INDEPENDENT_MODEL_RESEARCH_ONLY
KXNFLRECYDS-26OCT11BALATL-BALMANDREWS89-40,2026_05_BAL_ATL,00-0034753,40.0,NFL-REC-RIDGE-NORMALSD-ISO-v1,2024-25-WALKFORWARD-ISO-v1,2026-10-07T23:44:40.917343+00:00,0.4953703703703703,0.5046296296296298,0.5532010571154947,43.12422439598287,23.358161397828415,TE,4,6.0,,MODEL_AVAILABLE,INDEPENDENT_MODEL_RESEARCH_ONLY
KXNFLRECYDS-26OCT11BALATL-BALMANDREWS89-25,2026_05_BAL_ATL,00-0034753,25.0,,,,,,,,,,,,,UNAVAILABLE,INVALID_MODEL_INPUT: upstream model QC not PASS
KXNFLRECYDS-26OCT11BALATL-BALMANDREWS89-15,2026_05_BAL_ATL,00-0034753,15.0,,,,,,,,,,,,,UNAVAILABLE,INVALID_MODEL_INPUT: upstream model QC not PASS
KXNFLRECYDS-26OCT11HOUTEN-TENWROBINSON4-90,2026_05_HOU_TEN,00-0038117,90.0,NFL-REC-RIDGE-NORMALSD-ISO-v1,2024-25-WALKFORWARD-ISO-v1,2026-10-07T23:44:40.917343+00:00,0.0388931591083781,0.9611068408916219,0.023188360095802652,43.471747875166386,23.358161397828415,WR,4,5.666666666666667,,MODEL_AVAILABLE,INDEPENDENT_MODEL_RESEARCH_ONLY
KXNFLRECYDS-26OCT11HOUTEN-TENWROBINSON4-80,2026_05_HOU_TEN,00-0038117,80.0,NFL-REC-RIDGE-NORMALSD-ISO-v1,2024-25-WALKFORWARD-ISO-v1,2026-10-07T23:44:40.917343+00:00,0.0610138248847926,0.9389861751152074,0.05892845390338272,43.471747875166386,23.358161397828415,WR,4,5.666666666666667,,MODEL_AVAILABLE,INDEPENDENT_MODEL_RESEARCH_ONLY
KXNFLRECYDS-26OCT11HOUTEN-TENWROBINSON4-70,2026_05_HOU_TEN,00-0038117,70.0,NFL-REC-RIDGE-NORMALSD-ISO-v1,2024-25-WALKFORWARD-ISO-v1,2026-10-07T23:44:40.917343+00:00,0.102890739833415,0.897109260166585,0.12803759116268443,43.471747875166386,23.358161397828415,WR,4,5.666666666666667,,MODEL_AVAILABLE,INDEPENDENT_MODEL_RESEARCH_ONLY
KXNFLRECYDS-26OCT11HOUTEN-TENWROBINSON4-60,2026_05_HOU_TEN,00-0038117,60.0,NFL-REC-RIDGE-NORMALSD-ISO-v1,2024-25-WALKFORWARD-ISO-v1,2026-10-07T23:44:40.917343+00:00,0.1923076923076923,0.8076923076923077,0.23959661879271973,43.471747875166386,23.358161397828415,WR,4,5.666666666666667,,MODEL_AVAILABLE,INDEPENDENT_MODEL_RESEARCH_ONLY
KXNFLRECYDS-26OCT11HOUTEN-TENWROBINSON4-50,2026_05_HOU_TEN,00-0038117,50.0,NFL-REC-RIDGE-NORMALSD-ISO-v1,2024-25-WALKFORWARD-ISO-v1,2026-10-07T23:44:40.917343+00:00,0.36,0.64,0.38993638327179947,43.471747875166386,23.358161397828415,WR,4,5.666666666666667,,MODEL_AVAILABLE,INDEPENDENT_MODEL_RESEARCH_ONLY
KXNFLRECYDS-26OCT11HOUTEN-TENWROBINSON4-40,2026_05_HOU_TEN,00-0038117,40.0,NFL-REC-RIDGE-NORMALSD-ISO-v1,2024-25-WALKFORWARD-ISO-v1,2026-10-07T23:44:40.917343+00:00,0.4953703703703703,0.5046296296296298,0.5590776115788822,43.471747875166386,23.358161397828415,WR,4,5.666666666666667,,MODEL_AVAILABLE,INDEPENDENT_MODEL_RESEARCH_ONLY
KXNFLRECYDS-26OCT11HOUTEN-TENWROBINSON4-25,2026_05_HOU_TEN,00-0038117,25.0,,,,,,,,,,,,,UNAVAILABLE,INVALID_MODEL_INPUT: upstream model QC not PASS
KXNFLRECYDS-26OCT11HOUTEN-TENWROBINSON4-15,2026_05_HOU_TEN,00-0038117,15.0,,,,,,,,,,,,,UNAVAILABLE,INVALID_MODEL_INPUT: upstream model QC not PASS
KXNFLRECYDS-26OCT11HOUTEN-TENCTATE14-90,2026_05_HOU_TEN,00-0041438,90.0,NFL-REC-RIDGE-NORMALSD-ISO-v1,2024-25-WALKFORWARD-ISO-v1,2026-10-07T23:44:40.917343+00:00,0.171238570241064,0.828761429758936,0.22791811282175348,72.58133837725504,23.358161397828415,WR,4,8.666666666666666,HIGH_VOLUME_WR_MODEL_HISTORICALLY_CONSERVATIVE,MODEL_AVAILABLE,INDEPENDENT_MODEL_RESEARCH_ONLY
KXNFLRECYDS-26OCT11HOUTEN-TENCTATE14-80,2026_05_HOU_TEN,00-0041438,80.0,NFL-REC-RIDGE-NORMALSD-ISO-v1,2024-25-WALKFORWARD-ISO-v1,2026-10-07T23:44:40.917343+00:00,0.3297045101088648,0.6702954898911352,0.3753924078457529,72.58133837725504,23.358161397828415,WR,4,8.666666666666666,HIGH_VOLUME_WR_MODEL_HISTORICALLY_CONSERVATIVE,MODEL_AVAILABLE,INDEPENDENT_MODEL_RESEARCH_ONLY
KXNFLRECYDS-26OCT11HOUTEN-TENCTATE14-70,2026_05_HOU_TEN,00-0041438,70.0,NFL-REC-RIDGE-NORMALSD-ISO-v1,2024-25-WALKFORWARD-ISO-v1,2026-10-07T23:44:40.917343+00:00,0.4647377938517179,0.5352622061482821,0.5439980148553404,72.58133837725504,23.358161397828415,WR,4,8.666666666666666,HIGH_VOLUME_WR_MODEL_HISTORICALLY_CONSERVATIVE,MODEL_AVAILABLE,INDEPENDENT_MODEL_RESEARCH_ONLY
KXNFLRECYDS-26OCT11HOUTEN-TENCTATE14-60,2026_05_HOU_TEN,00-0041438,60.0,NFL-REC-RIDGE-NORMALSD-ISO-v1,2024-25-WALKFORWARD-ISO-v1,2026-10-07T23:44:40.917343+00:00,0.6176470588235294,0.38235294117647056,0.7049279024883124,72.58133837725504,23.358161397828415,WR,4,8.666666666666666,HIGH_VOLUME_WR_MODEL_HISTORICALLY_CONSERVATIVE,MODEL_AVAILABLE,INDEPENDENT_MODEL_RESEARCH_ONLY
KXNFLRECYDS-26OCT11HOUTEN-TENCTATE14-50,2026_05_HOU_TEN,00-0041438,50.0,NFL-REC-RIDGE-NORMALSD-ISO-v1,2024-25-WALKFORWARD-ISO-v1,2026-10-07T23:44:40.917343+00:00,0.7243589743589742,0.27564102564102577,0.8331637303823756,72.58133837725504,23.358161397828415,WR,4,8.666666666666666,HIGH_VOLUME_WR_MODEL_HISTORICALLY_CONSERVATIVE,MODEL_AVAILABLE,INDEPENDENT_MODEL_RESEARCH_ONLY
KXNFLRECYDS-26OCT11HOUTEN-TENCTATE14-40,2026_05_HOU_TEN,00-0041438,40.0,NFL-REC-RIDGE-NORMALSD-ISO-v1,2024-25-WALKFORWARD-ISO-v1,2026-10-07T23:44:40.917343+00:00,0.8068181818181815,0.19318181818181845,0.9184707973965865,72.58133837725504,23.358161397828415,WR,4,8.666666666666666,HIGH_VOLUME_WR_MODEL_HISTORICALLY_CONSERVATIVE,MODEL_AVAILABLE,INDEPENDENT_MODEL_RESEARCH_ONLY
KXNFLRECYDS-26OCT11HOUTEN-TENCTATE14-25,2026_05_HOU_TEN,00-0041438,25.0,,,,,,,,,,,,,UNAVAILABLE,INVALID_MODEL_INPUT: upstream model QC not PASS
KXNFLRECYDS-26OCT11HOUTEN-TENCTATE14-120,2026_05_HOU_TEN,00-0041438,120.0,NFL-REC-RIDGE-NORMALSD-ISO-v1,2024-25-WALKFORWARD-ISO-v1,2026-10-07T23:44:40.917343+00:00,0.0388931591083781,0.9611068408916219,0.021174801607156832,72.58133837725504,23.358161397828415,WR,4,8.666666666666666,HIGH_VOLUME_WR_MODEL_HISTORICALLY_CONSERVATIVE,MODEL_AVAILABLE,INDEPENDENT_MODEL_RESEARCH_ONLY
KXNFLRECYDS-26OCT11HOUTEN-TENCTATE14-110,2026_05_HOU_TEN,00-0041438,110.0,NFL-REC-RIDGE-NORMALSD-ISO-v1,2024-25-WALKFORWARD-ISO-v1,2026-10-07T23:44:40.917343+00:00,0.0610138248847926,0.9389861751152074,0.054583073050418596,72.58133837725504,23.358161397828415,WR,4,8.666666666666666,HIGH_VOLUME_WR_MODEL_HISTORICALLY_CONSERVATIVE,MODEL_AVAILABLE,INDEPENDENT_MODEL_RESEARCH_ONLY
KXNFLRECYDS-26OCT11HOUTEN-TENCTATE14-100,2026_05_HOU_TEN,00-0041438,100.0,NFL-REC-RIDGE-NORMALSD-ISO-v1,2024-25-WALKFORWARD-ISO-v1,2026-10-07T23:44:40.917343+00:00,0.0977596741344195,0.9022403258655805,0.12023026735431461,72.58133837725504,23.358161397828415,WR,4,8.666666666666666,HIGH_VOLUME_WR_MODEL_HISTORICALLY_CONSERVATIVE,MODEL_AVAILABLE,INDEPENDENT_MODEL_RESEARCH_ONLY
KXNFLRECYDS-26OCT11HOUTEN-HOUNCOLLINS12-90,2026_05_HOU_TEN,00-0036554,90.0,NFL-REC-RIDGE-NORMALSD-ISO-v1,2024-25-WALKFORWARD-ISO-v1,2026-10-07T23:44:40.917343+00:00,0.125,0.875,0.15672931271977814,66.45517587404788,23.358161397828415,WR,2,7.333333333333333,HIGH_VOLUME_WR_MODEL_HISTORICALLY_CONSERVATIVE,MODEL_AVAILABLE,INDEPENDENT_MODEL_RESEARCH_ONLY
KXNFLRECYDS-26OCT11HOUTEN-HOUNCOLLINS12-80,2026_05_HOU_TEN,00-0036554,80.0,NFL-REC-RIDGE-NORMALSD-ISO-v1,2024-25-WALKFORWARD-ISO-v1,2026-10-07T23:44:40.917343+00:00,0.2427184466019417,0.7572815533980584,0.2809993094368686,66.45517587404788,23.358161397828415,WR,2,7.333333333333333,HIGH_VOLUME_WR_MODEL_HISTORICALLY_CONSERVATIVE,MODEL_AVAILABLE,INDEPENDENT_MODEL_RESEARCH_ONLY
KXNFLRECYDS-26OCT11HOUTEN-HOUNCOLLINS12-70,2026_05_HOU_TEN,00-0036554,70.0,NFL-REC-RIDGE-NORMALSD-ISO-v1,2024-25-WALKFORWARD-ISO-v1,2026-10-07T23:44:40.917343+00:00,0.3602584814216478,0.6397415185783522,0.4396882924014005,66.45517587404788,23.358161397828415,WR,2,7.333333333333333,HIGH_VOLUME_WR_MODEL_HISTORICALLY_CONSERVATIVE,MODEL_AVAILABLE,INDEPENDENT_MODEL_RESEARCH_ONLY
KXNFLRECYDS-26OCT11HOUTEN-HOUNCOLLINS12-60,2026_05_HOU_TEN,00-0036554,60.0,NFL-REC-RIDGE-NORMALSD-ISO-v1,2024-25-WALKFORWARD-ISO-v1,2026-10-07T23:44:40.917343+00:00,0.5065123010130245,0.49348769898697553,0.6088628045500106,66.45517587404788,23.358161397828415,WR,2,7.333333333333333,HIGH_VOLUME_WR_MODEL_HISTORICALLY_CONSERVATIVE,MODEL_AVAILABLE,INDEPENDENT_MODEL_RESEARCH_ONLY
KXNFLRECYDS-26OCT11HOUTEN-HOUNCOLLINS12-50,2026_05_HOU_TEN,00-0036554,50.0,NFL-REC-RIDGE-NORMALSD-ISO-v1,2024-25-WALKFORWARD-ISO-v1,2026-10-07T23:44:40.917343+00:00,0.6394557823129252,0.3605442176870748,0.7594306286244425,66.45517587404788,23.358161397828415,WR,2,7.333333333333333,HIGH_VOLUME_WR_MODEL_HISTORICALLY_CONSERVATIVE,MODEL_AVAILABLE,INDEPENDENT_MODEL_RESEARCH_ONLY
KXNFLRECYDS-26OCT11HOUTEN-HOUNCOLLINS12-40,2026_05_HOU_TEN,00-0036554,40.0,NFL-REC-RIDGE-NORMALSD-ISO-v1,2024-25-WALKFORWARD-ISO-v1,2026-10-07T23:44:40.917343+00:00,0.7670454545454546,0.23295454545454541,0.8713063679938631,66.45517587404788,23.358161397828415,WR,2,7.333333333333333,HIGH_VOLUME_WR_MODEL_HISTORICALLY_CONSERVATIVE,MODEL_AVAILABLE,INDEPENDENT_MODEL_RESEARCH_ONLY
KXNFLRECYDS-26OCT11HOUTEN-HOUNCOLLINS12-170,2026_05_HOU_TEN,00-0036554,170.0,,,,,,,,,,,,,UNAVAILABLE,INVALID_MODEL_INPUT: upstream model QC not PASS
KXNFLRECYDS-26OCT11HOUTEN-HOUNCOLLINS12-160,2026_05_HOU_TEN,00-0036554,160.0,,,,,,,,,,,,,UNAVAILABLE,INVALID_MODEL_INPUT: upstream model QC not PASS
KXNFLRECYDS-26OCT11HOUTEN-HOUNCOLLINS12-150,2026_05_HOU_TEN,00-0036554,150.0,NFL-REC-RIDGE-NORMALSD-ISO-v1,2024-25-WALKFORWARD-ISO-v1,2026-10-07T23:44:40.917343+00:00,0.0078340345277818,0.9921659654722182,0.00017398843736455703,66.45517587404788,23.358161397828415,WR,2,7.333333333333333,HIGH_VOLUME_WR_MODEL_HISTORICALLY_CONSERVATIVE,MODEL_AVAILABLE,INDEPENDENT_MODEL_RESEARCH_ONLY
KXNFLRECYDS-26OCT11HOUTEN-HOUNCOLLINS12-140,2026_05_HOU_TEN,00-0036554,140.0,NFL-REC-RIDGE-NORMALSD-ISO-v1,2024-25-WALKFORWARD-ISO-v1,2026-10-07T23:44:40.917343+00:00,0.0133852140077821,0.9866147859922179,0.0008203549638310476,66.45517587404788,23.358161397828415,WR,2,7.333333333333333,HIGH_VOLUME_WR_MODEL_HISTORICALLY_CONSERVATIVE,MODEL_AVAILABLE,INDEPENDENT_MODEL_RESEARCH_ONLY
KXNFLRECYDS-26OCT11HOUTEN-HOUNCOLLINS12-130,2026_05_HOU_TEN,00-0036554,130.0,NFL-REC-RIDGE-NORMALSD-ISO-v1,2024-25-WALKFORWARD-ISO-v1,2026-10-07T23:44:40.917343+00:00,0.022858884486437,0.977141115513563,0.0032596084177067305,66.45517587404788,23.358161397828415,WR,2,7.333333333333333,HIGH_VOLUME_WR_MODEL_HISTORICALLY_CONSERVATIVE,MODEL_AVAILABLE,INDEPENDENT_MODEL_RESEARCH_ONLY
KXNFLRECYDS-26OCT11HOUTEN-HOUNCOLLINS12-120,2026_05_HOU_TEN,00-0036554,120.0,NFL-REC-RIDGE-NORMALSD-ISO-v1,2024-25-WALKFORWARD-ISO-v1,2026-10-07T23:44:40.917343+00:00,0.0360138135175135,0.9639861864824865,0.010943044771751568,66.45517587404788,23.358161397828415,WR,2,7.333333333333333,HIGH_VOLUME_WR_MODEL_HISTORICALLY_CONSERVATIVE,MODEL_AVAILABLE,INDEPENDENT_MODEL_RESEARCH_ONLY
KXNFLRECYDS-26OCT11HOUTEN-HOUNCOLLINS12-110,2026_05_HOU_TEN,00-0036554,110.0,NFL-REC-RIDGE-NORMALSD-ISO-v1,2024-25-WALKFORWARD-ISO-v1,2026-10-07T23:44:40.917343+00:00,0.0533141210374639,0.9466858789625361,0.03114519012872727,66.45517587404788,23.358161397828415,WR,2,7.333333333333333,HIGH_VOLUME_WR_MODEL_HISTORICALLY_CONSERVATIVE,MODEL_AVAILABLE,INDEPENDENT_MODEL_RESEARCH_ONLY
KXNFLRECYDS-26OCT11HOUTEN-HOUNCOLLINS12-100,2026_05_HOU_TEN,00-0036554,100.0,NFL-REC-RIDGE-NORMALSD-ISO-v1,2024-25-WALKFORWARD-ISO-v1,2026-10-07T23:44:40.917343+00:00,0.0822189202575532,0.9177810797424468,0.0754859176046126,66.45517587404788,23.358161397828415,WR,2,7.333333333333333,HIGH_VOLUME_WR_MODEL_HISTORICALLY_CONSERVATIVE,MODEL_AVAILABLE,INDEPENDENT_MODEL_RESEARCH_ONLY
KXNFLRECYDS-26OCT11BALATL-BALZFLOWERS4-90,2026_05_BAL_ATL,00-0039064,90.0,NFL-REC-RIDGE-NORMALSD-ISO-v1,2024-25-WALKFORWARD-ISO-v1,2026-10-07T23:44:40.917343+00:00,0.1986754966887417,0.8013245033112583,0.24097315611086723,73.57511043291461,23.358161397828415,WR,3,7.333333333333333,HIGH_VOLUME_WR_MODEL_HISTORICALLY_CONSERVATIVE,MODEL_AVAILABLE,INDEPENDENT_MODEL_RESEARCH_ONLY
KXNFLRECYDS-26OCT11BALATL-BALZFLOWERS4-80,2026_05_BAL_ATL,00-0039064,80.0,NFL-REC-RIDGE-NORMALSD-ISO-v1,2024-25-WALKFORWARD-ISO-v1,2026-10-07T23:44:40.917343+00:00,0.36,0.64,0.39163517472954396,73.57511043291461,23.358161397828415,WR,3,7.333333333333333,HIGH_VOLUME_WR_MODEL_HISTORICALLY_CONSERVATIVE,MODEL_AVAILABLE,INDEPENDENT_MODEL_RESEARCH_ONLY
KXNFLRECYDS-26OCT11BALATL-BALZFLOWERS4-70,2026_05_BAL_ATL,00-0039064,70.0,NFL-REC-RIDGE-NORMALSD-ISO-v1,2024-25-WALKFORWARD-ISO-v1,2026-10-07T23:44:40.917343+00:00,0.4953703703703703,0.5046296296296298,0.5608230052187458,73.57511043291461,23.358161397828415,WR,3,7.333333333333333,HIGH_VOLUME_WR_MODEL_HISTORICALLY_CONSERVATIVE,MODEL_AVAILABLE,INDEPENDENT_MODEL_RESEARCH_ONLY
KXNFLRECYDS-26OCT11BALATL-BALZFLOWERS4-60,2026_05_BAL_ATL,00-0039064,60.0,NFL-REC-RIDGE-NORMALSD-ISO-v1,2024-25-WALKFORWARD-ISO-v1,2026-10-07T23:44:40.917343+00:00,0.6176470588235294,0.38235294117647056,0.7194377468714253,73.57511043291461,23.358161397828415,WR,3,7.333333333333333,HIGH_VOLUME_WR_MODEL_HISTORICALLY_CONSERVATIVE,MODEL_AVAILABLE,INDEPENDENT_MODEL_RESEARCH_ONLY
KXNFLRECYDS-26OCT11BALATL-BALZFLOWERS4-50,2026_05_BAL_ATL,00-0039064,50.0,NFL-REC-RIDGE-NORMALSD-ISO-v1,2024-25-WALKFORWARD-ISO-v1,2026-10-07T23:44:40.917343+00:00,0.7272727272727273,0.2727272727272727,0.8435817171781379,73.57511043291461,23.358161397828415,WR,3,7.333333333333333,HIGH_VOLUME_WR_MODEL_HISTORICALLY_CONSERVATIVE,MODEL_AVAILABLE,INDEPENDENT_MODEL_RESEARCH_ONLY
KXNFLRECYDS-26OCT11BALATL-BALZFLOWERS4-40,2026_05_BAL_ATL,00-0039064,40.0,NFL-REC-RIDGE-NORMALSD-ISO-v1,2024-25-WALKFORWARD-ISO-v1,2026-10-07T23:44:40.917343+00:00,0.8068181818181815,0.19318181818181845,0.9246983580682353,73.57511043291461,23.358161397828415,WR,3,7.333333333333333,HIGH_VOLUME_WR_MODEL_HISTORICALLY_CONSERVATIVE,MODEL_AVAILABLE,INDEPENDENT_MODEL_RESEARCH_ONLY
KXNFLRECYDS-26OCT11BALATL-BALZFLOWERS4-150,2026_05_BAL_ATL,00-0039064,150.0,NFL-REC-RIDGE-NORMALSD-ISO-v1,2024-25-WALKFORWARD-ISO-v1,2026-10-07T23:44:40.917343+00:00,0.012386850881372,0.987613149118628,0.0005341916655053136,73.57511043291461,23.358161397828415,WR,3,7.333333333333333,HIGH_VOLUME_WR_MODEL_HISTORICALLY_CONSERVATIVE,MODEL_AVAILABLE,INDEPENDENT_MODEL_RESEARCH_ONLY
KXNFLRECYDS-26OCT11BALATL-BALZFLOWERS4-140,2026_05_BAL_ATL,00-0039064,140.0,NFL-REC-RIDGE-NORMALSD-ISO-v1,2024-25-WALKFORWARD-ISO-v1,2026-10-07T23:44:40.917343+00:00,0.0179487179487179,0.9820512820512821,0.0022292654408496977,73.57511043291461,23.358161397828415,WR,3,7.333333333333333,HIGH_VOLUME_WR_MODEL_HISTORICALLY_CONSERVATIVE,MODEL_AVAILABLE,INDEPENDENT_MODEL_RESEARCH_ONLY
KXNFLRECYDS-26OCT11BALATL-BALZFLOWERS4-130,2026_05_BAL_ATL,00-0039064,130.0,NFL-REC-RIDGE-NORMALSD-ISO-v1,2024-25-WALKFORWARD-ISO-v1,2026-10-07T23:44:40.917343+00:00,0.0261011419249592,0.9738988580750408,0.007853809314086678,73.57511043291461,23.358161397828415,WR,3,7.333333333333333,HIGH_VOLUME_WR_MODEL_HISTORICALLY_CONSERVATIVE,MODEL_AVAILABLE,INDEPENDENT_MODEL_RESEARCH_ONLY
KXNFLRECYDS-26OCT11BALATL-BALZFLOWERS4-120,2026_05_BAL_ATL,00-0039064,120.0,NFL-REC-RIDGE-NORMALSD-ISO-v1,2024-25-WALKFORWARD-ISO-v1,2026-10-07T23:44:40.917343+00:00,0.0388931591083781,0.9611068408916219,0.023432219328947707,73.57511043291461,23.358161397828415,WR,3,7.333333333333333,HIGH_VOLUME_WR_MODEL_HISTORICALLY_CONSERVATIVE,MODEL_AVAILABLE,INDEPENDENT_MODEL_RESEARCH_ONLY
KXNFLRECYDS-26OCT11BALATL-BALZFLOWERS4-110,2026_05_BAL_ATL,00-0039064,110.0,NFL-REC-RIDGE-NORMALSD-ISO-v1,2024-25-WALKFORWARD-ISO-v1,2026-10-07T23:44:40.917343+00:00,0.0610138248847926,0.9389861751152074,0.0594499938248997,73.57511043291461,23.358161397828415,WR,3,7.333333333333333,HIGH_VOLUME_WR_MODEL_HISTORICALLY_CONSERVATIVE,MODEL_AVAILABLE,INDEPENDENT_MODEL_RESEARCH_ONLY
KXNFLRECYDS-26OCT11BALATL-BALZFLOWERS4-100,2026_05_BAL_ATL,00-0039064,100.0,NFL-REC-RIDGE-NORMALSD-ISO-v1,2024-25-WALKFORWARD-ISO-v1,2026-10-07T23:44:40.917343+00:00,0.102890739833415,0.897109260166585,0.12896620928027783,73.57511043291461,23.358161397828415,WR,3,7.333333333333333,HIGH_VOLUME_WR_MODEL_HISTORICALLY_CONSERVATIVE,MODEL_AVAILABLE,INDEPENDENT_MODEL_RESEARCH_ONLY
KXNFLRECYDS-26OCT11BALATL-ATLKPITTS8-80,2026_05_BAL_ATL,,,,,,,,,,,,,,,UNAVAILABLE,MARKET_MAPPING_MISSING_OR_AMBIGUOUS
KXNFLRECYDS-26OCT11BALATL-ATLKPITTS8-70,2026_05_BAL_ATL,,,,,,,,,,,,,,,UNAVAILABLE,MARKET_MAPPING_MISSING_OR_AMBIGUOUS
KXNFLRECYDS-26OCT11BALATL-ATLKPITTS8-60,2026_05_BAL_ATL,,,,,,,,,,,,,,,UNAVAILABLE,MARKET_MAPPING_MISSING_OR_AMBIGUOUS
KXNFLRECYDS-26OCT11BALATL-ATLKPITTS8-50,2026_05_BAL_ATL,,,,,,,,,,,,,,,UNAVAILABLE,MARKET_MAPPING_MISSING_OR_AMBIGUOUS
KXNFLRECYDS-26OCT11BALATL-ATLKPITTS8-40,2026_05_BAL_ATL,,,,,,,,,,,,,,,UNAVAILABLE,MARKET_MAPPING_MISSING_OR_AMBIGUOUS
KXNFLRECYDS-26OCT11BALATL-ATLKPITTS8-25,2026_05_BAL_ATL,,,,,,,,,,,,,,,UNAVAILABLE,MARKET_MAPPING_MISSING_OR_AMBIGUOUS
KXNFLRECYDS-26OCT11BALATL-ATLKPITTS8-15,2026_05_BAL_ATL,,,,,,,,,,,,,,,UNAVAILABLE,MARKET_MAPPING_MISSING_OR_AMBIGUOUS
KXNFLRECYDS-26OCT11BALATL-ATLJDOTSON4-70,2026_05_BAL_ATL,00-0037741,70.0,NFL-REC-RIDGE-NORMALSD-ISO-v1,2024-25-WALKFORWARD-ISO-v1,2026-10-07T23:44:40.917343+00:00,0.0822189202575532,0.9177810797424468,0.07390681523577225,36.19379235954705,23.358161397828415,WR,4,3.3333333333333335,,MODEL_AVAILABLE,INDEPENDENT_MODEL_RESEARCH_ONLY
KXNFLRECYDS-26OCT11BALATL-ATLJDOTSON4-60,2026_05_BAL_ATL,00-0037741,60.0,NFL-REC-RIDGE-NORMALSD-ISO-v1,2024-25-WALKFORWARD-ISO-v1,2026-10-07T23:44:40.917343+00:00,0.125,0.875,0.15405838693166246,36.19379235954705,23.358161397828415,WR,4,3.3333333333333335,,MODEL_AVAILABLE,INDEPENDENT_MODEL_RESEARCH_ONLY
KXNFLRECYDS-26OCT11BALATL-ATLJDOTSON4-50,2026_05_BAL_ATL,00-0037741,50.0,NFL-REC-RIDGE-NORMALSD-ISO-v1,2024-25-WALKFORWARD-ISO-v1,2026-10-07T23:44:40.917343+00:00,0.2416666666666666,0.7583333333333334,0.2772382058044626,36.19379235954705,23.358161397828415,WR,4,3.3333333333333335,,MODEL_AVAILABLE,INDEPENDENT_MODEL_RESEARCH_ONLY
KXNFLRECYDS-26OCT11BALATL-ATLJDOTSON4-40,2026_05_BAL_ATL,00-0037741,40.0,NFL-REC-RIDGE-NORMALSD-ISO-v1,2024-25-WALKFORWARD-ISO-v1,2026-10-07T23:44:40.917343+00:00,0.3602584814216478,0.6397415185783522,0.4352789815087232,36.19379235954705,23.358161397828415,WR,4,3.3333333333333335,,MODEL_AVAILABLE,INDEPENDENT_MODEL_RESEARCH_ONLY
KXNFLRECYDS-26OCT11BALATL-ATLJDOTSON4-25,2026_05_BAL_ATL,00-0037741,25.0,,,,,,,,,,,,,UNAVAILABLE,INVALID_MODEL_INPUT: upstream model QC not PASS
KXNFLRECYDS-26OCT11BALATL-ATLJDOTSON4-20,2026_05_BAL_ATL,00-0037741,20.0,,,,,,,,,,,,,UNAVAILABLE,INVALID_MODEL_INPUT: upstream model QC not PASS
KXNFLRECYDS-26OCT11BALATL-ATLJDOTSON4-15,2026_05_BAL_ATL,00-0037741,15.0,,,,,,,,,,,,,UNAVAILABLE,INVALID_MODEL_INPUT: upstream model QC not PASS
KXNFLRECYDS-26OCT11BALATL-ATLDLONDON5-90,2026_05_BAL_ATL,00-0037238,90.0,NFL-REC-RIDGE-NORMALSD-ISO-v1,2024-25-WALKFORWARD-ISO-v1,2026-10-07T23:44:40.917343+00:00,0.1647597254004576,0.8352402745995424,0.19518711794687504,69.93676694480953,23.358161397828415,WR,4,7.0,HIGH_VOLUME_WR_MODEL_HISTORICALLY_CONSERVATIVE,MODEL_AVAILABLE,INDEPENDENT_MODEL_RESEARCH_ONLY
KXNFLRECYDS-26OCT11BALATL-ATLDLONDON5-80,2026_05_BAL_ATL,00-0037238,80.0,NFL-REC-RIDGE-NORMALSD-ISO-v1,2024-25-WALKFORWARD-ISO-v1,2026-10-07T23:44:40.917343+00:00,0.2838235294117647,0.7161764705882353,0.3332985390502894,69.93676694480953,23.358161397828415,WR,4,7.0,HIGH_VOLUME_WR_MODEL_HISTORICALLY_CONSERVATIVE,MODEL_AVAILABLE,INDEPENDENT_MODEL_RESEARCH_ONLY
KXNFLRECYDS-26OCT11BALATL-ATLDLONDON5-70,2026_05_BAL_ATL,00-0037238,70.0,NFL-REC-RIDGE-NORMALSD-ISO-v1,2024-25-WALKFORWARD-ISO-v1,2026-10-07T23:44:40.917343+00:00,0.4221732745961821,0.5778267254038179,0.4989200216578163,69.93676694480953,23.358161397828415,WR,4,7.0,HIGH_VOLUME_WR_MODEL_HISTORICALLY_CONSERVATIVE,MODEL_AVAILABLE,INDEPENDENT_MODEL_RESEARCH_ONLY
KXNFLRECYDS-26OCT11BALATL-ATLDLONDON5-60,2026_05_BAL_ATL,00-0037238,60.0,NFL-REC-RIDGE-NORMALSD-ISO-v1,2024-25-WALKFORWARD-ISO-v1,2026-10-07T23:44:40.917343+00:00,0.5654101995565411,0.43458980044345885,0.6647306466938373,69.93676694480953,23.358161397828415,WR,4,7.0,HIGH_VOLUME_WR_MODEL_HISTORICALLY_CONSERVATIVE,MODEL_AVAILABLE,INDEPENDENT_MODEL_RESEARCH_ONLY
KXNFLRECYDS-26OCT11BALATL-ATLDLONDON5-50,2026_05_BAL_ATL,00-0037238,50.0,NFL-REC-RIDGE-NORMALSD-ISO-v1,2024-25-WALKFORWARD-ISO-v1,2026-10-07T23:44:40.917343+00:00,0.6842105263157895,0.3157894736842105,0.8033157929318018,69.93676694480953,23.358161397828415,WR,4,7.0,HIGH_VOLUME_WR_MODEL_HISTORICALLY_CONSERVATIVE,MODEL_AVAILABLE,INDEPENDENT_MODEL_RESEARCH_ONLY
KXNFLRECYDS-26OCT11BALATL-ATLDLONDON5-40,2026_05_BAL_ATL,00-0037238,40.0,NFL-REC-RIDGE-NORMALSD-ISO-v1,2024-25-WALKFORWARD-ISO-v1,2026-10-07T23:44:40.917343+00:00,0.7681159420289855,0.23188405797101452,0.9000156166639175,69.93676694480953,23.358161397828415,WR,4,7.0,HIGH_VOLUME_WR_MODEL_HISTORICALLY_CONSERVATIVE,MODEL_AVAILABLE,INDEPENDENT_MODEL_RESEARCH_ONLY
KXNFLRECYDS-26OCT11BALATL-ATLDLONDON5-170,2026_05_BAL_ATL,00-0037238,170.0,,,,,,,,,,,,,UNAVAILABLE,INVALID_MODEL_INPUT: upstream model QC not PASS
KXNFLRECYDS-26OCT11BALATL-ATLDLONDON5-160,2026_05_BAL_ATL,00-0037238,160.0,,,,,,,,,,,,,UNAVAILABLE,INVALID_MODEL_INPUT: upstream model QC not PASS
KXNFLRECYDS-26OCT11BALATL-ATLDLONDON5-150,2026_05_BAL_ATL,00-0037238,150.0,NFL-REC-RIDGE-NORMALSD-ISO-v1,2024-25-WALKFORWARD-ISO-v1,2026-10-07T23:44:40.917343+00:00,0.0078340345277818,0.9921659654722182,0.00030443263072039485,69.93676694480953,23.358161397828415,WR,4,7.0,HIGH_VOLUME_WR_MODEL_HISTORICALLY_CONSERVATIVE,MODEL_AVAILABLE,INDEPENDENT_MODEL_RESEARCH_ONLY
KXNFLRECYDS-26OCT11BALATL-ATLDLONDON5-140,2026_05_BAL_ATL,00-0037238,140.0,NFL-REC-RIDGE-NORMALSD-ISO-v1,2024-25-WALKFORWARD-ISO-v1,2026-10-07T23:44:40.917343+00:00,0.0133852140077821,0.9866147859922179,0.0013520343034520487,69.93676694480953,23.358161397828415,WR,4,7.0,HIGH_VOLUME_WR_MODEL_HISTORICALLY_CONSERVATIVE,MODEL_AVAILABLE,INDEPENDENT_MODEL_RESEARCH_ONLY
KXNFLRECYDS-26OCT11BALATL-ATLDLONDON5-130,2026_05_BAL_ATL,00-0037238,130.0,NFL-REC-RIDGE-NORMALSD-ISO-v1,2024-25-WALKFORWARD-ISO-v1,2026-10-07T23:44:40.917343+00:00,0.0261011419249592,0.9738988580750408,0.00506437754348474,69.93676694480953,23.358161397828415,WR,4,7.0,HIGH_VOLUME_WR_MODEL_HISTORICALLY_CONSERVATIVE,MODEL_AVAILABLE,INDEPENDENT_MODEL_RESEARCH_ONLY
KXNFLRECYDS-26OCT11BALATL-ATLDLONDON5-120,2026_05_BAL_ATL,00-0037238,120.0,NFL-REC-RIDGE-NORMALSD-ISO-v1,2024-25-WALKFORWARD-ISO-v1,2026-10-07T23:44:40.917343+00:00,0.0388931591083781,0.9611068408916219,0.01604504825575372,69.93676694480953,23.358161397828415,WR,4,7.0,HIGH_VOLUME_WR_MODEL_HISTORICALLY_CONSERVATIVE,MODEL_AVAILABLE,INDEPENDENT_MODEL_RESEARCH_ONLY
KXNFLRECYDS-26OCT11BALATL-ATLDLONDON5-110,2026_05_BAL_ATL,00-0037238,110.0,NFL-REC-RIDGE-NORMALSD-ISO-v1,2024-25-WALKFORWARD-ISO-v1,2026-10-07T23:44:40.917343+00:00,0.0610138248847926,0.9389861751152074,0.04315697138972171,69.93676694480953,23.358161397828415,WR,4,7.0,HIGH_VOLUME_WR_MODEL_HISTORICALLY_CONSERVATIVE,MODEL_AVAILABLE,INDEPENDENT_MODEL_RESEARCH_ONLY
KXNFLRECYDS-26OCT11BALATL-ATLDLONDON5-100,2026_05_BAL_ATL,00-0037238,100.0,NFL-REC-RIDGE-NORMALSD-ISO-v1,2024-25-WALKFORWARD-ISO-v1,2026-10-07T23:44:40.917343+00:00,0.0905911157747464,0.9094088842252536,0.09903759931365035,69.93676694480953,23.358161397828415,WR,4,7.0,HIGH_VOLUME_WR_MODEL_HISTORICALLY_CONSERVATIVE,MODEL_AVAILABLE,INDEPENDENT_MODEL_RESEARCH_ONLY
KXNFLRECYDS-26OCT11BALATL-ATLBROBINSON7-80,2026_05_BAL_ATL,00-0038542,80.0,NFL-REC-RIDGE-NORMALSD-ISO-v1,2024-25-WALKFORWARD-ISO-v1,2026-10-07T23:44:40.917343+00:00,0.0261011419249592,0.9738988580750408,0.00750537364827116,23.190156432200116,23.358161397828415,RB,4,2.6666666666666665,,MODEL_AVAILABLE,INDEPENDENT_MODEL_RESEARCH_ONLY
KXNFLRECYDS-26OCT11BALATL-ATLBROBINSON7-70,2026_05_BAL_ATL,00-0038542,70.0,NFL-REC-RIDGE-NORMALSD-ISO-v1,2024-25-WALKFORWARD-ISO-v1,2026-10-07T23:44:40.917343+00:00,0.0388931591083781,0.9611068408916219,0.022534828137353066,23.190156432200116,23.358161397828415,RB,4,2.6666666666666665,,MODEL_AVAILABLE,INDEPENDENT_MODEL_RESEARCH_ONLY
KXNFLRECYDS-26OCT11BALATL-ATLBROBINSON7-60,2026_05_BAL_ATL,00-0038542,60.0,NFL-REC-RIDGE-NORMALSD-ISO-v1,2024-25-WALKFORWARD-ISO-v1,2026-10-07T23:44:40.917343+00:00,0.0610138248847926,0.9389861751152074,0.057525821716011005,23.190156432200116,23.358161397828415,RB,4,2.6666666666666665,,MODEL_AVAILABLE,INDEPENDENT_MODEL_RESEARCH_ONLY
KXNFLRECYDS-26OCT11BALATL-ATLBROBINSON7-50,2026_05_BAL_ATL,00-0038542,50.0,NFL-REC-RIDGE-NORMALSD-ISO-v1,2024-25-WALKFORWARD-ISO-v1,2026-10-07T23:44:40.917343+00:00,0.102890739833415,0.897109260166585,0.12553135006381416,23.190156432200116,23.358161397828415,RB,4,2.6666666666666665,,MODEL_AVAILABLE,INDEPENDENT_MODEL_RESEARCH_ONLY
KXNFLRECYDS-26OCT11BALATL-ATLBROBINSON7-40,2026_05_BAL_ATL,00-0038542,40.0,NFL-REC-RIDGE-NORMALSD-ISO-v1,2024-25-WALKFORWARD-ISO-v1,2026-10-07T23:44:40.917343+00:00,0.1923076923076923,0.8076923076923077,0.23586837786135123,23.190156432200116,23.358161397828415,RB,4,2.6666666666666665,,MODEL_AVAILABLE,INDEPENDENT_MODEL_RESEARCH_ONLY
KXNFLRECYDS-26OCT11BALATL-ATLBROBINSON7-25,2026_05_BAL_ATL,00-0038542,25.0,,,,,,,,,,,,,UNAVAILABLE,INVALID_MODEL_INPUT: upstream model QC not PASS
KXNFLRECYDS-26OCT11BALATL-ATLBROBINSON7-15,2026_05_BAL_ATL,00-0038542,15.0,,,,,,,,,,,,,UNAVAILABLE,INVALID_MODEL_INPUT: upstream model QC not PASS
KXNFLRECYDS-26OCT11SFSEA-SFMEVANS5-90,2026_05_SF_SEA,00-0031408,90.0,NFL-REC-RIDGE-NORMALSD-ISO-v1,2024-25-WALKFORWARD-ISO-v1,2026-10-07T23:44:40.917343+00:00,0.0822189202575532,0.9177810797424468,0.07456609858258635,56.30343463810672,23.358161397828415,WR,4,5.666666666666667,,MODEL_AVAILABLE,INDEPENDENT_MODEL_RESEARCH_ONLY
KXNFLRECYDS-26OCT11SFSEA-SFMEVANS5-80,2026_05_SF_SEA,00-0031408,80.0,NFL-REC-RIDGE-NORMALSD-ISO-v1,2024-25-WALKFORWARD-ISO-v1,2026-10-07T23:44:40.917343+00:00,0.125,0.875,0.15517506895648855,56.30343463810672,23.358161397828415,WR,4,5.666666666666667,,MODEL_AVAILABLE,INDEPENDENT_MODEL_RESEARCH_ONLY
KXNFLRECYDS-26OCT11SFSEA-SFMEVANS5-70,2026_05_SF_SEA,00-0031408,70.0,NFL-REC-RIDGE-NORMALSD-ISO-v1,2024-25-WALKFORWARD-ISO-v1,2026-10-07T23:44:40.917343+00:00,0.2416666666666666,0.7583333333333334,0.2788128709074836,56.30343463810672,23.358161397828415,WR,4,5.666666666666667,,MODEL_AVAILABLE,INDEPENDENT_MODEL_RESEARCH_ONLY
KXNFLRECYDS-26OCT11SFSEA-SFMEVANS5-60,2026_05_SF_SEA,00-0031408,60.0,NFL-REC-RIDGE-NORMALSD-ISO-v1,2024-25-WALKFORWARD-ISO-v1,2026-10-07T23:44:40.917343+00:00,0.3602584814216478,0.6397415185783522,0.4371276035998592,56.30343463810672,23.358161397828415,WR,4,5.666666666666667,,MODEL_AVAILABLE,INDEPENDENT_MODEL_RESEARCH_ONLY
KXNFLRECYDS-26OCT11SFSEA-SFMEVANS5-50,2026_05_SF_SEA,00-0031408,50.0,NFL-REC-RIDGE-NORMALSD-ISO-v1,2024-25-WALKFORWARD-ISO-v1,2026-10-07T23:44:40.917343+00:00,0.5065123010130245,0.49348769898697553,0.6063660392243349,56.30343463810672,23.358161397828415,WR,4,5.666666666666667,,MODEL_AVAILABLE,INDEPENDENT_MODEL_RESEARCH_ONLY
KXNFLRECYDS-26OCT11SFSEA-SFMEVANS5-40,2026_05_SF_SEA,00-0031408,40.0,NFL-REC-RIDGE-NORMALSD-ISO-v1,2024-25-WALKFORWARD-ISO-v1,2026-10-07T23:44:40.917343+00:00,0.6394557823129252,0.3605442176870748,0.757403879293686,56.30343463810672,23.358161397828415,WR,4,5.666666666666667,,MODEL_AVAILABLE,INDEPENDENT_MODEL_RESEARCH_ONLY
KXNFLRECYDS-26OCT11SFSEA-SFMEVANS5-25,2026_05_SF_SEA,00-0031408,25.0,,,,,,,,,,,,,UNAVAILABLE,INVALID_MODEL_INPUT: upstream model QC not PASS
KXNFLRECYDS-26OCT11SFSEA-SFMEVANS5-120,2026_05_SF_SEA,00-0031408,120.0,NFL-REC-RIDGE-NORMALSD-ISO-v1,2024-25-WALKFORWARD-ISO-v1,2026-10-07T23:44:40.917343+00:00,0.022858884486437,0.977141115513563,0.003196124971094752,56.30343463810672,23.358161397828415,WR,4,5.666666666666667,,MODEL_AVAILABLE,INDEPENDENT_MODEL_RESEARCH_ONLY
KXNFLRECYDS-26OCT11SFSEA-SFMEVANS5-110,2026_05_SF_SEA,00-0031408,110.0,NFL-REC-RIDGE-NORMALSD-ISO-v1,2024-25-WALKFORWARD-ISO-v1,2026-10-07T23:44:40.917343+00:00,0.0360138135175135,0.9639861864824865,0.010757147477530985,56.30343463810672,23.358161397828415,WR,4,5.666666666666667,,MODEL_AVAILABLE,INDEPENDENT_MODEL_RESEARCH_ONLY
KXNFLRECYDS-26OCT11SFSEA-SFMEVANS5-100,2026_05_SF_SEA,00-0031408,100.0,NFL-REC-RIDGE-NORMALSD-ISO-v1,2024-25-WALKFORWARD-ISO-v1,2026-10-07T23:44:40.917343+00:00,0.0533141210374639,0.9466858789625361,0.030691993123132838,56.30343463810672,23.358161397828415,WR,4,5.666666666666667,,MODEL_AVAILABLE,INDEPENDENT_MODEL_RESEARCH_ONLY
KXNFLRECYDS-26OCT11SFSEA-SFGKITTLE85-90,2026_05_SF_SEA,00-0033288,90.0,NFL-REC-RIDGE-NORMALSD-ISO-v1,2024-25-WALKFORWARD-ISO-v1,2026-10-07T23:44:40.917343+00:00,0.0685772773797338,0.9314227226202662,0.06373670627329249,54.39886103849457,23.358161397828415,TE,4,5.666666666666667,,MODEL_AVAILABLE,INDEPENDENT_MODEL_RESEARCH_ONLY
KXNFLRECYDS-26OCT11SFSEA-SFGKITTLE85-80,2026_05_SF_SEA,00-0033288,80.0,NFL-REC-RIDGE-NORMALSD-ISO-v1,2024-25-WALKFORWARD-ISO-v1,2026-10-07T23:44:40.917343+00:00,0.102890739833415,0.897109260166585,0.13653382227943656,54.39886103849457,23.358161397828415,TE,4,5.666666666666667,,MODEL_AVAILABLE,INDEPENDENT_MODEL_RESEARCH_ONLY
KXNFLRECYDS-26OCT11SFSEA-SFGKITTLE85-70,2026_05_SF_SEA,00-0033288,70.0,NFL-REC-RIDGE-NORMALSD-ISO-v1,2024-25-WALKFORWARD-ISO-v1,2026-10-07T23:44:40.917343+00:00,0.2234782608695652,0.7765217391304348,0.2520956669477031,54.39886103849457,23.358161397828415,TE,4,5.666666666666667,,MODEL_AVAILABLE,INDEPENDENT_MODEL_RESEARCH_ONLY
KXNFLRECYDS-26OCT11SFSEA-SFGKITTLE85-60,2026_05_SF_SEA,00-0033288,60.0,NFL-REC-RIDGE-NORMALSD-ISO-v1,2024-25-WALKFORWARD-ISO-v1,2026-10-07T23:44:40.917343+00:00,0.3602584814216478,0.6397415185783522,0.4052451119399632,54.39886103849457,23.358161397828415,TE,4,5.666666666666667,,MODEL_AVAILABLE,INDEPENDENT_MODEL_RESEARCH_ONLY
KXNFLRECYDS-26OCT11SFSEA-SFGKITTLE85-50,2026_05_SF_SEA,00-0033288,50.0,NFL-REC-RIDGE-NORMALSD-ISO-v1,2024-25-WALKFORWARD-ISO-v1,2026-10-07T23:44:40.917343+00:00,0.5021645021645021,0.49783549783549785,0.5746879698744948,54.39886103849457,23.358161397828415,TE,4,5.666666666666667,,MODEL_AVAILABLE,INDEPENDENT_MODEL_RESEARCH_ONLY
KXNFLRECYDS-26OCT11SFSEA-SFGKITTLE85-40,2026_05_SF_SEA,00-0033288,40.0,NFL-REC-RIDGE-NORMALSD-ISO-v1,2024-25-WALKFORWARD-ISO-v1,2026-10-07T23:44:40.917343+00:00,0.6282051282051282,0.3717948717948718,0.7311972987742981,54.39886103849457,23.358161397828415,TE,4,5.666666666666667,,MODEL_AVAILABLE,INDEPENDENT_MODEL_RESEARCH_ONLY
KXNFLRECYDS-26OCT11SFSEA-SFGKITTLE85-25,2026_05_SF_SEA,00-0033288,25.0,,,,,,,,,,,,,UNAVAILABLE,INVALID_MODEL_INPUT: upstream model QC not PASS
KXNFLRECYDS-26OCT11SFSEA-SFGKITTLE85-130,2026_05_SF_SEA,00-0033288,130.0,NFL-REC-RIDGE-NORMALSD-ISO-v1,2024-25-WALKFORWARD-ISO-v1,2026-10-07T23:44:40.917343+00:00,0.012386850881372,0.987613149118628,0.0006048038576091076,54.39886103849457,23.358161397828415,TE,4,5.666666666666667,,MODEL_AVAILABLE,INDEPENDENT_MODEL_RESEARCH_ONLY
KXNFLRECYDS-26OCT11SFSEA-SFGKITTLE85-120,2026_05_SF_SEA,00-0033288,120.0,NFL-REC-RIDGE-NORMALSD-ISO-v1,2024-25-WALKFORWARD-ISO-v1,2026-10-07T23:44:40.917343+00:00,0.0179487179487179,0.9820512820512821,0.0024887292692011803,54.39886103849457,23.358161397828415,TE,4,5.666666666666667,,MODEL_AVAILABLE,INDEPENDENT_MODEL_RESEARCH_ONLY
KXNFLRECYDS-26OCT11SFSEA-SFGKITTLE85-110,2026_05_SF_SEA,00-0033288,110.0,NFL-REC-RIDGE-NORMALSD-ISO-v1,2024-25-WALKFORWARD-ISO-v1,2026-10-07T23:44:40.917343+00:00,0.0261011419249592,0.9738988580750408,0.008647558525067501,54.39886103849457,23.358161397828415,TE,4,5.666666666666667,,MODEL_AVAILABLE,INDEPENDENT_MODEL_RESEARCH_ONLY
KXNFLRECYDS-26OCT11SFSEA-SFGKITTLE85-100,2026_05_SF_SEA,00-0033288,100.0,NFL-REC-RIDGE-NORMALSD-ISO-v1,2024-25-WALKFORWARD-ISO-v1,2026-10-07T23:44:40.917343+00:00,0.0388931591083781,0.9611068408916219,0.02545383758007392,54.39886103849457,23.358161397828415,TE,4,5.666666666666667,,MODEL_AVAILABLE,INDEPENDENT_MODEL_RESEARCH_ONLY
KXNFLRECYDS-26OCT11SFSEA-SFDSAMUEL19-90,2026_05_SF_SEA,00-0035719,90.0,NFL-REC-RIDGE-NORMALSD-ISO-v1,2024-25-WALKFORWARD-ISO-v1,2026-10-07T23:44:40.917343+00:00,0.0388931591083781,0.9611068408916219,0.017181008555076895,40.57885592033713,23.358161397828415,WR,4,3.3333333333333335,,MODEL_AVAILABLE,INDEPENDENT_MODEL_RESEARCH_ONLY
KXNFLRECYDS-26OCT11SFSEA-SFDSAMUEL19-80,2026_05_SF_SEA,00-0035719,80.0,NFL-REC-RIDGE-NORMALSD-ISO-v1,2024-25-WALKFORWARD-ISO-v1,2026-10-07T23:44:40.917343+00:00,0.0610138248847926,0.9389861751152074,0.045736162808177896,40.57885592033713,23.358161397828415,WR,4,3.3333333333333335,,MODEL_AVAILABLE,INDEPENDENT_MODEL_RESEARCH_ONLY
KXNFLRECYDS-26OCT11SFSEA-SFDSAMUEL19-70,2026_05_SF_SEA,00-0035719,70.0,NFL-REC-RIDGE-NORMALSD-ISO-v1,2024-25-WALKFORWARD-ISO-v1,2026-10-07T23:44:40.917343+00:00,0.0905911157747464,0.9094088842252536,0.10391299782396216,40.57885592033713,23.358161397828415,WR,4,3.3333333333333335,,MODEL_AVAILABLE,INDEPENDENT_MODEL_RESEARCH_ONLY
KXNFLRECYDS-26OCT11SFSEA-SFDSAMUEL19-60,2026_05_SF_SEA,00-0035719,60.0,NFL-REC-RIDGE-NORMALSD-ISO-v1,2024-25-WALKFORWARD-ISO-v1,2026-10-07T23:44:40.917343+00:00,0.1647597254004576,0.8352402745995424,0.20285972204080835,40.57885592033713,23.358161397828415,WR,4,3.3333333333333335,,MODEL_AVAILABLE,INDEPENDENT_MODEL_RESEARCH_ONLY
KXNFLRECYDS-26OCT11SFSEA-SFDSAMUEL19-50,2026_05_SF_SEA,00-0035719,50.0,NFL-REC-RIDGE-NORMALSD-ISO-v1,2024-25-WALKFORWARD-ISO-v1,2026-10-07T23:44:40.917343+00:00,0.2891566265060241,0.7108433734939759,0.3433512126582349,40.57885592033713,23.358161397828415,WR,4,3.3333333333333335,,MODEL_AVAILABLE,INDEPENDENT_MODEL_RESEARCH_ONLY
KXNFLRECYDS-26OCT11SFSEA-SFDSAMUEL19-40,2026_05_SF_SEA,00-0035719,40.0,NFL-REC-RIDGE-NORMALSD-ISO-v1,2024-25-WALKFORWARD-ISO-v1,2026-10-07T23:44:40.917343+00:00,0.4221732745961821,0.5778267254038179,0.5098854726660926,40.57885592033713,23.358161397828415,WR,4,3.3333333333333335,,MODEL_AVAILABLE,INDEPENDENT_MODEL_RESEARCH_ONLY
KXNFLRECYDS-26OCT11SFSEA-SFDSAMUEL19-25,2026_05_SF_SEA,00-0035719,25.0,,,,,,,,,,,,,UNAVAILABLE,INVALID_MODEL_INPUT: upstream model QC not PASS
KXNFLRECYDS-26OCT11SFSEA-SFDSAMUEL19-15,2026_05_SF_SEA,00-0035719,15.0,,,,,,,,,,,,,UNAVAILABLE,INVALID_MODEL_INPUT: upstream model QC not PASS
KXNFLRECYDS-26OCT11SFSEA-SFCMCCAFFREY23-90,2026_05_SF_SEA,00-0033280,90.0,NFL-REC-RIDGE-NORMALSD-ISO-v1,2024-25-WALKFORWARD-ISO-v1,2026-10-07T23:44:40.917343+00:00,0.0360138135175135,0.9639861864824865,0.01152350258392905,36.914968062110134,23.358161397828415,RB,4,4.666666666666667,,MODEL_AVAILABLE,INDEPENDENT_MODEL_RESEARCH_ONLY
KXNFLRECYDS-26OCT11SFSEA-SFCMCCAFFREY23-80,2026_05_SF_SEA,00-0033280,80.0,NFL-REC-RIDGE-NORMALSD-ISO-v1,2024-25-WALKFORWARD-ISO-v1,2026-10-07T23:44:40.917343+00:00,0.0533141210374639,0.9466858789625361,0.03255233787101611,36.914968062110134,23.358161397828415,RB,4,4.666666666666667,,MODEL_AVAILABLE,INDEPENDENT_MODEL_RESEARCH_ONLY
KXNFLRECYDS-26OCT11SFSEA-SFCMCCAFFREY23-70,2026_05_SF_SEA,00-0033280,70.0,NFL-REC-RIDGE-NORMALSD-ISO-v1,2024-25-WALKFORWARD-ISO-v1,2026-10-07T23:44:40.917343+00:00,0.0822189202575532,0.9177810797424468,0.07832587887678423,36.914968062110134,23.358161397828415,RB,4,4.666666666666667,,MODEL_AVAILABLE,INDEPENDENT_MODEL_RESEARCH_ONLY
KXNFLRECYDS-26OCT11SFSEA-SFCMCCAFFREY23-60,2026_05_SF_SEA,00-0033280,60.0,NFL-REC-RIDGE-NORMALSD-ISO-v1,2024-25-WALKFORWARD-ISO-v1,2026-10-07T23:44:40.917343+00:00,0.125,0.875,0.16150118508780073,36.914968062110134,23.358161397828415,RB,4,4.666666666666667,,MODEL_AVAILABLE,INDEPENDENT_MODEL_RESEARCH_ONLY
KXNFLRECYDS-26OCT11SFSEA-SFCMCCAFFREY23-50,2026_05_SF_SEA,00-0033280,50.0,NFL-REC-RIDGE-NORMALSD-ISO-v1,2024-25-WALKFORWARD-ISO-v1,2026-10-07T23:44:40.917343+00:00,0.2427184466019417,0.7572815533980584,0.28767458045179545,36.914968062110134,23.358161397828415,RB,4,4.666666666666667,,MODEL_AVAILABLE,INDEPENDENT_MODEL_RESEARCH_ONLY
KXNFLRECYDS-26OCT11SFSEA-SFCMCCAFFREY23-40,2026_05_SF_SEA,00-0033280,40.0,NFL-REC-RIDGE-NORMALSD-ISO-v1,2024-25-WALKFORWARD-ISO-v1,2026-10-07T23:44:40.917343+00:00,0.3918575063613231,0.6081424936386769,0.4474624379664256,36.914968062110134,23.358161397828415,RB,4,4.666666666666667,,MODEL_AVAILABLE,INDEPENDENT_MODEL_RESEARCH_ONLY
KXNFLRECYDS-26OCT11SFSEA-SFCMCCAFFREY23-25,2026_05_SF_SEA,00-0033280,25.0,,,,,,,,,,,,,UNAVAILABLE,INVALID_MODEL_INPUT: upstream model QC not PASS
KXNFLRECYDS-26OCT11SFSEA-SFCMCCAFFREY23-15,2026_05_SF_SEA,00-0033280,15.0,,,,,,,,,,,,,UNAVAILABLE,INVALID_MODEL_INPUT: upstream model QC not PASS
KXNFLRECYDS-26OCT11SFSEA-SEARSHAHEED22-70,2026_05_SF_SEA,00-0037545,70.0,NFL-REC-RIDGE-NORMALSD-ISO-v1,2024-25-WALKFORWARD-ISO-v1,2026-10-07T23:44:40.917343+00:00,0.0610138248847926,0.9389861751152074,0.058251086578998745,33.33642527527942,23.358161397828415,WR,4,4.0,,MODEL_AVAILABLE,INDEPENDENT_MODEL_RESEARCH_ONLY
KXNFLRECYDS-26OCT11SFSEA-SEARSHAHEED22-60,2026_05_SF_SEA,00-0037545,60.0,NFL-REC-RIDGE-NORMALSD-ISO-v1,2024-25-WALKFORWARD-ISO-v1,2026-10-07T23:44:40.917343+00:00,0.102890739833415,0.897109260166585,0.12682887731622877,33.33642527527942,23.358161397828415,WR,4,4.0,,MODEL_AVAILABLE,INDEPENDENT_MODEL_RESEARCH_ONLY
KXNFLRECYDS-26OCT11SFSEA-SEARSHAHEED22-50,2026_05_SF_SEA,00-0037545,50.0,NFL-REC-RIDGE-NORMALSD-ISO-v1,2024-25-WALKFORWARD-ISO-v1,2026-10-07T23:44:40.917343+00:00,0.1923076923076923,0.8076923076923077,0.2378009588851202,33.33642527527942,23.358161397828415,WR,4,4.0,,MODEL_AVAILABLE,INDEPENDENT_MODEL_RESEARCH_ONLY
KXNFLRECYDS-26OCT11SFSEA-SEARSHAHEED22-40,2026_05_SF_SEA,00-0037545,40.0,NFL-REC-RIDGE-NORMALSD-ISO-v1,2024-25-WALKFORWARD-ISO-v1,2026-10-07T23:44:40.917343+00:00,0.3333333333333333,0.6666666666666667,0.3877154985856661,33.33642527527942,23.358161397828415,WR,4,4.0,,MODEL_AVAILABLE,INDEPENDENT_MODEL_RESEARCH_ONLY
KXNFLRECYDS-26OCT11SFSEA-SEARSHAHEED22-25,2026_05_SF_SEA,00-0037545,25.0,,,,,,,,,,,,,UNAVAILABLE,INVALID_MODEL_INPUT: upstream model QC not PASS
KXNFLRECYDS-26OCT11SFSEA-SEARSHAHEED22-15,2026_05_SF_SEA,00-0037545,15.0,,,,,,,,,,,,,UNAVAILABLE,INVALID_MODEL_INPUT: upstream model QC not PASS
KXNFLRECYDS-26OCT11SFSEA-SEAJSMITHNJIGBA11-90,2026_05_SF_SEA,00-0038543,90.0,NFL-REC-RIDGE-NORMALSD-ISO-v1,2024-25-WALKFORWARD-ISO-v1,2026-10-07T23:44:40.917343+00:00,0.3297045101088648,0.6702954898911352,0.37139139509196584,82.33454169321332,23.358161397828415,WR,4,10.333333333333334,HIGH_VOLUME_WR_MODEL_HISTORICALLY_CONSERVATIVE,MODEL_AVAILABLE,INDEPENDENT_MODEL_RESEARCH_ONLY
KXNFLRECYDS-26OCT11SFSEA-SEAJSMITHNJIGBA11-80,2026_05_SF_SEA,00-0038543,80.0,NFL-REC-RIDGE-NORMALSD-ISO-v1,2024-25-WALKFORWARD-ISO-v1,2026-10-07T23:44:40.917343+00:00,0.4647377938517179,0.5352622061482821,0.53980617905729,82.33454169321332,23.358161397828415,WR,4,10.333333333333334,HIGH_VOLUME_WR_MODEL_HISTORICALLY_CONSERVATIVE,MODEL_AVAILABLE,INDEPENDENT_MODEL_RESEARCH_ONLY
KXNFLRECYDS-26OCT11SFSEA-SEAJSMITHNJIGBA11-70,2026_05_SF_SEA,00-0038543,70.0,NFL-REC-RIDGE-NORMALSD-ISO-v1,2024-25-WALKFORWARD-ISO-v1,2026-10-07T23:44:40.917343+00:00,0.5808823529411765,0.4191176470588235,0.7012716141187167,82.33454169321332,23.358161397828415,WR,4,10.333333333333334,HIGH_VOLUME_WR_MODEL_HISTORICALLY_CONSERVATIVE,MODEL_AVAILABLE,INDEPENDENT_MODEL_RESEARCH_ONLY
KXNFLRECYDS-26OCT11SFSEA-SEAJSMITHNJIGBA11-60,2026_05_SF_SEA,00-0038543,60.0,NFL-REC-RIDGE-NORMALSD-ISO-v1,2024-25-WALKFORWARD-ISO-v1,2026-10-07T23:44:40.917343+00:00,0.7243589743589742,0.27564102564102577,0.8305086451194519,82.33454169321332,23.358161397828415,WR,4,10.333333333333334,HIGH_VOLUME_WR_MODEL_HISTORICALLY_CONSERVATIVE,MODEL_AVAILABLE,INDEPENDENT_MODEL_RESEARCH_ONLY
KXNFLRECYDS-26OCT11SFSEA-SEAJSMITHNJIGBA11-50,2026_05_SF_SEA,00-0038543,50.0,NFL-REC-RIDGE-NORMALSD-ISO-v1,2024-25-WALKFORWARD-ISO-v1,2026-10-07T23:44:40.917343+00:00,0.8068181818181815,0.19318181818181845,0.9168656372969164,82.33454169321332,23.358161397828415,WR,4,10.333333333333334,HIGH_VOLUME_WR_MODEL_HISTORICALLY_CONSERVATIVE,MODEL_AVAILABLE,INDEPENDENT_MODEL_RESEARCH_ONLY
KXNFLRECYDS-26OCT11SFSEA-SEAJSMITHNJIGBA11-180,2026_05_SF_SEA,00-0038543,180.0,,,,,,,,,,,,,UNAVAILABLE,INVALID_MODEL_INPUT: upstream model QC not PASS
KXNFLRECYDS-26OCT11SFSEA-SEAJSMITHNJIGBA11-170,2026_05_SF_SEA,00-0038543,170.0,,,,,,,,,,,,,UNAVAILABLE,INVALID_MODEL_INPUT: upstream model QC not PASS
KXNFLRECYDS-26OCT11SFSEA-SEAJSMITHNJIGBA11-160,2026_05_SF_SEA,00-0038543,160.0,,,,,,,,,,,,,UNAVAILABLE,INVALID_MODEL_INPUT: upstream model QC not PASS
KXNFLRECYDS-26OCT11SFSEA-SEAJSMITHNJIGBA11-150,2026_05_SF_SEA,00-0038543,150.0,NFL-REC-RIDGE-NORMALSD-ISO-v1,2024-25-WALKFORWARD-ISO-v1,2026-10-07T23:44:40.917343+00:00,0.0179487179487179,0.9820512820512821,0.0018845548936607698,82.33454169321332,23.358161397828415,WR,4,10.333333333333334,HIGH_VOLUME_WR_MODEL_HISTORICALLY_CONSERVATIVE,MODEL_AVAILABLE,INDEPENDENT_MODEL_RESEARCH_ONLY
KXNFLRECYDS-26OCT11SFSEA-SEAJSMITHNJIGBA11-140,2026_05_SF_SEA,00-0038543,140.0,NFL-REC-RIDGE-NORMALSD-ISO-v1,2024-25-WALKFORWARD-ISO-v1,2026-10-07T23:44:40.917343+00:00,0.0261011419249592,0.9738988580750408,0.006779297446399419,82.33454169321332,23.358161397828415,WR,4,10.333333333333334,HIGH_VOLUME_WR_MODEL_HISTORICALLY_CONSERVATIVE,MODEL_AVAILABLE,INDEPENDENT_MODEL_RESEARCH_ONLY
KXNFLRECYDS-26OCT11SFSEA-SEAJSMITHNJIGBA11-130,2026_05_SF_SEA,00-0038543,130.0,NFL-REC-RIDGE-NORMALSD-ISO-v1,2024-25-WALKFORWARD-ISO-v1,2026-10-07T23:44:40.917343+00:00,0.0388931591083781,0.9611068408916219,0.02064361006224166,82.33454169321332,23.358161397828415,WR,4,10.333333333333334,HIGH_VOLUME_WR_MODEL_HISTORICALLY_CONSERVATIVE,MODEL_AVAILABLE,INDEPENDENT_MODEL_RESEARCH_ONLY
KXNFLRECYDS-26OCT11SFSEA-SEAJSMITHNJIGBA11-120,2026_05_SF_SEA,00-0038543,120.0,NFL-REC-RIDGE-NORMALSD-ISO-v1,2024-25-WALKFORWARD-ISO-v1,2026-10-07T23:44:40.917343+00:00,0.0610138248847926,0.9389861751152074,0.0534246209784921,82.33454169321332,23.358161397828415,WR,4,10.333333333333334,HIGH_VOLUME_WR_MODEL_HISTORICALLY_CONSERVATIVE,MODEL_AVAILABLE,INDEPENDENT_MODEL_RESEARCH_ONLY
KXNFLRECYDS-26OCT11SFSEA-SEAJSMITHNJIGBA11-110,2026_05_SF_SEA,00-0038543,110.0,NFL-REC-RIDGE-NORMALSD-ISO-v1,2024-25-WALKFORWARD-ISO-v1,2026-10-07T23:44:40.917343+00:00,0.0977596741344195,0.9022403258655805,0.11812694014527342,82.33454169321332,23.358161397828415,WR,4,10.333333333333334,HIGH_VOLUME_WR_MODEL_HISTORICALLY_CONSERVATIVE,MODEL_AVAILABLE,INDEPENDENT_MODEL_RESEARCH_ONLY
KXNFLRECYDS-26OCT11SFSEA-SEAJSMITHNJIGBA11-100,2026_05_SF_SEA,00-0038543,100.0,NFL-REC-RIDGE-NORMALSD-ISO-v1,2024-25-WALKFORWARD-ISO-v1,2026-10-07T23:44:40.917343+00:00,0.171238570241064,0.828761429758936,0.22473876925182573,82.33454169321332,23.358161397828415,WR,4,10.333333333333334,HIGH_VOLUME_WR_MODEL_HISTORICALLY_CONSERVATIVE,MODEL_AVAILABLE,INDEPENDENT_MODEL_RESEARCH_ONLY
KXNFLRECYDS-26OCT11SFSEA-SEACKUPP10-80,2026_05_SF_SEA,00-0033908,80.0,NFL-REC-RIDGE-NORMALSD-ISO-v1,2024-25-WALKFORWARD-ISO-v1,2026-10-07T23:44:40.917343+00:00,0.0533141210374639,0.9466858789625361,0.029363284507223322,35.84759127092587,23.358161397828415,WR,4,3.0,,MODEL_AVAILABLE,INDEPENDENT_MODEL_RESEARCH_ONLY
KXNFLRECYDS-26OCT11SFSEA-SEACKUPP10-70,2026_05_SF_SEA,00-0033908,70.0,NFL-REC-RIDGE-NORMALSD-ISO-v1,2024-25-WALKFORWARD-ISO-v1,2026-10-07T23:44:40.917343+00:00,0.0822189202575532,0.9177810797424468,0.07185431824730752,35.84759127092587,23.358161397828415,WR,4,3.0,,MODEL_AVAILABLE,INDEPENDENT_MODEL_RESEARCH_ONLY
KXNFLRECYDS-26OCT11SFSEA-SEACKUPP10-60,2026_05_SF_SEA,00-0033908,60.0,NFL-REC-RIDGE-NORMALSD-ISO-v1,2024-25-WALKFORWARD-ISO-v1,2026-10-07T23:44:40.917343+00:00,0.125,0.875,0.15056738268647607,35.84759127092587,23.358161397828415,WR,4,3.0,,MODEL_AVAILABLE,INDEPENDENT_MODEL_RESEARCH_ONLY
KXNFLRECYDS-26OCT11SFSEA-SEACKUPP10-50,2026_05_SF_SEA,00-0033908,50.0,NFL-REC-RIDGE-NORMALSD-ISO-v1,2024-25-WALKFORWARD-ISO-v1,2026-10-07T23:44:40.917343+00:00,0.2234782608695652,0.7765217391304348,0.2722948622499416,35.84759127092587,23.358161397828415,WR,4,3.0,,MODEL_AVAILABLE,INDEPENDENT_MODEL_RESEARCH_ONLY
KXNFLRECYDS-26OCT11SFSEA-SEACKUPP10-40,2026_05_SF_SEA,00-0033908,40.0,NFL-REC-RIDGE-NORMALSD-ISO-v1,2024-25-WALKFORWARD-ISO-v1,2026-10-07T23:44:40.917343+00:00,0.3602584814216478,0.6397415185783522,0.42945132721684254,35.84759127092587,23.358161397828415,WR,4,3.0,,MODEL_AVAILABLE,INDEPENDENT_MODEL_RESEARCH_ONLY
KXNFLRECYDS-26OCT11SFSEA-SEACKUPP10-25,2026_05_SF_SEA,00-0033908,25.0,,,,,,,,,,,,,UNAVAILABLE,INVALID_MODEL_INPUT: upstream model QC not PASS
KXNFLRECYDS-26OCT11SFSEA-SEACKUPP10-15,2026_05_SF_SEA,00-0033908,15.0,,,,,,,,,,,,,UNAVAILABLE,INVALID_MODEL_INPUT: upstream model QC not PASS
KXNFLRECYDS-26OCT11SFSEA-SEAABARNER88-80,2026_05_SF_SEA,00-0039793,80.0,NFL-REC-RIDGE-NORMALSD-ISO-v1,2024-25-WALKFORWARD-ISO-v1,2026-10-07T23:44:40.917343+00:00,0.0337711069418386,0.9662288930581614,0.009295240293686929,25.02323851751732,23.358161397828415,TE,4,4.333333333333333,,MODEL_AVAILABLE,INDEPENDENT_MODEL_RESEARCH_ONLY
KXNFLRECYDS-26OCT11SFSEA-SEAABARNER88-70,2026_05_SF_SEA,00-0039793,70.0,NFL-REC-RIDGE-NORMALSD-ISO-v1,2024-25-WALKFORWARD-ISO-v1,2026-10-07T23:44:40.917343+00:00,0.0533141210374639,0.9466858789625361,0.027081754704350706,25.02323851751732,23.358161397828415,TE,4,4.333333333333333,,MODEL_AVAILABLE,INDEPENDENT_MODEL_RESEARCH_ONLY
KXNFLRECYDS-26OCT11SFSEA-SEAABARNER88-60,2026_05_SF_SEA,00-0039793,60.0,NFL-REC-RIDGE-NORMALSD-ISO-v1,2024-25-WALKFORWARD-ISO-v1,2026-10-07T23:44:40.917343+00:00,0.0822189202575532,0.9177810797424468,0.06714320916156333,25.02323851751732,23.358161397828415,TE,4,4.333333333333333,,MODEL_AVAILABLE,INDEPENDENT_MODEL_RESEARCH_ONLY
KXNFLRECYDS-26OCT11SFSEA-SEAABARNER88-50,2026_05_SF_SEA,00-0039793,50.0,NFL-REC-RIDGE-NORMALSD-ISO-v1,2024-25-WALKFORWARD-ISO-v1,2026-10-07T23:44:40.917343+00:00,0.1233243967828418,0.8766756032171582,0.14246841722529408,25.02323851751732,23.358161397828415,TE,4,4.333333333333333,,MODEL_AVAILABLE,INDEPENDENT_MODEL_RESEARCH_ONLY
KXNFLRECYDS-26OCT11SFSEA-SEAABARNER88-40,2026_05_SF_SEA,00-0039793,40.0,NFL-REC-RIDGE-NORMALSD-ISO-v1,2024-25-WALKFORWARD-ISO-v1,2026-10-07T23:44:40.917343+00:00,0.2234782608695652,0.7765217391304348,0.2607032110076457,25.02323851751732,23.358161397828415,TE,4,4.333333333333333,,MODEL_AVAILABLE,INDEPENDENT_MODEL_RESEARCH_ONLY
KXNFLRECYDS-26OCT11SFSEA-SEAABARNER88-25,2026_05_SF_SEA,00-0039793,25.0,,,,,,,,,,,,,UNAVAILABLE,INVALID_MODEL_INPUT: upstream model QC not PASS
KXNFLRECYDS-26OCT11SFSEA-SEAABARNER88-15,2026_05_SF_SEA,00-0039793,15.0,,,,,,,,,,,,,UNAVAILABLE,INVALID_MODEL_INPUT: upstream model QC not PASS
KXNFLRECYDS-26OCT11CLENYJ-NYJGWILSON5-90,2026_05_CLE_NYJ,00-0037740,90.0,NFL-REC-RIDGE-NORMALSD-ISO-v1,2024-25-WALKFORWARD-ISO-v1,2026-10-07T23:44:40.917343+00:00,0.1233243967828418,0.8766756032171582,0.14630928799971443,65.4179986491066,23.358161397828415,WR,4,8.0,HIGH_VOLUME_WR_MODEL_HISTORICALLY_CONSERVATIVE,MODEL_AVAILABLE,INDEPENDENT_MODEL_RESEARCH_ONLY
KXNFLRECYDS-26OCT11CLENYJ-NYJGWILSON5-80,2026_05_CLE_NYJ,00-0037740,80.0,NFL-REC-RIDGE-NORMALSD-ISO-v1,2024-25-WALKFORWARD-ISO-v1,2026-10-07T23:44:40.917343+00:00,0.2234782608695652,0.7765217391304348,0.2662223029010846,65.4179986491066,23.358161397828415,WR,4,8.0,HIGH_VOLUME_WR_MODEL_HISTORICALLY_CONSERVATIVE,MODEL_AVAILABLE,INDEPENDENT_MODEL_RESEARCH_ONLY
KXNFLRECYDS-26OCT11CLENYJ-NYJGWILSON5-70,2026_05_CLE_NYJ,00-0037740,70.0,NFL-REC-RIDGE-NORMALSD-ISO-v1,2024-25-WALKFORWARD-ISO-v1,2026-10-07T23:44:40.917343+00:00,0.3602584814216478,0.6397415185783522,0.4222413884402533,65.4179986491066,23.358161397828415,WR,4,8.0,HIGH_VOLUME_WR_MODEL_HISTORICALLY_CONSERVATIVE,MODEL_AVAILABLE,INDEPENDENT_MODEL_RESEARCH_ONLY
KXNFLRECYDS-26OCT11CLENYJ-NYJGWILSON5-60,2026_05_CLE_NYJ,00-0037740,60.0,NFL-REC-RIDGE-NORMALSD-ISO-v1,2024-25-WALKFORWARD-ISO-v1,2026-10-07T23:44:40.917343+00:00,0.5065123010130245,0.49348769898697553,0.5917127911070226,65.4179986491066,23.358161397828415,WR,4,8.0,HIGH_VOLUME_WR_MODEL_HISTORICALLY_CONSERVATIVE,MODEL_AVAILABLE,INDEPENDENT_MODEL_RESEARCH_ONLY
KXNFLRECYDS-26OCT11CLENYJ-NYJGWILSON5-50,2026_05_CLE_NYJ,00-0037740,50.0,NFL-REC-RIDGE-NORMALSD-ISO-v1,2024-25-WALKFORWARD-ISO-v1,2026-10-07T23:44:40.917343+00:00,0.6296296296296297,0.37037037037037035,0.7453952301055307,65.4179986491066,23.358161397828415,WR,4,8.0,HIGH_VOLUME_WR_MODEL_HISTORICALLY_CONSERVATIVE,MODEL_AVAILABLE,INDEPENDENT_MODEL_RESEARCH_ONLY
KXNFLRECYDS-26OCT11CLENYJ-NYJGWILSON5-40,2026_05_CLE_NYJ,00-0037740,40.0,NFL-REC-RIDGE-NORMALSD-ISO-v1,2024-25-WALKFORWARD-ISO-v1,2026-10-07T23:44:40.917343+00:00,0.7670454545454546,0.23295454545454541,0.8617432564625851,65.4179986491066,23.358161397828415,WR,4,8.0,HIGH_VOLUME_WR_MODEL_HISTORICALLY_CONSERVATIVE,MODEL_AVAILABLE,INDEPENDENT_MODEL_RESEARCH_ONLY
KXNFLRECYDS-26OCT11CLENYJ-NYJGWILSON5-150,2026_05_CLE_NYJ,00-0037740,150.0,NFL-REC-RIDGE-NORMALSD-ISO-v1,2024-25-WALKFORWARD-ISO-v1,2026-10-07T23:44:40.917343+00:00,0.0078340345277818,0.9921659654722182,0.00014668229590657632,65.4179986491066,23.358161397828415,WR,4,8.0,HIGH_VOLUME_WR_MODEL_HISTORICALLY_CONSERVATIVE,MODEL_AVAILABLE,INDEPENDENT_MODEL_RESEARCH_ONLY
KXNFLRECYDS-26OCT11CLENYJ-NYJGWILSON5-140,2026_05_CLE_NYJ,00-0037740,140.0,NFL-REC-RIDGE-NORMALSD-ISO-v1,2024-25-WALKFORWARD-ISO-v1,2026-10-07T23:44:40.917343+00:00,0.0133852140077821,0.9866147859922179,0.0007040781952378509,65.4179986491066,23.358161397828415,WR,4,8.0,HIGH_VOLUME_WR_MODEL_HISTORICALLY_CONSERVATIVE,MODEL_AVAILABLE,INDEPENDENT_MODEL_RESEARCH_ONLY
KXNFLRECYDS-26OCT11CLENYJ-NYJGWILSON5-130,2026_05_CLE_NYJ,00-0037740,130.0,NFL-REC-RIDGE-NORMALSD-ISO-v1,2024-25-WALKFORWARD-ISO-v1,2026-10-07T23:44:40.917343+00:00,0.022858884486437,0.977141115513563,0.002847378271316943,65.4179986491066,23.358161397828415,WR,4,8.0,HIGH_VOLUME_WR_MODEL_HISTORICALLY_CONSERVATIVE,MODEL_AVAILABLE,INDEPENDENT_MODEL_RESEARCH_ONLY
KXNFLRECYDS-26OCT11CLENYJ-NYJGWILSON5-120,2026_05_CLE_NYJ,00-0037740,120.0,NFL-REC-RIDGE-NORMALSD-ISO-v1,2024-25-WALKFORWARD-ISO-v1,2026-10-07T23:44:40.917343+00:00,0.0348432055749128,0.9651567944250872,0.00972629654259317,65.4179986491066,23.358161397828415,WR,4,8.0,HIGH_VOLUME_WR_MODEL_HISTORICALLY_CONSERVATIVE,MODEL_AVAILABLE,INDEPENDENT_MODEL_RESEARCH_ONLY
KXNFLRECYDS-26OCT11CLENYJ-NYJGWILSON5-110,2026_05_CLE_NYJ,00-0037740,110.0,NFL-REC-RIDGE-NORMALSD-ISO-v1,2024-25-WALKFORWARD-ISO-v1,2026-10-07T23:44:40.917343+00:00,0.0533141210374639,0.9466858789625361,0.028155157830406643,65.4179986491066,23.358161397828415,WR,4,8.0,HIGH_VOLUME_WR_MODEL_HISTORICALLY_CONSERVATIVE,MODEL_AVAILABLE,INDEPENDENT_MODEL_RESEARCH_ONLY
KXNFLRECYDS-26OCT11CLENYJ-NYJGWILSON5-100,2026_05_CLE_NYJ,00-0037740,100.0,NFL-REC-RIDGE-NORMALSD-ISO-v1,2024-25-WALKFORWARD-ISO-v1,2026-10-07T23:44:40.917343+00:00,0.0822189202575532,0.9177810797424468,0.06936854095364596,65.4179986491066,23.358161397828415,WR,4,8.0,HIGH_VOLUME_WR_MODEL_HISTORICALLY_CONSERVATIVE,MODEL_AVAILABLE,INDEPENDENT_MODEL_RESEARCH_ONLY
KXNFLRECYDS-26OCT11CLENYJ-CLEKCONCEPCION1-90,2026_05_CLE_NYJ,,,,,,,,,,,,,,,UNAVAILABLE,MARKET_MAPPING_MISSING_OR_AMBIGUOUS
KXNFLRECYDS-26OCT11CLENYJ-CLEKCONCEPCION1-80,2026_05_CLE_NYJ,,,,,,,,,,,,,,,UNAVAILABLE,MARKET_MAPPING_MISSING_OR_AMBIGUOUS
KXNFLRECYDS-26OCT11CLENYJ-CLEKCONCEPCION1-70,2026_05_CLE_NYJ,,,,,,,,,,,,,,,UNAVAILABLE,MARKET_MAPPING_MISSING_OR_AMBIGUOUS
KXNFLRECYDS-26OCT11CLENYJ-CLEKCONCEPCION1-60,2026_05_CLE_NYJ,,,,,,,,,,,,,,,UNAVAILABLE,MARKET_MAPPING_MISSING_OR_AMBIGUOUS
KXNFLRECYDS-26OCT11CLENYJ-CLEKCONCEPCION1-50,2026_05_CLE_NYJ,,,,,,,,,,,,,,,UNAVAILABLE,MARKET_MAPPING_MISSING_OR_AMBIGUOUS
KXNFLRECYDS-26OCT11CLENYJ-CLEKCONCEPCION1-40,2026_05_CLE_NYJ,,,,,,,,,,,,,,,UNAVAILABLE,MARKET_MAPPING_MISSING_OR_AMBIGUOUS
KXNFLRECYDS-26OCT11CLENYJ-CLEKCONCEPCION1-25,2026_05_CLE_NYJ,,,,,,,,,,,,,,,UNAVAILABLE,MARKET_MAPPING_MISSING_OR_AMBIGUOUS
KXNFLRECYDS-26OCT11CLENYJ-CLEKCONCEPCION1-15,2026_05_CLE_NYJ,,,,,,,,,,,,,,,UNAVAILABLE,MARKET_MAPPING_MISSING_OR_AMBIGUOUS
KXNFLRECYDS-26OCT11CLENYJ-CLEKCONCEPCION1-100,2026_05_CLE_NYJ,,,,,,,,,,,,,,,UNAVAILABLE,MARKET_MAPPING_MISSING_OR_AMBIGUOUS
KXNFLRECYDS-26OCT11CLENYJ-CLEHFANNIN44-90,2026_05_CLE_NYJ,00-0040663,90.0,NFL-REC-RIDGE-NORMALSD-ISO-v1,2024-25-WALKFORWARD-ISO-v1,2026-10-07T23:44:40.917343+00:00,0.0388931591083781,0.9611068408916219,0.020446897431105678,42.24178137095973,23.358161397828415,TE,4,6.666666666666667,,MODEL_AVAILABLE,INDEPENDENT_MODEL_RESEARCH_ONLY
KXNFLRECYDS-26OCT11CLENYJ-CLEHFANNIN44-80,2026_05_CLE_NYJ,00-0040663,80.0,NFL-REC-RIDGE-NORMALSD-ISO-v1,2024-25-WALKFORWARD-ISO-v1,2026-10-07T23:44:40.917343+00:00,0.0610138248847926,0.9389861751152074,0.05299427942256342,42.24178137095973,23.358161397828415,TE,4,6.666666666666667,,MODEL_AVAILABLE,INDEPENDENT_MODEL_RESEARCH_ONLY
KXNFLRECYDS-26OCT11CLENYJ-CLEHFANNIN44-70,2026_05_CLE_NYJ,00-0040663,70.0,NFL-REC-RIDGE-NORMALSD-ISO-v1,2024-25-WALKFORWARD-ISO-v1,2026-10-07T23:44:40.917343+00:00,0.0977596741344195,0.9022403258655805,0.11734315768471248,42.24178137095973,23.358161397828415,TE,4,6.666666666666667,,MODEL_AVAILABLE,INDEPENDENT_MODEL_RESEARCH_ONLY
KXNFLRECYDS-26OCT11CLENYJ-CLEHFANNIN44-60,2026_05_CLE_NYJ,00-0040663,60.0,NFL-REC-RIDGE-NORMALSD-ISO-v1,2024-25-WALKFORWARD-ISO-v1,2026-10-07T23:44:40.917343+00:00,0.171238570241064,0.828761429758936,0.2235503244593544,42.24178137095973,23.358161397828415,TE,4,6.666666666666667,,MODEL_AVAILABLE,INDEPENDENT_MODEL_RESEARCH_ONLY
KXNFLRECYDS-26OCT11CLENYJ-CLEHFANNIN44-50,2026_05_CLE_NYJ,00-0040663,50.0,NFL-REC-RIDGE-NORMALSD-ISO-v1,2024-25-WALKFORWARD-ISO-v1,2026-10-07T23:44:40.917343+00:00,0.3297045101088648,0.6702954898911352,0.36989114486951846,42.24178137095973,23.358161397828415,TE,4,6.666666666666667,,MODEL_AVAILABLE,INDEPENDENT_MODEL_RESEARCH_ONLY
KXNFLRECYDS-26OCT11CLENYJ-CLEHFANNIN44-40,2026_05_CLE_NYJ,00-0040663,40.0,NFL-REC-RIDGE-NORMALSD-ISO-v1,2024-25-WALKFORWARD-ISO-v1,2026-10-07T23:44:40.917343+00:00,0.4647377938517179,0.5352622061482821,0.5382294771094408,42.24178137095973,23.358161397828415,TE,4,6.666666666666667,,MODEL_AVAILABLE,INDEPENDENT_MODEL_RESEARCH_ONLY
KXNFLRECYDS-26OCT11CLENYJ-CLEHFANNIN44-25,2026_05_CLE_NYJ,00-0040663,25.0,,,,,,,,,,,,,UNAVAILABLE,INVALID_MODEL_INPUT: upstream model QC not PASS
KXNFLRECYDS-26OCT11CLENYJ-CLEHFANNIN44-15,2026_05_CLE_NYJ,00-0040663,15.0,,,,,,,,,,,,,UNAVAILABLE,INVALID_MODEL_INPUT: upstream model QC not PASS
KXNFLRECYDS-26OCT11CLENYJ-CLEHFANNIN44-100,2026_05_CLE_NYJ,00-0040663,100.0,NFL-REC-RIDGE-NORMALSD-ISO-v1,2024-25-WALKFORWARD-ISO-v1,2026-10-07T23:44:40.917343+00:00,0.0261011419249592,0.9738988580750408,0.0067044369977775535,42.24178137095973,23.358161397828415,TE,4,6.666666666666667,,MODEL_AVAILABLE,INDEPENDENT_MODEL_RESEARCH_ONLY
KXNFLRECYDS-26OCT11CLENYJ-CLEDBOSTON12-90,2026_05_CLE_NYJ,00-0041037,90.0,NFL-REC-RIDGE-NORMALSD-ISO-v1,2024-25-WALKFORWARD-ISO-v1,2026-10-07T23:44:40.917343+00:00,0.0977596741344195,0.9022403258655805,0.1159680401134677,62.077970546889986,23.358161397828415,WR,4,6.0,,MODEL_AVAILABLE,INDEPENDENT_MODEL_RESEARCH_ONLY
KXNFLRECYDS-26OCT11CLENYJ-CLEDBOSTON12-80,2026_05_CLE_NYJ,00-0041037,80.0,NFL-REC-RIDGE-NORMALSD-ISO-v1,2024-25-WALKFORWARD-ISO-v1,2026-10-07T23:44:40.917343+00:00,0.171238570241064,0.828761429758936,0.22146033577748292,62.077970546889986,23.358161397828415,WR,4,6.0,,MODEL_AVAILABLE,INDEPENDENT_MODEL_RESEARCH_ONLY
KXNFLRECYDS-26OCT11CLENYJ-CLEDBOSTON12-70,2026_05_CLE_NYJ,00-0041037,70.0,NFL-REC-RIDGE-NORMALSD-ISO-v1,2024-25-WALKFORWARD-ISO-v1,2026-10-07T23:44:40.917343+00:00,0.3297045101088648,0.6702954898911352,0.3672466089205054,62.077970546889986,23.358161397828415,WR,4,6.0,,MODEL_AVAILABLE,INDEPENDENT_MODEL_RESEARCH_ONLY
KXNFLRECYDS-26OCT11CLENYJ-CLEDBOSTON12-60,2026_05_CLE_NYJ,00-0041037,60.0,NFL-REC-RIDGE-NORMALSD-ISO-v1,2024-25-WALKFORWARD-ISO-v1,2026-10-07T23:44:40.917343+00:00,0.4647377938517179,0.5352622061482821,0.535443635286706,62.077970546889986,23.358161397828415,WR,4,6.0,,MODEL_AVAILABLE,INDEPENDENT_MODEL_RESEARCH_ONLY
KXNFLRECYDS-26OCT11CLENYJ-CLEDBOSTON12-50,2026_05_CLE_NYJ,00-0041037,50.0,NFL-REC-RIDGE-NORMALSD-ISO-v1,2024-25-WALKFORWARD-ISO-v1,2026-10-07T23:44:40.917343+00:00,0.5808823529411765,0.4191176470588235,0.6974488334899347,62.077970546889986,23.358161397828415,WR,4,6.0,,MODEL_AVAILABLE,INDEPENDENT_MODEL_RESEARCH_ONLY
KXNFLRECYDS-26OCT11CLENYJ-CLEDBOSTON12-40,2026_05_CLE_NYJ,00-0041037,40.0,NFL-REC-RIDGE-NORMALSD-ISO-v1,2024-25-WALKFORWARD-ISO-v1,2026-10-07T23:44:40.917343+00:00,0.7045454545454546,0.2954545454545454,0.8277198226551497,62.077970546889986,23.358161397828415,WR,4,6.0,,MODEL_AVAILABLE,INDEPENDENT_MODEL_RESEARCH_ONLY
KXNFLRECYDS-26OCT11CLENYJ-CLEDBOSTON12-25,2026_05_CLE_NYJ,00-0041037,25.0,,,,,,,,,,,,,UNAVAILABLE,INVALID_MODEL_INPUT: upstream model QC not PASS
KXNFLRECYDS-26OCT11CLENYJ-CLEDBOSTON12-15,2026_05_CLE_NYJ,00-0041037,15.0,,,,,,,,,,,,,UNAVAILABLE,INVALID_MODEL_INPUT: upstream model QC not PASS
KXNFLRECYDS-26OCT11CLENYJ-CLEDBOSTON12-120,2026_05_CLE_NYJ,00-0041037,120.0,NFL-REC-RIDGE-NORMALSD-ISO-v1,2024-25-WALKFORWARD-ISO-v1,2026-10-07T23:44:40.917343+00:00,0.0261011419249592,0.9738988580750408,0.00657401941336226,62.077970546889986,23.358161397828415,WR,4,6.0,,MODEL_AVAILABLE,INDEPENDENT_MODEL_RESEARCH_ONLY
KXNFLRECYDS-26OCT11CLENYJ-CLEDBOSTON12-110,2026_05_CLE_NYJ,00-0041037,110.0,NFL-REC-RIDGE-NORMALSD-ISO-v1,2024-25-WALKFORWARD-ISO-v1,2026-10-07T23:44:40.917343+00:00,0.0388931591083781,0.9611068408916219,0.020103390155195355,62.077970546889986,23.358161397828415,WR,4,6.0,,MODEL_AVAILABLE,INDEPENDENT_MODEL_RESEARCH_ONLY
KXNFLRECYDS-26OCT11CLENYJ-CLEDBOSTON12-100,2026_05_CLE_NYJ,00-0041037,100.0,NFL-REC-RIDGE-NORMALSD-ISO-v1,2024-25-WALKFORWARD-ISO-v1,2026-10-07T23:44:40.917343+00:00,0.0610138248847926,0.9389861751152074,0.0522410328453382,62.077970546889986,23.358161397828415,WR,4,6.0,,MODEL_AVAILABLE,INDEPENDENT_MODEL_RESEARCH_ONLY
KXNFLRECYDS-26OCT08TBDAL-TBTJOHNSON15-50,2026_05_TB_DAL,00-0040237,50.0,NFL-REC-RIDGE-NORMALSD-ISO-v1,2024-25-WALKFORWARD-ISO-v1,2026-10-07T23:44:40.917343+00:00,0.0977596741344195,0.9022403258655805,0.11280332059330059,21.695659353358113,23.358161397828415,WR,4,2.6666666666666665,,MODEL_AVAILABLE,INDEPENDENT_MODEL_RESEARCH_ONLY
KXNFLRECYDS-26OCT08TBDAL-TBTJOHNSON15-40,2026_05_TB_DAL,00-0040237,40.0,NFL-REC-RIDGE-NORMALSD-ISO-v1,2024-25-WALKFORWARD-ISO-v1,2026-10-07T23:44:40.917343+00:00,0.171238570241064,0.828761429758936,0.21662630399095847,21.695659353358113,23.358161397828415,WR,4,2.6666666666666665,,MODEL_AVAILABLE,INDEPENDENT_MODEL_RESEARCH_ONLY
KXNFLRECYDS-26OCT08TBDAL-TBTJOHNSON15-25,2026_05_TB_DAL,00-0040237,25.0,,,,,,,,,,,,,UNAVAILABLE,INVALID_MODEL_INPUT: upstream model QC not PASS
KXNFLRECYDS-26OCT08TBDAL-TBTJOHNSON15-15,2026_05_TB_DAL,00-0040237,15.0,,,,,,,,,,,,,UNAVAILABLE,INVALID_MODEL_INPUT: upstream model QC not PASS
KXNFLRECYDS-26OCT08TBDAL-TBTHURST17-80,2026_05_TB_DAL,00-0041048,80.0,NFL-REC-RIDGE-NORMALSD-ISO-v1,2024-25-WALKFORWARD-ISO-v1,2026-10-07T23:44:40.917343+00:00,0.0388931591083781,0.9611068408916219,0.02455080277471717,34.037950983580046,23.358161397828415,WR,4,4.333333333333333,,MODEL_AVAILABLE,INDEPENDENT_MODEL_RESEARCH_ONLY
KXNFLRECYDS-26OCT08TBDAL-TBTHURST17-70,2026_05_TB_DAL,00-0041048,70.0,NFL-REC-RIDGE-NORMALSD-ISO-v1,2024-25-WALKFORWARD-ISO-v1,2026-10-07T23:44:40.917343+00:00,0.0685772773797338,0.9314227226202662,0.06182986306097252,34.037950983580046,23.358161397828415,WR,4,4.333333333333333,,MODEL_AVAILABLE,INDEPENDENT_MODEL_RESEARCH_ONLY
KXNFLRECYDS-26OCT08TBDAL-TBTHURST17-60,2026_05_TB_DAL,00-0041048,60.0,NFL-REC-RIDGE-NORMALSD-ISO-v1,2024-25-WALKFORWARD-ISO-v1,2026-10-07T23:44:40.917343+00:00,0.102890739833415,0.897109260166585,0.13318163575157443,34.037950983580046,23.358161397828415,WR,4,4.333333333333333,,MODEL_AVAILABLE,INDEPENDENT_MODEL_RESEARCH_ONLY
KXNFLRECYDS-26OCT08TBDAL-TBTHURST17-50,2026_05_TB_DAL,00-0041048,50.0,NFL-REC-RIDGE-NORMALSD-ISO-v1,2024-25-WALKFORWARD-ISO-v1,2026-10-07T23:44:40.917343+00:00,0.2124183006535947,0.7875816993464053,0.247189480336913,34.037950983580046,23.358161397828415,WR,4,4.333333333333333,,MODEL_AVAILABLE,INDEPENDENT_MODEL_RESEARCH_ONLY
KXNFLRECYDS-26OCT08TBDAL-TBTHURST17-40,2026_05_TB_DAL,00-0041048,40.0,NFL-REC-RIDGE-NORMALSD-ISO-v1,2024-25-WALKFORWARD-ISO-v1,2026-10-07T23:44:40.917343+00:00,0.3602584814216478,0.6397415185783522,0.3992670192433534,34.037950983580046,23.358161397828415,WR,4,4.333333333333333,,MODEL_AVAILABLE,INDEPENDENT_MODEL_RESEARCH_ONLY
KXNFLRECYDS-26OCT08TBDAL-TBTHURST17-25,2026_05_TB_DAL,00-0041048,25.0,,,,,,,,,,,,,UNAVAILABLE,INVALID_MODEL_INPUT: upstream model QC not PASS
KXNFLRECYDS-26OCT08TBDAL-TBTHURST17-15,2026_05_TB_DAL,00-0041048,15.0,,,,,,,,,,,,,UNAVAILABLE,INVALID_MODEL_INPUT: upstream model QC not PASS
KXNFLRECYDS-26OCT08TBDAL-TBKGAINWELL1-40,2026_05_TB_DAL,00-0036919,40.0,NFL-REC-RIDGE-NORMALSD-ISO-v1,2024-25-WALKFORWARD-ISO-v1,2026-10-07T23:44:40.917343+00:00,0.1233243967828418,0.8766756032171582,0.14733576735494275,15.522316173166383,23.358161397828415,RB,4,3.6666666666666665,,MODEL_AVAILABLE,INDEPENDENT_MODEL_RESEARCH_ONLY
KXNFLRECYDS-26OCT08TBDAL-TBKGAINWELL1-25,2026_05_TB_DAL,00-0036919,25.0,,,,,,,,,,,,,UNAVAILABLE,INVALID_MODEL_INPUT: upstream model QC not PASS
KXNFLRECYDS-26OCT08TBDAL-TBKGAINWELL1-15,2026_05_TB_DAL,00-0036919,15.0,,,,,,,,,,,,,UNAVAILABLE,INVALID_MODEL_INPUT: upstream model QC not PASS
KXNFLRECYDS-26OCT08TBDAL-TBEEGBUKA2-90,2026_05_TB_DAL,00-0040129,90.0,NFL-REC-RIDGE-NORMALSD-ISO-v1,2024-25-WALKFORWARD-ISO-v1,2026-10-07T23:44:40.917343+00:00,0.0533141210374639,0.9466858789625361,0.028810619020901373,45.65293138498754,23.358161397828415,WR,4,6.0,,MODEL_AVAILABLE,INDEPENDENT_MODEL_RESEARCH_ONLY
KXNFLRECYDS-26OCT08TBDAL-TBEEGBUKA2-80,2026_05_TB_DAL,00-0040129,80.0,NFL-REC-RIDGE-NORMALSD-ISO-v1,2024-25-WALKFORWARD-ISO-v1,2026-10-07T23:44:40.917343+00:00,0.0822189202575532,0.9177810797424468,0.07071961031311065,45.65293138498754,23.358161397828415,WR,4,6.0,,MODEL_AVAILABLE,INDEPENDENT_MODEL_RESEARCH_ONLY
KXNFLRECYDS-26OCT08TBDAL-TBEEGBUKA2-70,2026_05_TB_DAL,00-0040129,70.0,NFL-REC-RIDGE-NORMALSD-ISO-v1,2024-25-WALKFORWARD-ISO-v1,2026-10-07T23:44:40.917343+00:00,0.1233243967828418,0.8766756032171582,0.14862780396145925,45.65293138498754,23.358161397828415,WR,4,6.0,,MODEL_AVAILABLE,INDEPENDENT_MODEL_RESEARCH_ONLY
KXNFLRECYDS-26OCT08TBDAL-TBEEGBUKA2-60,2026_05_TB_DAL,00-0040129,60.0,NFL-REC-RIDGE-NORMALSD-ISO-v1,2024-25-WALKFORWARD-ISO-v1,2026-10-07T23:44:40.917343+00:00,0.2234782608695652,0.7765217391304348,0.26953471466450823,45.65293138498754,23.358161397828415,WR,4,6.0,,MODEL_AVAILABLE,INDEPENDENT_MODEL_RESEARCH_ONLY
KXNFLRECYDS-26OCT08TBDAL-TBEEGBUKA2-50,2026_05_TB_DAL,00-0040129,50.0,NFL-REC-RIDGE-NORMALSD-ISO-v1,2024-25-WALKFORWARD-ISO-v1,2026-10-07T23:44:40.917343+00:00,0.3602584814216478,0.6397415185783522,0.42618124426328674,45.65293138498754,23.358161397828415,WR,4,6.0,,MODEL_AVAILABLE,INDEPENDENT_MODEL_RESEARCH_ONLY
KXNFLRECYDS-26OCT08TBDAL-TBEEGBUKA2-40,2026_05_TB_DAL,00-0040129,40.0,NFL-REC-RIDGE-NORMALSD-ISO-v1,2024-25-WALKFORWARD-ISO-v1,2026-10-07T23:44:40.917343+00:00,0.5065123010130245,0.49348769898697553,0.5956141699391233,45.65293138498754,23.358161397828415,WR,4,6.0,,MODEL_AVAILABLE,INDEPENDENT_MODEL_RESEARCH_ONLY
KXNFLRECYDS-26OCT08TBDAL-TBEEGBUKA2-25,2026_05_TB_DAL,00-0040129,25.0,,,,,,,,,,,,,UNAVAILABLE,INVALID_MODEL_INPUT: upstream model QC not PASS
KXNFLRECYDS-26OCT08TBDAL-TBEEGBUKA2-15,2026_05_TB_DAL,00-0040129,15.0,,,,,,,,,,,,,UNAVAILABLE,INVALID_MODEL_INPUT: upstream model QC not PASS
KXNFLRECYDS-26OCT08TBDAL-TBEEGBUKA2-100,2026_05_TB_DAL,00-0040129,100.0,NFL-REC-RIDGE-NORMALSD-ISO-v1,2024-25-WALKFORWARD-ISO-v1,2026-10-07T23:44:40.917343+00:00,0.0360138135175135,0.9639861864824865,0.009991035651617765,45.65293138498754,23.358161397828415,WR,4,6.0,,MODEL_AVAILABLE,INDEPENDENT_MODEL_RESEARCH_ONLY
KXNFLRECYDS-26OCT08TBDAL-TBCOTTON88-80,2026_05_TB_DAL,00-0038129,80.0,NFL-REC-RIDGE-NORMALSD-ISO-v1,2024-25-WALKFORWARD-ISO-v1,2026-10-07T23:44:40.917343+00:00,0.0610138248847926,0.9389861751152074,0.050349242257868666,41.65812058355448,23.358161397828415,TE,4,6.0,,MODEL_AVAILABLE,INDEPENDENT_MODEL_RESEARCH_ONLY
KXNFLRECYDS-26OCT08TBDAL-TBCOTTON88-70,2026_05_TB_DAL,00-0038129,70.0,NFL-REC-RIDGE-NORMALSD-ISO-v1,2024-25-WALKFORWARD-ISO-v1,2026-10-07T23:44:40.917343+00:00,0.0977596741344195,0.9022403258655805,0.11249593684581417,41.65812058355448,23.358161397828415,TE,4,6.0,,MODEL_AVAILABLE,INDEPENDENT_MODEL_RESEARCH_ONLY
KXNFLRECYDS-26OCT08TBDAL-TBCOTTON88-60,2026_05_TB_DAL,00-0038129,60.0,NFL-REC-RIDGE-NORMALSD-ISO-v1,2024-25-WALKFORWARD-ISO-v1,2026-10-07T23:44:40.917343+00:00,0.171238570241064,0.828761429758936,0.2161549684122195,41.65812058355448,23.358161397828415,TE,4,6.0,,MODEL_AVAILABLE,INDEPENDENT_MODEL_RESEARCH_ONLY
KXNFLRECYDS-26OCT08TBDAL-TBCOTTON88-50,2026_05_TB_DAL,00-0038129,50.0,NFL-REC-RIDGE-NORMALSD-ISO-v1,2024-25-WALKFORWARD-ISO-v1,2026-10-07T23:44:40.917343+00:00,0.3297045101088648,0.6702954898911352,0.3604975760309049,41.65812058355448,23.358161397828415,TE,4,6.0,,MODEL_AVAILABLE,INDEPENDENT_MODEL_RESEARCH_ONLY
KXNFLRECYDS-26OCT08TBDAL-TBCOTTON88-40,2026_05_TB_DAL,00-0038129,40.0,NFL-REC-RIDGE-NORMALSD-ISO-v1,2024-25-WALKFORWARD-ISO-v1,2026-10-07T23:44:40.917343+00:00,0.4647377938517179,0.5352622061482821,0.5282958601343785,41.65812058355448,23.358161397828415,TE,4,6.0,,MODEL_AVAILABLE,INDEPENDENT_MODEL_RESEARCH_ONLY
KXNFLRECYDS-26OCT08TBDAL-TBCOTTON88-25,2026_05_TB_DAL,00-0038129,25.0,,,,,,,,,,,,,UNAVAILABLE,INVALID_MODEL_INPUT: upstream model QC not PASS
KXNFLRECYDS-26OCT08TBDAL-TBCOTTON88-15,2026_05_TB_DAL,00-0038129,15.0,,,,,,,,,,,,,UNAVAILABLE,INVALID_MODEL_INPUT: upstream model QC not PASS
KXNFLRECYDS-26OCT08TBDAL-TBCGODWIN14-80,2026_05_TB_DAL,00-0033921,80.0,NFL-REC-RIDGE-NORMALSD-ISO-v1,2024-25-WALKFORWARD-ISO-v1,2026-10-07T23:44:40.917343+00:00,0.0610138248847926,0.9389861751152074,0.05869330738861583,43.42490997500137,23.358161397828415,WR,4,4.666666666666667,,MODEL_AVAILABLE,INDEPENDENT_MODEL_RESEARCH_ONLY
KXNFLRECYDS-26OCT08TBDAL-TBCGODWIN14-70,2026_05_TB_DAL,00-0033921,70.0,NFL-REC-RIDGE-NORMALSD-ISO-v1,2024-25-WALKFORWARD-ISO-v1,2026-10-07T23:44:40.917343+00:00,0.102890739833415,0.897109260166585,0.12761832843479975,43.42490997500137,23.358161397828415,WR,4,4.666666666666667,,MODEL_AVAILABLE,INDEPENDENT_MODEL_RESEARCH_ONLY
KXNFLRECYDS-26OCT08TBDAL-TBCGODWIN14-60,2026_05_TB_DAL,00-0033921,60.0,NFL-REC-RIDGE-NORMALSD-ISO-v1,2024-25-WALKFORWARD-ISO-v1,2026-10-07T23:44:40.917343+00:00,0.1923076923076923,0.8076923076923077,0.2389742682054363,43.42490997500137,23.358161397828415,WR,4,4.666666666666667,,MODEL_AVAILABLE,INDEPENDENT_MODEL_RESEARCH_ONLY
KXNFLRECYDS-26OCT08TBDAL-TBCGODWIN14-50,2026_05_TB_DAL,00-0033921,50.0,NFL-REC-RIDGE-NORMALSD-ISO-v1,2024-25-WALKFORWARD-ISO-v1,2026-10-07T23:44:40.917343+00:00,0.3333333333333333,0.6666666666666667,0.3891672792360308,43.42490997500137,23.358161397828415,WR,4,4.666666666666667,,MODEL_AVAILABLE,INDEPENDENT_MODEL_RESEARCH_ONLY
KXNFLRECYDS-26OCT08TBDAL-TBCGODWIN14-40,2026_05_TB_DAL,00-0033921,40.0,NFL-REC-RIDGE-NORMALSD-ISO-v1,2024-25-WALKFORWARD-ISO-v1,2026-10-07T23:44:40.917343+00:00,0.4953703703703703,0.5046296296296298,0.5582863205985863,43.42490997500137,23.358161397828415,WR,4,4.666666666666667,,MODEL_AVAILABLE,INDEPENDENT_MODEL_RESEARCH_ONLY
KXNFLRECYDS-26OCT08TBDAL-TBCGODWIN14-25,2026_05_TB_DAL,00-0033921,25.0,,,,,,,,,,,,,UNAVAILABLE,INVALID_MODEL_INPUT: upstream model QC not PASS
KXNFLRECYDS-26OCT08TBDAL-TBCGODWIN14-15,2026_05_TB_DAL,00-0033921,15.0,,,,,,,,,,,,,UNAVAILABLE,INVALID_MODEL_INPUT: upstream model QC not PASS
KXNFLRECYDS-26OCT08TBDAL-TBBIRVING7-50,2026_05_TB_DAL,00-0039361,50.0,NFL-REC-RIDGE-NORMALSD-ISO-v1,2024-25-WALKFORWARD-ISO-v1,2026-10-07T23:44:40.917343+00:00,0.0822189202575532,0.9177810797424468,0.07338097136413765,16.10580474646654,23.358161397828415,RB,4,2.6666666666666665,,MODEL_AVAILABLE,INDEPENDENT_MODEL_RESEARCH_ONLY
KXNFLRECYDS-26OCT08TBDAL-TBBIRVING7-40,2026_05_TB_DAL,00-0039361,40.0,NFL-REC-RIDGE-NORMALSD-ISO-v1,2024-25-WALKFORWARD-ISO-v1,2026-10-07T23:44:40.917343+00:00,0.125,0.875,0.15316610737857891,16.10580474646654,23.358161397828415,RB,4,2.6666666666666665,,MODEL_AVAILABLE,INDEPENDENT_MODEL_RESEARCH_ONLY
KXNFLRECYDS-26OCT08TBDAL-TBBIRVING7-25,2026_05_TB_DAL,00-0039361,25.0,,,,,,,,,,,,,UNAVAILABLE,INVALID_MODEL_INPUT: upstream model QC not PASS
KXNFLRECYDS-26OCT08TBDAL-TBBIRVING7-15,2026_05_TB_DAL,00-0039361,15.0,,,,,,,,,,,,,UNAVAILABLE,INVALID_MODEL_INPUT: upstream model QC not PASS
KXNFLRECYDS-26OCT08TBDAL-DALRFLOURNOY19-90,2026_05_TB_DAL,00-0039410,90.0,NFL-REC-RIDGE-NORMALSD-ISO-v1,2024-25-WALKFORWARD-ISO-v1,2026-10-07T23:44:40.917343+00:00,0.0261011419249592,0.9738988580750408,0.006975649154609292,32.57361192209413,23.358161397828415,WR,4,6.333333333333333,,MODEL_AVAILABLE,INDEPENDENT_MODEL_RESEARCH_ONLY
KXNFLRECYDS-26OCT08TBDAL-DALRFLOURNOY19-80,2026_05_TB_DAL,00-0039410,80.0,NFL-REC-RIDGE-NORMALSD-ISO-v1,2024-25-WALKFORWARD-ISO-v1,2026-10-07T23:44:40.917343+00:00,0.0388931591083781,0.9611068408916219,0.021157997956098865,32.57361192209413,23.358161397828415,WR,4,6.333333333333333,,MODEL_AVAILABLE,INDEPENDENT_MODEL_RESEARCH_ONLY
KXNFLRECYDS-26OCT08TBDAL-DALRFLOURNOY19-70,2026_05_TB_DAL,00-0039410,70.0,NFL-REC-RIDGE-NORMALSD-ISO-v1,2024-25-WALKFORWARD-ISO-v1,2026-10-07T23:44:40.917343+00:00,0.0610138248847926,0.9389861751152074,0.05454650664817284,32.57361192209413,23.358161397828415,WR,4,6.333333333333333,,MODEL_AVAILABLE,INDEPENDENT_MODEL_RESEARCH_ONLY
KXNFLRECYDS-26OCT08TBDAL-DALRFLOURNOY19-60,2026_05_TB_DAL,00-0039410,60.0,NFL-REC-RIDGE-NORMALSD-ISO-v1,2024-25-WALKFORWARD-ISO-v1,2026-10-07T23:44:40.917343+00:00,0.0977596741344195,0.9022403258655805,0.12016402100918189,32.57361192209413,23.358161397828415,WR,4,6.333333333333333,,MODEL_AVAILABLE,INDEPENDENT_MODEL_RESEARCH_ONLY
KXNFLRECYDS-26OCT08TBDAL-DALRFLOURNOY19-50,2026_05_TB_DAL,00-0039410,50.0,NFL-REC-RIDGE-NORMALSD-ISO-v1,2024-25-WALKFORWARD-ISO-v1,2026-10-07T23:44:40.917343+00:00,0.171238570241064,0.828761429758936,0.22781819505331116,32.57361192209413,23.358161397828415,WR,4,6.333333333333333,,MODEL_AVAILABLE,INDEPENDENT_MODEL_RESEARCH_ONLY
KXNFLRECYDS-26OCT08TBDAL-DALRFLOURNOY19-40,2026_05_TB_DAL,00-0039410,40.0,NFL-REC-RIDGE-NORMALSD-ISO-v1,2024-25-WALKFORWARD-ISO-v1,2026-10-07T23:44:40.917343+00:00,0.3297045101088648,0.6702954898911352,0.37526694225331364,32.57361192209413,23.358161397828415,WR,4,6.333333333333333,,MODEL_AVAILABLE,INDEPENDENT_MODEL_RESEARCH_ONLY
KXNFLRECYDS-26OCT08TBDAL-DALRFLOURNOY19-25,2026_05_TB_DAL,00-0039410,25.0,,,,,,,,,,,,,UNAVAILABLE,INVALID_MODEL_INPUT: upstream model QC not PASS
KXNFLRECYDS-26OCT08TBDAL-DALRFLOURNOY19-15,2026_05_TB_DAL,00-0039410,15.0,,,,,,,,,,,,,UNAVAILABLE,INVALID_MODEL_INPUT: upstream model QC not PASS
KXNFLRECYDS-26OCT08TBDAL-DALJWILLIAMS33-60,2026_05_TB_DAL,00-0036997,60.0,NFL-REC-RIDGE-NORMALSD-ISO-v1,2024-25-WALKFORWARD-ISO-v1,2026-10-07T23:44:40.917343+00:00,0.0610138248847926,0.9389861751152074,0.03991130060936582,19.08312774592109,23.358161397828415,RB,4,4.0,,MODEL_AVAILABLE,INDEPENDENT_MODEL_RESEARCH_ONLY
KXNFLRECYDS-26OCT08TBDAL-DALJWILLIAMS33-50,2026_05_TB_DAL,00-0036997,50.0,NFL-REC-RIDGE-NORMALSD-ISO-v1,2024-25-WALKFORWARD-ISO-v1,2026-10-07T23:44:40.917343+00:00,0.0905911157747464,0.9094088842252536,0.09281789268516595,19.08312774592109,23.358161397828415,RB,4,4.0,,MODEL_AVAILABLE,INDEPENDENT_MODEL_RESEARCH_ONLY
KXNFLRECYDS-26OCT08TBDAL-DALJWILLIAMS33-40,2026_05_TB_DAL,00-0036997,40.0,NFL-REC-RIDGE-NORMALSD-ISO-v1,2024-25-WALKFORWARD-ISO-v1,2026-10-07T23:44:40.917343+00:00,0.1613958560523446,0.8386041439476554,0.18526406509105048,19.08312774592109,23.358161397828415,RB,4,4.0,,MODEL_AVAILABLE,INDEPENDENT_MODEL_RESEARCH_ONLY
KXNFLRECYDS-26OCT08TBDAL-DALJWILLIAMS33-25,2026_05_TB_DAL,00-0036997,25.0,,,,,,,,,,,,,UNAVAILABLE,INVALID_MODEL_INPUT: upstream model QC not PASS
KXNFLRECYDS-26OCT08TBDAL-DALJWILLIAMS33-15,2026_05_TB_DAL,00-0036997,15.0,,,,,,,,,,,,,UNAVAILABLE,INVALID_MODEL_INPUT: upstream model QC not PASS
KXNFLRECYDS-26OCT08TBDAL-DALJFERGUSON87-80,2026_05_TB_DAL,00-0038041,80.0,NFL-REC-RIDGE-NORMALSD-ISO-v1,2024-25-WALKFORWARD-ISO-v1,2026-10-07T23:44:40.917343+00:00,0.0360138135175135,0.9639861864824865,0.011954377709991347,27.24343584457799,23.358161397828415,TE,4,4.333333333333333,,MODEL_AVAILABLE,INDEPENDENT_MODEL_RESEARCH_ONLY
KXNFLRECYDS-26OCT08TBDAL-DALJFERGUSON87-70,2026_05_TB_DAL,00-0038041,70.0,NFL-REC-RIDGE-NORMALSD-ISO-v1,2024-25-WALKFORWARD-ISO-v1,2026-10-07T23:44:40.917343+00:00,0.0533141210374639,0.9466858789625361,0.03358936319552797,27.24343584457799,23.358161397828415,TE,4,4.333333333333333,,MODEL_AVAILABLE,INDEPENDENT_MODEL_RESEARCH_ONLY
KXNFLRECYDS-26OCT08TBDAL-DALJFERGUSON87-60,2026_05_TB_DAL,00-0038041,60.0,NFL-REC-RIDGE-NORMALSD-ISO-v1,2024-25-WALKFORWARD-ISO-v1,2026-10-07T23:44:40.917343+00:00,0.0865758754863813,0.9134241245136187,0.08040380318828276,27.24343584457799,23.358161397828415,TE,4,4.333333333333333,,MODEL_AVAILABLE,INDEPENDENT_MODEL_RESEARCH_ONLY
KXNFLRECYDS-26OCT08TBDAL-DALJFERGUSON87-50,2026_05_TB_DAL,00-0038041,50.0,NFL-REC-RIDGE-NORMALSD-ISO-v1,2024-25-WALKFORWARD-ISO-v1,2026-10-07T23:44:40.917343+00:00,0.125,0.875,0.16496753587300392,27.24343584457799,23.358161397828415,TE,4,4.333333333333333,,MODEL_AVAILABLE,INDEPENDENT_MODEL_RESEARCH_ONLY
KXNFLRECYDS-26OCT08TBDAL-DALJFERGUSON87-40,2026_05_TB_DAL,00-0038041,40.0,NFL-REC-RIDGE-NORMALSD-ISO-v1,2024-25-WALKFORWARD-ISO-v1,2026-10-07T23:44:40.917343+00:00,0.2427184466019417,0.7572815533980584,0.29248870940477006,27.24343584457799,23.358161397828415,TE,4,4.333333333333333,,MODEL_AVAILABLE,INDEPENDENT_MODEL_RESEARCH_ONLY
KXNFLRECYDS-26OCT08TBDAL-DALJFERGUSON87-25,2026_05_TB_DAL,00-0038041,25.0,,,,,,,,,,,,,UNAVAILABLE,INVALID_MODEL_INPUT: upstream model QC not PASS
KXNFLRECYDS-26OCT08TBDAL-DALJFERGUSON87-15,2026_05_TB_DAL,00-0038041,15.0,,,,,,,,,,,,,UNAVAILABLE,INVALID_MODEL_INPUT: upstream model QC not PASS
KXNFLRECYDS-26OCT08TBDAL-DALGPICKENS3-90,2026_05_TB_DAL,00-0037247,90.0,NFL-REC-RIDGE-NORMALSD-ISO-v1,2024-25-WALKFORWARD-ISO-v1,2026-10-07T23:44:40.917343+00:00,0.0610138248847926,0.9389861751152074,0.05019429372028836,51.62317914029487,23.358161397828415,WR,4,7.333333333333333,HIGH_VOLUME_WR_MODEL_HISTORICALLY_CONSERVATIVE,MODEL_AVAILABLE,INDEPENDENT_MODEL_RESEARCH_ONLY
KXNFLRECYDS-26OCT08TBDAL-DALGPICKENS3-80,2026_05_TB_DAL,00-0037247,80.0,NFL-REC-RIDGE-NORMALSD-ISO-v1,2024-25-WALKFORWARD-ISO-v1,2026-10-07T23:44:40.917343+00:00,0.0977596741344195,0.9022403258655805,0.11221035923878553,51.62317914029487,23.358161397828415,WR,4,7.333333333333333,HIGH_VOLUME_WR_MODEL_HISTORICALLY_CONSERVATIVE,MODEL_AVAILABLE,INDEPENDENT_MODEL_RESEARCH_ONLY
KXNFLRECYDS-26OCT08TBDAL-DALGPICKENS3-70,2026_05_TB_DAL,00-0037247,70.0,NFL-REC-RIDGE-NORMALSD-ISO-v1,2024-25-WALKFORWARD-ISO-v1,2026-10-07T23:44:40.917343+00:00,0.171238570241064,0.828761429758936,0.2157167789337732,51.62317914029487,23.358161397828415,WR,4,7.333333333333333,HIGH_VOLUME_WR_MODEL_HISTORICALLY_CONSERVATIVE,MODEL_AVAILABLE,INDEPENDENT_MODEL_RESEARCH_ONLY
KXNFLRECYDS-26OCT08TBDAL-DALGPICKENS3-60,2026_05_TB_DAL,00-0037247,60.0,NFL-REC-RIDGE-NORMALSD-ISO-v1,2024-25-WALKFORWARD-ISO-v1,2026-10-07T23:44:40.917343+00:00,0.3297045101088648,0.6702954898911352,0.3599378173116745,51.62317914029487,23.358161397828415,WR,4,7.333333333333333,HIGH_VOLUME_WR_MODEL_HISTORICALLY_CONSERVATIVE,MODEL_AVAILABLE,INDEPENDENT_MODEL_RESEARCH_ONLY
KXNFLRECYDS-26OCT08TBDAL-DALGPICKENS3-50,2026_05_TB_DAL,00-0037247,50.0,NFL-REC-RIDGE-NORMALSD-ISO-v1,2024-25-WALKFORWARD-ISO-v1,2026-10-07T23:44:40.917343+00:00,0.4647377938517179,0.5352622061482821,0.5277005532351133,51.62317914029487,23.358161397828415,WR,4,7.333333333333333,HIGH_VOLUME_WR_MODEL_HISTORICALLY_CONSERVATIVE,MODEL_AVAILABLE,INDEPENDENT_MODEL_RESEARCH_ONLY
KXNFLRECYDS-26OCT08TBDAL-DALGPICKENS3-40,2026_05_TB_DAL,00-0037247,40.0,NFL-REC-RIDGE-NORMALSD-ISO-v1,2024-25-WALKFORWARD-ISO-v1,2026-10-07T23:44:40.917343+00:00,0.5808823529411765,0.4191176470588235,0.690619382858161,51.62317914029487,23.358161397828415,WR,4,7.333333333333333,HIGH_VOLUME_WR_MODEL_HISTORICALLY_CONSERVATIVE,MODEL_AVAILABLE,INDEPENDENT_MODEL_RESEARCH_ONLY
KXNFLRECYDS-26OCT08TBDAL-DALGPICKENS3-140,2026_05_TB_DAL,00-0037247,140.0,NFL-REC-RIDGE-NORMALSD-ISO-v1,2024-25-WALKFORWARD-ISO-v1,2026-10-07T23:44:40.917343+00:00,0.0047830543218312,0.9952169456781688,7.730296809287744e-05,51.62317914029487,23.358161397828415,WR,4,7.333333333333333,HIGH_VOLUME_WR_MODEL_HISTORICALLY_CONSERVATIVE,MODEL_AVAILABLE,INDEPENDENT_MODEL_RESEARCH_ONLY
KXNFLRECYDS-26OCT08TBDAL-DALGPICKENS3-130,2026_05_TB_DAL,00-0037247,130.0,NFL-REC-RIDGE-NORMALSD-ISO-v1,2024-25-WALKFORWARD-ISO-v1,2026-10-07T23:44:40.917343+00:00,0.0078340345277818,0.9921659654722182,0.0003961996257902844,51.62317914029487,23.358161397828415,WR,4,7.333333333333333,HIGH_VOLUME_WR_MODEL_HISTORICALLY_CONSERVATIVE,MODEL_AVAILABLE,INDEPENDENT_MODEL_RESEARCH_ONLY
KXNFLRECYDS-26OCT08TBDAL-DALGPICKENS3-120,2026_05_TB_DAL,00-0037247,120.0,NFL-REC-RIDGE-NORMALSD-ISO-v1,2024-25-WALKFORWARD-ISO-v1,2026-10-07T23:44:40.917343+00:00,0.0133852140077821,0.9866147859922179,0.0017094826723289634,51.62317914029487,23.358161397828415,WR,4,7.333333333333333,HIGH_VOLUME_WR_MODEL_HISTORICALLY_CONSERVATIVE,MODEL_AVAILABLE,INDEPENDENT_MODEL_RESEARCH_ONLY
KXNFLRECYDS-26OCT08TBDAL-DALGPICKENS3-110,2026_05_TB_DAL,00-0037247,110.0,NFL-REC-RIDGE-NORMALSD-ISO-v1,2024-25-WALKFORWARD-ISO-v1,2026-10-07T23:44:40.917343+00:00,0.0261011419249592,0.9738988580750408,0.006223623877299917,51.62317914029487,23.358161397828415,WR,4,7.333333333333333,HIGH_VOLUME_WR_MODEL_HISTORICALLY_CONSERVATIVE,MODEL_AVAILABLE,INDEPENDENT_MODEL_RESEARCH_ONLY
KXNFLRECYDS-26OCT08TBDAL-DALGPICKENS3-100,2026_05_TB_DAL,00-0037247,100.0,NFL-REC-RIDGE-NORMALSD-ISO-v1,2024-25-WALKFORWARD-ISO-v1,2026-10-07T23:44:40.917343+00:00,0.0388931591083781,0.9611068408916219,0.01917526035953452,51.62317914029487,23.358161397828415,WR,4,7.333333333333333,HIGH_VOLUME_WR_MODEL_HISTORICALLY_CONSERVATIVE,MODEL_AVAILABLE,INDEPENDENT_MODEL_RESEARCH_ONLY
KXNFLRECYDS-26OCT08TBDAL-DALCLAMB88-90,2026_05_TB_DAL,00-0036358,90.0,NFL-REC-RIDGE-NORMALSD-ISO-v1,2024-25-WALKFORWARD-ISO-v1,2026-10-07T23:44:40.917343+00:00,0.4647377938517179,0.5352622061482821,0.5351260217927953,92.05930113379858,23.358161397828415,WR,4,12.666666666666666,HIGH_VOLUME_WR_MODEL_HISTORICALLY_CONSERVATIVE,MODEL_AVAILABLE,INDEPENDENT_MODEL_RESEARCH_ONLY
KXNFLRECYDS-26OCT08TBDAL-DALCLAMB88-80,2026_05_TB_DAL,00-0036358,80.0,NFL-REC-RIDGE-NORMALSD-ISO-v1,2024-25-WALKFORWARD-ISO-v1,2026-10-07T23:44:40.917343+00:00,0.5808823529411765,0.4191176470588235,0.697169814737248,92.05930113379858,23.358161397828415,WR,4,12.666666666666666,HIGH_VOLUME_WR_MODEL_HISTORICALLY_CONSERVATIVE,MODEL_AVAILABLE,INDEPENDENT_MODEL_RESEARCH_ONLY
KXNFLRECYDS-26OCT08TBDAL-DALCLAMB88-70,2026_05_TB_DAL,00-0036358,70.0,NFL-REC-RIDGE-NORMALSD-ISO-v1,2024-25-WALKFORWARD-ISO-v1,2026-10-07T23:44:40.917343+00:00,0.7045454545454546,0.2954545454545454,0.8275157574516208,92.05930113379858,23.358161397828415,WR,4,12.666666666666666,HIGH_VOLUME_WR_MODEL_HISTORICALLY_CONSERVATIVE,MODEL_AVAILABLE,INDEPENDENT_MODEL_RESEARCH_ONLY
KXNFLRECYDS-26OCT08TBDAL-DALCLAMB88-60,2026_05_TB_DAL,00-0036358,60.0,NFL-REC-RIDGE-NORMALSD-ISO-v1,2024-25-WALKFORWARD-ISO-v1,2026-10-07T23:44:40.917343+00:00,0.7682926829268293,0.23170731707317072,0.9150475762950008,92.05930113379858,23.358161397828415,WR,4,12.666666666666666,HIGH_VOLUME_WR_MODEL_HISTORICALLY_CONSERVATIVE,MODEL_AVAILABLE,INDEPENDENT_MODEL_RESEARCH_ONLY
KXNFLRECYDS-26OCT08TBDAL-DALCLAMB88-50,2026_05_TB_DAL,00-0036358,50.0,NFL-REC-RIDGE-NORMALSD-ISO-v1,2024-25-WALKFORWARD-ISO-v1,2026-10-07T23:44:40.917343+00:00,0.8466076696165191,0.15339233038348088,0.9641190367142323,92.05930113379858,23.358161397828415,WR,4,12.666666666666666,HIGH_VOLUME_WR_MODEL_HISTORICALLY_CONSERVATIVE,MODEL_AVAILABLE,INDEPENDENT_MODEL_RESEARCH_ONLY
KXNFLRECYDS-26OCT08TBDAL-DALCLAMB88-40,2026_05_TB_DAL,00-0036358,40.0,NFL-REC-RIDGE-NORMALSD-ISO-v1,2024-25-WALKFORWARD-ISO-v1,2026-10-07T23:44:40.917343+00:00,0.9047619047619048,0.09523809523809523,0.9870844417334935,92.05930113379858,23.358161397828415,WR,4,12.666666666666666,HIGH_VOLUME_WR_MODEL_HISTORICALLY_CONSERVATIVE,MODEL_AVAILABLE,INDEPENDENT_MODEL_RESEARCH_ONLY
KXNFLRECYDS-26OCT08TBDAL-DALCLAMB88-160,2026_05_TB_DAL,00-0036358,160.0,,,,,,,,,,,,,UNAVAILABLE,INVALID_MODEL_INPUT: upstream model QC not PASS
KXNFLRECYDS-26OCT08TBDAL-DALCLAMB88-150,2026_05_TB_DAL,00-0036358,150.0,NFL-REC-RIDGE-NORMALSD-ISO-v1,2024-25-WALKFORWARD-ISO-v1,2026-10-07T23:44:40.917343+00:00,0.0261011419249592,0.9738988580750408,0.0065592991460163225,92.05930113379858,23.358161397828415,WR,4,12.666666666666666,HIGH_VOLUME_WR_MODEL_HISTORICALLY_CONSERVATIVE,MODEL_AVAILABLE,INDEPENDENT_MODEL_RESEARCH_ONLY
KXNFLRECYDS-26OCT08TBDAL-DALCLAMB88-140,2026_05_TB_DAL,00-0036358,140.0,NFL-REC-RIDGE-NORMALSD-ISO-v1,2024-25-WALKFORWARD-ISO-v1,2026-10-07T23:44:40.917343+00:00,0.0388931591083781,0.9611068408916219,0.020064553354293,92.05930113379858,23.358161397828415,WR,4,12.666666666666666,HIGH_VOLUME_WR_MODEL_HISTORICALLY_CONSERVATIVE,MODEL_AVAILABLE,INDEPENDENT_MODEL_RESEARCH_ONLY
KXNFLRECYDS-26OCT08TBDAL-DALCLAMB88-130,2026_05_TB_DAL,00-0036358,130.0,NFL-REC-RIDGE-NORMALSD-ISO-v1,2024-25-WALKFORWARD-ISO-v1,2026-10-07T23:44:40.917343+00:00,0.0610138248847926,0.9389861751152074,0.05215572827187733,92.05930113379858,23.358161397828415,WR,4,12.666666666666666,HIGH_VOLUME_WR_MODEL_HISTORICALLY_CONSERVATIVE,MODEL_AVAILABLE,INDEPENDENT_MODEL_RESEARCH_ONLY
KXNFLRECYDS-26OCT08TBDAL-DALCLAMB88-120,2026_05_TB_DAL,00-0036358,120.0,NFL-REC-RIDGE-NORMALSD-ISO-v1,2024-25-WALKFORWARD-ISO-v1,2026-10-07T23:44:40.917343+00:00,0.0977596741344195,0.9022403258655805,0.11581204812326944,92.05930113379858,23.358161397828415,WR,4,12.666666666666666,HIGH_VOLUME_WR_MODEL_HISTORICALLY_CONSERVATIVE,MODEL_AVAILABLE,INDEPENDENT_MODEL_RESEARCH_ONLY
KXNFLRECYDS-26OCT08TBDAL-DALCLAMB88-110,2026_05_TB_DAL,00-0036358,110.0,NFL-REC-RIDGE-NORMALSD-ISO-v1,2024-25-WALKFORWARD-ISO-v1,2026-10-07T23:44:40.917343+00:00,0.171238570241064,0.828761429758936,0.2212228523007573,92.05930113379858,23.358161397828415,WR,4,12.666666666666666,HIGH_VOLUME_WR_MODEL_HISTORICALLY_CONSERVATIVE,MODEL_AVAILABLE,INDEPENDENT_MODEL_RESEARCH_ONLY
KXNFLRECYDS-26OCT08TBDAL-DALCLAMB88-100,2026_05_TB_DAL,00-0036358,100.0,NFL-REC-RIDGE-NORMALSD-ISO-v1,2024-25-WALKFORWARD-ISO-v1,2026-10-07T23:44:40.917343+00:00,0.3297045101088648,0.6702954898911352,0.36694560953169353,92.05930113379858,23.358161397828415,WR,4,12.666666666666666,HIGH_VOLUME_WR_MODEL_HISTORICALLY_CONSERVATIVE,MODEL_AVAILABLE,INDEPENDENT_MODEL_RESEARCH_ONLY
